company,source_job_id,title,role_family,city,state,country,workplace_type,employment_type,first_seen_at,source_posted_at,posting_url
WELLS_FARGO,R-544590,Mortgage Loan Officer,Risk and Compliance,Salem,OR,United States,unknown,Full time,2026-07-20 19:25:00.499320,2026-05-27 00:00:00,https://www.wellsfargojobs.com/en/jobs/r-544590/mortgage-loan-officer/
WELLS_FARGO,R-548931,Mortgage Retail Sales Consultant (SAFE) AZ,Risk and Compliance,Phoenix,AZ,United States,unknown,,2026-07-20 19:25:00.501899,2026-05-29 00:00:00,https://www.wellsfargojobs.com/en/jobs/r-548931/mortgage-retail-sales-consultant-safe-az/
WELLS_FARGO,R-551101,Community Mortgage Bank Sales Consultant (SAFE),Risk and Compliance,Austin,TX,United States,unknown,,2026-07-20 19:25:00.517745,2026-06-04 00:00:00,https://www.wellsfargojobs.com/en/jobs/r-551101/community-mortgage-bank-sales-consultant-safe/
WELLS_FARGO,R-550069,Mortgage Retail Sales Consultant (SAFE),Risk and Compliance,Cedar Falls,IA,United States,unknown,Full time,2026-07-20 19:25:00.517745,2026-06-08 00:00:00,https://www.wellsfargojobs.com/en/jobs/r-550069/mortgage-retail-sales-consultant-safe/
WELLS_FARGO,R-553416,Mortgage Retail Sales Associate Manager (SAFE),Risk and Compliance,Ontario,CA,United States,unknown,Full time,2026-07-20 19:25:00.533640,2026-07-28 00:00:00,https://www.wellsfargojobs.com/en/jobs/r-553416/mortgage-retail-sales-associate-manager-safe/
WELLS_FARGO,R-554988,"Personal Banker, Los Lunas, NM",,Los Lunas,NM,United States,unknown,Full time,2026-07-20 19:25:00.533640,2026-06-22 00:00:00,https://www.wellsfargojobs.com/en/jobs/r-554988/personal-banker-los-lunas-nm/
WELLS_FARGO,R-555007,Branch Operations Coordinator Corona DeNovo,Risk and Compliance,Corona,NY,United States,unknown,Full time,2026-07-20 19:25:00.542022,2026-06-22 00:00:00,https://www.wellsfargojobs.com/en/jobs/r-555007/branch-operations-coordinator-corona-denovo/
WELLS_FARGO,R-554616,Teller Bilingual Part Time Bryan Harvey Mitchell,Risk and Compliance,Bryan,TX,United States,unknown,Part time,2026-07-20 19:25:00.542022,2026-06-22 00:00:00,https://www.wellsfargojobs.com/en/jobs/r-554616/teller-bilingual-part-time-bryan-harvey-mitchell/
WELLS_FARGO,R-555255,Mortgage Retail Sales Consultant,Risk and Compliance,San Diego,CA,United States,unknown,Full time,2026-07-20 19:25:00.550179,2026-06-22 00:00:00,https://www.wellsfargojobs.com/en/jobs/r-555255/mortgage-retail-sales-consultant/
WELLS_FARGO,R-555406,Branch Manager Imperial Gateway,Risk and Compliance,South Gate,CA,United States,unknown,Full time,2026-07-20 19:25:00.550179,2026-06-23 00:00:00,https://www.wellsfargojobs.com/en/jobs/r-555406/branch-manager-imperial-gateway/
WELLS_FARGO,R-556213,Mortgage Retail Sales Consultant,Risk and Compliance,Roswell,GA,United States,unknown,Full time,2026-07-20 19:25:00.550179,2026-06-25 00:00:00,https://www.wellsfargojobs.com/en/jobs/r-556213/mortgage-retail-sales-consultant/
WELLS_FARGO,R-538659,Private Mortgage Banker (SAFE),Risk and Compliance,New York,NY,United States,unknown,Full time,2026-07-20 19:25:00.566134,2026-07-31 00:00:00,https://www.wellsfargojobs.com/en/jobs/r-538659/private-mortgage-banker-safe/
WELLS_FARGO,R-555656,2027 CIB Markets Analyst Program - Early Careers,Risk and Compliance,New York,NY,United States,unknown,Full time,2026-07-20 19:25:00.574182,2026-06-26 00:00:00,https://www.wellsfargojobs.com/en/jobs/r-555656/2027-cib-markets-analyst-program-early-careers/
WELLS_FARGO,R-556149,Mortgage Retail Sales Consultant (Safe),Risk and Compliance,Raleigh,NC,United States,unknown,Full time,2026-07-20 19:25:00.582434,2026-06-29 00:00:00,https://www.wellsfargojobs.com/en/jobs/r-556149/mortgage-retail-sales-consultant-safe/
WELLS_FARGO,R-556845,Private Mortgage Banker (SAFE),Risk and Compliance,Melville,NY,United States,unknown,,2026-07-20 19:25:00.582434,2026-07-31 00:00:00,https://www.wellsfargojobs.com/en/jobs/r-556845/private-mortgage-banker-safe/
WELLS_FARGO,R-555392,Personal Banker Central Suburban,Risk and Compliance,Champlin,MN,United States,unknown,Full time,2026-07-20 19:25:00.582434,2026-06-29 00:00:00,https://www.wellsfargojobs.com/en/jobs/r-555392/personal-banker-central-suburban/
WELLS_FARGO,R-556613,Personal Banker - 5th & Jefferson,Risk and Compliance,Portland,OR,United States,unknown,Full time,2026-07-20 19:25:00.590513,2026-07-30 00:00:00,https://www.wellsfargojobs.com/en/jobs/r-556613/personal-banker-5th-jefferson/
WELLS_FARGO,R-556138,Private Mortgage Banker (SAFE),Risk and Compliance,El Segundo,CA,United States,unknown,Full time,2026-07-20 19:25:00.590513,2026-06-30 00:00:00,https://www.wellsfargojobs.com/en/jobs/r-556138/private-mortgage-banker-safe/
WELLS_FARGO,R-557081,Senior Premier Banker Mission 880,Risk and Compliance,Newark,CA,United States,unknown,,2026-07-20 19:25:00.601870,2026-06-30 00:00:00,https://www.wellsfargojobs.com/en/jobs/r-557081/senior-premier-banker-mission-880/
WELLS_FARGO,R-557259,Senior Premier Banker Pasadena Valley,Risk and Compliance,South Pasadena,CA,United States,unknown,Full time,2026-07-20 19:25:00.605108,2026-07-01 00:00:00,https://www.wellsfargojobs.com/en/jobs/r-557259/senior-premier-banker-pasadena-valley/
WELLS_FARGO,R-557757,Teller Southeast Phoenix,Risk and Compliance,Mesa,AZ,United States,unknown,Full time,2026-07-20 21:37:21.625643,2026-07-02 00:00:00,https://www.wellsfargojobs.com/en/jobs/r-557757/teller-southeast-phoenix/
WELLS_FARGO,R-553928,Registered Client Associate,Risk and Compliance,San Francisco,CA,United States,unknown,Full time,2026-07-20 21:37:21.646231,2026-08-07 00:00:00,https://www.wellsfargojobs.com/en/jobs/r-553928/registered-client-associate/
WELLS_FARGO,R-558276,Relationship Banker Sheridan Main,Risk and Compliance,Sheridan,WY,United States,unknown,Full time,2026-07-20 21:37:21.671546,2026-08-12 00:00:00,https://www.wellsfargojobs.com/en/jobs/r-558276/relationship-banker-sheridan-main/
WELLS_FARGO,R-558363,Branch Manager - Central Valley District,Risk and Compliance,Madera,CA,United States,unknown,Full time,2026-07-20 21:37:21.699276,2026-07-03 00:00:00,https://www.wellsfargojobs.com/en/jobs/r-558363/branch-manager-central-valley-district/
WELLS_FARGO,R-555693,Teller Part Time Castle Rock South,Risk and Compliance,Castle Rock,CO,United States,unknown,Part time,2026-07-20 21:37:21.719617,2026-07-06 00:00:00,https://www.wellsfargojobs.com/en/jobs/r-555693/teller-part-time-castle-rock-south/
WELLS_FARGO,R-558459,Roving Personal Banker Central Virgina District,Risk and Compliance,Lynchburg,VA,United States,unknown,Full time,2026-07-20 21:37:21.746603,2026-07-06 00:00:00,https://www.wellsfargojobs.com/en/jobs/r-558459/roving-personal-banker-central-virgina-district/
WELLS_FARGO,R-557370,Teller Incline Village,Risk and Compliance,Incline Village,NV,United States,unknown,Full time,2026-07-20 21:37:21.769947,2026-08-17 00:00:00,https://www.wellsfargojobs.com/en/jobs/r-557370/teller-incline-village/
WELLS_FARGO,R-557877,Personal Banker - Coos Bay,Risk and Compliance,Coos Bay,OR,United States,unknown,Full time,2026-07-20 21:37:21.790951,2026-07-06 00:00:00,https://www.wellsfargojobs.com/en/jobs/r-557877/personal-banker-coos-bay/
WELLS_FARGO,R-558933,Personal Banker Roving Midwest Central,Risk and Compliance,Detroit Lakes,MN,United States,unknown,Full time,2026-07-20 21:37:21.814989,2026-07-07 00:00:00,https://www.wellsfargojobs.com/en/jobs/r-558933/personal-banker-roving-midwest-central/
WELLS_FARGO,R-559151,Personal Banker Bilingual Edisto District,Risk and Compliance,Goose Creek,SC,United States,unknown,Full time,2026-07-20 21:37:21.837359,2026-07-07 00:00:00,https://www.wellsfargojobs.com/en/jobs/r-559151/personal-banker-bilingual-edisto-district/
WELLS_FARGO,R-558306,Associate Personal Banker - Kenton,Risk and Compliance,Portland,OR,United States,unknown,Full time,2026-07-20 21:37:21.854830,2026-07-06 00:00:00,https://www.wellsfargojobs.com/en/jobs/r-558306/associate-personal-banker-kenton/
WELLS_FARGO,R-533976,Lead Institutional Investment Operations Specialist - Tax Operations,Operations,New York,NY,United States,unknown,Full time,2026-07-20 21:37:21.887265,2026-07-08 00:00:00,https://www.wellsfargojobs.com/en/jobs/r-533976/lead-institutional-investment-operations-specialist-tax-operations/
WELLS_FARGO,R-556241,Personal Banker Mission,Risk and Compliance,Mission,SD,United States,unknown,,2026-07-20 21:37:21.912170,2026-07-09 00:00:00,https://www.wellsfargojobs.com/en/jobs/r-556241/personal-banker-mission/
WELLS_FARGO,R-554357,Senior Branch Premier Banker - Meridian North,Risk and Compliance,Meridian,ID,United States,unknown,Full time,2026-07-20 21:37:21.940808,2026-08-11 00:00:00,https://www.wellsfargojobs.com/en/jobs/r-554357/senior-branch-premier-banker-meridian-north/
WELLS_FARGO,R-550253,Personal Banker - Sunnyside Market Place,Risk and Compliance,Clackamas,OR,United States,unknown,Full time,2026-07-20 21:37:21.964253,2026-07-09 00:00:00,https://www.wellsfargojobs.com/en/jobs/r-550253/personal-banker-sunnyside-market-place/
WELLS_FARGO,R-553782,Teller Part Time West Olympia,Risk and Compliance,Olympia,WA,United States,unknown,Part time,2026-07-20 21:37:21.986881,2026-07-09 00:00:00,https://www.wellsfargojobs.com/en/jobs/r-553782/teller-part-time-west-olympia/
WELLS_FARGO,R-559436,Bilingual Spanish Personal Banker | The Castro,Risk and Compliance,San Francisco,CA,United States,unknown,Full time,2026-07-20 21:37:22.010836,2026-07-09 00:00:00,https://www.wellsfargojobs.com/en/jobs/r-559436/bilingual-spanish-personal-banker-the-castro/
WELLS_FARGO,R-545262,Lead Strategy & Planning Consultant — AI Product Strategy & Innovation,Risk and Compliance,Charlotte,NC,United States,unknown,Full time,2026-07-20 21:37:22.034708,2026-07-09 00:00:00,https://www.wellsfargojobs.com/en/jobs/r-545262/lead-strategy-planning-consultant-ai-product-strategy-innovation/
WELLS_FARGO,R-559754,"Executive Director, AI Architect and Strategist",Risk and Compliance,Charlotte,NC,United States,unknown,Full time,2026-07-20 21:37:22.047706,2026-07-09 00:00:00,https://www.wellsfargojobs.com/en/jobs/r-559754/executive-director-ai-architect-and-strategist/
WELLS_FARGO,R-558944,"Business Banker (LO) Ogden, UT",Risk and Compliance,Ogden,UT,United States,unknown,Full time,2026-07-20 21:37:22.083157,2026-08-18 00:00:00,https://www.wellsfargojobs.com/en/jobs/r-558944/business-banker-lo-ogden-ut/
WELLS_FARGO,R-558973,"Business Banker (LO) Tacoma, WA",Risk and Compliance,Tacoma,WA,United States,unknown,Full time,2026-07-20 21:37:22.110917,2026-07-08 00:00:00,https://www.wellsfargojobs.com/en/jobs/r-558973/business-banker-lo-tacoma-wa/
WELLS_FARGO,R-556424,Bilingual Spanish Personal Banker | Mission Plaza,Risk and Compliance,Daly City,CA,United States,unknown,Full time,2026-07-20 21:37:22.135425,2026-07-10 00:00:00,https://www.wellsfargojobs.com/en/jobs/r-556424/bilingual-spanish-personal-banker-mission-plaza/
WELLS_FARGO,R-559751,Teller Part Time Foothill Ranch,Risk and Compliance,Foothill Ranch,CA,United States,unknown,Part time,2026-07-20 21:37:22.158942,2026-07-10 00:00:00,https://www.wellsfargojobs.com/en/jobs/r-559751/teller-part-time-foothill-ranch/
WELLS_FARGO,R-559322,Senior Branch Premier Banker - Metro Philadelphia,Risk and Compliance,Philadelphia,PA,United States,unknown,,2026-07-20 21:37:22.189999,2026-07-10 00:00:00,https://www.wellsfargojobs.com/en/jobs/r-559322/senior-branch-premier-banker-metro-philadelphia/
WELLS_FARGO,R-559627,Teller Bilingual Part Time Paradise Valley Las Vegas,Risk and Compliance,Las Vegas,NV,United States,unknown,Part time,2026-07-20 21:37:22.213598,2026-07-10 00:00:00,https://www.wellsfargojobs.com/en/jobs/r-559627/teller-bilingual-part-time-paradise-valley-las-vegas/
WELLS_FARGO,R-559130,Relationship Banker Franktown CO,Risk and Compliance,Franktown,CO,United States,unknown,Full time,2026-07-20 21:37:22.242092,2026-07-12 00:00:00,https://www.wellsfargojobs.com/en/jobs/r-559130/relationship-banker-franktown-co/
WELLS_FARGO,R-559892,Private Mortgage Banker (SAFE),Risk and Compliance,Plymouth Meeting,PA,United States,unknown,Full time,2026-07-20 21:37:22.252790,2026-07-13 00:00:00,https://www.wellsfargojobs.com/en/jobs/r-559892/private-mortgage-banker-safe/
WELLS_FARGO,R-559927,Mortgage Retail Sales Consultant (SAFE),Risk and Compliance,Chesapeake,VA,United States,unknown,Full time,2026-07-20 21:37:22.283865,2026-07-13 00:00:00,https://www.wellsfargojobs.com/en/jobs/r-559927/mortgage-retail-sales-consultant-safe/
WELLS_FARGO,R-559953,Mortgage Retail Sales Consultant (SAFE),Risk and Compliance,Fredericksburg,VA,United States,unknown,Full time,2026-07-20 21:37:22.299449,2026-07-13 00:00:00,https://www.wellsfargojobs.com/en/jobs/r-559953/mortgage-retail-sales-consultant-safe/
WELLS_FARGO,R-559962,Personal Banker Mesa Mall,Risk and Compliance,Grand Junction,CO,United States,unknown,Full time,2026-07-20 21:37:22.327737,2026-07-13 00:00:00,https://www.wellsfargojobs.com/en/jobs/r-559962/personal-banker-mesa-mall/
WELLS_FARGO,R-559222,FiNet Divisional Leader - Southeast,Risk and Compliance,Tampa,FL,United States,unknown,Full time,2026-07-20 21:37:22.359782,2026-07-13 00:00:00,https://www.wellsfargojobs.com/en/jobs/r-559222/finet-divisional-leader-southeast/
WELLS_FARGO,R-560055,Alternative Investment Middle Office Support Consultant,Operations,Charlotte,NC,United States,unknown,Full time,2026-07-20 21:37:22.375624,2026-07-13 00:00:00,https://www.wellsfargojobs.com/en/jobs/r-560055/alternative-investment-middle-office-support-consultant/
WELLS_FARGO,R-560065,Alternative Investments Middle Office Support - Senior Consultant,Operations,Charlotte,NC,United States,unknown,Full time,2026-07-20 21:37:22.392848,2026-07-13 00:00:00,https://www.wellsfargojobs.com/en/jobs/r-560065/alternative-investments-middle-office-support-senior-consultant/
WELLS_FARGO,R-559913,Mortgage Retail Sales Consultant (SAFE),Risk and Compliance,Baltimore,MD,United States,unknown,Full time,2026-07-20 21:37:22.417017,2026-07-13 00:00:00,https://www.wellsfargojobs.com/en/jobs/r-559913/mortgage-retail-sales-consultant-safe/
WELLS_FARGO,R-560083,Personal Banker (SAFE) Zephyr Cove,Risk and Compliance,Zephyr Cove,NV,United States,unknown,Full time,2026-07-20 21:37:22.439156,2026-08-13 00:00:00,https://www.wellsfargojobs.com/en/jobs/r-560083/personal-banker-safe-zephyr-cove/
WELLS_FARGO,R-558025,Senior Premier Banker Denali,Risk and Compliance,Anchorage,AK,United States,unknown,Full time,2026-07-20 21:37:22.468756,2026-07-13 00:00:00,https://www.wellsfargojobs.com/en/jobs/r-558025/senior-premier-banker-denali/
WELLS_FARGO,R-559412,"Business Banker (LO) San Diego, CA",Risk and Compliance,San Diego,CA,United States,unknown,Full time,2026-07-20 21:37:22.497060,2026-07-13 00:00:00,https://www.wellsfargojobs.com/en/jobs/r-559412/business-banker-lo-san-diego-ca/
WELLS_FARGO,R-559422,"Business Banker (LO) Chula Vista, CA",Risk and Compliance,Chula Vista,CA,United States,unknown,Full time,2026-07-20 21:37:22.516195,2026-07-13 00:00:00,https://www.wellsfargojobs.com/en/jobs/r-559422/business-banker-lo-chula-vista-ca/
WELLS_FARGO,R-560074,Personal Banker Largo Mall,Risk and Compliance,Largo,FL,United States,unknown,Full time,2026-07-20 21:37:22.546343,2026-07-13 00:00:00,https://www.wellsfargojobs.com/en/jobs/r-560074/personal-banker-largo-mall/
WELLS_FARGO,R-560461,Home Mortgage Consultant (SAFE),Risk and Compliance,Melville,NY,United States,unknown,,2026-07-20 21:37:22.563009,2026-07-31 00:00:00,https://www.wellsfargojobs.com/en/jobs/r-560461/home-mortgage-consultant-safe/
WELLS_FARGO,R-560015,Branch Manager Great Basin District,Risk and Compliance,Reno,NV,United States,unknown,Full time,2026-07-20 21:37:22.597569,2026-07-13 00:00:00,https://www.wellsfargojobs.com/en/jobs/r-560015/branch-manager-great-basin-district/
WELLS_FARGO,R-560448,Senior Premier Banker Marina,Risk and Compliance,San Francisco,CA,United States,unknown,Full time,2026-07-20 21:37:22.632968,2026-08-19 00:00:00,https://www.wellsfargojobs.com/en/jobs/r-560448/senior-premier-banker-marina/
WELLS_FARGO,R-559654,Teller Part Time The Dalles,Risk and Compliance,The Dalles,OR,United States,unknown,Part time,2026-07-20 21:37:22.653194,2026-07-13 00:00:00,https://www.wellsfargojobs.com/en/jobs/r-559654/teller-part-time-the-dalles/
WELLS_FARGO,R-547264,Senior Premier Banker 24th and Irving,Risk and Compliance,San Francisco,CA,United States,unknown,Full time,2026-07-20 21:37:22.684589,2026-07-14 00:00:00,https://www.wellsfargojobs.com/en/jobs/r-547264/senior-premier-banker-24th-and-irving/
WELLS_FARGO,R-559029,Relationship Banker Midlothian TX,Risk and Compliance,Midlothian,TX,United States,unknown,Full time,2026-07-20 21:37:22.714216,2026-07-14 00:00:00,https://www.wellsfargojobs.com/en/jobs/r-559029/relationship-banker-midlothian-tx/
WELLS_FARGO,R-560602,Bilingual Spanish Personal Banker | The Heights,Risk and Compliance,South San Francisco,CA,United States,unknown,Full time,2026-07-20 21:37:22.748744,2026-07-14 00:00:00,https://www.wellsfargojobs.com/en/jobs/r-560602/bilingual-spanish-personal-banker-the-heights/
WELLS_FARGO,R-555109,Senior Premier Banker - Carmel Valley,Risk and Compliance,Carmel,CA,United States,unknown,Full time,2026-07-20 21:37:22.782196,2026-08-06 00:00:00,https://www.wellsfargojobs.com/en/jobs/r-555109/senior-premier-banker-carmel-valley/
WELLS_FARGO,R-558302,"Personal Banker Ironwood COEUR D ALENE, ID",Risk and Compliance,Coeur D Alene,ID,United States,unknown,Full time,2026-07-20 21:37:22.804599,2026-08-19 00:00:00,https://www.wellsfargojobs.com/en/jobs/r-558302/personal-banker-ironwood-coeur-d-alene-id/
WELLS_FARGO,R-560449,Senior Premier Banker Cow Hollow,Risk and Compliance,San Francisco,CA,United States,unknown,Full time,2026-07-20 21:37:22.834589,2026-08-19 00:00:00,https://www.wellsfargojobs.com/en/jobs/r-560449/senior-premier-banker-cow-hollow/
WELLS_FARGO,R-560490,Roving Personal Banker- Hulen & Bellaire,Risk and Compliance,Fort Worth,TX,United States,unknown,Full time,2026-07-20 21:37:22.860247,2026-08-18 00:00:00,https://www.wellsfargojobs.com/en/jobs/r-560490/roving-personal-banker-hulen-bellaire/
WELLS_FARGO,R-555423,Associate Roving Personal Banker (SAFE) - Bozeman/Livingston,Risk and Compliance,Bozeman,MT,United States,unknown,Full time,2026-07-20 21:37:22.884337,2026-07-14 00:00:00,https://www.wellsfargojobs.com/en/jobs/r-555423/associate-roving-personal-banker-safe-bozeman-livingston/
WELLS_FARGO,R-560532,Roving Personal Banker Capitol of Texas District,Risk and Compliance,Austin,TX,United States,unknown,Full time,2026-07-20 21:37:22.899055,2026-07-14 00:00:00,https://www.wellsfargojobs.com/en/jobs/r-560532/roving-personal-banker-capitol-of-texas-district/
WELLS_FARGO,R-551547,Senior Business Banking Relationship Manager (LO),Risk and Compliance,Doral,FL,United States,unknown,Full time,2026-07-20 21:37:22.930444,2026-07-14 00:00:00,https://www.wellsfargojobs.com/en/jobs/r-551547/senior-business-banking-relationship-manager-lo/
WELLS_FARGO,R-557853,"Senior Premier Banker, Mayfaire Branch",Risk and Compliance,Wilmington,NC,United States,unknown,Full time,2026-07-20 21:37:22.950764,2026-07-14 00:00:00,https://www.wellsfargojobs.com/en/jobs/r-557853/senior-premier-banker-mayfaire-branch/
WELLS_FARGO,R-557057,Branch Manager New Haven Shoreline District,Risk and Compliance,East Haven,CT,United States,unknown,Full time,2026-07-20 21:37:22.984451,2026-07-15 00:00:00,https://www.wellsfargojobs.com/en/jobs/r-557057/branch-manager-new-haven-shoreline-district/
WELLS_FARGO,R-560965,Branch Operations Coordinator Lino Lakes MN,Risk and Compliance,Lino Lakes,MN,United States,unknown,Full time,2026-07-20 21:37:23.008104,2026-07-15 00:00:00,https://www.wellsfargojobs.com/en/jobs/r-560965/branch-operations-coordinator-lino-lakes-mn/
WELLS_FARGO,R-559824,Relationship Banker Heritage Square Financial Center,Risk and Compliance,Aiken,SC,United States,unknown,Full time,2026-07-20 21:37:23.032583,2026-08-07 00:00:00,https://www.wellsfargojobs.com/en/jobs/r-559824/relationship-banker-heritage-square-financial-center/
WELLS_FARGO,R-551947,Teller Part Time Moorhead Holiday,Risk and Compliance,Moorhead,MN,United States,unknown,Part time,2026-07-20 21:37:23.047597,2026-07-15 00:00:00,https://www.wellsfargojobs.com/en/jobs/r-551947/teller-part-time-moorhead-holiday/
WELLS_FARGO,R-556392,Technology Business Services Consultant,Risk and Compliance,Charlotte,NC,United States,unknown,Full time,2026-07-20 21:37:23.077496,2026-07-15 00:00:00,https://www.wellsfargojobs.com/en/jobs/r-556392/technology-business-services-consultant/
WELLS_FARGO,R-561293,Personal Banker San Gabriel Mountain District,Risk and Compliance,Chino Hills,CA,United States,unknown,Full time,2026-07-20 21:37:23.093509,2026-07-15 00:00:00,https://www.wellsfargojobs.com/en/jobs/r-561293/personal-banker-san-gabriel-mountain-district/
WELLS_FARGO,R-554389,Principal Architect - Enterprise CI/CD & DevSecOps,Cloud and Infrastructure,Irving,TX,United States,unknown,Full time,2026-07-20 21:37:23.109992,2026-07-15 00:00:00,https://www.wellsfargojobs.com/en/jobs/r-554389/principal-architect-enterprise-ci-cd-devsecops/
WELLS_FARGO,R-560592,Securities Operations Associate - UIT Operations,Operations,Saint Louis,MO,United States,unknown,Full time,2026-07-20 21:37:23.129318,2026-07-15 00:00:00,https://www.wellsfargojobs.com/en/jobs/r-560592/securities-operations-associate-uit-operations/
WELLS_FARGO,R-560504,Community Mortgage Bank Sales Consultant (SAFE) - Bilingual,Risk and Compliance,Inglewood,CA,United States,unknown,Full time,2026-07-20 21:37:23.156638,2026-07-16 00:00:00,https://www.wellsfargojobs.com/en/jobs/r-560504/community-mortgage-bank-sales-consultant-safe-bilingual/
WELLS_FARGO,R-561431,Senior Premier Banker Fort Oglethorpe,Risk and Compliance,Fort Oglethorpe,GA,United States,unknown,Full time,2026-07-20 21:37:23.190679,2026-07-16 00:00:00,https://www.wellsfargojobs.com/en/jobs/r-561431/senior-premier-banker-fort-oglethorpe/
WELLS_FARGO,R-555911,Personal Banker Bilingual 52nd & Ames,Risk and Compliance,Omaha,NE,United States,unknown,Full time,2026-07-20 21:37:23.203190,2026-07-16 00:00:00,https://www.wellsfargojobs.com/en/jobs/r-555911/personal-banker-bilingual-52nd-ames/
WELLS_FARGO,R-543052,Lead DevOps Engineer,Cloud and Infrastructure,Iselin,NJ,United States,unknown,Full time,2026-07-20 21:37:23.219144,2026-07-16 00:00:00,https://www.wellsfargojobs.com/en/jobs/r-543052/lead-devops-engineer/
WELLS_FARGO,R-559626,Teller Part Time Cupertino,Risk and Compliance,Cupertino,CA,United States,unknown,Part time,2026-07-20 21:37:23.250009,2026-07-16 00:00:00,https://www.wellsfargojobs.com/en/jobs/r-559626/teller-part-time-cupertino/
WELLS_FARGO,R-561144,Senior Premier Banker Evergreen Branch,Risk and Compliance,San Jose,CA,United States,unknown,Full time,2026-07-20 21:37:23.281431,2026-07-16 00:00:00,https://www.wellsfargojobs.com/en/jobs/r-561144/senior-premier-banker-evergreen-branch/
WELLS_FARGO,R-555359,Branch Manager- Aspen,Risk and Compliance,Aspen,CO,United States,unknown,Full time,2026-07-20 21:37:23.311052,2026-07-16 00:00:00,https://www.wellsfargojobs.com/en/jobs/r-555359/branch-manager-aspen/
WELLS_FARGO,R-558776,Teller Bilingual Part Time Travelers Rest,Risk and Compliance,Greenville,SC,United States,unknown,Part time,2026-07-20 21:37:23.329799,2026-08-19 00:00:00,https://www.wellsfargojobs.com/en/jobs/r-558776/teller-bilingual-part-time-travelers-rest/
WELLS_FARGO,R-559356,Branch Operations Coordinator Carlisle,Risk and Compliance,Carlisle,PA,United States,unknown,Full time,2026-07-20 21:37:23.345541,2026-07-16 00:00:00,https://www.wellsfargojobs.com/en/jobs/r-559356/branch-operations-coordinator-carlisle/
WELLS_FARGO,R-561016,Personal Banker-River Road,Risk and Compliance,Eugene,OR,United States,unknown,Full time,2026-07-20 21:37:23.360570,2026-08-20 00:00:00,https://www.wellsfargojobs.com/en/jobs/r-561016/personal-banker-river-road/
WELLS_FARGO,R-553682,Fund Finance Middle Office Senior Manager,Risk and Compliance,Charlotte,NC,United States,unknown,Full time,2026-07-20 21:37:23.394642,2026-07-16 00:00:00,https://www.wellsfargojobs.com/en/jobs/r-553682/fund-finance-middle-office-senior-manager/
WELLS_FARGO,R-560443,CA-WA Mortgage Retail Sales Consultant,Risk and Compliance,Newbury Park,CA,United States,unknown,Full time,2026-07-20 21:37:23.411647,2026-07-16 00:00:00,https://www.wellsfargojobs.com/en/jobs/r-560443/ca-wa-mortgage-retail-sales-consultant/
WELLS_FARGO,R-561449,Personal Banker Merced and Atwater,Risk and Compliance,Merced,CA,United States,unknown,Full time,2026-07-20 21:37:23.422162,2026-07-16 00:00:00,https://www.wellsfargojobs.com/en/jobs/r-561449/personal-banker-merced-and-atwater/
WELLS_FARGO,R-556028,Teller 20 Hour- Tarrant Pkwy & Precinct Line Rd,Risk and Compliance,North Richland Hills,TX,United States,unknown,Part time,2026-07-20 21:37:23.453716,2026-07-16 00:00:00,https://www.wellsfargojobs.com/en/jobs/r-556028/teller-20-hour-tarrant-pkwy-precinct-line-rd/
WELLS_FARGO,R-561167,"Senior Premier Banker Jordan Ranch, DeNovo",Risk and Compliance,Katy,TX,United States,unknown,Full time,2026-07-20 21:37:23.469499,2026-07-16 00:00:00,https://www.wellsfargojobs.com/en/jobs/r-561167/senior-premier-banker-jordan-ranch-denovo/
WELLS_FARGO,R-559727,Client Delivery - Business Relationship Support Specialist,Risk and Compliance,Charlotte,NC,United States,unknown,Full time,2026-07-20 21:37:23.493789,2026-07-16 00:00:00,https://www.wellsfargojobs.com/en/jobs/r-559727/client-delivery-business-relationship-support-specialist/
WELLS_FARGO,R-559877,Treasury Management Support Analyst,Risk and Compliance,Charlotte,NC,United States,unknown,Full time,2026-07-20 21:37:23.520123,2026-07-16 00:00:00,https://www.wellsfargojobs.com/en/jobs/r-559877/treasury-management-support-analyst/
WELLS_FARGO,R-558526,Associate Customer Service Representative Spanish Bilingual Everyday Banking,Risk and Compliance,Irving,TX,United States,unknown,Full time,2026-07-20 21:37:23.541352,2026-07-16 00:00:00,https://www.wellsfargojobs.com/en/jobs/r-558526/associate-customer-service-representative-spanish-bilingual-everyday-banking/
WELLS_FARGO,R-561256,Teller Lakeville Main,Risk and Compliance,Lakeville,MN,United States,unknown,Full time,2026-07-20 21:37:23.562503,2026-07-17 00:00:00,https://www.wellsfargojobs.com/en/jobs/r-561256/teller-lakeville-main/
WELLS_FARGO,R-561638,Branch Manager Eastern Wyoming District,Risk and Compliance,Cheyenne,WY,United States,unknown,Full time,2026-07-20 21:37:23.578609,2026-07-16 00:00:00,https://www.wellsfargojobs.com/en/jobs/r-561638/branch-manager-eastern-wyoming-district/
WELLS_FARGO,R-561602,Branch Manager Santa Barbara Ventura District,Risk and Compliance,Ventura,CA,United States,unknown,Full time,2026-07-20 21:37:23.618950,2026-07-16 00:00:00,https://www.wellsfargojobs.com/en/jobs/r-561602/branch-manager-santa-barbara-ventura-district/
WELLS_FARGO,R-555239,Senior Treasury Management Consultant,Risk and Compliance,Milwaukee,WI,United States,unknown,Full time,2026-07-20 21:37:23.626166,2026-07-15 00:00:00,https://www.wellsfargojobs.com/en/jobs/r-555239/senior-treasury-management-consultant/
WELLS_FARGO,R-557174,District Senior Manager - Southeast Alaska,Risk and Compliance,Juneau,AK,United States,unknown,Full time,2026-07-20 21:37:23.641187,2026-07-16 00:00:00,https://www.wellsfargojobs.com/en/jobs/r-557174/district-senior-manager-southeast-alaska/
WELLS_FARGO,R-557483,Personal Banker Goshen Branch,Risk and Compliance,West Chester,PA,United States,unknown,Full time,2026-07-20 21:37:23.676866,2026-07-16 00:00:00,https://www.wellsfargojobs.com/en/jobs/r-557483/personal-banker-goshen-branch/
WELLS_FARGO,R-553037,Teller Bilingual Part Time White Plains,Risk and Compliance,White Plains,NY,United States,unknown,Part time,2026-07-20 21:37:23.702745,2026-07-17 00:00:00,https://www.wellsfargojobs.com/en/jobs/r-553037/teller-bilingual-part-time-white-plains/
WELLS_FARGO,R-556610,Teller 20 Hour- Heritage Trace,Risk and Compliance,Fort Worth,TX,United States,unknown,Part time,2026-07-20 21:37:23.732432,2026-07-17 00:00:00,https://www.wellsfargojobs.com/en/jobs/r-556610/teller-20-hour-heritage-trace/
WELLS_FARGO,R-559744,Teller Highland Arrowhead,Risk and Compliance,San Bernardino,CA,United States,unknown,Full time,2026-07-20 21:37:23.767386,2026-07-17 00:00:00,https://www.wellsfargojobs.com/en/jobs/r-559744/teller-highland-arrowhead/
WELLS_FARGO,R-560606,Principal Engineer – AWS Platform Engineering,Cloud and Infrastructure,Mclean,VA,United States,unknown,Full time,2026-07-20 21:37:23.791873,2026-07-17 00:00:00,https://www.wellsfargojobs.com/en/jobs/r-560606/principal-engineer-aws-platform-engineering/
WELLS_FARGO,R-560094,Campaign Manager,Risk and Compliance,Wilmington,DE,United States,unknown,Full time,2026-07-20 21:37:23.817539,2026-07-17 00:00:00,https://www.wellsfargojobs.com/en/jobs/r-560094/campaign-manager/
WELLS_FARGO,R-561792,Associate Account Resolution Representative - Credit Card Collections,Risk and Compliance,West Des Moines,IA,United States,unknown,Full time,2026-07-20 21:37:23.834630,2026-07-17 00:00:00,https://www.wellsfargojobs.com/en/jobs/r-561792/associate-account-resolution-representative-credit-card-collections/
WELLS_FARGO,R-549396,Senior Software Engineer - Mainframe,Risk and Compliance,Columbus,OH,United States,unknown,Full time,2026-07-20 21:37:23.854752,2026-07-17 00:00:00,https://www.wellsfargojobs.com/en/jobs/r-549396/senior-software-engineer-mainframe/
WELLS_FARGO,R-554072,Lead Credit Product Sales Specialist,Risk and Compliance,Melville,NY,United States,unknown,Full time,2026-07-20 21:37:23.868843,2026-07-17 00:00:00,https://www.wellsfargojobs.com/en/jobs/r-554072/lead-credit-product-sales-specialist/
WELLS_FARGO,R-558807,Senior Branch Premier Banker Cave Creek & Tatum,Risk and Compliance,Cave Creek,AZ,United States,unknown,Full time,2026-07-20 21:37:23.904166,2026-07-17 00:00:00,https://www.wellsfargojobs.com/en/jobs/r-558807/senior-branch-premier-banker-cave-creek-tatum/
WELLS_FARGO,R-561626,Senior Supervisory Control Specialist,Risk and Compliance,Paramus,NJ,United States,unknown,Full time,2026-07-20 21:37:23.915813,2026-08-17 00:00:00,https://www.wellsfargojobs.com/en/jobs/r-561626/senior-supervisory-control-specialist/
WELLS_FARGO,R-561651,Teller Part Time Bandera and MB,Risk and Compliance,Bandera,TX,United States,unknown,Part time,2026-07-20 21:37:23.947385,2026-08-17 00:00:00,https://www.wellsfargojobs.com/en/jobs/r-561651/teller-part-time-bandera-and-mb/
WELLS_FARGO,R-561968,Branch Manager Boca Raton Delray Beach,Risk and Compliance,Boca Raton,FL,United States,unknown,Full time,2026-07-20 21:37:23.963117,2026-07-17 00:00:00,https://www.wellsfargojobs.com/en/jobs/r-561968/branch-manager-boca-raton-delray-beach/
WELLS_FARGO,R-554430,Senior Premier Banker - Westchester,Risk and Compliance,Los Angeles,CA,United States,unknown,Full time,2026-07-20 21:37:23.994473,2026-07-17 00:00:00,https://www.wellsfargojobs.com/en/jobs/r-554430/senior-premier-banker-westchester/
WELLS_FARGO,R-553662,Senior Premier Banker Anastasia Island,Risk and Compliance,Saint Augustine,FL,United States,unknown,Full time,2026-07-20 21:37:24.027006,2026-07-17 00:00:00,https://www.wellsfargojobs.com/en/jobs/r-553662/senior-premier-banker-anastasia-island/
WELLS_FARGO,R-560692,Personal Banker Spanish Required Buckner Commons,Risk and Compliance,Dallas,TX,United States,unknown,Full time,2026-07-20 21:37:24.042024,2026-07-17 00:00:00,https://www.wellsfargojobs.com/en/jobs/r-560692/personal-banker-spanish-required-buckner-commons/
WELLS_FARGO,R-559691,Teller Part Time Dickinson,Risk and Compliance,Dickinson,ND,United States,unknown,Part time,2026-07-20 21:37:24.075214,2026-07-20 00:00:00,https://www.wellsfargojobs.com/en/jobs/r-559691/teller-part-time-dickinson/
WELLS_FARGO,R-560344,Associate Personal Banker Long Beach District,Risk and Compliance,Bellflower,CA,United States,unknown,Full time,2026-07-20 21:37:24.095386,2026-07-20 00:00:00,https://www.wellsfargojobs.com/en/jobs/r-560344/associate-personal-banker-long-beach-district/
WELLS_FARGO,R-561898,Senior Branch Premier Banker - Exton,Risk and Compliance,Exton,PA,United States,unknown,Full time,2026-07-20 21:37:24.110901,2026-07-20 00:00:00,https://www.wellsfargojobs.com/en/jobs/r-561898/senior-branch-premier-banker-exton/
WELLS_FARGO,R-554253,Roving Personal Banker ROVING Reedy River District,Risk and Compliance,Easley,SC,United States,unknown,Full time,2026-07-20 21:37:24.143158,2026-07-15 00:00:00,https://www.wellsfargojobs.com/en/jobs/r-554253/roving-personal-banker-roving-reedy-river-district/
WELLS_FARGO,R-555847,Branch Operations Coordinator Silver Spring Square,Risk and Compliance,Mechanicsburg,PA,United States,unknown,Full time,2026-07-20 21:37:24.169466,2026-07-20 00:00:00,https://www.wellsfargojobs.com/en/jobs/r-555847/branch-operations-coordinator-silver-spring-square/
WELLS_FARGO,R-559063,Personal Banker Bilingual Spotswood Branch,Risk and Compliance,Spotswood,NJ,United States,unknown,Full time,2026-07-20 21:37:24.192694,2026-07-20 00:00:00,https://www.wellsfargojobs.com/en/jobs/r-559063/personal-banker-bilingual-spotswood-branch/
WELLS_FARGO,R-560387,Senior Infrastructure Engineer - Data Center,Risk and Compliance,Sterling,VA,United States,unknown,Full time,2026-07-20 21:37:24.203204,2026-07-20 00:00:00,https://www.wellsfargojobs.com/en/jobs/r-560387/senior-infrastructure-engineer-data-center/
WELLS_FARGO,R-561506,Branch Operations Coordinator Sandestin,Risk and Compliance,Destin,FL,United States,unknown,Full time,2026-07-20 21:37:24.219936,2026-07-20 00:00:00,https://www.wellsfargojobs.com/en/jobs/r-561506/branch-operations-coordinator-sandestin/
WELLS_FARGO,R-560297,Lead Infrastructure Engineer - Public Cloud Storage,Cloud and Infrastructure,Irving,TX,United States,unknown,Full time,2026-07-20 21:37:24.250644,2026-07-20 00:00:00,https://www.wellsfargojobs.com/en/jobs/r-560297/lead-infrastructure-engineer-public-cloud-storage/
WELLS_FARGO,R-560922,"Personal Banker West Point, NE",Risk and Compliance,West Point,NE,United States,unknown,Full time,2026-07-20 21:37:24.266658,2026-07-20 00:00:00,https://www.wellsfargojobs.com/en/jobs/r-560922/personal-banker-west-point-ne/
WELLS_FARGO,R-550172,Teller Part Time Owatonna Main,Risk and Compliance,Owatonna,MN,United States,unknown,Part time,2026-07-20 21:37:24.294803,2026-07-20 00:00:00,https://www.wellsfargojobs.com/en/jobs/r-550172/teller-part-time-owatonna-main/
WELLS_FARGO,R-554982,Senior Premier Banker Dunedin,Risk and Compliance,Dunedin,FL,United States,unknown,Full time,2026-07-20 21:37:24.328283,2026-07-15 00:00:00,https://www.wellsfargojobs.com/en/jobs/r-554982/senior-premier-banker-dunedin/
WELLS_FARGO,R-561642,Personal Banker South San Diego,Risk and Compliance,Coronado,CA,United States,unknown,Full time,2026-07-20 21:37:24.344754,2026-07-20 00:00:00,https://www.wellsfargojobs.com/en/jobs/r-561642/personal-banker-south-san-diego/
WELLS_FARGO,R-562167,Personal Banker Vermillion,Risk and Compliance,Vermillion,SD,United States,unknown,Full time,2026-07-20 21:37:24.359775,2026-08-17 00:00:00,https://www.wellsfargojobs.com/en/jobs/r-562167/personal-banker-vermillion/
WELLS_FARGO,R-547502,CA-WA Mortgage Retail Sales Consultant (SAFE),Risk and Compliance,San Jose,CA,United States,unknown,Full time,2026-07-20 21:37:24.391811,2026-05-20 00:00:00,https://www.wellsfargojobs.com/en/jobs/r-547502/ca-wa-mortgage-retail-sales-consultant-safe/
WELLS_FARGO,R-549604,Mortgage Retail Sales Consultant (SAFE),Risk and Compliance,Minneapolis,MN,United States,unknown,Full time,2026-07-20 21:37:24.406325,2026-05-29 00:00:00,https://www.wellsfargojobs.com/en/jobs/r-549604/mortgage-retail-sales-consultant-safe/
WELLS_FARGO,R-547513,CA-WA Mortgage Retail Sales Consultant (SAFE),Risk and Compliance,Sunnyvale,CA,United States,unknown,Part time,2026-07-20 21:37:24.422867,2026-05-20 00:00:00,https://www.wellsfargojobs.com/en/jobs/r-547513/ca-wa-mortgage-retail-sales-consultant-safe/
WELLS_FARGO,R-518593,Senior Lead Commercial Banking Relationship Manager,Sales and Relationship Management,Chicago,IL,United States,unknown,Full time,2026-07-20 21:37:24.437882,2026-06-02 00:00:00,https://www.wellsfargojobs.com/en/jobs/r-518593/senior-lead-commercial-banking-relationship-manager/
WELLS_FARGO,R-551220,Mortgage Consumer Direct Sales Consultant Bilingual (SAFE),Risk and Compliance,Tempe,AZ,United States,unknown,Full time,2026-07-20 21:37:24.469446,2026-06-09 00:00:00,https://www.wellsfargojobs.com/en/jobs/r-551220/mortgage-consumer-direct-sales-consultant-bilingual-safe/
WELLS_FARGO,R-554047,Private Mortgage Banking Associate Manager (SAFE),Risk and Compliance,Chicago,IL,United States,unknown,Full time,2026-07-20 21:37:24.493900,2026-06-18 00:00:00,https://www.wellsfargojobs.com/en/jobs/r-554047/private-mortgage-banking-associate-manager-safe/
WELLS_FARGO,R-555258,Private Mortgage Banker,Risk and Compliance,San Diego,CA,United States,unknown,Full time,2026-07-20 21:37:24.514102,2026-06-22 00:00:00,https://www.wellsfargojobs.com/en/jobs/r-555258/private-mortgage-banker/
WELLS_FARGO,R-555545,Senior Premier Banker - Edison NJ,Risk and Compliance,Edison,NJ,United States,unknown,Full time,2026-07-20 21:37:24.531995,2026-06-23 00:00:00,https://www.wellsfargojobs.com/en/jobs/r-555545/senior-premier-banker-edison-nj/
WELLS_FARGO,R-555236,Community Mortgage Bank Sales Consultant,Risk and Compliance,Ontario,CA,United States,unknown,Full time,2026-07-20 21:37:24.565816,2026-06-22 00:00:00,https://www.wellsfargojobs.com/en/jobs/r-555236/community-mortgage-bank-sales-consultant/
WELLS_FARGO,R-555918,Branch Operations Coordinator Green Valley,Risk and Compliance,Green Valley,AZ,United States,unknown,Full time,2026-07-20 21:37:24.588795,2026-06-25 00:00:00,https://www.wellsfargojobs.com/en/jobs/r-555918/branch-operations-coordinator-green-valley/
WELLS_FARGO,R-555440,Teller Part Time Bilingual South Newark,Risk and Compliance,Newark,NJ,United States,unknown,Part time,2026-07-20 21:37:24.609685,2026-06-25 00:00:00,https://www.wellsfargojobs.com/en/jobs/r-555440/teller-part-time-bilingual-south-newark/
WELLS_FARGO,R-556197,Mortgage Retail Sales Consultant,Risk and Compliance,Charlotte,NC,United States,unknown,Full time,2026-07-20 21:37:24.625942,2026-06-25 00:00:00,https://www.wellsfargojobs.com/en/jobs/r-556197/mortgage-retail-sales-consultant/
WELLS_FARGO,R-556474,2027 COO Chief Administrative Office Summer Internship - Early Careers,Risk and Compliance,Charlotte,NC,United States,unknown,,2026-07-20 21:37:24.641463,2026-06-26 00:00:00,https://www.wellsfargojobs.com/en/jobs/r-556474/2027-coo-chief-administrative-office-summer-internship-early-careers/
WELLS_FARGO,R-556749,Relationship Banker - Downtown LA District,Risk and Compliance,Los Angeles,CA,United States,unknown,,2026-07-20 21:37:24.677357,2026-06-29 00:00:00,https://www.wellsfargojobs.com/en/jobs/r-556749/relationship-banker-downtown-la-district/
WELLS_FARGO,R-556017,2027 Consumer Banking and Lending Summer Internship – Early Careers,Risk and Compliance,Charlotte,NC,United States,unknown,Full time,2026-07-20 21:37:24.705454,2026-06-26 00:00:00,https://www.wellsfargojobs.com/en/jobs/r-556017/2027-consumer-banking-and-lending-summer-internship-early-careers/
WELLS_FARGO,R-556585,Senior Premier Banker Central Valley,Risk and Compliance,Modesto,CA,United States,unknown,Full time,2026-07-20 21:37:24.734962,2026-06-30 00:00:00,https://www.wellsfargojobs.com/en/jobs/r-556585/senior-premier-banker-central-valley/
WELLS_FARGO,R-556815,Senior Premier Banker Lake Norman District,Risk and Compliance,Wilkesboro,NC,United States,unknown,Full time,2026-07-20 21:37:24.763577,2026-07-01 00:00:00,https://www.wellsfargojobs.com/en/jobs/r-556815/senior-premier-banker-lake-norman-district/
WELLS_FARGO,R-557734,Teller Bilingual Part Time Saginaw,Risk and Compliance,Saginaw,TX,United States,unknown,Part time,2026-07-20 21:37:24.782417,2026-07-02 00:00:00,https://www.wellsfargojobs.com/en/jobs/r-557734/teller-bilingual-part-time-saginaw/
WELLS_FARGO,R-557966,Senior Premier Banker Marin County District,Risk and Compliance,Mill Valley,CA,United States,unknown,Full time,2026-07-20 21:37:24.814211,2026-07-02 00:00:00,https://www.wellsfargojobs.com/en/jobs/r-557966/senior-premier-banker-marin-county-district/
WELLS_FARGO,R-557975,Community Mortgage Bank Sales Consultant (SAFE)- South Florida,Risk and Compliance,Boca Raton,FL,United States,unknown,Full time,2026-07-20 21:37:24.835600,2026-07-02 00:00:00,https://www.wellsfargojobs.com/en/jobs/r-557975/community-mortgage-bank-sales-consultant-safe-south-florida/
WELLS_FARGO,R-557981,"R-521028 Senior Product Manager, Healthcare Products",Risk and Compliance,Charlotte,NC,United States,unknown,,2026-07-20 21:37:24.857919,2026-07-02 00:00:00,https://www.wellsfargojobs.com/en/jobs/r-557981/r-521028-senior-product-manager-healthcare-products/
WELLS_FARGO,R-557831,Branch Manager Edisto River District South Carolina,Risk and Compliance,Hilton Head Island,SC,United States,unknown,Full time,2026-07-20 21:37:24.887861,2026-07-03 00:00:00,https://www.wellsfargojobs.com/en/jobs/r-557831/branch-manager-edisto-river-district-south-carolina/
WELLS_FARGO,R-558154,Relationship Banker Foothills District Greenville South Carolina,Risk and Compliance,Greenville,SC,United States,unknown,Full time,2026-07-20 21:37:24.914801,2026-07-03 00:00:00,https://www.wellsfargojobs.com/en/jobs/r-558154/relationship-banker-foothills-district-greenville-south-carolina/
WELLS_FARGO,R-557969,Senior Premier Banker Foothills District Spartanburg South Carolina,Risk and Compliance,Spartanburg,SC,United States,unknown,Full time,2026-07-20 21:37:24.932272,2026-07-03 00:00:00,https://www.wellsfargojobs.com/en/jobs/r-557969/senior-premier-banker-foothills-district-spartanburg-south-carolina/
WELLS_FARGO,R-558077,Community Mortgage Bank Sales Consultant (SAFE),Risk and Compliance,Farmers Branch,TX,United States,unknown,,2026-07-20 21:37:24.962736,2026-07-03 00:00:00,https://www.wellsfargojobs.com/en/jobs/r-558077/community-mortgage-bank-sales-consultant-safe/
WELLS_FARGO,R-550991,Senior Registered Client Associate,Risk and Compliance,Birmingham,MI,United States,unknown,Full time,2026-07-20 21:37:24.978456,2026-07-04 00:00:00,https://www.wellsfargojobs.com/en/jobs/r-550991/senior-registered-client-associate/
WELLS_FARGO,R-557706,Teller Part Time Roosevelt Utah,Risk and Compliance,Roosevelt,UT,United States,unknown,Part time,2026-07-20 21:37:24.995311,2026-07-06 00:00:00,https://www.wellsfargojobs.com/en/jobs/r-557706/teller-part-time-roosevelt-utah/
WELLS_FARGO,R-555224,"Senior Premier Banker Onalaska, WI",Risk and Compliance,Onalaska,WI,United States,unknown,Full time,2026-07-20 21:37:25.026803,2026-07-06 00:00:00,https://www.wellsfargojobs.com/en/jobs/r-555224/senior-premier-banker-onalaska-wi/
WELLS_FARGO,R-558286,Personal Banker University Avenue,Risk and Compliance,Fairbanks,AK,United States,unknown,Full time,2026-07-20 21:37:25.059197,2026-07-06 00:00:00,https://www.wellsfargojobs.com/en/jobs/r-558286/personal-banker-university-avenue/
WELLS_FARGO,R-558721,Business Banker (LO) Burleson,Risk and Compliance,Burleson,TX,United States,unknown,Full time,2026-07-20 21:37:25.078291,2026-07-07 00:00:00,https://www.wellsfargojobs.com/en/jobs/r-558721/business-banker-lo-burleson/
WELLS_FARGO,R-557473,"Assistant General Counsel, VP - Equity Finance",Legal,New York,NY,United States,unknown,Full time,2026-07-20 21:37:25.095509,2026-08-19 00:00:00,https://www.wellsfargojobs.com/en/jobs/r-557473/assistant-general-counsel-vp-equity-finance/
WELLS_FARGO,R-558616,Business Banker (LO) Barbara Jordan,Risk and Compliance,Austin,TX,United States,unknown,Full time,2026-07-20 21:37:25.110029,2026-07-07 00:00:00,https://www.wellsfargojobs.com/en/jobs/r-558616/business-banker-lo-barbara-jordan/
WELLS_FARGO,R-558170,Senior Business Banking Relationship Manager (LO) Tampa,Risk and Compliance,Tampa,FL,United States,unknown,Full time,2026-07-20 21:37:25.132612,2026-07-08 00:00:00,https://www.wellsfargojobs.com/en/jobs/r-558170/senior-business-banking-relationship-manager-lo-tampa/
WELLS_FARGO,R-554512,Senior Premier Banker Downtown Orange County District,Risk and Compliance,Orange,CA,United States,unknown,,2026-07-20 21:37:25.157948,2026-07-08 00:00:00,https://www.wellsfargojobs.com/en/jobs/r-554512/senior-premier-banker-downtown-orange-county-district/
WELLS_FARGO,R-559007,Business Banker (LO) Virginia Beach,Risk and Compliance,Virginia Beach,VA,United States,unknown,Full time,2026-07-20 21:37:25.189582,2026-07-09 00:00:00,https://www.wellsfargojobs.com/en/jobs/r-559007/business-banker-lo-virginia-beach/
WELLS_FARGO,R-558910,Relationship Banker Telford PA,Risk and Compliance,Telford,PA,United States,unknown,Full time,2026-07-20 21:37:25.205648,2026-07-09 00:00:00,https://www.wellsfargojobs.com/en/jobs/r-558910/relationship-banker-telford-pa/
WELLS_FARGO,R-550617,Private Mortgage Banker,Risk and Compliance,Boca Raton,FL,United States,unknown,,2026-07-20 21:37:25.238409,2026-07-09 00:00:00,https://www.wellsfargojobs.com/en/jobs/r-550617/private-mortgage-banker/
WELLS_FARGO,R-559203,Teller Greeley Westlake,Risk and Compliance,Greeley,CO,United States,unknown,Full time,2026-07-20 21:37:25.253431,2026-07-09 00:00:00,https://www.wellsfargojobs.com/en/jobs/r-559203/teller-greeley-westlake/
WELLS_FARGO,R-556285,Senior Premier Banker Des Moines Districts,Risk and Compliance,West Des Moines,IA,United States,unknown,Full time,2026-07-20 21:37:25.288779,2026-07-10 00:00:00,https://www.wellsfargojobs.com/en/jobs/r-556285/senior-premier-banker-des-moines-districts/
WELLS_FARGO,R-555859,Branch Operations Associate Manager Maplewood,Risk and Compliance,Maplewood,MN,United States,unknown,Full time,2026-07-20 21:37:25.316944,2026-07-10 00:00:00,https://www.wellsfargojobs.com/en/jobs/r-555859/branch-operations-associate-manager-maplewood/
WELLS_FARGO,R-558778,Private Mortgage Banker (SAFE),Risk and Compliance,Las Vegas,NV,United States,unknown,Full time,2026-07-20 21:37:25.333606,2026-07-10 00:00:00,https://www.wellsfargojobs.com/en/jobs/r-558778/private-mortgage-banker-safe/
WELLS_FARGO,R-557466,Commercial & Corporate Banking Fraud Strategy & Partnership Lead,Risk and Compliance,Charlotte,NC,United States,unknown,Full time,2026-07-20 21:37:25.350631,2026-07-10 00:00:00,https://www.wellsfargojobs.com/en/jobs/r-557466/commercial-corporate-banking-fraud-strategy-partnership-lead/
WELLS_FARGO,R-559488,Senior Premier Banker Assembly Street Columbia SC,Risk and Compliance,Columbia,SC,United States,unknown,Full time,2026-07-20 21:37:25.374831,2026-07-10 00:00:00,https://www.wellsfargojobs.com/en/jobs/r-559488/senior-premier-banker-assembly-street-columbia-sc/
WELLS_FARGO,R-560032,Roving Personal Banker Northeast Houston District,Risk and Compliance,Kingwood,TX,United States,unknown,Full time,2026-07-20 21:37:25.395767,2026-07-10 00:00:00,https://www.wellsfargojobs.com/en/jobs/r-560032/roving-personal-banker-northeast-houston-district/
WELLS_FARGO,R-558892,Principal Engineer (Req. #002112),Risk and Compliance,San Francisco,CA,United States,unknown,Full time,2026-07-20 21:37:25.406288,2026-07-07 00:00:00,https://www.wellsfargojobs.com/en/jobs/r-558892/principal-engineer-req-002112/
WELLS_FARGO,R-557354,"Account Executive, In-House Agency",Risk and Compliance,Charlotte,NC,United States,unknown,Full time,2026-07-20 21:37:25.422564,2026-07-08 00:00:00,https://www.wellsfargojobs.com/en/jobs/r-557354/account-executive-in-house-agency/
WELLS_FARGO,R-559996,Mortgage Retail Sales Consultant (SAFE),Risk and Compliance,Woodbridge,VA,United States,unknown,Full time,2026-07-20 21:37:25.453859,2026-07-13 00:00:00,https://www.wellsfargojobs.com/en/jobs/r-559996/mortgage-retail-sales-consultant-safe/
WELLS_FARGO,R-560001,Private Mortgage Banker (SAFE),Risk and Compliance,Mclean,VA,United States,unknown,Full time,2026-07-20 21:37:25.476696,2026-07-13 00:00:00,https://www.wellsfargojobs.com/en/jobs/r-560001/private-mortgage-banker-safe/
WELLS_FARGO,R-556417,Community Mortgage Bank Sales Consultant (SAFE),Risk and Compliance,Baltimore,MD,United States,unknown,Full time,2026-07-20 21:37:25.496024,2026-07-13 00:00:00,https://www.wellsfargojobs.com/en/jobs/r-556417/community-mortgage-bank-sales-consultant-safe/
WELLS_FARGO,R-556158,Lead Technology Business Systems Consultant,Risk and Compliance,Charlotte,NC,United States,unknown,Full time,2026-07-20 21:37:25.516270,2026-07-13 00:00:00,https://www.wellsfargojobs.com/en/jobs/r-556158/lead-technology-business-systems-consultant/
WELLS_FARGO,R-559799,"Business Banker (LO) Ocala, FL",Risk and Compliance,Ocala,FL,United States,unknown,Full time,2026-07-20 21:37:25.533273,2026-07-13 00:00:00,https://www.wellsfargojobs.com/en/jobs/r-559799/business-banker-lo-ocala-fl/
WELLS_FARGO,R-534274,Senior Test Design and Campaign Planning Consultant (Senior Data Science),Risk and Compliance,Charlotte,NC,United States,unknown,Full time,2026-07-20 21:37:25.548918,2026-07-13 00:00:00,https://www.wellsfargojobs.com/en/jobs/r-534274/senior-test-design-and-campaign-planning-consultant-senior-data-science/
WELLS_FARGO,R-551996,Senior Premier Banker Almaden Valley,Risk and Compliance,San Jose,CA,United States,unknown,Full time,2026-07-20 21:37:25.582183,2026-07-13 00:00:00,https://www.wellsfargojobs.com/en/jobs/r-551996/senior-premier-banker-almaden-valley/
WELLS_FARGO,R-556422,Teller Part Time Redwood City,Risk and Compliance,Redwood City,CA,United States,unknown,Part time,2026-07-20 21:37:25.596336,2026-07-13 00:00:00,https://www.wellsfargojobs.com/en/jobs/r-556422/teller-part-time-redwood-city/
WELLS_FARGO,R-552133,Principal Architect Payments and Pricing,Risk and Compliance,Columbus,OH,United States,unknown,Full time,2026-07-20 21:37:25.625922,2026-07-13 00:00:00,https://www.wellsfargojobs.com/en/jobs/r-552133/principal-architect-payments-and-pricing/
WELLS_FARGO,R-558617,Loan Workout Specialist,Risk and Compliance,Des Moines,IA,United States,unknown,Full time,2026-07-20 21:37:25.640948,2026-07-14 00:00:00,https://www.wellsfargojobs.com/en/jobs/r-558617/loan-workout-specialist/
WELLS_FARGO,R-560350,"Senior Business Relationship Manager (LO) Cary, NC",Risk and Compliance,Cary,NC,United States,unknown,Full time,2026-07-20 21:37:25.656813,2026-07-14 00:00:00,https://www.wellsfargojobs.com/en/jobs/r-560350/senior-business-relationship-manager-lo-cary-nc/
WELLS_FARGO,R-560599,Beach and Valley | Bilingual Spanish Personal Banker,Risk and Compliance,Capitola,CA,United States,unknown,Full time,2026-07-20 21:37:25.694565,2026-07-14 00:00:00,https://www.wellsfargojobs.com/en/jobs/r-560599/beach-and-valley-bilingual-spanish-personal-banker/
WELLS_FARGO,R-560800,Securities Quantitative Analytics Associate (#002143),Risk and Compliance,Charlotte,NC,United States,unknown,Full time,2026-07-20 21:37:25.711841,2026-07-14 00:00:00,https://www.wellsfargojobs.com/en/jobs/r-560800/securities-quantitative-analytics-associate-002143/
WELLS_FARGO,R-557607,Lead Full Stack Information Security Engineer - Counter Threat Operations,Cybersecurity,Charlotte,NC,United States,unknown,Full time,2026-07-20 21:37:25.734042,2026-07-14 00:00:00,https://www.wellsfargojobs.com/en/jobs/r-557607/lead-full-stack-information-security-engineer-counter-threat-operations/
WELLS_FARGO,R-560660,"Senior Business Banking Relationship Manager (LO) - Mt. Kisco, NY",Risk and Compliance,Mount Kisco,NY,United States,unknown,Full time,2026-07-20 21:37:25.750123,2026-07-14 00:00:00,https://www.wellsfargojobs.com/en/jobs/r-560660/senior-business-banking-relationship-manager-lo-mt-kisco-ny/
WELLS_FARGO,R-556446,Senior Estate Officer - Senior Fiduciary Specialist,Risk and Compliance,San Diego,CA,United States,unknown,Full time,2026-07-20 21:37:25.786055,2026-07-14 00:00:00,https://www.wellsfargojobs.com/en/jobs/r-556446/senior-estate-officer-senior-fiduciary-specialist/
WELLS_FARGO,R-560439,Teller Part Time Seymour,Risk and Compliance,Seymour,CT,United States,unknown,Part time,2026-07-20 21:37:25.809679,2026-07-14 00:00:00,https://www.wellsfargojobs.com/en/jobs/r-560439/teller-part-time-seymour/
WELLS_FARGO,R-560482,Relationship Banker N Central Lehigh County,Risk and Compliance,Trexlertown,PA,United States,unknown,,2026-07-20 21:37:25.837952,2026-07-13 00:00:00,https://www.wellsfargojobs.com/en/jobs/r-560482/relationship-banker-n-central-lehigh-county/
WELLS_FARGO,R-560564,Mortgage Retail Sales Associate Manager (SAFE),Risk and Compliance,San Diego,CA,United States,unknown,Full time,2026-07-20 21:37:25.858679,2026-07-13 00:00:00,https://www.wellsfargojobs.com/en/jobs/r-560564/mortgage-retail-sales-associate-manager-safe/
WELLS_FARGO,R-561005,Credit Risk Associate,Risk and Compliance,Charlotte,NC,United States,unknown,Full time,2026-07-20 21:37:25.868188,2026-07-14 00:00:00,https://www.wellsfargojobs.com/en/jobs/r-561005/credit-risk-associate/
WELLS_FARGO,R-560165,Principal Commercial Banking Relationship Manager,Sales and Relationship Management,Dallas,TX,United States,unknown,Full time,2026-07-20 21:37:25.900155,2026-07-14 00:00:00,https://www.wellsfargojobs.com/en/jobs/r-560165/principal-commercial-banking-relationship-manager/
WELLS_FARGO,R-560383,Teller Part Time Rancho Santa Margarita,Risk and Compliance,Rancho Santa Margarita,CA,United States,unknown,Part time,2026-07-20 21:37:25.915674,2026-07-14 00:00:00,https://www.wellsfargojobs.com/en/jobs/r-560383/teller-part-time-rancho-santa-margarita/
WELLS_FARGO,R-553977,Teller Part Time Roswell North,Risk and Compliance,Roswell,NM,United States,unknown,Part time,2026-07-20 21:37:25.933869,2026-07-14 00:00:00,https://www.wellsfargojobs.com/en/jobs/r-553977/teller-part-time-roswell-north/
WELLS_FARGO,R-551204,"Senior Branch Premier Banker- Greenville DTC-  Wilmington, DE",Risk and Compliance,Wilmington,DE,United States,unknown,Full time,2026-07-20 21:37:25.963081,2026-07-15 00:00:00,https://www.wellsfargojobs.com/en/jobs/r-551204/senior-branch-premier-banker-greenville-dtc-wilmington-de/
WELLS_FARGO,R-560515,Personal Banker West Paces Ferry,Risk and Compliance,Atlanta,GA,United States,unknown,Full time,2026-07-20 21:37:25.978921,2026-07-15 00:00:00,https://www.wellsfargojobs.com/en/jobs/r-560515/personal-banker-west-paces-ferry/
WELLS_FARGO,R-560530,Personal Banker Universal Branch Format One Buckhead Plaza,Risk and Compliance,Atlanta,GA,United States,unknown,Full time,2026-07-20 21:37:26.010665,2026-07-15 00:00:00,https://www.wellsfargojobs.com/en/jobs/r-560530/personal-banker-universal-branch-format-one-buckhead-plaza/
WELLS_FARGO,R-560910,Teller Part Time Bend,Risk and Compliance,Bend,OR,United States,unknown,Part time,2026-07-20 21:37:26.037539,2026-08-18 00:00:00,https://www.wellsfargojobs.com/en/jobs/r-560910/teller-part-time-bend/
WELLS_FARGO,R-561197,Relationship Banker Temple Terrace,Risk and Compliance,Temple Terrace,FL,United States,unknown,Full time,2026-07-20 21:37:26.062539,2026-07-15 00:00:00,https://www.wellsfargojobs.com/en/jobs/r-561197/relationship-banker-temple-terrace/
WELLS_FARGO,R-561300,Personal Banker Goleta Branch Bilingual Spanish,Risk and Compliance,Goleta,CA,United States,unknown,Full time,2026-07-20 21:37:26.077702,2026-07-15 00:00:00,https://www.wellsfargojobs.com/en/jobs/r-561300/personal-banker-goleta-branch-bilingual-spanish/
WELLS_FARGO,R-556535,Personal Banker Weaverville,Risk and Compliance,Weaverville,NC,United States,unknown,Full time,2026-07-20 21:37:26.096918,2026-07-14 00:00:00,https://www.wellsfargojobs.com/en/jobs/r-556535/personal-banker-weaverville/
WELLS_FARGO,R-561376,Senior Software Engineer (002221),Risk and Compliance,Raleigh,NC,United States,unknown,Full time,2026-07-20 21:37:26.109433,2026-07-16 00:00:00,https://www.wellsfargojobs.com/en/jobs/r-561376/senior-software-engineer-002221/
WELLS_FARGO,R-560433,CA-WA Mortgage Retails Sales Consultant (SAFE),Risk and Compliance,Beverly Hills,CA,United States,unknown,Full time,2026-07-20 21:37:26.138925,2026-07-16 00:00:00,https://www.wellsfargojobs.com/en/jobs/r-560433/ca-wa-mortgage-retails-sales-consultant-safe/
WELLS_FARGO,R-554261,Senior Branch Premier Banker - Southampton,Risk and Compliance,Southampton,PA,United States,unknown,Full time,2026-07-20 21:37:26.156609,2026-07-16 00:00:00,https://www.wellsfargojobs.com/en/jobs/r-554261/senior-branch-premier-banker-southampton/
WELLS_FARGO,R-555897,Teller Part Time Metro Jacksonville North Carolina,Risk and Compliance,Jacksonville,NC,United States,unknown,Part time,2026-07-20 21:37:26.188614,2026-07-16 00:00:00,https://www.wellsfargojobs.com/en/jobs/r-555897/teller-part-time-metro-jacksonville-north-carolina/
WELLS_FARGO,R-561143,Teller Part Time Grass Valley,Risk and Compliance,Grass Valley,CA,United States,unknown,Part time,2026-07-20 21:37:26.204497,2026-07-16 00:00:00,https://www.wellsfargojobs.com/en/jobs/r-561143/teller-part-time-grass-valley/
WELLS_FARGO,R-561474,"Roving Personal Banker - ROVING Kannapolis, Concord, Huntersville",Risk and Compliance,Kannapolis,NC,United States,unknown,Full time,2026-07-20 21:37:26.241789,2026-07-16 00:00:00,https://www.wellsfargojobs.com/en/jobs/r-561474/roving-personal-banker-roving-kannapolis-concord-huntersville/
WELLS_FARGO,R-537531,"Principal Engineer (Governance, Risk, Compliance & Control)",Risk and Compliance,Charlotte,NC,United States,unknown,Full time,2026-07-20 21:37:26.249788,2026-07-16 00:00:00,https://www.wellsfargojobs.com/en/jobs/r-537531/principal-engineer-governance-risk-compliance-control/
WELLS_FARGO,R-561678,"Personal Banker Bilingual West Millbrook Raleigh, NC",Risk and Compliance,Raleigh,NC,United States,unknown,Full time,2026-07-20 21:37:26.283868,2026-07-16 00:00:00,https://www.wellsfargojobs.com/en/jobs/r-561678/personal-banker-bilingual-west-millbrook-raleigh-nc/
WELLS_FARGO,R-561217,Personal Banker Bilingual Spanish Ocean Branch,Risk and Compliance,Ocean,NJ,United States,unknown,Full time,2026-07-20 21:37:26.310628,2026-07-15 00:00:00,https://www.wellsfargojobs.com/en/jobs/r-561217/personal-banker-bilingual-spanish-ocean-branch/
WELLS_FARGO,R-560409,Branch Manager Skagway,Risk and Compliance,Skagway,AK,United States,unknown,Full time,2026-07-20 21:37:26.339962,2026-07-22 00:00:00,https://www.wellsfargojobs.com/en/jobs/r-560409/branch-manager-skagway/
WELLS_FARGO,R-561175,Teller Part Time Rapid City Main,Risk and Compliance,Rapid City,SD,United States,unknown,Part time,2026-07-20 21:37:26.365001,2026-07-17 00:00:00,https://www.wellsfargojobs.com/en/jobs/r-561175/teller-part-time-rapid-city-main/
WELLS_FARGO,R-561186,Teller Mac Grove,Risk and Compliance,Saint Paul,MN,United States,unknown,Full time,2026-07-20 21:37:26.388690,2026-08-21 00:00:00,https://www.wellsfargojobs.com/en/jobs/r-561186/teller-mac-grove/
WELLS_FARGO,R-561656,Branch Manager Northern Alaska,Risk and Compliance,Fairbanks,AK,United States,unknown,Full time,2026-07-20 21:37:26.414164,2026-07-31 00:00:00,https://www.wellsfargojobs.com/en/jobs/r-561656/branch-manager-northern-alaska/
WELLS_FARGO,R-561059,Engineering Associate – Infrastructure Integration Services,Cloud and Infrastructure,Irving,TX,United States,unknown,Full time,2026-07-20 21:37:26.434940,2026-07-15 00:00:00,https://www.wellsfargojobs.com/en/jobs/r-561059/engineering-associate-infrastructure-integration-services/
WELLS_FARGO,R-561803,Personal Banker Hickory Creek & Teasley,Risk and Compliance,Denton,TX,United States,unknown,Full time,2026-07-20 21:37:26.451590,2026-07-17 00:00:00,https://www.wellsfargojobs.com/en/jobs/r-561803/personal-banker-hickory-creek-teasley/
WELLS_FARGO,R-553896,Relationship Banker -Space Coast,Risk and Compliance,Cape Canaveral,FL,United States,unknown,,2026-07-20 21:37:26.466688,2026-07-17 00:00:00,https://www.wellsfargojobs.com/en/jobs/r-553896/relationship-banker-space-coast/
WELLS_FARGO,R-561426,Teller Part Time Westover,Risk and Compliance,Arlington,VA,United States,unknown,Part time,2026-07-20 21:37:26.498974,2026-07-17 00:00:00,https://www.wellsfargojobs.com/en/jobs/r-561426/teller-part-time-westover/
WELLS_FARGO,R-561434,Personal Banker Palmer Ranch,Risk and Compliance,Sarasota,FL,United States,unknown,Full time,2026-07-20 21:37:26.514489,2026-07-17 00:00:00,https://www.wellsfargojobs.com/en/jobs/r-561434/personal-banker-palmer-ranch/
WELLS_FARGO,R-558806,Teller Bilingual Silverhawk,Risk and Compliance,Murrieta,CA,United States,unknown,Full time,2026-07-20 21:37:26.535137,2026-07-17 00:00:00,https://www.wellsfargojobs.com/en/jobs/r-558806/teller-bilingual-silverhawk/
WELLS_FARGO,R-561665,Senior Premier Banker - Poway Twin Peaks Plaza,Risk and Compliance,Poway,CA,United States,unknown,Full time,2026-07-20 21:37:26.569380,2026-07-17 00:00:00,https://www.wellsfargojobs.com/en/jobs/r-561665/senior-premier-banker-poway-twin-peaks-plaza/
WELLS_FARGO,R-551695,Teller Part Time Pantops,Risk and Compliance,Charlottesville,VA,United States,unknown,Part time,2026-07-20 21:37:26.578380,2026-07-17 00:00:00,https://www.wellsfargojobs.com/en/jobs/r-551695/teller-part-time-pantops/
WELLS_FARGO,R-561946,Teller Greenville,Risk and Compliance,Greenville,SC,United States,unknown,Full time,2026-07-20 21:37:26.610232,2026-07-17 00:00:00,https://www.wellsfargojobs.com/en/jobs/r-561946/teller-greenville/
WELLS_FARGO,R-561547,Teller Bilingual Part Time Trickum Road,Risk and Compliance,Woodstock,GA,United States,unknown,Part time,2026-07-20 21:37:26.628453,2026-07-17 00:00:00,https://www.wellsfargojobs.com/en/jobs/r-561547/teller-bilingual-part-time-trickum-road/
WELLS_FARGO,R-562028,Personal Banker Metro and Greater Chicago,Risk and Compliance,Niles,IL,United States,unknown,Full time,2026-07-20 21:37:26.663562,2026-07-17 00:00:00,https://www.wellsfargojobs.com/en/jobs/r-562028/personal-banker-metro-and-greater-chicago/
WELLS_FARGO,R-562032,Relationship Banker Twin Lakes Branch,Risk and Compliance,Las Vegas,NV,United States,unknown,Full time,2026-07-20 21:37:26.697824,2026-08-11 00:00:00,https://www.wellsfargojobs.com/en/jobs/r-562032/relationship-banker-twin-lakes-branch/
WELLS_FARGO,R-560502,CA-WA Community Mortgage Bank Sales Consultant (SAFE) -Bilingual Spanish,Risk and Compliance,Gardena,CA,United States,unknown,Full time,2026-07-20 21:37:26.723622,2026-07-16 00:00:00,https://www.wellsfargojobs.com/en/jobs/r-560502/ca-wa-community-mortgage-bank-sales-consultant-safe-bilingual-spanish/
WELLS_FARGO,R-560441,CA-WA Mortgage Retail Sales Consultant (SAFE),Risk and Compliance,Burbank,CA,United States,unknown,Full time,2026-07-20 21:37:26.744360,2026-07-16 00:00:00,https://www.wellsfargojobs.com/en/jobs/r-560441/ca-wa-mortgage-retail-sales-consultant-safe/
WELLS_FARGO,R-561415,Senior Branch Premier Banker Charlotte,Risk and Compliance,Charlotte,NC,United States,unknown,,2026-07-20 21:37:26.772966,2026-08-07 00:00:00,https://www.wellsfargojobs.com/en/jobs/r-561415/senior-branch-premier-banker-charlotte/
WELLS_FARGO,R-559997,Personal Banker Sand Lake Road,Risk and Compliance,Orlando,FL,United States,unknown,Full time,2026-07-20 21:37:26.793794,2026-07-16 00:00:00,https://www.wellsfargojobs.com/en/jobs/r-559997/personal-banker-sand-lake-road/
WELLS_FARGO,R-560069,Senior Retail Equities Trader,Risk and Compliance,Saint Louis,MO,United States,unknown,Full time,2026-07-20 21:37:26.805874,2026-07-16 00:00:00,https://www.wellsfargojobs.com/en/jobs/r-560069/senior-retail-equities-trader/
WELLS_FARGO,R-561146,Senior Philanthropic Trust Associate - Senior Fiduciary Coordinator,Risk and Compliance,Philadelphia,PA,United States,unknown,Full time,2026-07-20 21:37:26.823026,2026-08-17 00:00:00,https://www.wellsfargojobs.com/en/jobs/r-561146/senior-philanthropic-trust-associate-senior-fiduciary-coordinator/
WELLS_FARGO,R-561228,Branch Support Manager,Risk and Compliance,Alexandria,VA,United States,unknown,Full time,2026-07-20 21:37:26.846548,2026-07-17 00:00:00,https://www.wellsfargojobs.com/en/jobs/r-561228/branch-support-manager/
WELLS_FARGO,R-561885,Personal Banker Arlington  District,Risk and Compliance,Arlington,VA,United States,unknown,Full time,2026-07-20 21:37:26.868379,2026-07-17 00:00:00,https://www.wellsfargojobs.com/en/jobs/r-561885/personal-banker-arlington-district/
WELLS_FARGO,R-558350,Personal Banker Pasadena Branch,Risk and Compliance,San Gabriel,CA,United States,unknown,Full time,2026-07-20 21:37:26.885383,2026-07-19 00:00:00,https://www.wellsfargojobs.com/en/jobs/r-558350/personal-banker-pasadena-branch/
WELLS_FARGO,R-561785,Teller Albert Lea,Risk and Compliance,Albert Lea,MN,United States,unknown,Full time,2026-07-20 21:37:26.902061,2026-07-20 00:00:00,https://www.wellsfargojobs.com/en/jobs/r-561785/teller-albert-lea/
WELLS_FARGO,R-560552,Senior Branch Premier Banker - Wenatchee,Risk and Compliance,Wenatchee,WA,United States,unknown,Full time,2026-07-20 21:37:26.936061,2026-08-11 00:00:00,https://www.wellsfargojobs.com/en/jobs/r-560552/senior-branch-premier-banker-wenatchee/
WELLS_FARGO,R-560993,Teller Newbury Park,Risk and Compliance,Newbury Park,CA,United States,unknown,Full time,2026-07-20 21:37:26.949679,2026-07-17 00:00:00,https://www.wellsfargojobs.com/en/jobs/r-560993/teller-newbury-park/
WELLS_FARGO,R-562085,Relationship Banker Tribeca DeNovo,Risk and Compliance,New York,NY,United States,unknown,Full time,2026-07-20 21:37:26.980954,2026-07-20 00:00:00,https://www.wellsfargojobs.com/en/jobs/r-562085/relationship-banker-tribeca-denovo/
WELLS_FARGO,R-558975,Senior Premier Banker Camp Hill PA,Risk and Compliance,Camp Hill,PA,United States,unknown,Full time,2026-07-20 21:37:27.013886,2026-08-18 00:00:00,https://www.wellsfargojobs.com/en/jobs/r-558975/senior-premier-banker-camp-hill-pa/
WELLS_FARGO,R-558988,Personal Banker 40 hours Sedona,Risk and Compliance,Sedona,AZ,United States,unknown,Full time,2026-07-20 21:37:27.034054,2026-07-20 00:00:00,https://www.wellsfargojobs.com/en/jobs/r-558988/personal-banker-40-hours-sedona/
WELLS_FARGO,R-559940,Personal Banker Lady's Island,Risk and Compliance,Beaufort,SC,United States,unknown,Full time,2026-07-20 21:37:27.055139,2026-08-20 00:00:00,https://www.wellsfargojobs.com/en/jobs/r-559940/personal-banker-lady-s-island/
WELLS_FARGO,R-562136,Relationship Banker Savannah Mall,Risk and Compliance,Savannah,GA,United States,unknown,Full time,2026-07-20 21:37:27.078145,2026-07-20 00:00:00,https://www.wellsfargojobs.com/en/jobs/r-562136/relationship-banker-savannah-mall/
WELLS_FARGO,R-550115,Personal Banker Airport Road,Risk and Compliance,Charlottesville,VA,United States,unknown,Full time,2026-07-20 21:37:27.106593,2026-07-20 00:00:00,https://www.wellsfargojobs.com/en/jobs/r-550115/personal-banker-airport-road/
WELLS_FARGO,R-559637,Senior Lead Engagement Manager,Risk and Compliance,Charlotte,NC,United States,unknown,Full time,2026-07-20 21:37:27.125354,2026-07-20 00:00:00,https://www.wellsfargojobs.com/en/jobs/r-559637/senior-lead-engagement-manager/
WELLS_FARGO,R-561982,Teller Chino Hills,Risk and Compliance,Chino Hills,CA,United States,unknown,Full time,2026-07-20 21:37:27.151957,2026-07-20 00:00:00,https://www.wellsfargojobs.com/en/jobs/r-561982/teller-chino-hills/
WELLS_FARGO,R-562284,Personal Banker Park Slope 5th DeNovo,Risk and Compliance,Brooklyn,NY,United States,unknown,Full time,2026-07-20 21:37:27.180946,2026-07-20 00:00:00,https://www.wellsfargojobs.com/en/jobs/r-562284/personal-banker-park-slope-5th-denovo/
WELLS_FARGO,R-544588,Private Mortgage Banker,Risk and Compliance,Bellevue,WA,United States,unknown,Full time,2026-07-20 21:37:27.205859,2026-05-27 00:00:00,https://www.wellsfargojobs.com/en/jobs/r-544588/private-mortgage-banker/
WELLS_FARGO,R-520546,Senior Lead Commercial Banking Relationship Manager,Sales and Relationship Management,Boston,MA,United States,unknown,Full time,2026-07-20 21:37:27.225004,2026-05-28 00:00:00,https://www.wellsfargojobs.com/en/jobs/r-520546/senior-lead-commercial-banking-relationship-manager/
WELLS_FARGO,R-528830,Senior Lead Commercial Banking Relationship Manager,Sales and Relationship Management,Mclean,VA,United States,unknown,Full time,2026-07-20 21:37:27.248211,2026-06-02 00:00:00,https://www.wellsfargojobs.com/en/jobs/r-528830/senior-lead-commercial-banking-relationship-manager/
WELLS_FARGO,R-555042,Senior Business Relationship Manager (LO),Risk and Compliance,Lincoln,NE,United States,unknown,Full time,2026-07-20 21:37:27.268693,2026-07-24 00:00:00,https://www.wellsfargojobs.com/en/jobs/r-555042/senior-business-relationship-manager-lo/
WELLS_FARGO,R-554638,Branch Manager Trainee Imperial Gateway District,Risk and Compliance,South Gate,CA,United States,unknown,Full time,2026-07-20 21:37:27.295531,2026-06-23 00:00:00,https://www.wellsfargojobs.com/en/jobs/r-554638/branch-manager-trainee-imperial-gateway-district/
WELLS_FARGO,R-555463,2027 Human Resources Internship – Early Careers,Risk and Compliance,Charlotte,NC,United States,unknown,Full time,2026-07-20 21:37:27.317893,2026-08-07 00:00:00,https://www.wellsfargojobs.com/en/jobs/r-555463/2027-human-resources-internship-early-careers/
WELLS_FARGO,R-555374,Business Banker (LO) Raleigh,Risk and Compliance,Raleigh,NC,United States,unknown,Full time,2026-07-20 21:37:27.339225,2026-06-25 00:00:00,https://www.wellsfargojobs.com/en/jobs/r-555374/business-banker-lo-raleigh/
WELLS_FARGO,R-556594,Teller Part Time Cheyenne East,Risk and Compliance,Cheyenne,WY,United States,unknown,Part time,2026-07-20 21:37:27.351250,2026-07-24 00:00:00,https://www.wellsfargojobs.com/en/jobs/r-556594/teller-part-time-cheyenne-east/
WELLS_FARGO,R-556626,Personal Banker Spokane WA,Risk and Compliance,Spokane,WA,United States,unknown,Full time,2026-07-20 21:37:27.383007,2026-06-28 00:00:00,https://www.wellsfargojobs.com/en/jobs/r-556626/personal-banker-spokane-wa/
WELLS_FARGO,R-539435,Senior Business Relationship Manager (LO),Risk and Compliance,Pembroke Pines,FL,United States,unknown,Full time,2026-07-20 21:37:27.398296,2026-06-30 00:00:00,https://www.wellsfargojobs.com/en/jobs/r-539435/senior-business-relationship-manager-lo/
WELLS_FARGO,R-556032,2027 CIB Investment Banking Analyst Program - Early Careers (CA),Risk and Compliance,San Francisco,CA,United States,unknown,,2026-07-20 21:37:27.432749,2026-06-30 00:00:00,https://www.wellsfargojobs.com/en/jobs/r-556032/2027-cib-investment-banking-analyst-program-early-careers-ca/
WELLS_FARGO,R-539569,Senior Business Banking Relationship Manager (LO),Risk and Compliance,Clovis,CA,United States,unknown,Full time,2026-07-20 21:37:27.452866,2026-06-30 00:00:00,https://www.wellsfargojobs.com/en/jobs/r-539569/senior-business-banking-relationship-manager-lo/
WELLS_FARGO,R-545683,Senior Business Banking Relationship Manager (LO),Risk and Compliance,Fresno,CA,United States,unknown,Full time,2026-07-20 21:37:27.468617,2026-06-30 00:00:00,https://www.wellsfargojobs.com/en/jobs/r-545683/senior-business-banking-relationship-manager-lo/
WELLS_FARGO,R-557066,Teller Full Time Pierre,Risk and Compliance,Pierre,SD,United States,unknown,Full time,2026-07-20 21:37:27.500960,2026-06-30 00:00:00,https://www.wellsfargojobs.com/en/jobs/r-557066/teller-full-time-pierre/
WELLS_FARGO,R-553976,Teller Part Time Almagordo,Risk and Compliance,Alamogordo,NM,United States,unknown,Part time,2026-07-20 21:37:27.516478,2026-07-01 00:00:00,https://www.wellsfargojobs.com/en/jobs/r-553976/teller-part-time-almagordo/
WELLS_FARGO,R-539236,"Project Finance Originator, Executive Director",Risk and Compliance,New York,NY,United States,unknown,Full time,2026-07-20 21:37:27.548392,2026-07-02 00:00:00,https://www.wellsfargojobs.com/en/jobs/r-539236/project-finance-originator-executive-director/
WELLS_FARGO,R-550007,Supervisory Control Specialist,Risk and Compliance,Saint Louis,MO,United States,unknown,Full time,2026-07-20 21:37:27.572271,2026-07-02 00:00:00,https://www.wellsfargojobs.com/en/jobs/r-550007/supervisory-control-specialist/
WELLS_FARGO,R-557535,Branch Operations Coordinator River Road Saint George,Risk and Compliance,Saint George,UT,United States,unknown,Full time,2026-07-20 21:37:27.594115,2026-07-02 00:00:00,https://www.wellsfargojobs.com/en/jobs/r-557535/branch-operations-coordinator-river-road-saint-george/
WELLS_FARGO,R-558068,Personal Banker Southeast Phoenix District,Risk and Compliance,Mesa,AZ,United States,unknown,Full time,2026-07-20 21:37:27.610069,2026-07-02 00:00:00,https://www.wellsfargojobs.com/en/jobs/r-558068/personal-banker-southeast-phoenix-district/
WELLS_FARGO,R-557515,Personal Banker Neenah,Risk and Compliance,Neenah,WI,United States,unknown,Full time,2026-07-20 21:37:27.642871,2026-07-02 00:00:00,https://www.wellsfargojobs.com/en/jobs/r-557515/personal-banker-neenah/
WELLS_FARGO,R-558075,Senior Premier Banker Westside,Risk and Compliance,Santa Monica,CA,United States,unknown,Full time,2026-07-20 21:37:27.672069,2026-07-03 00:00:00,https://www.wellsfargojobs.com/en/jobs/r-558075/senior-premier-banker-westside/
WELLS_FARGO,R-558808,Relationship Banker Fairbanks,Risk and Compliance,Fairbanks,AK,United States,unknown,Full time,2026-07-20 21:37:27.704414,2026-07-06 00:00:00,https://www.wellsfargojobs.com/en/jobs/r-558808/relationship-banker-fairbanks/
WELLS_FARGO,R-558736,Senior Commercial Loan Servicing Specialist – Asset Based Lending/Syndicated Loans,Operations,Irving,TX,United States,unknown,Full time,2026-07-20 21:37:27.720057,2026-07-06 00:00:00,https://www.wellsfargojobs.com/en/jobs/r-558736/senior-commercial-loan-servicing-specialist-asset-based-lending-syndicated-loans/
WELLS_FARGO,R-558802,CA-WA Private Mortgage Banker (SAFE),Risk and Compliance,San Jose,CA,United States,unknown,Full time,2026-07-20 21:37:27.756506,2026-07-06 00:00:00,https://www.wellsfargojobs.com/en/jobs/r-558802/ca-wa-private-mortgage-banker-safe/
WELLS_FARGO,R-558889,Teller Full Time Jamestown,Risk and Compliance,Jamestown,ND,United States,unknown,Full time,2026-07-20 21:37:27.779624,2026-07-07 00:00:00,https://www.wellsfargojobs.com/en/jobs/r-558889/teller-full-time-jamestown/
WELLS_FARGO,R-558950,Associate Customer Service Representative Spanish Bilingual Everyday Banking,Risk and Compliance,San Antonio,TX,United States,unknown,Full time,2026-07-20 21:37:27.798888,2026-07-07 00:00:00,https://www.wellsfargojobs.com/en/jobs/r-558950/associate-customer-service-representative-spanish-bilingual-everyday-banking/
WELLS_FARGO,R-558774,Teller Part Time Santa Fe,Risk and Compliance,Santa Fe,NM,United States,unknown,Part time,2026-07-20 21:37:27.813408,2026-07-07 00:00:00,https://www.wellsfargojobs.com/en/jobs/r-558774/teller-part-time-santa-fe/
WELLS_FARGO,R-559150,Personal Banker Edisto District,Risk and Compliance,Goose Creek,SC,United States,unknown,Full time,2026-07-20 21:37:27.845132,2026-07-07 00:00:00,https://www.wellsfargojobs.com/en/jobs/r-559150/personal-banker-edisto-district/
WELLS_FARGO,R-559162,Personal Banker Palmetto District,Risk and Compliance,Cayce,SC,United States,unknown,Full time,2026-07-20 21:37:27.875661,2026-07-07 00:00:00,https://www.wellsfargojobs.com/en/jobs/r-559162/personal-banker-palmetto-district/
WELLS_FARGO,R-558559,Senior Branch Premier Banker Croton,Risk and Compliance,Croton On Hudson,NY,United States,unknown,Full time,2026-07-20 21:37:27.901558,2026-07-08 00:00:00,https://www.wellsfargojobs.com/en/jobs/r-558559/senior-branch-premier-banker-croton/
WELLS_FARGO,R-558678,Teller Bilingual Part Time Sunnyslope,Risk and Compliance,Phoenix,AZ,United States,unknown,Part time,2026-07-20 21:37:27.915963,2026-07-08 00:00:00,https://www.wellsfargojobs.com/en/jobs/r-558678/teller-bilingual-part-time-sunnyslope/
WELLS_FARGO,R-557349,"Executive Director, Commercial Real Estate Portfolio Management Senior Manager",Risk and Compliance,Charlotte,NC,United States,unknown,Full time,2026-07-20 21:37:27.948223,2026-07-08 00:00:00,https://www.wellsfargojobs.com/en/jobs/r-557349/executive-director-commercial-real-estate-portfolio-management-senior-manager/
WELLS_FARGO,R-558788,Senior Branch Premier Banker - Jackson West,Risk and Compliance,Jackson,WY,United States,unknown,Full time,2026-07-20 21:37:28.028072,2026-08-11 00:00:00,https://www.wellsfargojobs.com/en/jobs/r-558788/senior-branch-premier-banker-jackson-west/
WELLS_FARGO,R-558730,Senior Premier Banker Circle C,Risk and Compliance,Austin,TX,United States,unknown,Full time,2026-07-20 21:37:28.059200,2026-07-09 00:00:00,https://www.wellsfargojobs.com/en/jobs/r-558730/senior-premier-banker-circle-c/
WELLS_FARGO,R-558777,Private Mortgage Banker (SAFE),Risk and Compliance,Irvine,CA,United States,unknown,Full time,2026-07-20 21:37:28.082333,2026-07-10 00:00:00,https://www.wellsfargojobs.com/en/jobs/r-558777/private-mortgage-banker-safe/
WELLS_FARGO,R-559867,Mortgage Retail Sales Consultant (SAFE),Risk and Compliance,Bear,DE,United States,unknown,Full time,2026-07-20 21:37:28.103464,2026-07-13 00:00:00,https://www.wellsfargojobs.com/en/jobs/r-559867/mortgage-retail-sales-consultant-safe/
WELLS_FARGO,R-559888,Mortgage Retail Sales Consultant (SAFE),Risk and Compliance,Bensalem,PA,United States,unknown,Full time,2026-07-20 21:37:28.109049,2026-07-13 00:00:00,https://www.wellsfargojobs.com/en/jobs/r-559888/mortgage-retail-sales-consultant-safe/
WELLS_FARGO,R-560478,Senior Premier Banker Plano Corridor District,Risk and Compliance,The Colony,TX,United States,unknown,Full time,2026-07-20 21:37:28.156624,2026-07-13 00:00:00,https://www.wellsfargojobs.com/en/jobs/r-560478/senior-premier-banker-plano-corridor-district/
WELLS_FARGO,R-552011,Principal Commercial Restaurant Finance Relationship Manager,Sales and Relationship Management,Atlanta,GA,United States,unknown,Full time,2026-07-20 21:37:28.172647,2026-07-13 00:00:00,https://www.wellsfargojobs.com/en/jobs/r-552011/principal-commercial-restaurant-finance-relationship-manager/
WELLS_FARGO,R-557982,Senior Treasury Management Consultant,Risk and Compliance,Minneapolis,MN,United States,unknown,Full time,2026-07-20 21:37:28.210250,2026-07-13 00:00:00,https://www.wellsfargojobs.com/en/jobs/r-557982/senior-treasury-management-consultant/
WELLS_FARGO,R-559713,Community Mortgage Bank Sales Consultant (SAFE),Risk and Compliance,Baltimore,MD,United States,unknown,Full time,2026-07-20 21:37:28.234042,2026-07-13 00:00:00,https://www.wellsfargojobs.com/en/jobs/r-559713/community-mortgage-bank-sales-consultant-safe/
WELLS_FARGO,R-559908,Mortgage Retail Sales Consultant (SAFE),Risk and Compliance,Baltimore,MD,United States,unknown,Full time,2026-07-20 21:37:28.259141,2026-07-13 00:00:00,https://www.wellsfargojobs.com/en/jobs/r-559908/mortgage-retail-sales-consultant-safe/
WELLS_FARGO,R-560457,Home Mortgage Consultant (SAFE),Risk and Compliance,New York,NY,United States,unknown,,2026-07-20 21:37:28.284278,2026-07-31 00:00:00,https://www.wellsfargojobs.com/en/jobs/r-560457/home-mortgage-consultant-safe/
WELLS_FARGO,R-560591,Greater San Francisco District | Personal Banker,Risk and Compliance,San Francisco,CA,United States,unknown,Full time,2026-07-20 21:37:28.315461,2026-07-13 00:00:00,https://www.wellsfargojobs.com/en/jobs/r-560591/greater-san-francisco-district-personal-banker/
WELLS_FARGO,R-559560,Commercial Banking Sales Lead - Merchant Services,Sales and Relationship Management,Irving,TX,United States,unknown,Full time,2026-07-20 21:37:28.335402,2026-07-13 00:00:00,https://www.wellsfargojobs.com/en/jobs/r-559560/commercial-banking-sales-lead-merchant-services/
WELLS_FARGO,R-557931,IRE Senior Lead Commercial Banking Relationship Manager,Risk and Compliance,Ontario,CA,United States,unknown,Full time,2026-07-20 21:37:28.373837,2026-07-13 00:00:00,https://www.wellsfargojobs.com/en/jobs/r-557931/ire-senior-lead-commercial-banking-relationship-manager/
WELLS_FARGO,R-559239,Personal Banker | Santa Cruz,Risk and Compliance,Santa Cruz,CA,United States,unknown,Full time,2026-07-20 21:37:28.405855,2026-07-13 00:00:00,https://www.wellsfargojobs.com/en/jobs/r-559239/personal-banker-santa-cruz/
WELLS_FARGO,R-550403,"Executive Director, QIS Structuring",Risk and Compliance,New York,NY,United States,unknown,Full time,2026-07-20 21:37:28.433855,2026-07-13 00:00:00,https://www.wellsfargojobs.com/en/jobs/r-550403/executive-director-qis-structuring/
WELLS_FARGO,R-555241,Senior Treasury Management Consultant,Risk and Compliance,Charleston,SC,United States,unknown,Full time,2026-07-20 21:37:28.451114,2026-07-13 00:00:00,https://www.wellsfargojobs.com/en/jobs/r-555241/senior-treasury-management-consultant/
WELLS_FARGO,R-560609,Mortgage Retail Sales Coordinator (SAFE),Risk and Compliance,San Jose,CA,United States,unknown,Full time,2026-07-20 21:37:28.466230,2026-07-13 00:00:00,https://www.wellsfargojobs.com/en/jobs/r-560609/mortgage-retail-sales-coordinator-safe/
WELLS_FARGO,R-549275,Teller Part Time Cerrillos Road,Risk and Compliance,Santa Fe,NM,United States,unknown,Part time,2026-07-20 21:37:28.502542,2026-07-14 00:00:00,https://www.wellsfargojobs.com/en/jobs/r-549275/teller-part-time-cerrillos-road/
WELLS_FARGO,R-551985,"Personal Banker- Star Valley Branch Thayne, WY",Risk and Compliance,Thayne,WY,United States,unknown,Full time,2026-07-20 21:37:28.527548,2026-07-14 00:00:00,https://www.wellsfargojobs.com/en/jobs/r-551985/personal-banker-star-valley-branch-thayne-wy/
WELLS_FARGO,R-560847,Personal Banker Largo Tri City,Risk and Compliance,Clearwater,FL,United States,unknown,Full time,2026-07-20 21:37:28.551935,2026-07-14 00:00:00,https://www.wellsfargojobs.com/en/jobs/r-560847/personal-banker-largo-tri-city/
WELLS_FARGO,R-556919,Securities Operations Associate,Operations,Saint Louis,MO,United States,unknown,Full time,2026-07-20 21:37:28.572048,2026-07-14 00:00:00,https://www.wellsfargojobs.com/en/jobs/r-556919/securities-operations-associate/
WELLS_FARGO,R-559290,Senior Business Relationship Manager (LO),Risk and Compliance,Marietta,GA,United States,unknown,Full time,2026-07-20 21:37:28.593790,2026-07-09 00:00:00,https://www.wellsfargojobs.com/en/jobs/r-559290/senior-business-relationship-manager-lo/
WELLS_FARGO,R-560957,Roving Personal Banker Summit District,Risk and Compliance,Lakewood,CO,United States,unknown,Full time,2026-07-20 21:37:28.625430,2026-08-19 00:00:00,https://www.wellsfargojobs.com/en/jobs/r-560957/roving-personal-banker-summit-district/
WELLS_FARGO,R-560937,Senior Premier Banker West NJ District,Risk and Compliance,Riverton,NJ,United States,unknown,Full time,2026-07-20 21:37:28.660448,2026-07-14 00:00:00,https://www.wellsfargojobs.com/en/jobs/r-560937/senior-premier-banker-west-nj-district/
WELLS_FARGO,R-559745,Federal Government Relations Analyst,Risk and Compliance,Washington,DC,United States,unknown,Full time,2026-07-20 21:37:28.679964,2026-07-15 00:00:00,https://www.wellsfargojobs.com/en/jobs/r-559745/federal-government-relations-analyst/
WELLS_FARGO,R-560982,Branch Manager Kenedy,Risk and Compliance,Kenedy,TX,United States,unknown,Full time,2026-07-20 21:37:28.709704,2026-08-17 00:00:00,https://www.wellsfargojobs.com/en/jobs/r-560982/branch-manager-kenedy/
WELLS_FARGO,R-556377,Relationship Banker Lakewood Ranch,Risk and Compliance,Bradenton,FL,United States,unknown,Full time,2026-07-20 21:37:28.742274,2026-07-15 00:00:00,https://www.wellsfargojobs.com/en/jobs/r-556377/relationship-banker-lakewood-ranch/
WELLS_FARGO,R-560986,Personal Banker Seward,Risk and Compliance,Seward,AK,United States,unknown,Full time,2026-07-20 21:37:28.770748,2026-08-14 00:00:00,https://www.wellsfargojobs.com/en/jobs/r-560986/personal-banker-seward/
WELLS_FARGO,R-555349,Senior Premier Banker Miromar,Risk and Compliance,Estero,FL,United States,unknown,Full time,2026-07-20 21:37:28.805279,2026-07-15 00:00:00,https://www.wellsfargojobs.com/en/jobs/r-555349/senior-premier-banker-miromar/
WELLS_FARGO,R-560836,Associate Executive Specialist - Cards and Personal Lending,Risk and Compliance,New York,NY,United States,unknown,Full time,2026-07-20 21:37:28.827799,2026-07-15 00:00:00,https://www.wellsfargojobs.com/en/jobs/r-560836/associate-executive-specialist-cards-and-personal-lending/
WELLS_FARGO,R-560960,Teller Novato,Risk and Compliance,Novato,CA,United States,unknown,Full time,2026-07-20 21:37:28.855584,2026-07-15 00:00:00,https://www.wellsfargojobs.com/en/jobs/r-560960/teller-novato/
WELLS_FARGO,R-560978,Community Mortgage Bank Sales Consultant (SAFE),Risk and Compliance,San Antonio,TX,United States,unknown,Full time,2026-07-20 21:37:28.881656,2026-07-15 00:00:00,https://www.wellsfargojobs.com/en/jobs/r-560978/community-mortgage-bank-sales-consultant-safe/
WELLS_FARGO,R-557222,Relationship Banker - Market Square,Risk and Compliance,Philadelphia,PA,United States,unknown,Full time,2026-07-20 21:37:28.916471,2026-08-16 00:00:00,https://www.wellsfargojobs.com/en/jobs/r-557222/relationship-banker-market-square/
WELLS_FARGO,R-553364,Roving Personal Banker Tri Counties,Risk and Compliance,Springfield,OR,United States,unknown,Full time,2026-07-20 21:37:28.945670,2026-07-14 00:00:00,https://www.wellsfargojobs.com/en/jobs/r-553364/roving-personal-banker-tri-counties/
WELLS_FARGO,R-560707,Branch Operations Coordinator Commack DeNovo,Risk and Compliance,Commack,NY,United States,unknown,Full time,2026-07-20 21:37:28.970262,2026-07-16 00:00:00,https://www.wellsfargojobs.com/en/jobs/r-560707/branch-operations-coordinator-commack-denovo/
WELLS_FARGO,R-560711,Teller Part Time Cartersville,Risk and Compliance,Cartersville,GA,United States,unknown,Part time,2026-07-20 21:37:28.985269,2026-07-16 00:00:00,https://www.wellsfargojobs.com/en/jobs/r-560711/teller-part-time-cartersville/
WELLS_FARGO,R-561031,Senior Premier Banker - Scripps Ranch Center,Risk and Compliance,San Diego,CA,United States,unknown,Full time,2026-07-20 21:37:29.033672,2026-07-16 00:00:00,https://www.wellsfargojobs.com/en/jobs/r-561031/senior-premier-banker-scripps-ranch-center/
WELLS_FARGO,R-543810,Branch Manager - Skyline District,Risk and Compliance,Waynesboro,VA,United States,unknown,Full time,2026-07-20 21:37:29.070284,2026-07-16 00:00:00,https://www.wellsfargojobs.com/en/jobs/r-543810/branch-manager-skyline-district/
WELLS_FARGO,R-561331,Branch Operations Coordinator Redmond OR,Risk and Compliance,Redmond,OR,United States,unknown,Full time,2026-07-20 21:37:29.093492,2026-07-16 00:00:00,https://www.wellsfargojobs.com/en/jobs/r-561331/branch-operations-coordinator-redmond-or/
WELLS_FARGO,R-560444,Community Mortgage Bank Consultant (SAFE),Risk and Compliance,Los Angeles,CA,United States,unknown,Full time,2026-07-20 21:37:29.109338,2026-07-16 00:00:00,https://www.wellsfargojobs.com/en/jobs/r-560444/community-mortgage-bank-consultant-safe/
WELLS_FARGO,R-561275,Teller Novato,Risk and Compliance,Novato,CA,United States,unknown,Full time,2026-07-20 21:37:29.141584,2026-07-16 00:00:00,https://www.wellsfargojobs.com/en/jobs/r-561275/teller-novato/
WELLS_FARGO,R-561628,Branch Manager North Central Pennsylvania District,Risk and Compliance,Allentown,PA,United States,unknown,Full time,2026-07-20 21:37:29.172711,2026-08-18 00:00:00,https://www.wellsfargojobs.com/en/jobs/r-561628/branch-manager-north-central-pennsylvania-district/
WELLS_FARGO,R-557723,Teller Daly City,Risk and Compliance,Daly City,CA,United States,unknown,Full time,2026-07-20 21:37:29.204329,2026-07-16 00:00:00,https://www.wellsfargojobs.com/en/jobs/r-557723/teller-daly-city/
WELLS_FARGO,R-560816,Teller Apple Valley,Risk and Compliance,Apple Valley,MN,United States,unknown,Full time,2026-07-20 21:37:29.236613,2026-07-16 00:00:00,https://www.wellsfargojobs.com/en/jobs/r-560816/teller-apple-valley/
WELLS_FARGO,R-553712,Senior Premier Banker Lafayette,Risk and Compliance,Lafayette,CA,United States,unknown,Full time,2026-07-20 21:37:29.275217,2026-07-14 00:00:00,https://www.wellsfargojobs.com/en/jobs/r-553712/senior-premier-banker-lafayette/
WELLS_FARGO,R-559420,"Business Banker (LO) Oceanside, CA",Risk and Compliance,Oceanside,CA,United States,unknown,Full time,2026-07-20 21:37:29.312568,2026-07-13 00:00:00,https://www.wellsfargojobs.com/en/jobs/r-559420/business-banker-lo-oceanside-ca/
WELLS_FARGO,R-560145,Personal Banker - Hillsboro,Risk and Compliance,Hillsboro,OR,United States,unknown,Full time,2026-07-20 21:37:29.340967,2026-07-13 00:00:00,https://www.wellsfargojobs.com/en/jobs/r-560145/personal-banker-hillsboro/
WELLS_FARGO,R-554743,Roving Personal Banker Southern Connecticut,Risk and Compliance,Old Greenwich,CT,United States,unknown,Full time,2026-07-20 21:37:29.360149,2026-07-17 00:00:00,https://www.wellsfargojobs.com/en/jobs/r-554743/roving-personal-banker-southern-connecticut/
WELLS_FARGO,R-552933,Teller Part Time Emmet St,Risk and Compliance,Charlottesville,VA,United States,unknown,Part time,2026-07-20 21:37:29.399731,2026-07-17 00:00:00,https://www.wellsfargojobs.com/en/jobs/r-552933/teller-part-time-emmet-st/
WELLS_FARGO,R-561322,Teller Part Time Denton Crossing,Risk and Compliance,Denton,TX,United States,unknown,Part time,2026-07-20 21:37:29.431194,2026-07-17 00:00:00,https://www.wellsfargojobs.com/en/jobs/r-561322/teller-part-time-denton-crossing/
WELLS_FARGO,R-559843,Personal Banker - Tri-Counties (Medford half),Risk and Compliance,Medford,OR,United States,unknown,Full time,2026-07-20 21:37:29.451042,2026-07-10 00:00:00,https://www.wellsfargojobs.com/en/jobs/r-559843/personal-banker-tri-counties-medford-half/
WELLS_FARGO,R-558057,Lead Information Security Analyst,Cybersecurity,Charlotte,NC,United States,unknown,Full time,2026-07-20 21:37:29.467672,2026-07-17 00:00:00,https://www.wellsfargojobs.com/en/jobs/r-558057/lead-information-security-analyst/
WELLS_FARGO,R-558250,Personal Banker Sierra Valley Orangevale,Risk and Compliance,Orangevale,CA,United States,unknown,Full time,2026-07-20 21:37:29.510247,2026-07-17 00:00:00,https://www.wellsfargojobs.com/en/jobs/r-558250/personal-banker-sierra-valley-orangevale/
WELLS_FARGO,R-560062,Product Delivery Lead - Lead Technology Business Services Consultant,Risk and Compliance,Charlotte,NC,United States,unknown,Full time,2026-07-20 21:37:29.539398,2026-07-17 00:00:00,https://www.wellsfargojobs.com/en/jobs/r-560062/product-delivery-lead-lead-technology-business-services-consultant/
WELLS_FARGO,R-561074,Lead Information Security Analyst Cryptography and PKI,Cybersecurity,Charlotte,NC,United States,unknown,Full time,2026-07-20 21:37:29.571392,2026-07-17 00:00:00,https://www.wellsfargojobs.com/en/jobs/r-561074/lead-information-security-analyst-cryptography-and-pki/
WELLS_FARGO,R-561621,Teller Part Time Orangevale,Risk and Compliance,Orangevale,CA,United States,unknown,Part time,2026-07-20 21:37:29.599615,2026-07-17 00:00:00,https://www.wellsfargojobs.com/en/jobs/r-561621/teller-part-time-orangevale/
WELLS_FARGO,R-561427,Teller Red Road,Risk and Compliance,Miami,FL,United States,unknown,Full time,2026-07-20 21:37:29.615311,2026-07-17 00:00:00,https://www.wellsfargojobs.com/en/jobs/r-561427/teller-red-road/
WELLS_FARGO,R-561488,Teller Part Time Fort Walton Beach,Risk and Compliance,Fort Walton Beach,FL,United States,unknown,Part time,2026-07-20 21:37:29.640745,2026-07-17 00:00:00,https://www.wellsfargojobs.com/en/jobs/r-561488/teller-part-time-fort-walton-beach/
WELLS_FARGO,R-561915,Head of Data Governance – Global Payments & Liquidity (GPL),Risk and Compliance,New York,NY,United States,unknown,,2026-07-20 21:37:29.672243,2026-07-17 00:00:00,https://www.wellsfargojobs.com/en/jobs/r-561915/head-of-data-governance-global-payments-liquidity-gpl/
WELLS_FARGO,R-554819,Personal Banker Soldotna,Risk and Compliance,Soldotna,AK,United States,unknown,Full time,2026-07-20 21:37:29.704634,2026-07-17 00:00:00,https://www.wellsfargojobs.com/en/jobs/r-554819/personal-banker-soldotna/
WELLS_FARGO,R-557297,Lead Information Security Analyst - BISO,Cybersecurity,Irving,TX,United States,unknown,Full time,2026-07-20 21:37:29.747822,2026-07-17 00:00:00,https://www.wellsfargojobs.com/en/jobs/r-557297/lead-information-security-analyst-biso/
WELLS_FARGO,R-555924,Personal Banker Calabasas,Risk and Compliance,Calabasas,CA,United States,unknown,Full time,2026-07-20 21:37:29.777506,2026-07-17 00:00:00,https://www.wellsfargojobs.com/en/jobs/r-555924/personal-banker-calabasas/
WELLS_FARGO,R-561512,Lead FiNet Business Support Manager,Risk and Compliance,Saint Louis,MO,United States,unknown,Full time,2026-07-20 21:37:29.804488,2026-07-17 00:00:00,https://www.wellsfargojobs.com/en/jobs/r-561512/lead-finet-business-support-manager/
WELLS_FARGO,R-555890,Teller Part Time Cortez,Risk and Compliance,Bradenton,FL,United States,unknown,Part time,2026-07-20 21:37:29.831012,2026-07-20 00:00:00,https://www.wellsfargojobs.com/en/jobs/r-555890/teller-part-time-cortez/
WELLS_FARGO,R-559160,"Relationship Banker - Albertville, AL",Risk and Compliance,Albertville,AL,United States,unknown,Full time,2026-07-20 21:37:29.866141,2026-07-20 00:00:00,https://www.wellsfargojobs.com/en/jobs/r-559160/relationship-banker-albertville-al/
WELLS_FARGO,R-561108,FiNet Business Support Manager,Risk and Compliance,Saint Louis,MO,United States,unknown,Full time,2026-07-20 21:37:29.891517,2026-07-20 00:00:00,https://www.wellsfargojobs.com/en/jobs/r-561108/finet-business-support-manager/
WELLS_FARGO,R-561276,Branch Manager South Albuquerque District,Risk and Compliance,Clovis,NM,United States,unknown,Full time,2026-07-20 21:37:29.928144,2026-07-20 00:00:00,https://www.wellsfargojobs.com/en/jobs/r-561276/branch-manager-south-albuquerque-district/
WELLS_FARGO,R-562135,"Senior Premier Banker Northeast, MD",Risk and Compliance,Lutherville Timonium,MD,United States,unknown,Full time,2026-07-20 21:37:29.966124,2026-07-20 00:00:00,https://www.wellsfargojobs.com/en/jobs/r-562135/senior-premier-banker-northeast-md/
WELLS_FARGO,R-554358,Lead Infrastructure Engineer,Cloud and Infrastructure,Concord,CA,United States,unknown,Full time,2026-07-20 21:37:29.987869,2026-07-20 00:00:00,https://www.wellsfargojobs.com/en/jobs/r-554358/lead-infrastructure-engineer/
WELLS_FARGO,R-559823,Teller Jamestown,Risk and Compliance,Jamestown,ND,United States,unknown,Full time,2026-07-20 21:37:30.016222,2026-08-13 00:00:00,https://www.wellsfargojobs.com/en/jobs/r-559823/teller-jamestown/
WELLS_FARGO,R-559077,Relationship Banker Mount Dora,Risk and Compliance,Mount Dora,FL,United States,unknown,Full time,2026-07-20 21:37:30.052685,2026-07-20 00:00:00,https://www.wellsfargojobs.com/en/jobs/r-559077/relationship-banker-mount-dora/
WELLS_FARGO,R-561842,Teller Bilingual Part Time Fossil Creek North Ft. Worth,Risk and Compliance,Haltom City,TX,United States,unknown,Part time,2026-07-20 21:37:30.079055,2026-07-20 00:00:00,https://www.wellsfargojobs.com/en/jobs/r-561842/teller-bilingual-part-time-fossil-creek-north-ft-worth/
WELLS_FARGO,R-558571,Personal Banker Hastings Main,Risk and Compliance,Hastings,NE,United States,unknown,Full time,2026-07-20 21:37:30.100197,2026-07-20 00:00:00,https://www.wellsfargojobs.com/en/jobs/r-558571/personal-banker-hastings-main/
WELLS_FARGO,R-562273,Personal Banker Des Moines Central Districts,Risk and Compliance,West Des Moines,IA,United States,unknown,Full time,2026-07-20 21:37:30.130656,2026-07-20 00:00:00,https://www.wellsfargojobs.com/en/jobs/r-562273/personal-banker-des-moines-central-districts/
WELLS_FARGO,R-562253,Personal Banker Sioux Falls,Risk and Compliance,Brandon,SD,United States,unknown,Full time,2026-07-20 21:37:30.158842,2026-07-20 00:00:00,https://www.wellsfargojobs.com/en/jobs/r-562253/personal-banker-sioux-falls/
WELLS_FARGO,R-561540,Due Diligence Consultant - Higher Risk Customer Management,Risk and Compliance,Minneapolis,MN,United States,unknown,Full time,2026-07-20 21:37:30.166848,2026-07-20 00:00:00,https://www.wellsfargojobs.com/en/jobs/r-561540/due-diligence-consultant-higher-risk-customer-management/
WELLS_FARGO,R-540281,Home Mortgage Consultant (SAFE),Risk and Compliance,Red Bank,NJ,United States,unknown,Full time,2026-07-20 21:37:30.200497,2026-04-29 00:00:00,https://www.wellsfargojobs.com/en/jobs/r-540281/home-mortgage-consultant-safe/
WELLS_FARGO,R-544592,Private Mortgage Banker,Risk and Compliance,Lake Oswego,OR,United States,unknown,Full time,2026-07-20 21:37:30.232382,2026-05-27 00:00:00,https://www.wellsfargojobs.com/en/jobs/r-544592/private-mortgage-banker/
WELLS_FARGO,R-547552,CA-WA Mortgage Retail Sales Consultant (SAFE),Risk and Compliance,Fresno,CA,United States,unknown,Full time,2026-07-20 21:37:30.262175,2026-05-20 00:00:00,https://www.wellsfargojobs.com/en/jobs/r-547552/ca-wa-mortgage-retail-sales-consultant-safe/
WELLS_FARGO,R-554038,Private Mortgage Banker (SAFE),Risk and Compliance,Rochester,MN,United States,unknown,Full time,2026-07-20 21:37:30.277959,2026-06-18 00:00:00,https://www.wellsfargojobs.com/en/jobs/r-554038/private-mortgage-banker-safe/
WELLS_FARGO,R-530246,Senior Lead Commercial Banking Relationship Manager,Sales and Relationship Management,New York,NY,United States,unknown,Full time,2026-07-20 21:37:30.310368,2026-06-21 00:00:00,https://www.wellsfargojobs.com/en/jobs/r-530246/senior-lead-commercial-banking-relationship-manager/
WELLS_FARGO,R-555396,Community Mortgage Bank Sales Consultant,Risk and Compliance,Commerce City,CO,United States,unknown,Full time,2026-07-20 21:37:30.325894,2026-06-23 00:00:00,https://www.wellsfargojobs.com/en/jobs/r-555396/community-mortgage-bank-sales-consultant/
WELLS_FARGO,R-555465,Personal Banker Summerlin,Risk and Compliance,Fort Myers,FL,United States,unknown,Full time,2026-07-20 21:37:30.358400,2026-06-24 00:00:00,https://www.wellsfargojobs.com/en/jobs/r-555465/personal-banker-summerlin/
WELLS_FARGO,R-556156,Senior Premier Banker Central Coast District,Risk and Compliance,Carmel,CA,United States,unknown,,2026-07-20 21:37:30.402357,2026-06-25 00:00:00,https://www.wellsfargojobs.com/en/jobs/r-556156/senior-premier-banker-central-coast-district/
WELLS_FARGO,R-556206,Mortgage Retail Sales Consultant,Risk and Compliance,Birmingham,AL,United States,unknown,Full time,2026-07-20 21:37:30.422091,2026-06-25 00:00:00,https://www.wellsfargojobs.com/en/jobs/r-556206/mortgage-retail-sales-consultant/
WELLS_FARGO,R-556237,Business Relationship Support Representative,Risk and Compliance,Salt Lake City,UT,United States,unknown,,2026-07-20 21:37:30.438613,2026-06-26 00:00:00,https://www.wellsfargojobs.com/en/jobs/r-556237/business-relationship-support-representative/
WELLS_FARGO,R-555860,2027 Finance Summer Internship - Early Careers,Risk and Compliance,Charlotte,NC,United States,unknown,Full time,2026-07-20 21:37:30.469700,2026-08-07 00:00:00,https://www.wellsfargojobs.com/en/jobs/r-555860/2027-finance-summer-internship-early-careers/
WELLS_FARGO,R-554269,Lead Protocol Engineer (Go / Cryptography),Risk and Compliance,Concord,CA,United States,unknown,Full time,2026-07-20 21:37:30.501373,2026-08-20 00:00:00,https://www.wellsfargojobs.com/en/jobs/r-554269/lead-protocol-engineer-go-cryptography/
WELLS_FARGO,R-556366,Senior Premier Banker Palmetto District,Risk and Compliance,Cayce,SC,United States,unknown,Full time,2026-07-20 21:37:30.543865,2026-06-26 00:00:00,https://www.wellsfargojobs.com/en/jobs/r-556366/senior-premier-banker-palmetto-district/
WELLS_FARGO,R-556488,2027 COO Business Risk Control and Regulatory Oversight Summer Internship - Early Careers,Risk and Compliance,Charlotte,NC,United States,unknown,,2026-07-20 21:37:30.564869,2026-07-22 00:00:00,https://www.wellsfargojobs.com/en/jobs/r-556488/2027-coo-business-risk-control-and-regulatory-oversight-summer-internship-early-careers/
WELLS_FARGO,R-557280,Roving Personal Banker ROVING North East Georgia District,Risk and Compliance,Duluth,GA,United States,unknown,Full time,2026-07-20 21:37:30.610358,2026-06-30 00:00:00,https://www.wellsfargojobs.com/en/jobs/r-557280/roving-personal-banker-roving-north-east-georgia-district/
WELLS_FARGO,R-556621,Branch Manager River Cities Prescott District,Risk and Compliance,Lake Havasu City,AZ,United States,unknown,Full time,2026-07-20 21:37:30.652525,2026-06-30 00:00:00,https://www.wellsfargojobs.com/en/jobs/r-556621/branch-manager-river-cities-prescott-district/
WELLS_FARGO,R-555710,Branch Operations Coordinator Kenmore,Risk and Compliance,Kenmore,WA,United States,unknown,Full time,2026-07-20 21:37:30.685552,2026-08-14 00:00:00,https://www.wellsfargojobs.com/en/jobs/r-555710/branch-operations-coordinator-kenmore/
WELLS_FARGO,R-554719,Senior Branch Premier Banker Merchants Walk,Risk and Compliance,Marietta,GA,United States,unknown,Full time,2026-07-20 21:37:30.733024,2026-07-06 00:00:00,https://www.wellsfargojobs.com/en/jobs/r-554719/senior-branch-premier-banker-merchants-walk/
WELLS_FARGO,R-557533,Branch Manager Northwest Washington District,Risk and Compliance,Bellingham,WA,United States,unknown,Full time,2026-07-20 21:37:30.786447,2026-07-06 00:00:00,https://www.wellsfargojobs.com/en/jobs/r-557533/branch-manager-northwest-washington-district/
WELLS_FARGO,R-557880,Senior Premier Banker Silver Spring Square Mechanicsburg PA,Risk and Compliance,Mechanicsburg,PA,United States,unknown,Full time,2026-07-20 21:37:30.833885,2026-08-14 00:00:00,https://www.wellsfargojobs.com/en/jobs/r-557880/senior-premier-banker-silver-spring-square-mechanicsburg-pa/
WELLS_FARGO,R-558752,Senior Commercial Loan Servicing Specialist – Asset Based Lending/Syndicated Loans,Operations,Charlotte,NC,United States,unknown,Full time,2026-07-20 21:37:30.864528,2026-07-06 00:00:00,https://www.wellsfargojobs.com/en/jobs/r-558752/senior-commercial-loan-servicing-specialist-asset-based-lending-syndicated-loans/
WELLS_FARGO,R-557988,Lead ABL Underwriter,Risk and Compliance,Chicago,IL,United States,unknown,Full time,2026-07-20 21:37:30.896577,2026-07-08 00:00:00,https://www.wellsfargojobs.com/en/jobs/r-557988/lead-abl-underwriter/
WELLS_FARGO,R-551319,Private Mortgage Banker (SAFE),Risk and Compliance,New York,NY,United States,unknown,Full time,2026-07-20 21:37:30.928854,2026-07-31 00:00:00,https://www.wellsfargojobs.com/en/jobs/r-551319/private-mortgage-banker-safe/
WELLS_FARGO,R-558947,"Business Banker (LO) Salt Lake City, UT",Risk and Compliance,Salt Lake City,UT,United States,unknown,Full time,2026-07-20 21:37:30.965168,2026-07-08 00:00:00,https://www.wellsfargojobs.com/en/jobs/r-558947/business-banker-lo-salt-lake-city-ut/
WELLS_FARGO,R-559212,Teller Full Time 30 Hour Grand Forks,Risk and Compliance,Grand Forks,ND,United States,unknown,Full time,2026-07-20 21:37:31.002975,2026-07-08 00:00:00,https://www.wellsfargojobs.com/en/jobs/r-559212/teller-full-time-30-hour-grand-forks/
WELLS_FARGO,R-547015,Relationship Banker | Norton,Risk and Compliance,Norton,VA,United States,unknown,Full time,2026-07-20 21:37:31.048313,2026-07-08 00:00:00,https://www.wellsfargojobs.com/en/jobs/r-547015/relationship-banker-norton/
WELLS_FARGO,R-558049,Commercial Banking Sales Lead - Merchant Services,Sales and Relationship Management,New York,NY,United States,unknown,Full time,2026-07-20 21:37:31.076250,2026-07-09 00:00:00,https://www.wellsfargojobs.com/en/jobs/r-558049/commercial-banking-sales-lead-merchant-services/
WELLS_FARGO,R-558658,Teller Carlisle,Risk and Compliance,Albuquerque,NM,United States,unknown,Full time,2026-07-20 21:37:31.112793,2026-07-09 00:00:00,https://www.wellsfargojobs.com/en/jobs/r-558658/teller-carlisle/
WELLS_FARGO,R-556903,Lead Global Payments Services Client Consultant,Risk and Compliance,Charlotte,NC,United States,unknown,Full time,2026-07-20 21:37:31.140367,2026-07-09 00:00:00,https://www.wellsfargojobs.com/en/jobs/r-556903/lead-global-payments-services-client-consultant/
WELLS_FARGO,R-547432,Senior Branch Premier Banker Huffman,Risk and Compliance,Anchorage,AK,United States,unknown,Full time,2026-07-20 21:37:31.183428,2026-07-09 00:00:00,https://www.wellsfargojobs.com/en/jobs/r-547432/senior-branch-premier-banker-huffman/
WELLS_FARGO,R-559757,"Executive Director, Forward Deployed AI Specialist",Risk and Compliance,New York,NY,United States,unknown,Full time,2026-07-20 21:37:31.215365,2026-07-09 00:00:00,https://www.wellsfargojobs.com/en/jobs/r-559757/executive-director-forward-deployed-ai-specialist/
WELLS_FARGO,R-520295,Lead Cryptography Engineer (MPC & Confidential Computing),Risk and Compliance,Concord,CA,United States,unknown,Full time,2026-07-20 21:37:31.234541,2026-08-20 00:00:00,https://www.wellsfargojobs.com/en/jobs/r-520295/lead-cryptography-engineer-mpc-confidential-computing/
WELLS_FARGO,R-557428,Lead Commercial Banking Business Development Representative,Risk and Compliance,Grand Rapids,MI,United States,unknown,Full time,2026-07-20 21:37:31.277015,2026-07-10 00:00:00,https://www.wellsfargojobs.com/en/jobs/r-557428/lead-commercial-banking-business-development-representative/
WELLS_FARGO,R-560138,Personal Banker Central Virginia,Risk and Compliance,Lynchburg,VA,United States,unknown,Full time,2026-07-20 21:37:31.301248,2026-07-10 00:00:00,https://www.wellsfargojobs.com/en/jobs/r-560138/personal-banker-central-virginia/
WELLS_FARGO,R-554124,Senior Lead Technology Commercial Banking Relationship Manager,Sales and Relationship Management,Fort Lauderdale,FL,United States,unknown,Full time,2026-07-20 21:37:31.342500,2026-08-05 00:00:00,https://www.wellsfargojobs.com/en/jobs/r-554124/senior-lead-technology-commercial-banking-relationship-manager/
WELLS_FARGO,R-559802,"Business Banker (LO) Augusta, GA",Risk and Compliance,Augusta,GA,United States,unknown,Full time,2026-07-20 21:37:31.381984,2026-07-13 00:00:00,https://www.wellsfargojobs.com/en/jobs/r-559802/business-banker-lo-augusta-ga/
WELLS_FARGO,R-560264,"Branch Manager - Alexandria District, Virginia",Risk and Compliance,Alexandria,VA,United States,unknown,Full time,2026-07-20 21:37:31.420872,2026-07-13 00:00:00,https://www.wellsfargojobs.com/en/jobs/r-560264/branch-manager-alexandria-district-virginia/
WELLS_FARGO,R-559801,"Business Banker (LO) Port Orange, FL",Risk and Compliance,Port Orange,FL,United States,unknown,Full time,2026-07-20 21:37:31.454426,2026-07-13 00:00:00,https://www.wellsfargojobs.com/en/jobs/r-559801/business-banker-lo-port-orange-fl/
WELLS_FARGO,R-559894,Mortgage Retail Sales Consultant (SAFE),Risk and Compliance,Baltimore,MD,United States,unknown,Full time,2026-07-20 21:37:31.481345,2026-07-13 00:00:00,https://www.wellsfargojobs.com/en/jobs/r-559894/mortgage-retail-sales-consultant-safe/
WELLS_FARGO,R-559263,Personal Banker  Omak WA,Risk and Compliance,Omak,WA,United States,unknown,Full time,2026-07-20 21:37:31.501656,2026-07-13 00:00:00,https://www.wellsfargojobs.com/en/jobs/r-559263/personal-banker-omak-wa/
WELLS_FARGO,R-560430,Relationship Banker Wilkes Barre Scranton District,Risk and Compliance,Pittston,PA,United States,unknown,Full time,2026-07-20 21:37:31.545565,2026-07-13 00:00:00,https://www.wellsfargojobs.com/en/jobs/r-560430/relationship-banker-wilkes-barre-scranton-district/
WELLS_FARGO,R-560269,Senior Business Relationship Manager (LO),Risk and Compliance,Omaha,NE,United States,unknown,Full time,2026-07-20 21:37:31.563280,2026-08-14 00:00:00,https://www.wellsfargojobs.com/en/jobs/r-560269/senior-business-relationship-manager-lo/
WELLS_FARGO,R-550624,Mortgage Retail Sales Consultant (SAFE),Risk and Compliance,Orlando,FL,United States,unknown,,2026-07-20 21:37:31.598397,2026-07-13 00:00:00,https://www.wellsfargojobs.com/en/jobs/r-550624/mortgage-retail-sales-consultant-safe/
WELLS_FARGO,R-560332,Relationship Banker Exeter Commons Reading,Risk and Compliance,Reading,PA,United States,unknown,Full time,2026-07-20 21:37:31.626462,2026-07-13 00:00:00,https://www.wellsfargojobs.com/en/jobs/r-560332/relationship-banker-exeter-commons-reading/
WELLS_FARGO,R-559607,Bilingual Personal Banker | San Francisco Chinatown,Risk and Compliance,San Francisco,CA,United States,unknown,Full time,2026-07-20 21:37:31.657462,2026-07-13 00:00:00,https://www.wellsfargojobs.com/en/jobs/r-559607/bilingual-personal-banker-san-francisco-chinatown/
WELLS_FARGO,R-560372,Associate Customer Service Representative Credit Cards,Risk and Compliance,Roanoke,VA,United States,unknown,Full time,2026-07-20 21:37:31.694604,2026-07-13 00:00:00,https://www.wellsfargojobs.com/en/jobs/r-560372/associate-customer-service-representative-credit-cards/
WELLS_FARGO,R-557378,Senior Branch Premier Banker Los Gatos,Risk and Compliance,Los Gatos,CA,United States,unknown,Full time,2026-07-20 21:37:31.719071,2026-07-13 00:00:00,https://www.wellsfargojobs.com/en/jobs/r-557378/senior-branch-premier-banker-los-gatos/
WELLS_FARGO,R-557753,Personal Banker Cajon Trail District,Risk and Compliance,Ontario,CA,United States,unknown,Full time,2026-07-20 21:37:31.766312,2026-07-13 00:00:00,https://www.wellsfargojobs.com/en/jobs/r-557753/personal-banker-cajon-trail-district/
WELLS_FARGO,R-556858,Senior Premier Banker Bryan Main,Risk and Compliance,Bryan,TX,United States,unknown,Full time,2026-07-20 21:37:31.807607,2026-07-14 00:00:00,https://www.wellsfargojobs.com/en/jobs/r-556858/senior-premier-banker-bryan-main/
WELLS_FARGO,R-559417,Senior Premier Banker Hill Country,Risk and Compliance,San Antonio,TX,United States,unknown,Full time,2026-07-20 21:37:31.858953,2026-07-14 00:00:00,https://www.wellsfargojobs.com/en/jobs/r-559417/senior-premier-banker-hill-country/
WELLS_FARGO,R-560601,Bilingual Spanish Part Time Teller | The Heights,Risk and Compliance,South San Francisco,CA,United States,unknown,Part time,2026-07-20 21:37:31.883258,2026-07-14 00:00:00,https://www.wellsfargojobs.com/en/jobs/r-560601/bilingual-spanish-part-time-teller-the-heights/
WELLS_FARGO,R-560809,Lead Software Engineer 1 (#002294),Risk and Compliance,Raleigh,NC,United States,unknown,Full time,2026-07-20 21:37:31.924815,2026-07-14 00:00:00,https://www.wellsfargojobs.com/en/jobs/r-560809/lead-software-engineer-1-002294/
WELLS_FARGO,R-554835,Teller Bilingual Part Time Marietta Main,Risk and Compliance,Marietta,GA,United States,unknown,Part time,2026-07-20 21:37:31.958139,2026-07-14 00:00:00,https://www.wellsfargojobs.com/en/jobs/r-554835/teller-bilingual-part-time-marietta-main/
WELLS_FARGO,R-560833,Senior Lead Analytics Consultant (#002111),Risk and Compliance,Charlotte,NC,United States,unknown,Full time,2026-07-20 21:37:31.985024,2026-07-14 00:00:00,https://www.wellsfargojobs.com/en/jobs/r-560833/senior-lead-analytics-consultant-002111/
WELLS_FARGO,R-560759,Personal Banker Hill Country District,Risk and Compliance,Bulverde,TX,United States,unknown,Full time,2026-07-20 21:37:32.019507,2026-07-14 00:00:00,https://www.wellsfargojobs.com/en/jobs/r-560759/personal-banker-hill-country-district/
WELLS_FARGO,R-560365,Teller Part Time Ringwood,Risk and Compliance,Ringwood,NJ,United States,unknown,Part time,2026-07-20 21:37:32.053769,2026-07-14 00:00:00,https://www.wellsfargojobs.com/en/jobs/r-560365/teller-part-time-ringwood/
WELLS_FARGO,R-560871,Regional Coach Gold Coast,Risk and Compliance,Orlando,FL,United States,unknown,Full time,2026-07-20 21:37:32.085485,2026-07-14 00:00:00,https://www.wellsfargojobs.com/en/jobs/r-560871/regional-coach-gold-coast/
WELLS_FARGO,R-560905,Senior Premier Banker Schnecksville,Risk and Compliance,Schnecksville,PA,United States,unknown,Full time,2026-07-20 21:37:32.124934,2026-07-14 00:00:00,https://www.wellsfargojobs.com/en/jobs/r-560905/senior-premier-banker-schnecksville/
WELLS_FARGO,R-560386,Personal Banker Reidsville Main Branch in Reidsville NC,Risk and Compliance,Reidsville,NC,United States,unknown,Full time,2026-07-20 21:37:32.146582,2026-07-14 00:00:00,https://www.wellsfargojobs.com/en/jobs/r-560386/personal-banker-reidsville-main-branch-in-reidsville-nc/
WELLS_FARGO,R-554559,Teller Part Time Mechanicsville Elm Branch,Risk and Compliance,Mechanicsville,VA,United States,unknown,Part time,2026-07-20 21:37:32.187172,2026-07-15 00:00:00,https://www.wellsfargojobs.com/en/jobs/r-554559/teller-part-time-mechanicsville-elm-branch/
WELLS_FARGO,R-558489,Associate Roving Personal Banker Texas Panhandle District,Risk and Compliance,Lubbock,TX,United States,unknown,Full time,2026-07-20 21:37:32.218458,2026-07-15 00:00:00,https://www.wellsfargojobs.com/en/jobs/r-558489/associate-roving-personal-banker-texas-panhandle-district/
WELLS_FARGO,R-560595,Senior Premier Banker Chatsworth,Risk and Compliance,Chatsworth,CA,United States,unknown,Full time,2026-07-20 21:37:32.262328,2026-07-15 00:00:00,https://www.wellsfargojobs.com/en/jobs/r-560595/senior-premier-banker-chatsworth/
WELLS_FARGO,R-560958,Branch Operations Coordinator Denver City,Risk and Compliance,Denver City,TX,United States,unknown,Full time,2026-07-20 21:37:32.278380,2026-07-15 00:00:00,https://www.wellsfargojobs.com/en/jobs/r-560958/branch-operations-coordinator-denver-city/
WELLS_FARGO,R-556652,Securities Operations Associate,Risk and Compliance,Charlotte,NC,United States,unknown,Full time,2026-07-20 21:37:32.312762,2026-07-15 00:00:00,https://www.wellsfargojobs.com/en/jobs/r-556652/securities-operations-associate/
WELLS_FARGO,R-560367,Associate Personal Banker Green Lake,Risk and Compliance,Seattle,WA,United States,unknown,Full time,2026-07-20 21:37:32.346742,2026-07-15 00:00:00,https://www.wellsfargojobs.com/en/jobs/r-560367/associate-personal-banker-green-lake/
WELLS_FARGO,R-561319,Senior Premier Banker Peninsula Gateway,Risk and Compliance,Mountain View,CA,United States,unknown,,2026-07-20 21:37:32.375475,2026-07-15 00:00:00,https://www.wellsfargojobs.com/en/jobs/r-561319/senior-premier-banker-peninsula-gateway/
WELLS_FARGO,R-545506,Fraud & Claims Operations Representative,Risk and Compliance,Chandler,AZ,United States,unknown,Full time,2026-07-20 21:37:32.407232,2026-07-15 00:00:00,https://www.wellsfargojobs.com/en/jobs/r-545506/fraud-claims-operations-representative/
WELLS_FARGO,R-555412,Lead Infrastructure Engineer/Mainframe Optimization,Risk and Compliance,Raleigh,NC,United States,unknown,Full time,2026-07-20 21:37:32.436454,2026-07-15 00:00:00,https://www.wellsfargojobs.com/en/jobs/r-555412/lead-infrastructure-engineer-mainframe-optimization/
WELLS_FARGO,R-561203,Senior Branch Premier Banker - Glenside,Risk and Compliance,Glenside,PA,United States,unknown,Full time,2026-07-20 21:37:32.469506,2026-07-16 00:00:00,https://www.wellsfargojobs.com/en/jobs/r-561203/senior-branch-premier-banker-glenside/
WELLS_FARGO,R-561035,Senior Premier Banker - Del Mar/Highlands,Risk and Compliance,San Diego,CA,United States,unknown,Full time,2026-07-20 21:37:32.503446,2026-07-16 00:00:00,https://www.wellsfargojobs.com/en/jobs/r-561035/senior-premier-banker-del-mar-highlands/
WELLS_FARGO,R-561257,Personal Banker (Spanish Desired) Spring,Risk and Compliance,Spring,TX,United States,unknown,Full time,2026-07-20 21:37:32.547226,2026-07-16 00:00:00,https://www.wellsfargojobs.com/en/jobs/r-561257/personal-banker-spanish-desired-spring/
WELLS_FARGO,R-559960,Lead Infrastructure Engineer - Solace,Cloud and Infrastructure,Iselin,NJ,United States,unknown,Full time,2026-07-20 21:37:32.574984,2026-08-18 00:00:00,https://www.wellsfargojobs.com/en/jobs/r-559960/lead-infrastructure-engineer-solace/
WELLS_FARGO,R-561084,Teller Flemington Branch,Risk and Compliance,Flemington,NJ,United States,unknown,Full time,2026-07-20 21:37:32.603494,2026-07-16 00:00:00,https://www.wellsfargojobs.com/en/jobs/r-561084/teller-flemington-branch/
WELLS_FARGO,R-557238,Personal Banker Palm Desert,Risk and Compliance,Palm Desert,CA,United States,unknown,Full time,2026-07-20 21:37:32.646226,2026-07-16 00:00:00,https://www.wellsfargojobs.com/en/jobs/r-557238/personal-banker-palm-desert/
WELLS_FARGO,R-553768,Teller Middletown,Risk and Compliance,Middletown,CT,United States,unknown,Full time,2026-07-20 21:37:32.686929,2026-07-15 00:00:00,https://www.wellsfargojobs.com/en/jobs/r-553768/teller-middletown/
WELLS_FARGO,R-561325,Teller Napa Main,Risk and Compliance,Napa,CA,United States,unknown,Full time,2026-07-20 21:37:32.725198,2026-07-16 00:00:00,https://www.wellsfargojobs.com/en/jobs/r-561325/teller-napa-main/
WELLS_FARGO,R-561552,Personal Banker North Palm Beach,Risk and Compliance,West Palm Beach,FL,United States,unknown,Full time,2026-07-20 21:37:32.752035,2026-07-16 00:00:00,https://www.wellsfargojobs.com/en/jobs/r-561552/personal-banker-north-palm-beach/
WELLS_FARGO,R-554374,Senior Premier Banker Melrose Park IL,Risk and Compliance,Melrose Park,IL,United States,unknown,Full time,2026-07-20 21:37:32.808303,2026-07-15 00:00:00,https://www.wellsfargojobs.com/en/jobs/r-554374/senior-premier-banker-melrose-park-il/
WELLS_FARGO,R-556413,Supervisory Control Specialist,Risk and Compliance,Troy,MI,United States,unknown,Full time,2026-07-20 21:37:32.853100,2026-07-16 00:00:00,https://www.wellsfargojobs.com/en/jobs/r-556413/supervisory-control-specialist/
WELLS_FARGO,R-560144,Community mortgage Bank Sales Consultant (SAFE),Risk and Compliance,Spring,TX,United States,unknown,,2026-07-20 21:37:32.889704,2026-07-16 00:00:00,https://www.wellsfargojobs.com/en/jobs/r-560144/community-mortgage-bank-sales-consultant-safe/
WELLS_FARGO,R-559219,Personal Banker Andover MN,Risk and Compliance,Andover,MN,United States,unknown,Full time,2026-07-20 21:37:32.924715,2026-07-17 00:00:00,https://www.wellsfargojobs.com/en/jobs/r-559219/personal-banker-andover-mn/
WELLS_FARGO,R-561575,Capital Market Risk Specialist - Derivative and Securities Financing,Risk and Compliance,Charlotte,NC,United States,unknown,Full time,2026-07-20 21:37:32.963600,2026-07-16 00:00:00,https://www.wellsfargojobs.com/en/jobs/r-561575/capital-market-risk-specialist-derivative-and-securities-financing/
WELLS_FARGO,R-561040,Senior Registered Client Associate,Risk and Compliance,New York,NY,United States,unknown,Full time,2026-07-20 21:37:32.983246,2026-07-16 00:00:00,https://www.wellsfargojobs.com/en/jobs/r-561040/senior-registered-client-associate/
WELLS_FARGO,R-560734,Teller Century Square,Risk and Compliance,College Station,TX,United States,unknown,Full time,2026-07-20 21:37:33.030868,2026-07-16 00:00:00,https://www.wellsfargojobs.com/en/jobs/r-560734/teller-century-square/
WELLS_FARGO,R-560918,Teller Part Time Perris,Risk and Compliance,Perris,CA,United States,unknown,Part time,2026-07-20 21:37:33.068229,2026-07-17 00:00:00,https://www.wellsfargojobs.com/en/jobs/r-560918/teller-part-time-perris/
WELLS_FARGO,R-561452,Teller Part Time Landings,Risk and Compliance,Sarasota,FL,United States,unknown,Part time,2026-07-20 21:37:33.103328,2026-07-17 00:00:00,https://www.wellsfargojobs.com/en/jobs/r-561452/teller-part-time-landings/
WELLS_FARGO,R-561570,Teller Part Time Eastwick,Risk and Compliance,Philadelphia,PA,United States,unknown,Part time,2026-07-20 21:37:33.134964,2026-07-17 00:00:00,https://www.wellsfargojobs.com/en/jobs/r-561570/teller-part-time-eastwick/
WELLS_FARGO,R-554099,Personal Banker Bilingual Spanish Dallas Pkwy,Risk and Compliance,Dallas,TX,United States,unknown,Full time,2026-07-20 21:37:33.175892,2026-07-17 00:00:00,https://www.wellsfargojobs.com/en/jobs/r-554099/personal-banker-bilingual-spanish-dallas-pkwy/
WELLS_FARGO,R-561746,Branch Manager Pasadena Valley,Risk and Compliance,South Pasadena,CA,United States,unknown,Full time,2026-07-20 21:37:33.232968,2026-07-17 00:00:00,https://www.wellsfargojobs.com/en/jobs/r-561746/branch-manager-pasadena-valley/
WELLS_FARGO,R-551197,Teller Part Time Harrisonburg Waynesboro,Risk and Compliance,Harrisonburg,VA,United States,unknown,Part time,2026-07-20 21:37:33.266572,2026-08-14 00:00:00,https://www.wellsfargojobs.com/en/jobs/r-551197/teller-part-time-harrisonburg-waynesboro/
WELLS_FARGO,R-558891,Teller Bilingual Part Time Spring Rock Green Branch,Risk and Compliance,Richmond,VA,United States,unknown,Part time,2026-07-20 21:37:33.309801,2026-07-17 00:00:00,https://www.wellsfargojobs.com/en/jobs/r-558891/teller-bilingual-part-time-spring-rock-green-branch/
WELLS_FARGO,R-560566,Teller Part Time Meridian North,Risk and Compliance,Meridian,ID,United States,unknown,Part time,2026-07-20 21:37:33.342421,2026-07-17 00:00:00,https://www.wellsfargojobs.com/en/jobs/r-560566/teller-part-time-meridian-north/
WELLS_FARGO,R-561429,Personal Banker Bilingual Spanish Montgomery Plaza,Risk and Compliance,Fort Worth,TX,United States,unknown,Full time,2026-07-20 21:37:33.368140,2026-07-17 00:00:00,https://www.wellsfargojobs.com/en/jobs/r-561429/personal-banker-bilingual-spanish-montgomery-plaza/
WELLS_FARGO,R-561536,Branch Operations Coordinator Mountainville,Risk and Compliance,Allentown,PA,United States,unknown,Full time,2026-07-20 21:37:33.399906,2026-07-17 00:00:00,https://www.wellsfargojobs.com/en/jobs/r-561536/branch-operations-coordinator-mountainville/
WELLS_FARGO,R-555534,Teller Part Time Trenton,Risk and Compliance,Trenton,NJ,United States,unknown,Part time,2026-07-20 21:37:33.431769,2026-07-17 00:00:00,https://www.wellsfargojobs.com/en/jobs/r-555534/teller-part-time-trenton/
WELLS_FARGO,R-560508,Branch Operations Associate Manager Mitchell Bridge Road,Risk and Compliance,Athens,GA,United States,unknown,Full time,2026-07-20 21:37:33.463551,2026-08-21 00:00:00,https://www.wellsfargojobs.com/en/jobs/r-560508/branch-operations-associate-manager-mitchell-bridge-road/
WELLS_FARGO,R-561672,Teller Part Time Hollywood Main,Risk and Compliance,Hollywood,CA,United States,unknown,Part time,2026-07-20 21:37:33.505433,2026-08-19 00:00:00,https://www.wellsfargojobs.com/en/jobs/r-561672/teller-part-time-hollywood-main/
WELLS_FARGO,R-560243,Lead Architect - Human Capital Management Portfolio,Risk and Compliance,Minneapolis,MN,United States,unknown,Full time,2026-07-20 21:37:33.544542,2026-08-21 00:00:00,https://www.wellsfargojobs.com/en/jobs/r-560243/lead-architect-human-capital-management-portfolio/
WELLS_FARGO,R-561929,Head of Data Governance – Global Payments & Liquidity (GPL),Risk and Compliance,Charlotte,NC,United States,unknown,,2026-07-20 21:37:33.587066,2026-07-17 00:00:00,https://www.wellsfargojobs.com/en/jobs/r-561929/head-of-data-governance-global-payments-liquidity-gpl/
WELLS_FARGO,R-561843,Senior Lead Treasury Consultant - Healthcare,Risk and Compliance,New York,NY,United States,unknown,Full time,2026-07-20 21:37:33.620746,2026-08-13 00:00:00,https://www.wellsfargojobs.com/en/jobs/r-561843/senior-lead-treasury-consultant-healthcare/
WELLS_FARGO,R-555169,Senior Premier Banker Half Moon Bay,Risk and Compliance,Half Moon Bay,CA,United States,unknown,Full time,2026-07-20 21:37:33.655741,2026-07-17 00:00:00,https://www.wellsfargojobs.com/en/jobs/r-555169/senior-premier-banker-half-moon-bay/
WELLS_FARGO,R-557300,Personal Banker Kimball Junction,Risk and Compliance,Park City,UT,United States,unknown,Full time,2026-07-20 21:37:33.687437,2026-08-17 00:00:00,https://www.wellsfargojobs.com/en/jobs/r-557300/personal-banker-kimball-junction/
WELLS_FARGO,R-553776,Senior Premier Banker Grand Rapids MN,Risk and Compliance,Grand Rapids,MN,United States,unknown,Full time,2026-07-20 21:37:33.720175,2026-07-20 00:00:00,https://www.wellsfargojobs.com/en/jobs/r-553776/senior-premier-banker-grand-rapids-mn/
WELLS_FARGO,R-562042,Branch Manager North Vegas Valley,Risk and Compliance,Las Vegas,NV,United States,unknown,Full time,2026-07-20 21:37:33.781085,2026-07-17 00:00:00,https://www.wellsfargojobs.com/en/jobs/r-562042/branch-manager-north-vegas-valley/
WELLS_FARGO,R-554810,Senior Premier Banker Victoria North,Risk and Compliance,Victoria,TX,United States,unknown,Full time,2026-07-20 21:37:33.825996,2026-08-20 00:00:00,https://www.wellsfargojobs.com/en/jobs/r-554810/senior-premier-banker-victoria-north/
WELLS_FARGO,R-555555,Relationship Banker Johnson Tarrant County District,Risk and Compliance,Burleson,TX,United States,unknown,Full time,2026-07-20 21:37:33.863921,2026-07-20 00:00:00,https://www.wellsfargojobs.com/en/jobs/r-555555/relationship-banker-johnson-tarrant-county-district/
WELLS_FARGO,R-561993,Teller Part Time Powers And Constitution Colorado Springs,Risk and Compliance,Colorado Springs,CO,United States,unknown,Part time,2026-07-20 21:37:33.901556,2026-07-20 00:00:00,https://www.wellsfargojobs.com/en/jobs/r-561993/teller-part-time-powers-and-constitution-colorado-springs/
WELLS_FARGO,R-549049,GPL Technical Support Analyst,Risk and Compliance,Charlotte,NC,United States,unknown,Full time,2026-07-20 21:37:33.922685,2026-07-20 00:00:00,https://www.wellsfargojobs.com/en/jobs/r-549049/gpl-technical-support-analyst/
WELLS_FARGO,R-556781,Senior Premier Banker San Bruno,Risk and Compliance,San Bruno,CA,United States,unknown,Full time,2026-07-20 21:37:33.966902,2026-07-20 00:00:00,https://www.wellsfargojobs.com/en/jobs/r-556781/senior-premier-banker-san-bruno/
WELLS_FARGO,R-559255,Teller Part Time McAlpin Square,Risk and Compliance,Savannah,GA,United States,unknown,Part time,2026-07-20 21:37:33.993609,2026-07-20 00:00:00,https://www.wellsfargojobs.com/en/jobs/r-559255/teller-part-time-mcalpin-square/
WELLS_FARGO,R-561675,Private Mortgage Banker (SAFE) Austin,Risk and Compliance,Austin,TX,United States,unknown,Full time,2026-07-20 21:37:34.014379,2026-07-20 00:00:00,https://www.wellsfargojobs.com/en/jobs/r-561675/private-mortgage-banker-safe-austin/
WELLS_FARGO,R-561004,Branch Operations Manager Durango,Risk and Compliance,Durango,CO,United States,unknown,Full time,2026-07-20 21:37:34.040010,2026-07-20 00:00:00,https://www.wellsfargojobs.com/en/jobs/r-561004/branch-operations-manager-durango/
WELLS_FARGO,R-561117,Senior Business Banking Relationship Manager (LO),Risk and Compliance,Los Angeles,CA,United States,unknown,Full time,2026-07-20 21:37:34.062226,2026-07-20 00:00:00,https://www.wellsfargojobs.com/en/jobs/r-561117/senior-business-banking-relationship-manager-lo/
WELLS_FARGO,R-561581,Roving Personal Banker Summit District,Risk and Compliance,Frisco,CO,United States,unknown,Full time,2026-07-20 21:37:34.097332,2026-08-19 00:00:00,https://www.wellsfargojobs.com/en/jobs/r-561581/roving-personal-banker-summit-district/
WELLS_FARGO,R-552477,Principal Engineer,Risk and Compliance,Chandler,AZ,United States,unknown,Full time,2026-07-20 21:37:34.114573,2026-07-20 00:00:00,https://www.wellsfargojobs.com/en/jobs/r-552477/principal-engineer/
WELLS_FARGO,R-554748,"Senior Premier Banker Melissa, TX, DeNovo",Risk and Compliance,Melissa,TX,United States,unknown,Full time,2026-07-20 21:37:34.150574,2026-07-20 00:00:00,https://www.wellsfargojobs.com/en/jobs/r-554748/senior-premier-banker-melissa-tx-denovo/
WELLS_FARGO,R-556454,Personal Banker Southern Utah,Risk and Compliance,Saint George,UT,United States,unknown,Full time,2026-07-20 21:37:34.173735,2026-07-20 00:00:00,https://www.wellsfargojobs.com/en/jobs/r-556454/personal-banker-southern-utah/
WELLS_FARGO,R-561578,Senior Registered Client Associate,Risk and Compliance,Westlake,OH,United States,unknown,Full time,2026-07-20 21:37:34.189559,2026-07-20 00:00:00,https://www.wellsfargojobs.com/en/jobs/r-561578/senior-registered-client-associate/
WELLS_FARGO,R-561735,Personal Banker Cordova Bayou Pensacola FL,Risk and Compliance,Pensacola,FL,United States,unknown,Full time,2026-07-20 21:37:34.227791,2026-07-20 00:00:00,https://www.wellsfargojobs.com/en/jobs/r-561735/personal-banker-cordova-bayou-pensacola-fl/
WELLS_FARGO,R-555052,Senior Commercial Mortgage Loan Administration Specialist,Risk and Compliance,Chandler,AZ,United States,unknown,Full time,2026-07-20 21:37:34.241057,2026-07-20 00:00:00,https://www.wellsfargojobs.com/en/jobs/r-555052/senior-commercial-mortgage-loan-administration-specialist/
WELLS_FARGO,R-556716,Branch Manager West Panhandle District,Risk and Compliance,Fort Walton Beach,FL,United States,unknown,Full time,2026-07-20 21:37:34.265472,2026-07-20 00:00:00,https://www.wellsfargojobs.com/en/jobs/r-556716/branch-manager-west-panhandle-district/
WELLS_FARGO,R-547499,CA-WA Private Mortgage Banker (SAFE),Risk and Compliance,San Jose,CA,United States,unknown,Full time,2026-07-20 21:37:34.297005,2026-05-20 00:00:00,https://www.wellsfargojobs.com/en/jobs/r-547499/ca-wa-private-mortgage-banker-safe/
WELLS_FARGO,R-544582,Mortgage Loan Officer,Risk and Compliance,Lynnwood,WA,United States,unknown,Full time,2026-07-20 21:37:34.313709,2026-05-27 00:00:00,https://www.wellsfargojobs.com/en/jobs/r-544582/mortgage-loan-officer/
WELLS_FARGO,R-544593,Mortgage Loan Officer,Risk and Compliance,Vancouver,WA,United States,unknown,Full time,2026-07-20 21:37:34.349116,2026-05-27 00:00:00,https://www.wellsfargojobs.com/en/jobs/r-544593/mortgage-loan-officer/
WELLS_FARGO,R-550088,Private Mortgage Banker (SAFE),Risk and Compliance,Saint Louis,MO,United States,unknown,Full time,2026-07-20 21:37:34.365737,2026-06-03 00:00:00,https://www.wellsfargojobs.com/en/jobs/r-550088/private-mortgage-banker-safe/
WELLS_FARGO,R-554108,Community Mortgage Bank Sales Consultant (SAFE),Risk and Compliance,New Brunswick,NJ,United States,unknown,Full time,2026-07-20 21:37:34.381454,2026-06-18 00:00:00,https://www.wellsfargojobs.com/en/jobs/r-554108/community-mortgage-bank-sales-consultant-safe/
WELLS_FARGO,R-554049,Private Mortgage Banker (SAFE),Risk and Compliance,Chicago,IL,United States,unknown,Full time,2026-07-20 21:37:34.413088,2026-06-18 00:00:00,https://www.wellsfargojobs.com/en/jobs/r-554049/private-mortgage-banker-safe/
WELLS_FARGO,R-555243,Private Mortgage Banker,Risk and Compliance,Palm Desert,CA,United States,unknown,Full time,2026-07-20 21:37:34.440494,2026-06-22 00:00:00,https://www.wellsfargojobs.com/en/jobs/r-555243/private-mortgage-banker/
WELLS_FARGO,R-555138,Branch Manager Boulder,Risk and Compliance,Boulder,CO,United States,unknown,Full time,2026-07-20 21:37:34.453615,2026-06-23 00:00:00,https://www.wellsfargojobs.com/en/jobs/r-555138/branch-manager-boulder/
WELLS_FARGO,R-555736,2027 Commercial Banking Summer Internship – Early Careers (NY),Risk and Compliance,New York,NY,United States,unknown,Full time,2026-07-20 21:37:34.500840,2026-06-26 00:00:00,https://www.wellsfargojobs.com/en/jobs/r-555736/2027-commercial-banking-summer-internship-early-careers-ny/
WELLS_FARGO,R-555775,Senior Lead Wealth Management Banker (HNW / Executive Wealth Solutions) (SAFE),Risk and Compliance,Charlotte,NC,United States,unknown,Full time,2026-07-20 21:37:34.517492,2026-08-13 00:00:00,https://www.wellsfargojobs.com/en/jobs/r-555775/senior-lead-wealth-management-banker-hnw-executive-wealth-solutions-safe/
WELLS_FARGO,R-556146,Branch Manager North Central District,Risk and Compliance,Santa Fe,NM,United States,unknown,Full time,2026-07-20 21:37:34.557969,2026-06-26 00:00:00,https://www.wellsfargojobs.com/en/jobs/r-556146/branch-manager-north-central-district/
WELLS_FARGO,R-557136,Relationship Banker Central Valley,Risk and Compliance,Madera,CA,United States,unknown,Full time,2026-07-20 21:37:34.579492,2026-06-30 00:00:00,https://www.wellsfargojobs.com/en/jobs/r-557136/relationship-banker-central-valley/
WELLS_FARGO,R-556516,Senior Premier Banker,Risk and Compliance,Concord,CA,United States,unknown,Full time,2026-07-20 21:37:34.610435,2026-07-01 00:00:00,https://www.wellsfargojobs.com/en/jobs/r-556516/senior-premier-banker/
WELLS_FARGO,R-557667,"Analyst, Lending Committee Coordination & Reporting",Risk and Compliance,New York,NY,United States,unknown,Full time,2026-07-20 21:37:34.639609,2026-07-01 00:00:00,https://www.wellsfargojobs.com/en/jobs/r-557667/analyst-lending-committee-coordination-reporting/
WELLS_FARGO,R-554069,Teller Part Time Hatch,Risk and Compliance,Hatch,NM,United States,unknown,Part time,2026-07-20 21:37:34.661883,2026-07-01 00:00:00,https://www.wellsfargojobs.com/en/jobs/r-554069/teller-part-time-hatch/
WELLS_FARGO,R-557610,Teller South Logan,Risk and Compliance,Logan,UT,United States,unknown,Full time,2026-07-20 21:37:34.671883,2026-07-02 00:00:00,https://www.wellsfargojobs.com/en/jobs/r-557610/teller-south-logan/
WELLS_FARGO,R-557488,Teller Part Time Shiprock,Risk and Compliance,Shiprock,NM,United States,unknown,Part time,2026-07-20 21:37:34.703574,2026-07-02 00:00:00,https://www.wellsfargojobs.com/en/jobs/r-557488/teller-part-time-shiprock/
WELLS_FARGO,R-558033,Branch Manager Central Suburban,Risk and Compliance,Monticello,MN,United States,unknown,Full time,2026-07-20 21:37:34.736542,2026-07-02 00:00:00,https://www.wellsfargojobs.com/en/jobs/r-558033/branch-manager-central-suburban/
WELLS_FARGO,R-541448,"Vice President, Investment Banking - Power/Generation",Risk and Compliance,New York,NY,United States,unknown,Full time,2026-07-20 21:37:34.754721,2026-07-06 00:00:00,https://www.wellsfargojobs.com/en/jobs/r-541448/vice-president-investment-banking-power-generation/
WELLS_FARGO,R-558233,Business Banker (LO) Jupiter & Buckingham,Risk and Compliance,Garland,TX,United States,unknown,Full time,2026-07-20 21:37:34.766398,2026-07-06 00:00:00,https://www.wellsfargojobs.com/en/jobs/r-558233/business-banker-lo-jupiter-buckingham/
WELLS_FARGO,R-557904,Branch Manager - Beach and Valley District,Risk and Compliance,Aptos,CA,United States,unknown,Full time,2026-07-20 21:37:34.807041,2026-07-06 00:00:00,https://www.wellsfargojobs.com/en/jobs/r-557904/branch-manager-beach-and-valley-district/
WELLS_FARGO,R-558362,Personal Banker Glacier Valley,Risk and Compliance,Juneau,AK,United States,unknown,Full time,2026-07-20 21:37:34.829898,2026-08-19 00:00:00,https://www.wellsfargojobs.com/en/jobs/r-558362/personal-banker-glacier-valley/
WELLS_FARGO,R-533720,Lead Front Office Quant Developer - Modern C++,Risk and Compliance,Charlotte,NC,United States,unknown,Full time,2026-07-20 21:37:34.846518,2026-07-07 00:00:00,https://www.wellsfargojobs.com/en/jobs/r-533720/lead-front-office-quant-developer-modern-c/
WELLS_FARGO,R-558972,"Business Banker (LO) Happy Valley, OR",Risk and Compliance,Portland,OR,United States,unknown,Full time,2026-07-20 21:37:34.877188,2026-07-08 00:00:00,https://www.wellsfargojobs.com/en/jobs/r-558972/business-banker-lo-happy-valley-or/
WELLS_FARGO,R-559194,Personal Banker Greater Fredericksburg,Risk and Compliance,Warrenton,VA,United States,unknown,Full time,2026-07-20 21:37:34.899722,2026-07-08 00:00:00,https://www.wellsfargojobs.com/en/jobs/r-559194/personal-banker-greater-fredericksburg/
WELLS_FARGO,R-559270,Teller Saint George Utah,Risk and Compliance,Saint George,UT,United States,unknown,Full time,2026-07-20 21:37:34.909400,2026-07-08 00:00:00,https://www.wellsfargojobs.com/en/jobs/r-559270/teller-saint-george-utah/
WELLS_FARGO,R-559440,Teller Silver City,Risk and Compliance,Silver City,NM,United States,unknown,Full time,2026-07-20 21:37:34.938145,2026-07-09 00:00:00,https://www.wellsfargojobs.com/en/jobs/r-559440/teller-silver-city/
WELLS_FARGO,R-559414,Senior Commercial Banking Portfolio Manager,Risk and Compliance,Scottsdale,AZ,United States,unknown,Full time,2026-07-20 21:37:34.954487,2026-07-09 00:00:00,https://www.wellsfargojobs.com/en/jobs/r-559414/senior-commercial-banking-portfolio-manager/
WELLS_FARGO,R-559667,"Vice President, Lead Commercial Loan Closing Specialist",Risk and Compliance,Dallas,TX,United States,unknown,Full time,2026-07-20 21:37:34.990257,2026-07-09 00:00:00,https://www.wellsfargojobs.com/en/jobs/r-559667/vice-president-lead-commercial-loan-closing-specialist/
WELLS_FARGO,R-559428,Senior Premier Banker Countyline District,Risk and Compliance,Thousand Oaks,CA,United States,unknown,,2026-07-20 21:37:35.016112,2026-07-08 00:00:00,https://www.wellsfargojobs.com/en/jobs/r-559428/senior-premier-banker-countyline-district/
WELLS_FARGO,R-558786,Branch Manager San Tan Catalina District,Risk and Compliance,Gilbert,AZ,United States,unknown,Full time,2026-07-20 21:37:35.046511,2026-07-10 00:00:00,https://www.wellsfargojobs.com/en/jobs/r-558786/branch-manager-san-tan-catalina-district/
WELLS_FARGO,R-559208,Private Mortgage Banker (SAFE),Risk and Compliance,Omaha,NE,United States,unknown,Full time,2026-07-20 21:37:35.062605,2026-07-10 00:00:00,https://www.wellsfargojobs.com/en/jobs/r-559208/private-mortgage-banker-safe/
WELLS_FARGO,R-557617,Senior Premier Banker Riverdale,Risk and Compliance,Bronx,NY,United States,unknown,Full time,2026-07-20 21:37:35.094304,2026-07-08 00:00:00,https://www.wellsfargojobs.com/en/jobs/r-557617/senior-premier-banker-riverdale/
WELLS_FARGO,R-559209,Mortgage Retail Sales Consultant (SAFE),Risk and Compliance,Des Moines,IA,United States,unknown,Full time,2026-07-20 21:37:35.114630,2026-07-10 00:00:00,https://www.wellsfargojobs.com/en/jobs/r-559209/mortgage-retail-sales-consultant-safe/
WELLS_FARGO,R-559921,Private Mortgage Banker (SAFE),Risk and Compliance,Cockeysville,MD,United States,unknown,Full time,2026-07-20 21:37:35.125630,2026-07-13 00:00:00,https://www.wellsfargojobs.com/en/jobs/r-559921/private-mortgage-banker-safe/
WELLS_FARGO,R-559977,Private Mortgage Banker (SAFE),Risk and Compliance,Midlothian,VA,United States,unknown,Full time,2026-07-20 21:37:35.158137,2026-07-13 00:00:00,https://www.wellsfargojobs.com/en/jobs/r-559977/private-mortgage-banker-safe/
WELLS_FARGO,R-559875,Mortgage Retail Sales Consultant (SAFE),Risk and Compliance,Allentown,PA,United States,unknown,Full time,2026-07-20 21:37:35.180582,2026-07-13 00:00:00,https://www.wellsfargojobs.com/en/jobs/r-559875/mortgage-retail-sales-consultant-safe/
WELLS_FARGO,R-543120,Branch Manager Peninsula Gateway District,Risk and Compliance,Mountain View,CA,United States,unknown,Full time,2026-07-20 21:37:35.211741,2026-07-13 00:00:00,https://www.wellsfargojobs.com/en/jobs/r-543120/branch-manager-peninsula-gateway-district/
WELLS_FARGO,R-556487,Teller Part Time Ironwood,Risk and Compliance,Coeur D Alene,ID,United States,unknown,Part time,2026-07-20 21:37:35.233124,2026-07-13 00:00:00,https://www.wellsfargojobs.com/en/jobs/r-556487/teller-part-time-ironwood/
WELLS_FARGO,R-560346,Bilingual Spanish Personal Banker | 41st and Capitola,Risk and Compliance,Capitola,CA,United States,unknown,Full time,2026-07-20 21:37:35.249175,2026-07-13 00:00:00,https://www.wellsfargojobs.com/en/jobs/r-560346/bilingual-spanish-personal-banker-41st-and-capitola/
WELLS_FARGO,R-560007,Roving Banker North Dallas Suburban District,Risk and Compliance,Plano,TX,United States,unknown,Full time,2026-07-20 21:37:35.283030,2026-07-13 00:00:00,https://www.wellsfargojobs.com/en/jobs/r-560007/roving-banker-north-dallas-suburban-district/
WELLS_FARGO,R-559035,Bilingual Spanish Roving Personal Banker ROVING South East Metro,Risk and Compliance,Norcross,GA,United States,unknown,Full time,2026-07-20 21:37:35.315790,2026-07-13 00:00:00,https://www.wellsfargojobs.com/en/jobs/r-559035/bilingual-spanish-roving-personal-banker-roving-south-east-metro/
WELLS_FARGO,R-559411,Senior Premier Banker Moorpark,Risk and Compliance,Moorpark,CA,United States,unknown,Full time,2026-07-20 21:37:35.344943,2026-08-05 00:00:00,https://www.wellsfargojobs.com/en/jobs/r-559411/senior-premier-banker-moorpark/
WELLS_FARGO,R-559750,Teller Part Time Wenatchee,Risk and Compliance,Wenatchee,WA,United States,unknown,Part time,2026-07-20 21:37:35.369027,2026-07-13 00:00:00,https://www.wellsfargojobs.com/en/jobs/r-559750/teller-part-time-wenatchee/
WELLS_FARGO,R-560141,Teller Part Time Winslow,Risk and Compliance,Winslow,AZ,United States,unknown,Part time,2026-07-20 21:37:35.390805,2026-07-13 00:00:00,https://www.wellsfargojobs.com/en/jobs/r-560141/teller-part-time-winslow/
WELLS_FARGO,R-559079,Teller Bilingual Part Time New Irving Branch,Risk and Compliance,Irving,TX,United States,unknown,Part time,2026-07-20 21:37:35.408057,2026-07-13 00:00:00,https://www.wellsfargojobs.com/en/jobs/r-559079/teller-bilingual-part-time-new-irving-branch/
WELLS_FARGO,R-559254,Wealth Banking Specialist (SAFE),Risk and Compliance,Nashville,TN,United States,unknown,Full time,2026-07-20 21:37:35.441684,2026-07-14 00:00:00,https://www.wellsfargojobs.com/en/jobs/r-559254/wealth-banking-specialist-safe/
WELLS_FARGO,R-560360,Personal Banker 40 hours Flagstaff Main,Risk and Compliance,Flagstaff,AZ,United States,unknown,Full time,2026-07-20 21:37:35.472003,2026-07-14 00:00:00,https://www.wellsfargojobs.com/en/jobs/r-560360/personal-banker-40-hours-flagstaff-main/
WELLS_FARGO,R-553640,Senior Premier Banker Sequim,Risk and Compliance,Sequim,WA,United States,unknown,Full time,2026-07-20 21:37:35.500591,2026-07-14 00:00:00,https://www.wellsfargojobs.com/en/jobs/r-553640/senior-premier-banker-sequim/
WELLS_FARGO,R-555806,Senior  Premier Banker Mercer Island,Risk and Compliance,Mercer Island,WA,United States,unknown,Full time,2026-07-20 21:37:35.535080,2026-08-13 00:00:00,https://www.wellsfargojobs.com/en/jobs/r-555806/senior-premier-banker-mercer-island/
WELLS_FARGO,R-558882,Teller Part Time Indian Trace,Risk and Compliance,Weston,FL,United States,unknown,Part time,2026-07-20 21:37:35.553939,2026-07-14 00:00:00,https://www.wellsfargojobs.com/en/jobs/r-558882/teller-part-time-indian-trace/
WELLS_FARGO,R-559042,Fiduciary Advisory Director,Risk and Compliance,Dallas,TX,United States,unknown,Full time,2026-07-20 21:37:35.578720,2026-07-14 00:00:00,https://www.wellsfargojobs.com/en/jobs/r-559042/fiduciary-advisory-director/
WELLS_FARGO,R-559261,Senior Premier Banker - Laguna Beach,Risk and Compliance,Laguna Beach,CA,United States,unknown,Full time,2026-07-20 21:37:35.613435,2026-07-14 00:00:00,https://www.wellsfargojobs.com/en/jobs/r-559261/senior-premier-banker-laguna-beach/
WELLS_FARGO,R-524708,Field Compensation Product Strategy & Delivery Senior Manager,Risk and Compliance,Charlotte,NC,United States,unknown,Full time,2026-07-20 21:37:35.624435,2026-07-14 00:00:00,https://www.wellsfargojobs.com/en/jobs/r-524708/field-compensation-product-strategy-delivery-senior-manager/
WELLS_FARGO,R-560765,Senior Premier Banker Spring Twp Wyomissing,Risk and Compliance,Wyomissing,PA,United States,unknown,Full time,2026-07-20 21:37:35.656922,2026-08-21 00:00:00,https://www.wellsfargojobs.com/en/jobs/r-560765/senior-premier-banker-spring-twp-wyomissing/
WELLS_FARGO,R-557126,Lead Treasury Management Consultant,Risk and Compliance,Chicago,IL,United States,unknown,Full time,2026-07-20 21:37:35.672356,2026-08-17 00:00:00,https://www.wellsfargojobs.com/en/jobs/r-557126/lead-treasury-management-consultant/
WELLS_FARGO,R-560760,Teller Clifton Colorado,Risk and Compliance,Clifton,CO,United States,unknown,Full time,2026-07-20 21:37:35.708180,2026-07-15 00:00:00,https://www.wellsfargojobs.com/en/jobs/r-560760/teller-clifton-colorado/
WELLS_FARGO,R-560877,Personal Banker Parmer Ranch,Risk and Compliance,Georgetown,TX,United States,unknown,Full time,2026-07-20 21:37:35.720444,2026-07-14 00:00:00,https://www.wellsfargojobs.com/en/jobs/r-560877/personal-banker-parmer-ranch/
WELLS_FARGO,R-560880,"Personal Banker, Roy, UT",Risk and Compliance,Roy,UT,United States,unknown,Full time,2026-07-20 21:37:35.749712,2026-07-14 00:00:00,https://www.wellsfargojobs.com/en/jobs/r-560880/personal-banker-roy-ut/
WELLS_FARGO,R-553913,Teller Part Time Bilingual Centreville,Risk and Compliance,Centreville,VA,United States,unknown,Part time,2026-07-20 21:37:35.765506,2026-07-15 00:00:00,https://www.wellsfargojobs.com/en/jobs/r-553913/teller-part-time-bilingual-centreville/
WELLS_FARGO,R-559190,Personal Banker Farmington,Risk and Compliance,Farmington,UT,United States,unknown,Full time,2026-07-20 21:37:35.797118,2026-07-15 00:00:00,https://www.wellsfargojobs.com/en/jobs/r-559190/personal-banker-farmington/
WELLS_FARGO,R-560926,Branch Operations Coordinator | Civic Center,Risk and Compliance,San Francisco,CA,United States,unknown,Full time,2026-07-20 21:37:35.812969,2026-07-15 00:00:00,https://www.wellsfargojobs.com/en/jobs/r-560926/branch-operations-coordinator-civic-center/
WELLS_FARGO,R-557100,Relationship Banker Danbury Commerce Park,Risk and Compliance,Danbury,CT,United States,unknown,Full time,2026-07-20 21:37:35.845189,2026-07-15 00:00:00,https://www.wellsfargojobs.com/en/jobs/r-557100/relationship-banker-danbury-commerce-park/
WELLS_FARGO,R-561235,Senior Premier Banker Boerne,Risk and Compliance,Boerne,TX,United States,unknown,Full time,2026-07-20 21:37:35.875578,2026-07-16 00:00:00,https://www.wellsfargojobs.com/en/jobs/r-561235/senior-premier-banker-boerne/
WELLS_FARGO,R-556198,Teller Bilingual Edisto,Risk and Compliance,North Charleston,SC,United States,unknown,Full time,2026-07-20 21:37:35.890577,2026-07-14 00:00:00,https://www.wellsfargojobs.com/en/jobs/r-556198/teller-bilingual-edisto/
WELLS_FARGO,R-558676,Teller Prescott Valley,Risk and Compliance,Prescott Valley,AZ,United States,unknown,Full time,2026-07-20 21:37:35.919229,2026-07-07 00:00:00,https://www.wellsfargojobs.com/en/jobs/r-558676/teller-prescott-valley/
WELLS_FARGO,R-557805,Lead Merchant Product Sales Consultant - Franchise and Associations,Risk and Compliance,Irving,TX,United States,unknown,Full time,2026-07-20 21:37:35.949736,2026-07-16 00:00:00,https://www.wellsfargojobs.com/en/jobs/r-557805/lead-merchant-product-sales-consultant-franchise-and-associations/
WELLS_FARGO,R-559619,Data Center Security Shift Manager,Risk and Compliance,Garland,TX,United States,unknown,Full time,2026-07-20 21:37:35.966955,2026-07-16 00:00:00,https://www.wellsfargojobs.com/en/jobs/r-559619/data-center-security-shift-manager/
WELLS_FARGO,R-560884,Relationship Banker Reidville Road Moore SC,Risk and Compliance,Moore,SC,United States,unknown,Full time,2026-07-20 21:37:35.994993,2026-07-16 00:00:00,https://www.wellsfargojobs.com/en/jobs/r-560884/relationship-banker-reidville-road-moore-sc/
WELLS_FARGO,R-560733,Teller Part Time McKinney Towne Crossing,Risk and Compliance,Mckinney,TX,United States,unknown,Part time,2026-07-20 21:37:36.016502,2026-07-15 00:00:00,https://www.wellsfargojobs.com/en/jobs/r-560733/teller-part-time-mckinney-towne-crossing/
WELLS_FARGO,R-557268,Product Management Senior Manager,Risk and Compliance,Charlotte,NC,United States,unknown,Full time,2026-07-20 21:37:36.032843,2026-07-16 00:00:00,https://www.wellsfargojobs.com/en/jobs/r-557268/product-management-senior-manager/
WELLS_FARGO,R-551252,"Senior Premier Banker, Triangle Southwest District",Risk and Compliance,Cary,NC,United States,unknown,Full time,2026-07-20 21:37:36.065017,2026-07-16 00:00:00,https://www.wellsfargojobs.com/en/jobs/r-551252/senior-premier-banker-triangle-southwest-district/
WELLS_FARGO,R-560017,Personal Banker Indian Harbour Beach,Risk and Compliance,Indian Harbour Beach,FL,United States,unknown,Full time,2026-07-20 21:37:36.091016,2026-07-15 00:00:00,https://www.wellsfargojobs.com/en/jobs/r-560017/personal-banker-indian-harbour-beach/
WELLS_FARGO,R-551329,Personal Banker Bilingual- Springtown,Risk and Compliance,Springtown,TX,United States,unknown,Full time,2026-07-20 21:37:36.111646,2026-07-14 00:00:00,https://www.wellsfargojobs.com/en/jobs/r-551329/personal-banker-bilingual-springtown/
WELLS_FARGO,R-559164,Senior Premier Banker Dadeland Miami FL,Risk and Compliance,Miami,FL,United States,unknown,Full time,2026-07-20 21:37:36.139651,2026-07-15 00:00:00,https://www.wellsfargojobs.com/en/jobs/r-559164/senior-premier-banker-dadeland-miami-fl/
WELLS_FARGO,R-553044,Branch Manager Central Washington District,Risk and Compliance,Wenatchee,WA,United States,unknown,Full time,2026-07-20 21:37:36.156414,2026-07-15 00:00:00,https://www.wellsfargojobs.com/en/jobs/r-553044/branch-manager-central-washington-district/
WELLS_FARGO,R-560818,Personal Banker Olympic Towne Center,Risk and Compliance,Gig Harbor,WA,United States,unknown,Full time,2026-07-20 21:37:36.187874,2026-07-15 00:00:00,https://www.wellsfargojobs.com/en/jobs/r-560818/personal-banker-olympic-towne-center/
WELLS_FARGO,R-554138,Personal Banker,Risk and Compliance,San Luis Obispo,CA,United States,unknown,Full time,2026-07-20 21:37:36.214408,2026-07-17 00:00:00,https://www.wellsfargojobs.com/en/jobs/r-554138/personal-banker/
WELLS_FARGO,R-560596,Teller Chula Vista,Risk and Compliance,Chula Vista,CA,United States,unknown,Full time,2026-07-20 21:37:36.235460,2026-07-17 00:00:00,https://www.wellsfargojobs.com/en/jobs/r-560596/teller-chula-vista/
WELLS_FARGO,R-561096,Personal Banker West Irvington,Risk and Compliance,Irvington,NJ,United States,unknown,Full time,2026-07-20 21:37:36.251878,2026-07-17 00:00:00,https://www.wellsfargojobs.com/en/jobs/r-561096/personal-banker-west-irvington/
WELLS_FARGO,R-561181,Senior Secured Lending Underwriter,Risk and Compliance,Atlanta,GA,United States,unknown,Full time,2026-07-20 21:37:36.267403,2026-07-17 00:00:00,https://www.wellsfargojobs.com/en/jobs/r-561181/senior-secured-lending-underwriter/
WELLS_FARGO,R-561495,Branch Operations Coordinator - Billings Heights,Risk and Compliance,Billings,MT,United States,unknown,Full time,2026-07-20 21:37:36.299181,2026-07-17 00:00:00,https://www.wellsfargojobs.com/en/jobs/r-561495/branch-operations-coordinator-billings-heights/
WELLS_FARGO,R-561455,FiNet Division Support Manager,Risk and Compliance,Saint Louis,MO,United States,unknown,Full time,2026-07-20 21:37:36.318586,2026-07-17 00:00:00,https://www.wellsfargojobs.com/en/jobs/r-561455/finet-division-support-manager/
WELLS_FARGO,R-561451,Teller Part Time Burnet,Risk and Compliance,Burnet,TX,United States,unknown,Part time,2026-07-20 21:37:36.328584,2026-07-16 00:00:00,https://www.wellsfargojobs.com/en/jobs/r-561451/teller-part-time-burnet/
WELLS_FARGO,R-556423,Teller Part Time Bilingual Spanish Vancouver Mall,Risk and Compliance,Vancouver,WA,United States,unknown,Part time,2026-07-20 21:37:36.360691,2026-07-17 00:00:00,https://www.wellsfargojobs.com/en/jobs/r-556423/teller-part-time-bilingual-spanish-vancouver-mall/
WELLS_FARGO,R-560616,Commercial Loan Servicing Specialist,Operations,Irving,TX,United States,unknown,Full time,2026-07-20 21:37:36.385983,2026-07-17 00:00:00,https://www.wellsfargojobs.com/en/jobs/r-560616/commercial-loan-servicing-specialist/
WELLS_FARGO,R-561958,Personal Banker,Risk and Compliance,Northridge,CA,United States,unknown,Full time,2026-07-20 21:37:36.408324,2026-07-17 00:00:00,https://www.wellsfargojobs.com/en/jobs/r-561958/personal-banker/
WELLS_FARGO,R-560378,Market Credit Leader Manager - Central Region Centralized Credit Team,Risk and Compliance,Minneapolis,MN,United States,unknown,Full time,2026-07-20 21:37:36.433035,2026-07-17 00:00:00,https://www.wellsfargojobs.com/en/jobs/r-560378/market-credit-leader-manager-central-region-centralized-credit-team/
WELLS_FARGO,R-561156,Personal Banker Sumter Main,Risk and Compliance,Sumter,SC,United States,unknown,Full time,2026-07-20 21:37:36.457464,2026-07-16 00:00:00,https://www.wellsfargojobs.com/en/jobs/r-561156/personal-banker-sumter-main/
WELLS_FARGO,R-560339,Registered Client Associate,Risk and Compliance,Hagerstown,MD,United States,unknown,Full time,2026-07-20 21:37:36.478052,2026-08-10 00:00:00,https://www.wellsfargojobs.com/en/jobs/r-560339/registered-client-associate/
WELLS_FARGO,R-560235,Teller Bilingual Part Time North Sacramento,Risk and Compliance,Sacramento,CA,United States,unknown,Part time,2026-07-20 21:37:36.502993,2026-07-15 00:00:00,https://www.wellsfargojobs.com/en/jobs/r-560235/teller-bilingual-part-time-north-sacramento/
WELLS_FARGO,R-561432,Teller Part Time Lewis Plaza,Risk and Compliance,Greenville,SC,United States,unknown,Part time,2026-07-20 21:37:36.526918,2026-07-17 00:00:00,https://www.wellsfargojobs.com/en/jobs/r-561432/teller-part-time-lewis-plaza/
WELLS_FARGO,R-554040,Personal Banker Oakhurst,Risk and Compliance,Seminole,FL,United States,unknown,Full time,2026-07-20 21:37:36.549169,2026-07-17 00:00:00,https://www.wellsfargojobs.com/en/jobs/r-554040/personal-banker-oakhurst/
WELLS_FARGO,R-558279,Branch Operations Coordinator Willis,Risk and Compliance,Willis,TX,United States,unknown,Full time,2026-07-20 21:37:36.567555,2026-07-17 00:00:00,https://www.wellsfargojobs.com/en/jobs/r-558279/branch-operations-coordinator-willis/
WELLS_FARGO,R-561559,Personal Banker roving Southern Monmouth District,Risk and Compliance,Neptune,NJ,United States,unknown,Full time,2026-07-20 21:37:36.591898,2026-07-17 00:00:00,https://www.wellsfargojobs.com/en/jobs/r-561559/personal-banker-roving-southern-monmouth-district/
WELLS_FARGO,R-560799,Senior Lead Wealth Custom Credit Banker,Sales and Relationship Management,Philadelphia,PA,United States,unknown,,2026-07-20 21:37:36.608593,2026-08-19 00:00:00,https://www.wellsfargojobs.com/en/jobs/r-560799/senior-lead-wealth-custom-credit-banker/
WELLS_FARGO,R-559501,Senior AI Lead Data Management Analyst -,Risk and Compliance,Charlotte,NC,United States,unknown,Full time,2026-07-20 21:37:36.636727,2026-07-17 00:00:00,https://www.wellsfargojobs.com/en/jobs/r-559501/senior-ai-lead-data-management-analyst/
WELLS_FARGO,R-558679,Senior Analytics Consultant - Auto Pricing,Risk and Compliance,Charlotte,NC,United States,unknown,Full time,2026-07-20 21:37:36.655942,2026-07-17 00:00:00,https://www.wellsfargojobs.com/en/jobs/r-558679/senior-analytics-consultant-auto-pricing/
WELLS_FARGO,R-560826,Markets FP&A Senior Financial Planning Analyst,Risk and Compliance,Charlotte,NC,United States,unknown,Full time,2026-07-20 21:37:36.671677,2026-07-17 00:00:00,https://www.wellsfargojobs.com/en/jobs/r-560826/markets-fp-a-senior-financial-planning-analyst/
WELLS_FARGO,R-552706,Personal Banker Walnut Park,Risk and Compliance,Portland,OR,United States,unknown,Full time,2026-07-20 21:37:36.703271,2026-07-20 00:00:00,https://www.wellsfargojobs.com/en/jobs/r-552706/personal-banker-walnut-park/
WELLS_FARGO,R-559821,Branch Operations Coordinator Jamestown,Risk and Compliance,Jamestown,ND,United States,unknown,Full time,2026-07-20 21:37:36.719809,2026-08-13 00:00:00,https://www.wellsfargojobs.com/en/jobs/r-559821/branch-operations-coordinator-jamestown/
WELLS_FARGO,R-560407,Lead Systems Operations Engineer,Risk and Compliance,Iselin,NJ,United States,unknown,Full time,2026-07-20 21:37:36.741634,2026-07-20 00:00:00,https://www.wellsfargojobs.com/en/jobs/r-560407/lead-systems-operations-engineer/
WELLS_FARGO,R-561539,Registered Client Associate,Risk and Compliance,Ponte Vedra Beach,FL,United States,unknown,Full time,2026-07-20 21:37:36.759857,2026-07-20 00:00:00,https://www.wellsfargojobs.com/en/jobs/r-561539/registered-client-associate/
WELLS_FARGO,R-545680,Senior Wealth Banking Specialist (SAFE),Risk and Compliance,Walnut Creek,CA,United States,unknown,Full time,2026-07-20 21:37:36.782342,2026-08-17 00:00:00,https://www.wellsfargojobs.com/en/jobs/r-545680/senior-wealth-banking-specialist-safe/
WELLS_FARGO,R-556180,Platform Technical Director – Wealth & Investment Technology,Risk and Compliance,Charlotte,NC,United States,unknown,Full time,2026-07-20 21:37:36.797486,2026-08-06 00:00:00,https://www.wellsfargojobs.com/en/jobs/r-556180/platform-technical-director-wealth-investment-technology/
WELLS_FARGO,R-555689,Senior Branch Premier Banker Chapel Hill University,Risk and Compliance,Chapel Hill,NC,United States,unknown,Full time,2026-07-20 21:37:36.829264,2026-07-20 00:00:00,https://www.wellsfargojobs.com/en/jobs/r-555689/senior-branch-premier-banker-chapel-hill-university/
WELLS_FARGO,R-549641,Teller Part Time North Boca,Risk and Compliance,Boca Raton,FL,United States,unknown,Part time,2026-07-20 21:37:36.845054,2026-07-20 00:00:00,https://www.wellsfargojobs.com/en/jobs/r-549641/teller-part-time-north-boca/
WELLS_FARGO,R-561876,Branch Operations Manager Woodrow Bean,Risk and Compliance,El Paso,TX,United States,unknown,Full time,2026-07-20 21:37:36.881725,2026-07-20 00:00:00,https://www.wellsfargojobs.com/en/jobs/r-561876/branch-operations-manager-woodrow-bean/
WELLS_FARGO,R-555113,Teller Brighton,Risk and Compliance,Salt Lake City,UT,United States,unknown,Full time,2026-07-20 21:37:36.906223,2026-07-20 00:00:00,https://www.wellsfargojobs.com/en/jobs/r-555113/teller-brighton/
WELLS_FARGO,R-561673,Teller Van Nuys,Risk and Compliance,Van Nuys,CA,United States,unknown,Full time,2026-07-20 21:37:36.929256,2026-07-20 00:00:00,https://www.wellsfargojobs.com/en/jobs/r-561673/teller-van-nuys/
WELLS_FARGO,R-560588,"Principal Engineer – ICMP & IDOCS Platform Solution Lead (Enterprise Content Management, Java Platform Engineering & AI-Enabled Document Services)",Cloud and Infrastructure,Charlotte,NC,United States,unknown,Full time,2026-07-20 21:37:36.955615,2026-07-20 00:00:00,https://www.wellsfargojobs.com/en/jobs/r-560588/principal-engineer-icmp-idocs-platform-solution-lead-enterprise-content-management-java-platform-engineering-ai-enabled-document-services/
WELLS_FARGO,R-562236,Branch Operations Coordinator Tribeca DeNovo,Risk and Compliance,New York,NY,United States,unknown,Full time,2026-07-20 21:37:36.979332,2026-07-20 00:00:00,https://www.wellsfargojobs.com/en/jobs/r-562236/branch-operations-coordinator-tribeca-denovo/
WELLS_FARGO,R-550286,Personal Banker Broadway & Dey Street DeNovo,Risk and Compliance,New York,NY,United States,unknown,Full time,2026-07-20 21:37:37.007429,2026-07-20 00:00:00,https://www.wellsfargojobs.com/en/jobs/r-550286/personal-banker-broadway-dey-street-denovo/
WELLS_FARGO,R-555701,Senior Premier Banker Lighthouse Point,Risk and Compliance,Lighthouse Point,FL,United States,unknown,Full time,2026-07-20 21:37:37.033539,2026-07-20 00:00:00,https://www.wellsfargojobs.com/en/jobs/r-555701/senior-premier-banker-lighthouse-point/
WELLS_FARGO,R-561249,Premier Banker Cypress,Risk and Compliance,Houston,TX,United States,unknown,Full time,2026-07-20 21:37:37.048827,2026-07-20 00:00:00,https://www.wellsfargojobs.com/en/jobs/r-561249/premier-banker-cypress/
WELLS_FARGO,R-540638,Private Mortgage Banker (SAFE),Risk and Compliance,Short Hills,NJ,United States,unknown,Full time,2026-07-20 21:37:37.079633,2026-07-31 00:00:00,https://www.wellsfargojobs.com/en/jobs/r-540638/private-mortgage-banker-safe/
WELLS_FARGO,R-547561,CA-WA Private Mortgage Banker (SAFE),Risk and Compliance,San Jose,CA,United States,unknown,Full time,2026-07-20 21:37:37.095572,2026-05-20 00:00:00,https://www.wellsfargojobs.com/en/jobs/r-547561/ca-wa-private-mortgage-banker-safe/
WELLS_FARGO,R-547527,CA-WA Private Mortgage Banker (SAFE),Risk and Compliance,San Jose,CA,United States,unknown,Full time,2026-07-20 21:37:37.112444,2026-05-20 00:00:00,https://www.wellsfargojobs.com/en/jobs/r-547527/ca-wa-private-mortgage-banker-safe/
WELLS_FARGO,R-530473,Lead Commercial Banking Relationship Manager,Sales and Relationship Management,Cincinnati,OH,United States,unknown,Full time,2026-07-20 21:37:37.143110,2026-05-28 00:00:00,https://www.wellsfargojobs.com/en/jobs/r-530473/lead-commercial-banking-relationship-manager/
WELLS_FARGO,R-555250,Community Mortgage Bank Sales Consultant,Risk and Compliance,Chula Vista,CA,United States,unknown,Full time,2026-07-20 21:37:37.166650,2026-06-22 00:00:00,https://www.wellsfargojobs.com/en/jobs/r-555250/community-mortgage-bank-sales-consultant/
WELLS_FARGO,R-555428,Senior Business Relationship Manager (LO) Orlando,Risk and Compliance,Orlando,FL,United States,unknown,Full time,2026-07-20 21:37:37.172650,2026-06-24 00:00:00,https://www.wellsfargojobs.com/en/jobs/r-555428/senior-business-relationship-manager-lo-orlando/
WELLS_FARGO,R-555912,Mortgage Retail Sales Consultant (SAFE) Houston,Risk and Compliance,Houston,TX,United States,unknown,,2026-07-20 21:37:37.204411,2026-06-24 00:00:00,https://www.wellsfargojobs.com/en/jobs/r-555912/mortgage-retail-sales-consultant-safe-houston/
WELLS_FARGO,R-554475,CA-WA Private Mortgage Banker (SAFE),Risk and Compliance,Irvine,CA,United States,unknown,Full time,2026-07-20 21:37:37.220106,2026-06-25 00:00:00,https://www.wellsfargojobs.com/en/jobs/r-554475/ca-wa-private-mortgage-banker-safe/
WELLS_FARGO,R-556223,Private Mortgage Banker,Risk and Compliance,Charlotte,NC,United States,unknown,Full time,2026-07-20 21:37:37.244900,2026-06-25 00:00:00,https://www.wellsfargojobs.com/en/jobs/r-556223/private-mortgage-banker/
WELLS_FARGO,R-556226,Private Mortgage Banker,Risk and Compliance,Roswell,GA,United States,unknown,Full time,2026-07-20 21:37:37.252575,2026-06-25 00:00:00,https://www.wellsfargojobs.com/en/jobs/r-556226/private-mortgage-banker/
WELLS_FARGO,R-555489,2027 Global Payments & Liquidity Internship – Early Careers,Risk and Compliance,Charlotte,NC,United States,unknown,Full time,2026-07-20 21:37:37.297483,2026-08-07 00:00:00,https://www.wellsfargojobs.com/en/jobs/r-555489/2027-global-payments-liquidity-internship-early-careers/
WELLS_FARGO,R-555721,2027 Commercial Banking Summer Internship – Early Careers (CA/CO),Risk and Compliance,Los Angeles,CA,United States,unknown,Full time,2026-07-20 21:37:37.329042,2026-06-26 00:00:00,https://www.wellsfargojobs.com/en/jobs/r-555721/2027-commercial-banking-summer-internship-early-careers-ca-co/
WELLS_FARGO,R-556364,Senior Premier Banker North Central Georgia District,Risk and Compliance,Snellville,GA,United States,unknown,Full time,2026-07-20 21:37:37.356582,2026-06-26 00:00:00,https://www.wellsfargojobs.com/en/jobs/r-556364/senior-premier-banker-north-central-georgia-district/
WELLS_FARGO,R-552099,Teller Skagway AK,Risk and Compliance,Skagway,AK,United States,unknown,Full time,2026-07-20 21:37:37.380579,2026-06-30 00:00:00,https://www.wellsfargojobs.com/en/jobs/r-552099/teller-skagway-ak/
WELLS_FARGO,R-555292,Relationship Banker Palmetto District,Risk and Compliance,Cayce,SC,United States,unknown,Full time,2026-07-20 21:37:37.408900,2026-06-29 00:00:00,https://www.wellsfargojobs.com/en/jobs/r-555292/relationship-banker-palmetto-district/
WELLS_FARGO,R-556830,Person Banker- Central & South Dallas,Risk and Compliance,Dallas,TX,United States,unknown,Full time,2026-07-20 21:37:37.429952,2026-06-29 00:00:00,https://www.wellsfargojobs.com/en/jobs/r-556830/person-banker-central-south-dallas/
WELLS_FARGO,R-556501,Senior Premier Banker Southern Sacramento Valley,Risk and Compliance,Elk Grove,CA,United States,unknown,Full time,2026-07-20 21:37:37.456139,2026-06-26 00:00:00,https://www.wellsfargojobs.com/en/jobs/r-556501/senior-premier-banker-southern-sacramento-valley/
WELLS_FARGO,R-557154,Senior Premier Banker Mid-Peninsula District,Risk and Compliance,Belmont,CA,United States,unknown,Full time,2026-07-20 21:37:37.494654,2026-06-30 00:00:00,https://www.wellsfargojobs.com/en/jobs/r-557154/senior-premier-banker-mid-peninsula-district/
WELLS_FARGO,R-557352,Branch Manager Soundview District,Risk and Compliance,Sequim,WA,United States,unknown,Full time,2026-07-20 21:37:37.518294,2026-08-07 00:00:00,https://www.wellsfargojobs.com/en/jobs/r-557352/branch-manager-soundview-district/
WELLS_FARGO,R-554432,Teller Part Time North Auburn,Risk and Compliance,Auburn,CA,United States,unknown,Part time,2026-07-20 21:37:37.547635,2026-07-01 00:00:00,https://www.wellsfargojobs.com/en/jobs/r-554432/teller-part-time-north-auburn/
WELLS_FARGO,R-557371,Teller Union Square Lakewood,Risk and Compliance,Lakewood,CO,United States,unknown,Full time,2026-07-20 21:37:37.563944,2026-07-02 00:00:00,https://www.wellsfargojobs.com/en/jobs/r-557371/teller-union-square-lakewood/
WELLS_FARGO,R-557967,Relationship Banker East Bay Ridge,Risk and Compliance,Orinda,CA,United States,unknown,Full time,2026-07-20 21:37:37.595204,2026-07-02 00:00:00,https://www.wellsfargojobs.com/en/jobs/r-557967/relationship-banker-east-bay-ridge/
WELLS_FARGO,R-558197,Senior Premier Banker North San Diego District,Risk and Compliance,San Marcos,CA,United States,unknown,Full time,2026-07-20 21:37:37.634414,2026-07-03 00:00:00,https://www.wellsfargojobs.com/en/jobs/r-558197/senior-premier-banker-north-san-diego-district/
WELLS_FARGO,R-558229,Personal Banker Pierre,Risk and Compliance,Pierre,SD,United States,unknown,Full time,2026-07-20 21:37:37.657618,2026-07-03 00:00:00,https://www.wellsfargojobs.com/en/jobs/r-558229/personal-banker-pierre/
WELLS_FARGO,R-558268,Senior Premier Banker North East Georgia District,Risk and Compliance,Gainesville,GA,United States,unknown,Full time,2026-07-20 21:37:37.672622,2026-07-03 00:00:00,https://www.wellsfargojobs.com/en/jobs/r-558268/senior-premier-banker-north-east-georgia-district/
WELLS_FARGO,R-558042,Teller Part Time Bilingual Sequoia Branch,Risk and Compliance,Albuquerque,NM,United States,unknown,Part time,2026-07-20 21:37:37.708758,2026-07-31 00:00:00,https://www.wellsfargojobs.com/en/jobs/r-558042/teller-part-time-bilingual-sequoia-branch/
WELLS_FARGO,R-559120,Senior Premier Banker York Lancaster PA District,Risk and Compliance,Lancaster,PA,United States,unknown,,2026-07-20 21:37:37.734432,2026-07-07 00:00:00,https://www.wellsfargojobs.com/en/jobs/r-559120/senior-premier-banker-york-lancaster-pa-district/
WELLS_FARGO,R-559161,Personal Banker Foothills District,Risk and Compliance,Greenville,SC,United States,unknown,Full time,2026-07-20 21:37:37.757238,2026-07-07 00:00:00,https://www.wellsfargojobs.com/en/jobs/r-559161/personal-banker-foothills-district/
WELLS_FARGO,R-538237,Private Mortgage Banker (SAFE),Risk and Compliance,New York,NY,United States,unknown,Full time,2026-07-20 21:37:37.766500,2026-07-31 00:00:00,https://www.wellsfargojobs.com/en/jobs/r-538237/private-mortgage-banker-safe/
WELLS_FARGO,R-551806,Vice President - Lead Commercial Real Estate Portfolio Manager,Risk and Compliance,Irvine,CA,United States,unknown,Full time,2026-07-20 21:37:37.797366,2026-08-13 00:00:00,https://www.wellsfargojobs.com/en/jobs/r-551806/vice-president-lead-commercial-real-estate-portfolio-manager/
WELLS_FARGO,R-559476,Lead Information Security Engineer (#002247),Cybersecurity,Minneapolis,MN,United States,unknown,Full time,2026-07-20 21:37:37.813213,2026-07-09 00:00:00,https://www.wellsfargojobs.com/en/jobs/r-559476/lead-information-security-engineer-002247/
WELLS_FARGO,R-558968,Branch Manager Southern Utah District,Risk and Compliance,Saint George,UT,United States,unknown,Full time,2026-07-20 21:37:37.843248,2026-08-08 00:00:00,https://www.wellsfargojobs.com/en/jobs/r-558968/branch-manager-southern-utah-district/
WELLS_FARGO,R-532054,Senior Lead Wealth Underwriter - LSG,Risk and Compliance,San Francisco,CA,United States,unknown,Full time,2026-07-20 21:37:37.869482,2026-07-10 00:00:00,https://www.wellsfargojobs.com/en/jobs/r-532054/senior-lead-wealth-underwriter-lsg/
WELLS_FARGO,R-559128,Personal Banker Burnsville,Risk and Compliance,Burnsville,NC,United States,unknown,Full time,2026-07-20 21:37:37.892605,2026-07-10 00:00:00,https://www.wellsfargojobs.com/en/jobs/r-559128/personal-banker-burnsville/
WELLS_FARGO,R-556037,Branch Operations Coordinator Comfort,Risk and Compliance,Comfort,TX,United States,unknown,Full time,2026-07-20 21:37:37.909733,2026-07-10 00:00:00,https://www.wellsfargojobs.com/en/jobs/r-556037/branch-operations-coordinator-comfort/
WELLS_FARGO,R-559967,Personal Banker Greater Vine Yountville Santa Rosa CA,Risk and Compliance,Yountville,CA,United States,unknown,Full time,2026-07-20 21:37:37.937271,2026-07-12 00:00:00,https://www.wellsfargojobs.com/en/jobs/r-559967/personal-banker-greater-vine-yountville-santa-rosa-ca/
WELLS_FARGO,R-559961,Mortgage Retail Sales Consultant (SAFE),Risk and Compliance,Chesterfield,VA,United States,unknown,Full time,2026-07-20 21:37:37.958785,2026-07-13 00:00:00,https://www.wellsfargojobs.com/en/jobs/r-559961/mortgage-retail-sales-consultant-safe/
WELLS_FARGO,R-560004,Mortgage Retail Sales Coordinator (SAFE),Risk and Compliance,Plymouth Meeting,PA,United States,unknown,Full time,2026-07-20 21:37:37.964762,2026-07-13 00:00:00,https://www.wellsfargojobs.com/en/jobs/r-560004/mortgage-retail-sales-coordinator-safe/
WELLS_FARGO,R-560257,"Branch Manager - Fairfax Central District, VA",Risk and Compliance,Springfield,VA,United States,unknown,Full time,2026-07-20 21:37:37.996555,2026-07-13 00:00:00,https://www.wellsfargojobs.com/en/jobs/r-560257/branch-manager-fairfax-central-district-va/
WELLS_FARGO,R-559724,"Business Banker (LO) Pensacola, FL",Risk and Compliance,Pensacola,FL,United States,unknown,Full time,2026-07-20 21:37:38.030228,2026-08-12 00:00:00,https://www.wellsfargojobs.com/en/jobs/r-559724/business-banker-lo-pensacola-fl/
WELLS_FARGO,R-559980,Private Mortgage Banker (SAFE),Risk and Compliance,Virginia Beach,VA,United States,unknown,Full time,2026-07-20 21:37:38.053503,2026-07-13 00:00:00,https://www.wellsfargojobs.com/en/jobs/r-559980/private-mortgage-banker-safe/
WELLS_FARGO,R-559710,Community Mortgage Bank Sales Consultant (SAFE),Risk and Compliance,Allentown,PA,United States,unknown,Full time,2026-07-20 21:37:38.064830,2026-07-13 00:00:00,https://www.wellsfargojobs.com/en/jobs/r-559710/community-mortgage-bank-sales-consultant-safe/
WELLS_FARGO,R-559872,Mortgage Retail Sales Consultant (SAFE),Risk and Compliance,Levittown,PA,United States,unknown,Full time,2026-07-20 21:37:38.080543,2026-07-13 00:00:00,https://www.wellsfargojobs.com/en/jobs/r-559872/mortgage-retail-sales-consultant-safe/
WELLS_FARGO,R-554260,Credit Services Technology Delivery Lead,Risk and Compliance,Chandler,AZ,United States,unknown,Full time,2026-07-20 21:37:38.110084,2026-07-13 00:00:00,https://www.wellsfargojobs.com/en/jobs/r-554260/credit-services-technology-delivery-lead/
WELLS_FARGO,R-540359,Lead Systems Operations Engineer,Cloud and Infrastructure,Charlotte,NC,United States,unknown,Full time,2026-07-20 21:37:38.128773,2026-07-13 00:00:00,https://www.wellsfargojobs.com/en/jobs/r-540359/lead-systems-operations-engineer/
WELLS_FARGO,R-559797,"Business Banker (LO) Palmetto, FL",Risk and Compliance,Palmetto,FL,United States,unknown,Full time,2026-07-20 21:37:38.158089,2026-07-13 00:00:00,https://www.wellsfargojobs.com/en/jobs/r-559797/business-banker-lo-palmetto-fl/
WELLS_FARGO,R-559418,"Business Banker (LO) El Cajon, CA",Risk and Compliance,El Cajon,CA,United States,unknown,Full time,2026-07-20 21:37:38.183269,2026-07-13 00:00:00,https://www.wellsfargojobs.com/en/jobs/r-559418/business-banker-lo-el-cajon-ca/
WELLS_FARGO,R-558493,Associate Customer Service Representative Everyday Banking,Risk and Compliance,Roanoke,VA,United States,unknown,Full time,2026-07-20 21:37:38.205386,2026-07-13 00:00:00,https://www.wellsfargojobs.com/en/jobs/r-558493/associate-customer-service-representative-everyday-banking/
WELLS_FARGO,R-548922,Senior Premier Banker Waterford Plaza Branch,Risk and Compliance,San Jose,CA,United States,unknown,Full time,2026-07-20 21:37:38.234649,2026-07-13 00:00:00,https://www.wellsfargojobs.com/en/jobs/r-548922/senior-premier-banker-waterford-plaza-branch/
WELLS_FARGO,R-560454,Home Mortgage Consultant (SAFE),Risk and Compliance,New York,NY,United States,unknown,,2026-07-20 21:37:38.251115,2026-07-31 00:00:00,https://www.wellsfargojobs.com/en/jobs/r-560454/home-mortgage-consultant-safe/
WELLS_FARGO,R-560493,Branch Manager - Prince William North - Virginia,Risk and Compliance,Manassas,VA,United States,unknown,Full time,2026-07-20 21:37:38.282012,2026-07-13 00:00:00,https://www.wellsfargojobs.com/en/jobs/r-560493/branch-manager-prince-william-north-virginia/
WELLS_FARGO,R-559406,Senior Premier Banker Thousand Oaks,Risk and Compliance,Thousand Oaks,CA,United States,unknown,Full time,2026-07-20 21:37:38.314916,2026-08-17 00:00:00,https://www.wellsfargojobs.com/en/jobs/r-559406/senior-premier-banker-thousand-oaks/
WELLS_FARGO,R-560527,Beach and Valley District | Personal Banker,Risk and Compliance,Capitola,CA,United States,unknown,Full time,2026-07-20 21:37:38.345682,2026-07-13 00:00:00,https://www.wellsfargojobs.com/en/jobs/r-560527/beach-and-valley-district-personal-banker/
WELLS_FARGO,R-560559,Golden Gate Financial District | Teller,Risk and Compliance,San Francisco,CA,United States,unknown,Full time,2026-07-20 21:37:38.377151,2026-07-13 00:00:00,https://www.wellsfargojobs.com/en/jobs/r-560559/golden-gate-financial-district-teller/
WELLS_FARGO,R-557362,Personal Banker,Risk and Compliance,Morro Bay,CA,United States,unknown,Full time,2026-07-20 21:37:38.399254,2026-07-13 00:00:00,https://www.wellsfargojobs.com/en/jobs/r-557362/personal-banker/
WELLS_FARGO,R-559383,Senior Premier Banker Central Bend OR,Risk and Compliance,Bend,OR,United States,unknown,Full time,2026-07-20 21:37:38.421855,2026-07-14 00:00:00,https://www.wellsfargojobs.com/en/jobs/r-559383/senior-premier-banker-central-bend-or/
WELLS_FARGO,R-559408,"Business Banker (LO) Berkeley, CA",Risk and Compliance,Berkeley,CA,United States,unknown,Full time,2026-07-20 21:37:38.447374,2026-07-14 00:00:00,https://www.wellsfargojobs.com/en/jobs/r-559408/business-banker-lo-berkeley-ca/
WELLS_FARGO,R-560068,Branch Manager Tri County District,Risk and Compliance,Livingston,NJ,United States,unknown,Full time,2026-07-20 21:37:38.484124,2026-08-17 00:00:00,https://www.wellsfargojobs.com/en/jobs/r-560068/branch-manager-tri-county-district/
WELLS_FARGO,R-551543,Senior Business Banking Relationship Manager (LO),Risk and Compliance,Miami,FL,United States,unknown,Full time,2026-07-20 21:37:38.500881,2026-07-14 00:00:00,https://www.wellsfargojobs.com/en/jobs/r-551543/senior-business-banking-relationship-manager-lo/
WELLS_FARGO,R-557369,Personal Banker Downtown OC District,Risk and Compliance,Santa Ana,CA,United States,unknown,Full time,2026-07-20 21:37:38.517181,2026-07-14 00:00:00,https://www.wellsfargojobs.com/en/jobs/r-557369/personal-banker-downtown-oc-district/
WELLS_FARGO,R-556609,Teller 20 Hour- Bilingual Carrier & I-20,Risk and Compliance,Grand Prairie,TX,United States,unknown,Part time,2026-07-20 21:37:38.548704,2026-07-14 00:00:00,https://www.wellsfargojobs.com/en/jobs/r-556609/teller-20-hour-bilingual-carrier-i-20/
WELLS_FARGO,R-557188,Personal Banker Centerville,Risk and Compliance,Centerville,TX,United States,unknown,Full time,2026-07-20 21:37:38.574471,2026-07-14 00:00:00,https://www.wellsfargojobs.com/en/jobs/r-557188/personal-banker-centerville/
WELLS_FARGO,R-550039,Teller Part Time Bell,Risk and Compliance,Bell,CA,United States,unknown,Part time,2026-07-20 21:37:38.596472,2026-07-14 00:00:00,https://www.wellsfargojobs.com/en/jobs/r-550039/teller-part-time-bell/
WELLS_FARGO,R-557109,Personal Banker Thornwood,Risk and Compliance,Thornwood,NY,United States,unknown,Full time,2026-07-20 21:37:38.619777,2026-07-14 00:00:00,https://www.wellsfargojobs.com/en/jobs/r-557109/personal-banker-thornwood/
WELLS_FARGO,R-560899,Roving Personal Banker Delta Breeze District,Risk and Compliance,Antioch,CA,United States,unknown,Full time,2026-07-20 21:37:38.631250,2026-07-14 00:00:00,https://www.wellsfargojobs.com/en/jobs/r-560899/roving-personal-banker-delta-breeze-district/
WELLS_FARGO,R-560991,Credit Risk Specialist,Risk and Compliance,Charlotte,NC,United States,unknown,Full time,2026-07-20 21:37:38.663643,2026-07-14 00:00:00,https://www.wellsfargojobs.com/en/jobs/r-560991/credit-risk-specialist/
WELLS_FARGO,R-560914,Personal Banker (SAFE) - West Olympia,Risk and Compliance,Olympia,WA,United States,unknown,Full time,2026-07-20 21:37:38.694524,2026-07-15 00:00:00,https://www.wellsfargojobs.com/en/jobs/r-560914/personal-banker-safe-west-olympia/
WELLS_FARGO,R-554578,Senior Premier Banker Somerset,Risk and Compliance,Somerset,NJ,United States,unknown,Full time,2026-07-20 21:37:38.726455,2026-07-15 00:00:00,https://www.wellsfargojobs.com/en/jobs/r-554578/senior-premier-banker-somerset/
WELLS_FARGO,R-561012,Teller Part Time Murray Utah,Risk and Compliance,Murray,UT,United States,unknown,Part time,2026-07-20 21:37:38.742098,2026-07-15 00:00:00,https://www.wellsfargojobs.com/en/jobs/r-561012/teller-part-time-murray-utah/
WELLS_FARGO,R-561013,Teller Geneva Orem Utah,Risk and Compliance,Orem,UT,United States,unknown,Full time,2026-07-20 21:37:38.774335,2026-07-15 00:00:00,https://www.wellsfargojobs.com/en/jobs/r-561013/teller-geneva-orem-utah/
WELLS_FARGO,R-561258,Teller - Jackson - Up to 40hrs,Risk and Compliance,Jackson,WY,United States,unknown,Full time,2026-07-20 21:37:38.797006,2026-07-15 00:00:00,https://www.wellsfargojobs.com/en/jobs/r-561258/teller-jackson-up-to-40hrs/
WELLS_FARGO,R-553659,Branch Manager Northern Alaska,Risk and Compliance,Fairbanks,AK,United States,unknown,Full time,2026-07-20 21:37:38.812655,2026-07-15 00:00:00,https://www.wellsfargojobs.com/en/jobs/r-553659/branch-manager-northern-alaska/
WELLS_FARGO,R-560728,Teller Temple,Risk and Compliance,Temple,TX,United States,unknown,Full time,2026-07-20 21:37:38.848025,2026-07-15 00:00:00,https://www.wellsfargojobs.com/en/jobs/r-560728/teller-temple/
WELLS_FARGO,R-560562,Private Mortgage Banker,Risk and Compliance,Roseville,CA,United States,unknown,Full time,2026-07-20 21:37:38.860618,2026-07-15 00:00:00,https://www.wellsfargojobs.com/en/jobs/r-560562/private-mortgage-banker/
WELLS_FARGO,R-552513,Branch Manager Tri County South District,Risk and Compliance,Austin,TX,United States,unknown,Full time,2026-07-20 21:37:38.903063,2026-07-15 00:00:00,https://www.wellsfargojobs.com/en/jobs/r-552513/branch-manager-tri-county-south-district/
WELLS_FARGO,R-557315,Lead Software Engineer – Application Performance Engineering & Resiliency,Cloud and Infrastructure,Chandler,AZ,United States,unknown,Full time,2026-07-20 21:37:38.922022,2026-07-15 00:00:00,https://www.wellsfargojobs.com/en/jobs/r-557315/lead-software-engineer-application-performance-engineering-resiliency/
WELLS_FARGO,R-560099,Personal Banker Monterey,Risk and Compliance,Monterey,CA,United States,unknown,Full time,2026-07-20 21:37:38.953414,2026-07-16 00:00:00,https://www.wellsfargojobs.com/en/jobs/r-560099/personal-banker-monterey/
WELLS_FARGO,R-561384,Senior Lead Analytics Consultant (002069),Risk and Compliance,Charlotte,NC,United States,unknown,Full time,2026-07-20 21:37:38.969667,2026-07-16 00:00:00,https://www.wellsfargojobs.com/en/jobs/r-561384/senior-lead-analytics-consultant-002069/
WELLS_FARGO,R-557544,Associate Executive Specialist,Risk and Compliance,Minneapolis,MN,United States,unknown,Full time,2026-07-20 21:37:38.991516,2026-07-16 00:00:00,https://www.wellsfargojobs.com/en/jobs/r-557544/associate-executive-specialist/
WELLS_FARGO,R-558295,"Personal Banker Apple Branch BOISE, ID",Risk and Compliance,Boise,ID,United States,unknown,Full time,2026-07-20 21:37:39.014035,2026-07-16 00:00:00,https://www.wellsfargojobs.com/en/jobs/r-558295/personal-banker-apple-branch-boise-id/
WELLS_FARGO,R-561582,Senior Premier Banker North Albuquerque,Risk and Compliance,Albuquerque,NM,United States,unknown,Full time,2026-07-20 21:37:39.031963,2026-07-16 00:00:00,https://www.wellsfargojobs.com/en/jobs/r-561582/senior-premier-banker-north-albuquerque/
WELLS_FARGO,R-561333,Senior Premier Banker Southland Branch,Risk and Compliance,Hayward,CA,United States,unknown,Full time,2026-07-20 21:37:39.074337,2026-07-16 00:00:00,https://www.wellsfargojobs.com/en/jobs/r-561333/senior-premier-banker-southland-branch/
WELLS_FARGO,R-558320,Personal Banker Kingwood & West Lake Houston Pkwy,Risk and Compliance,Kingwood,TX,United States,unknown,Full time,2026-07-20 21:37:39.080885,2026-07-16 00:00:00,https://www.wellsfargojobs.com/en/jobs/r-558320/personal-banker-kingwood-west-lake-houston-pkwy/
WELLS_FARGO,R-555715,Teller Part Time Bird Road,Risk and Compliance,Miami,FL,United States,unknown,Part time,2026-07-20 21:37:39.117950,2026-07-16 00:00:00,https://www.wellsfargojobs.com/en/jobs/r-555715/teller-part-time-bird-road/
WELLS_FARGO,R-554288,Relationship Banker Cypress Gardens,Risk and Compliance,Winter Haven,FL,United States,unknown,Full time,2026-07-20 21:37:39.146680,2026-07-17 00:00:00,https://www.wellsfargojobs.com/en/jobs/r-554288/relationship-banker-cypress-gardens/
WELLS_FARGO,R-560743,Teller Antioch,Risk and Compliance,Antioch,CA,United States,unknown,Full time,2026-07-20 21:37:39.163032,2026-07-17 00:00:00,https://www.wellsfargojobs.com/en/jobs/r-560743/teller-antioch/
WELLS_FARGO,R-561024,Teller Part Time Pacific Beach,Risk and Compliance,San Diego,CA,United States,unknown,Part time,2026-07-20 21:37:39.193972,2026-07-17 00:00:00,https://www.wellsfargojobs.com/en/jobs/r-561024/teller-part-time-pacific-beach/
WELLS_FARGO,R-560571,Supervisory Control Specialist,Risk and Compliance,Saint Louis,MO,United States,unknown,Full time,2026-07-20 21:37:39.227440,2026-07-17 00:00:00,https://www.wellsfargojobs.com/en/jobs/r-560571/supervisory-control-specialist/
WELLS_FARGO,R-560939,Client Associate,Risk and Compliance,Bee Cave,TX,United States,unknown,Full time,2026-07-20 21:37:39.234450,2026-07-17 00:00:00,https://www.wellsfargojobs.com/en/jobs/r-560939/client-associate/
WELLS_FARGO,R-549303,Teller Part Time Berwick,Risk and Compliance,Savannah,GA,United States,unknown,Part time,2026-07-20 21:37:39.266096,2026-07-17 00:00:00,https://www.wellsfargojobs.com/en/jobs/r-549303/teller-part-time-berwick/
WELLS_FARGO,R-558293,Roving Banker - Central Inland Empire,Risk and Compliance,Riverside,CA,United States,unknown,Full time,2026-07-20 21:37:39.281971,2026-07-17 00:00:00,https://www.wellsfargojobs.com/en/jobs/r-558293/roving-banker-central-inland-empire/
WELLS_FARGO,R-556335,Senior Lead Digital Product Manager,Risk and Compliance,Charlotte,NC,United States,unknown,Full time,2026-07-20 21:37:39.317998,2026-07-17 00:00:00,https://www.wellsfargojobs.com/en/jobs/r-556335/senior-lead-digital-product-manager/
WELLS_FARGO,R-555672,Personal Banker Bilingual Newberry Main,Risk and Compliance,Newberry,SC,United States,unknown,Full time,2026-07-20 21:37:39.341649,2026-07-17 00:00:00,https://www.wellsfargojobs.com/en/jobs/r-555672/personal-banker-bilingual-newberry-main/
WELLS_FARGO,R-560556,Teller Part Time North Charleston North Village,Risk and Compliance,North Charleston,SC,United States,unknown,Part time,2026-07-20 21:37:39.360443,2026-07-17 00:00:00,https://www.wellsfargojobs.com/en/jobs/r-560556/teller-part-time-north-charleston-north-village/
WELLS_FARGO,R-549158,Personal Banker Gunnison,Risk and Compliance,Gunnison,CO,United States,unknown,Full time,2026-07-20 21:37:39.389148,2026-07-17 00:00:00,https://www.wellsfargojobs.com/en/jobs/r-549158/personal-banker-gunnison/
WELLS_FARGO,R-555561,Senior Premier Banker Friendswood Parkwood,Risk and Compliance,Friendswood,TX,United States,unknown,Full time,2026-07-20 21:37:39.418631,2026-07-17 00:00:00,https://www.wellsfargojobs.com/en/jobs/r-555561/senior-premier-banker-friendswood-parkwood/
WELLS_FARGO,R-557557,Relationship Banker Carillon Beach,Risk and Compliance,Panama City Beach,FL,United States,unknown,Full time,2026-07-20 21:37:39.447328,2026-07-17 00:00:00,https://www.wellsfargojobs.com/en/jobs/r-557557/relationship-banker-carillon-beach/
WELLS_FARGO,R-554251,Teller Part Time Fashion Square,Risk and Compliance,Charlottesville,VA,United States,unknown,Part time,2026-07-20 21:37:39.469479,2026-08-17 00:00:00,https://www.wellsfargojobs.com/en/jobs/r-554251/teller-part-time-fashion-square/
WELLS_FARGO,R-562041,Branch Manager Coastal Peaks,Risk and Compliance,Salem,OR,United States,unknown,Full time,2026-07-20 21:37:39.485213,2026-08-14 00:00:00,https://www.wellsfargojobs.com/en/jobs/r-562041/branch-manager-coastal-peaks/
WELLS_FARGO,R-560997,Teller Part Time Puente Hills,Risk and Compliance,City Of Industry,CA,United States,unknown,Part time,2026-07-20 21:37:39.516978,2026-07-17 00:00:00,https://www.wellsfargojobs.com/en/jobs/r-560997/teller-part-time-puente-hills/
WELLS_FARGO,R-562030,Branch Operations Coordinator Metro and Greater Chicago,Risk and Compliance,Niles,IL,United States,unknown,Full time,2026-07-20 21:37:39.532002,2026-07-17 00:00:00,https://www.wellsfargojobs.com/en/jobs/r-562030/branch-operations-coordinator-metro-and-greater-chicago/
WELLS_FARGO,R-548867,Senior Branch Premier Banker Riverstone,Risk and Compliance,Canton,GA,United States,unknown,Full time,2026-07-20 21:37:39.562563,2026-07-20 00:00:00,https://www.wellsfargojobs.com/en/jobs/r-548867/senior-branch-premier-banker-riverstone/
WELLS_FARGO,R-549533,Principal Engineer - CAO Technology,Risk and Compliance,Charlotte,NC,United States,unknown,Full time,2026-07-20 21:37:39.594395,2026-07-20 00:00:00,https://www.wellsfargojobs.com/en/jobs/r-549533/principal-engineer-cao-technology/
WELLS_FARGO,R-551339,Senior Premier Banker Hulen and Bellaire,Risk and Compliance,Fort Worth,TX,United States,unknown,Full time,2026-07-20 21:37:39.625698,2026-07-20 00:00:00,https://www.wellsfargojobs.com/en/jobs/r-551339/senior-premier-banker-hulen-and-bellaire/
WELLS_FARGO,R-559499,Senior Due Diligence Consultant – Transactional Risk & Intelligence Group (TRIG),Risk and Compliance,Charlotte,NC,United States,unknown,Full time,2026-07-20 21:37:39.662134,2026-07-20 00:00:00,https://www.wellsfargojobs.com/en/jobs/r-559499/senior-due-diligence-consultant-transactional-risk-intelligence-group-trig/
WELLS_FARGO,R-558709,Personal Banker Orlando FL Rio Pinar,Risk and Compliance,Orlando,FL,United States,unknown,Full time,2026-07-20 21:37:39.688446,2026-08-20 00:00:00,https://www.wellsfargojobs.com/en/jobs/r-558709/personal-banker-orlando-fl-rio-pinar/
WELLS_FARGO,R-559518,Personal Banker Orlando FL Vista Lakes,Risk and Compliance,Orlando,FL,United States,unknown,Full time,2026-07-20 21:37:39.703449,2026-07-20 00:00:00,https://www.wellsfargojobs.com/en/jobs/r-559518/personal-banker-orlando-fl-vista-lakes/
WELLS_FARGO,R-560587,Regional Coach Southeast Texas,Risk and Compliance,Houston,TX,United States,unknown,Full time,2026-07-20 21:37:39.719904,2026-07-20 00:00:00,https://www.wellsfargojobs.com/en/jobs/r-560587/regional-coach-southeast-texas/
WELLS_FARGO,R-546024,Financial Relationship Advisor,Risk and Compliance,Salt Lake City,UT,United States,unknown,Full time,2026-07-20 21:37:39.754082,2026-07-20 00:00:00,https://www.wellsfargojobs.com/en/jobs/r-546024/financial-relationship-advisor/
WELLS_FARGO,R-555304,Senior Full Stack Java Developer,Software Engineering,Charlotte,NC,United States,unknown,Full time,2026-07-20 21:37:39.773180,2026-07-20 00:00:00,https://www.wellsfargojobs.com/en/jobs/r-555304/senior-full-stack-java-developer/
WELLS_FARGO,R-559526,Teller Part Time Cape Canaveral,Risk and Compliance,Cape Canaveral,FL,United States,unknown,Part time,2026-07-20 21:37:39.796950,2026-08-17 00:00:00,https://www.wellsfargojobs.com/en/jobs/r-559526/teller-part-time-cape-canaveral/
WELLS_FARGO,R-561274,Senior Premier Banker - Beverly Hills,Risk and Compliance,Beverly Hills,CA,United States,unknown,Full time,2026-07-20 21:37:39.828872,2026-07-20 00:00:00,https://www.wellsfargojobs.com/en/jobs/r-561274/senior-premier-banker-beverly-hills/
WELLS_FARGO,R-561890,Teller Part Time Green Meadows,Risk and Compliance,Rochester,MN,United States,unknown,Part time,2026-07-20 21:37:39.849870,2026-07-20 00:00:00,https://www.wellsfargojobs.com/en/jobs/r-561890/teller-part-time-green-meadows/
WELLS_FARGO,R-561978,Roving Personal Banker North Metro Phoenix District,Risk and Compliance,Phoenix,AZ,United States,unknown,Full time,2026-07-20 21:37:39.884086,2026-07-20 00:00:00,https://www.wellsfargojobs.com/en/jobs/r-561978/roving-personal-banker-north-metro-phoenix-district/
WELLS_FARGO,R-554221,Branch Operations Coordinator Carytown Cary Court Branch,Risk and Compliance,Richmond,VA,United States,unknown,Full time,2026-07-20 21:37:39.904909,2026-08-18 00:00:00,https://www.wellsfargojobs.com/en/jobs/r-554221/branch-operations-coordinator-carytown-cary-court-branch/
WELLS_FARGO,R-561984,Relationship Banker Lakeway South,Risk and Compliance,Lakeway,TX,United States,unknown,Full time,2026-07-20 21:37:39.937780,2026-07-20 00:00:00,https://www.wellsfargojobs.com/en/jobs/r-561984/relationship-banker-lakeway-south/
WELLS_FARGO,R-557502,Product Management Senior Manager- Decision and Onboard My Customer,Risk and Compliance,Charlotte,NC,United States,unknown,Full time,2026-07-20 21:37:39.953756,2026-07-20 00:00:00,https://www.wellsfargojobs.com/en/jobs/r-557502/product-management-senior-manager-decision-and-onboard-my-customer/
WELLS_FARGO,R-561568,Teller Palm Springs,Risk and Compliance,Palm Springs,CA,United States,unknown,Full time,2026-07-20 21:37:39.989259,2026-07-20 00:00:00,https://www.wellsfargojobs.com/en/jobs/r-561568/teller-palm-springs/
WELLS_FARGO,R-560051,Principal Software Engineer,Software Engineering,Mclean,VA,United States,unknown,Full time,2026-07-20 21:37:40.016384,2026-07-20 00:00:00,https://www.wellsfargojobs.com/en/jobs/r-560051/principal-software-engineer/
WELLS_FARGO,R-557839,Personal Banker James Island Financial Center Branch Charleston SC,Risk and Compliance,Charleston,SC,United States,unknown,Full time,2026-07-20 21:37:40.050219,2026-07-20 00:00:00,https://www.wellsfargojobs.com/en/jobs/r-557839/personal-banker-james-island-financial-center-branch-charleston-sc/
WELLS_FARGO,R-561907,Teller Part Time Sidney,Risk and Compliance,Sidney,MT,United States,unknown,Part time,2026-07-20 21:37:40.073605,2026-08-14 00:00:00,https://www.wellsfargojobs.com/en/jobs/r-561907/teller-part-time-sidney/
WELLS_FARGO,R-559698,Registered Client Associate,Risk and Compliance,Traverse City,MI,United States,unknown,Full time,2026-07-20 21:37:40.092723,2026-07-20 00:00:00,https://www.wellsfargojobs.com/en/jobs/r-559698/registered-client-associate/
WELLS_FARGO,R-540273,Home Mortgage Consultant (SAFE),Risk and Compliance,Purchase,NY,United States,unknown,Full time,2026-07-20 21:37:40.112843,2026-07-31 00:00:00,https://www.wellsfargojobs.com/en/jobs/r-540273/home-mortgage-consultant-safe/
WELLS_FARGO,R-550065,Mortgage Retail Sales Associate Manager (SAFE),Risk and Compliance,Des Moines,IA,United States,unknown,Full time,2026-07-20 21:37:40.125310,2026-06-03 00:00:00,https://www.wellsfargojobs.com/en/jobs/r-550065/mortgage-retail-sales-associate-manager-safe/
WELLS_FARGO,R-554037,Private Mortgage Banker (SAFE),Risk and Compliance,Minneapolis,MN,United States,unknown,Full time,2026-07-20 21:37:40.156892,2026-06-18 00:00:00,https://www.wellsfargojobs.com/en/jobs/r-554037/private-mortgage-banker-safe/
WELLS_FARGO,R-549263,Teller Part Time Bilingual Spanish Sparks NV,Risk and Compliance,Sparks,NV,United States,unknown,Part time,2026-07-20 21:37:40.184687,2026-06-23 00:00:00,https://www.wellsfargojobs.com/en/jobs/r-549263/teller-part-time-bilingual-spanish-sparks-nv/
WELLS_FARGO,R-555413,Teller Fiesta Mall,Risk and Compliance,Mesa,AZ,United States,unknown,Full time,2026-07-20 21:37:40.213173,2026-06-23 00:00:00,https://www.wellsfargojobs.com/en/jobs/r-555413/teller-fiesta-mall/
WELLS_FARGO,R-555528,Teller Part Time Kennewick,Risk and Compliance,Kennewick,WA,United States,unknown,Part time,2026-07-20 21:37:40.229075,2026-06-25 00:00:00,https://www.wellsfargojobs.com/en/jobs/r-555528/teller-part-time-kennewick/
WELLS_FARGO,R-556649,Branch Manager Chinatown DeNovo,Risk and Compliance,New York,NY,United States,unknown,Full time,2026-07-20 21:37:40.261457,2026-08-20 00:00:00,https://www.wellsfargojobs.com/en/jobs/r-556649/branch-manager-chinatown-denovo/
WELLS_FARGO,R-556063,2027 CIB Investment Banking Analyst Program - Early Careers,Risk and Compliance,New York,NY,United States,unknown,Full time,2026-07-20 21:37:40.278882,2026-06-30 00:00:00,https://www.wellsfargojobs.com/en/jobs/r-556063/2027-cib-investment-banking-analyst-program-early-careers/
WELLS_FARGO,R-557321,Teller Northeast Denver,Risk and Compliance,Thornton,CO,United States,unknown,Full time,2026-07-20 21:37:40.313525,2026-06-30 00:00:00,https://www.wellsfargojobs.com/en/jobs/r-557321/teller-northeast-denver/
WELLS_FARGO,R-557625,Senior Premier Banker Peninsula Area,Risk and Compliance,Yorktown,VA,United States,unknown,Full time,2026-07-20 21:37:40.340326,2026-07-01 00:00:00,https://www.wellsfargojobs.com/en/jobs/r-557625/senior-premier-banker-peninsula-area/
WELLS_FARGO,R-557755,Teller Northwest Denver,Risk and Compliance,Westminster,CO,United States,unknown,Full time,2026-07-20 21:37:40.372591,2026-07-02 00:00:00,https://www.wellsfargojobs.com/en/jobs/r-557755/teller-northwest-denver/
WELLS_FARGO,R-557372,Senior Premier Banker Brokaw Plaza,Risk and Compliance,San Jose,CA,United States,unknown,Full time,2026-07-20 21:37:40.403472,2026-08-19 00:00:00,https://www.wellsfargojobs.com/en/jobs/r-557372/senior-premier-banker-brokaw-plaza/
WELLS_FARGO,R-557381,Senior Commercial Banking Portfolio Manager,Risk and Compliance,Charlotte,NC,United States,unknown,Full time,2026-07-20 21:37:40.426689,2026-08-12 00:00:00,https://www.wellsfargojobs.com/en/jobs/r-557381/senior-commercial-banking-portfolio-manager/
WELLS_FARGO,R-555874,Teller Part Time Sterling CO,Risk and Compliance,Sterling,CO,United States,unknown,Part time,2026-07-20 21:37:40.437693,2026-07-06 00:00:00,https://www.wellsfargojobs.com/en/jobs/r-555874/teller-part-time-sterling-co/
WELLS_FARGO,R-558207,Branch Operations Coordinator Camp Wisdom,Risk and Compliance,Grand Prairie,TX,United States,unknown,Full time,2026-07-20 21:37:40.469415,2026-07-06 00:00:00,https://www.wellsfargojobs.com/en/jobs/r-558207/branch-operations-coordinator-camp-wisdom/
WELLS_FARGO,R-558756,Lead Commercial Loan Servicing Specialist – Asset Based Lending/Syndicated Loans,Operations,Charlotte,NC,United States,unknown,Full time,2026-07-20 21:37:40.485306,2026-07-06 00:00:00,https://www.wellsfargojobs.com/en/jobs/r-558756/lead-commercial-loan-servicing-specialist-asset-based-lending-syndicated-loans/
WELLS_FARGO,R-557642,Teller Part Time Farmington Uptown,Risk and Compliance,Farmington,NM,United States,unknown,Part time,2026-07-20 21:37:40.513889,2026-07-06 00:00:00,https://www.wellsfargojobs.com/en/jobs/r-557642/teller-part-time-farmington-uptown/
WELLS_FARGO,R-558508,Personal Banker Kings Highway,Risk and Compliance,Port Charlotte,FL,United States,unknown,Full time,2026-07-20 21:37:40.531136,2026-07-07 00:00:00,https://www.wellsfargojobs.com/en/jobs/r-558508/personal-banker-kings-highway/
WELLS_FARGO,R-558536,Bilingual Personal Banker South Manatee (Spanish Required),Risk and Compliance,Bradenton,FL,United States,unknown,Full time,2026-07-20 21:37:40.563246,2026-07-07 00:00:00,https://www.wellsfargojobs.com/en/jobs/r-558536/bilingual-personal-banker-south-manatee-spanish-required/
WELLS_FARGO,R-558919,Relationship Banker - Norfolk area,Risk and Compliance,Norfolk,VA,United States,unknown,Full time,2026-07-20 21:37:40.579470,2026-07-07 00:00:00,https://www.wellsfargojobs.com/en/jobs/r-558919/relationship-banker-norfolk-area/
WELLS_FARGO,R-558604,Business Banker (LO) W 35TH STREET,Risk and Compliance,Austin,TX,United States,unknown,Full time,2026-07-20 21:37:40.614092,2026-07-07 00:00:00,https://www.wellsfargojobs.com/en/jobs/r-558604/business-banker-lo-w-35th-street/
WELLS_FARGO,R-558716,Business Banker (LO) Denton Crossing,Risk and Compliance,Denton,TX,United States,unknown,Full time,2026-07-20 21:37:40.650842,2026-07-07 00:00:00,https://www.wellsfargojobs.com/en/jobs/r-558716/business-banker-lo-denton-crossing/
WELLS_FARGO,R-558181,Branch Manager York Lancaster PA District,Risk and Compliance,Lancaster,PA,United States,unknown,Full time,2026-07-20 21:37:40.696463,2026-07-07 00:00:00,https://www.wellsfargojobs.com/en/jobs/r-558181/branch-manager-york-lancaster-pa-district/
WELLS_FARGO,R-559040,Customer Service Associate Licensed,Risk and Compliance,Minneapolis,MN,United States,unknown,Full time,2026-07-20 21:37:40.722937,2026-07-30 00:00:00,https://www.wellsfargojobs.com/en/jobs/r-559040/customer-service-associate-licensed/
WELLS_FARGO,R-554491,Teller Part Time Oregon City,Risk and Compliance,Oregon City,OR,United States,unknown,Part time,2026-07-20 21:37:40.755991,2026-07-07 00:00:00,https://www.wellsfargojobs.com/en/jobs/r-554491/teller-part-time-oregon-city/
WELLS_FARGO,R-555705,Home Mortgage Consultant (SAFE),Risk and Compliance,New York,NY,United States,unknown,,2026-07-20 21:37:40.781612,2026-07-31 00:00:00,https://www.wellsfargojobs.com/en/jobs/r-555705/home-mortgage-consultant-safe/
WELLS_FARGO,R-558967,"Business Banker (LO) Kirkland, WA",Risk and Compliance,Kirkland,WA,United States,unknown,Full time,2026-07-20 21:37:40.832102,2026-07-08 00:00:00,https://www.wellsfargojobs.com/en/jobs/r-558967/business-banker-lo-kirkland-wa/
WELLS_FARGO,R-558969,"Business Banker (LO) Seattle, WA",Risk and Compliance,Seattle,WA,United States,unknown,Full time,2026-07-20 21:37:40.863183,2026-07-08 00:00:00,https://www.wellsfargojobs.com/en/jobs/r-558969/business-banker-lo-seattle-wa/
WELLS_FARGO,R-558793,Business Banker (LO) Gulf Freeway,Risk and Compliance,Houston,TX,United States,unknown,Full time,2026-07-20 21:37:40.891472,2026-07-08 00:00:00,https://www.wellsfargojobs.com/en/jobs/r-558793/business-banker-lo-gulf-freeway/
WELLS_FARGO,R-558800,Business Banker (LO) Woodlands Pkwy,Risk and Compliance,The Woodlands,TX,United States,unknown,Full time,2026-07-20 21:37:40.919111,2026-07-08 00:00:00,https://www.wellsfargojobs.com/en/jobs/r-558800/business-banker-lo-woodlands-pkwy/
WELLS_FARGO,R-555078,Senior Data Engineer,Risk and Compliance,Charlotte,NC,United States,unknown,Full time,2026-07-20 21:37:40.939063,2026-08-20 00:00:00,https://www.wellsfargojobs.com/en/jobs/r-555078/senior-data-engineer/
WELLS_FARGO,R-558703,Branch Operations Coordinator Forest Ln,Risk and Compliance,Dallas,TX,United States,unknown,Full time,2026-07-20 21:37:40.963813,2026-07-08 00:00:00,https://www.wellsfargojobs.com/en/jobs/r-558703/branch-operations-coordinator-forest-ln/
WELLS_FARGO,R-558961,Senior Premier Banker Maplewood,Risk and Compliance,Maplewood,MN,United States,unknown,Full time,2026-07-20 21:37:40.984448,2026-07-09 00:00:00,https://www.wellsfargojobs.com/en/jobs/r-558961/senior-premier-banker-maplewood/
WELLS_FARGO,R-559562,Personal Banker West Allis,Risk and Compliance,West Allis,WI,United States,unknown,Full time,2026-07-20 21:37:41.021663,2026-07-09 00:00:00,https://www.wellsfargojobs.com/en/jobs/r-559562/personal-banker-west-allis/
WELLS_FARGO,R-559096,"Personal Banker, Queen Creek & Power Branch, Gilbert, AZ",Risk and Compliance,Gilbert,AZ,United States,unknown,Full time,2026-07-20 21:37:41.049277,2026-07-09 00:00:00,https://www.wellsfargojobs.com/en/jobs/r-559096/personal-banker-queen-creek-power-branch-gilbert-az/
WELLS_FARGO,R-559666,Senior Premier Banker North Fulton,Risk and Compliance,Atlanta,GA,United States,unknown,Full time,2026-07-20 21:37:41.082471,2026-07-09 00:00:00,https://www.wellsfargojobs.com/en/jobs/r-559666/senior-premier-banker-north-fulton/
WELLS_FARGO,R-552264,Pega Product & Solution Delivery Lead – AI Case Management,Risk and Compliance,Charlotte,NC,United States,unknown,Full time,2026-07-20 21:37:41.111009,2026-07-09 00:00:00,https://www.wellsfargojobs.com/en/jobs/r-552264/pega-product-solution-delivery-lead-ai-case-management/
WELLS_FARGO,R-559630,Teller Part Time Riverton Utah,Risk and Compliance,Riverton,UT,United States,unknown,Part time,2026-07-20 21:37:41.129698,2026-07-10 00:00:00,https://www.wellsfargojobs.com/en/jobs/r-559630/teller-part-time-riverton-utah/
WELLS_FARGO,R-552951,Personal Banker Appleton,Risk and Compliance,Appleton,WI,United States,unknown,Full time,2026-07-20 21:37:41.145219,2026-07-10 00:00:00,https://www.wellsfargojobs.com/en/jobs/r-552951/personal-banker-appleton/
WELLS_FARGO,R-559700,Community Mortgage Bank Sales Consultant (SAFE),Risk and Compliance,Richmond,VA,United States,unknown,Full time,2026-07-20 21:37:41.186432,2026-07-13 00:00:00,https://www.wellsfargojobs.com/en/jobs/r-559700/community-mortgage-bank-sales-consultant-safe/
WELLS_FARGO,R-559951,Mortgage Retail Sales Consultant (SAFE),Risk and Compliance,Chester,VA,United States,unknown,Full time,2026-07-20 21:37:41.209567,2026-07-13 00:00:00,https://www.wellsfargojobs.com/en/jobs/r-559951/mortgage-retail-sales-consultant-safe/
WELLS_FARGO,R-550471,Mortgage Retail Sales Consultant (West Florida) (SAFE),Risk and Compliance,Bradenton,FL,United States,unknown,,2026-07-20 21:37:41.219082,2026-07-13 00:00:00,https://www.wellsfargojobs.com/en/jobs/r-550471/mortgage-retail-sales-consultant-west-florida-safe/
WELLS_FARGO,R-559810,"Business Banker (LO) Havertown, PA",Risk and Compliance,Havertown,PA,United States,unknown,Full time,2026-07-20 21:37:41.258650,2026-08-17 00:00:00,https://www.wellsfargojobs.com/en/jobs/r-559810/business-banker-lo-havertown-pa/
WELLS_FARGO,R-555523,Senior Premier Banker Branham Snell,Risk and Compliance,San Jose,CA,United States,unknown,Full time,2026-07-20 21:37:41.295135,2026-07-13 00:00:00,https://www.wellsfargojobs.com/en/jobs/r-555523/senior-premier-banker-branham-snell/
WELLS_FARGO,R-560085,Associate Personal Banker - Galena,Risk and Compliance,Reno,NV,United States,unknown,Full time,2026-07-20 21:37:41.319759,2026-08-06 00:00:00,https://www.wellsfargojobs.com/en/jobs/r-560085/associate-personal-banker-galena/
WELLS_FARGO,R-558281,Senior Premier Banker Greater Twin Cities MN,Risk and Compliance,Richfield,MN,United States,unknown,Full time,2026-07-20 21:37:41.358497,2026-07-13 00:00:00,https://www.wellsfargojobs.com/en/jobs/r-558281/senior-premier-banker-greater-twin-cities-mn/
WELLS_FARGO,R-554255,Senior Branch Premier Banker Nutley,Risk and Compliance,Nutley,NJ,United States,unknown,Full time,2026-07-20 21:37:41.392417,2026-07-14 00:00:00,https://www.wellsfargojobs.com/en/jobs/r-554255/senior-branch-premier-banker-nutley/
WELLS_FARGO,R-554739,Personal Banker Bilingual Peekskill,Risk and Compliance,Peekskill,NY,United States,unknown,Full time,2026-07-20 21:37:41.418051,2026-07-14 00:00:00,https://www.wellsfargojobs.com/en/jobs/r-554739/personal-banker-bilingual-peekskill/
WELLS_FARGO,R-560316,Personal Banker Zelda,Risk and Compliance,Montgomery,AL,United States,unknown,Full time,2026-07-20 21:37:41.437795,2026-07-14 00:00:00,https://www.wellsfargojobs.com/en/jobs/r-560316/personal-banker-zelda/
WELLS_FARGO,R-560425,Senior Capital Markets Middle Office Specialist,Operations,Charlotte,NC,United States,unknown,Full time,2026-07-20 21:37:41.456087,2026-07-14 00:00:00,https://www.wellsfargojobs.com/en/jobs/r-560425/senior-capital-markets-middle-office-specialist/
WELLS_FARGO,R-556731,Senior Business Banking Relationship Manager (LO),Risk and Compliance,Hollywood,FL,United States,unknown,Full time,2026-07-20 21:37:41.488984,2026-07-14 00:00:00,https://www.wellsfargojobs.com/en/jobs/r-556731/senior-business-banking-relationship-manager-lo/
WELLS_FARGO,R-557077,Branch Manager Clearwater District,Risk and Compliance,Pinellas Park,FL,United States,unknown,Full time,2026-07-20 21:37:41.518719,2026-08-17 00:00:00,https://www.wellsfargojobs.com/en/jobs/r-557077/branch-manager-clearwater-district/
WELLS_FARGO,R-559409,Senior Premier Banker Westlake Main,Risk and Compliance,Thousand Oaks,CA,United States,unknown,Full time,2026-07-20 21:37:41.547346,2026-08-17 00:00:00,https://www.wellsfargojobs.com/en/jobs/r-559409/senior-premier-banker-westlake-main/
WELLS_FARGO,R-560696,Personal Banker Lakewood Ranch,Risk and Compliance,Bradenton,FL,United States,unknown,Full time,2026-07-20 21:37:41.565194,2026-07-14 00:00:00,https://www.wellsfargojobs.com/en/jobs/r-560696/personal-banker-lakewood-ranch/
WELLS_FARGO,R-558502,Relationship Banker Northeast St. Petersburg,Risk and Compliance,Saint Petersburg,FL,United States,unknown,Full time,2026-07-20 21:37:41.594877,2026-07-14 00:00:00,https://www.wellsfargojobs.com/en/jobs/r-558502/relationship-banker-northeast-st-petersburg/
WELLS_FARGO,R-553880,"Relationship Banker - Highlandtown Branch- Baltimore, MD",Risk and Compliance,Baltimore,MD,United States,unknown,Full time,2026-07-20 21:37:41.637857,2026-07-14 00:00:00,https://www.wellsfargojobs.com/en/jobs/r-553880/relationship-banker-highlandtown-branch-baltimore-md/
WELLS_FARGO,R-560885,Relationship Banker Wayne Mountainview,Risk and Compliance,Wayne,NJ,United States,unknown,Full time,2026-07-20 21:37:41.657130,2026-07-14 00:00:00,https://www.wellsfargojobs.com/en/jobs/r-560885/relationship-banker-wayne-mountainview/
WELLS_FARGO,R-560525,Teller Bilingual Part Time West Walnut,Risk and Compliance,Dalton,GA,United States,unknown,Part time,2026-07-20 21:37:41.688144,2026-07-14 00:00:00,https://www.wellsfargojobs.com/en/jobs/r-560525/teller-bilingual-part-time-west-walnut/
WELLS_FARGO,R-561009,Personal Banker Bilingual Spanish,Risk and Compliance,Nipomo,CA,United States,unknown,Full time,2026-07-20 21:37:41.720872,2026-07-14 00:00:00,https://www.wellsfargojobs.com/en/jobs/r-561009/personal-banker-bilingual-spanish/
WELLS_FARGO,R-552181,"Personal Banker, Cheyenne Main Branch, Cheyenne, WY",Risk and Compliance,Cheyenne,WY,United States,unknown,Full time,2026-07-20 21:37:41.742703,2026-07-15 00:00:00,https://www.wellsfargojobs.com/en/jobs/r-552181/personal-banker-cheyenne-main-branch-cheyenne-wy/
WELLS_FARGO,R-559589,Enterprise Product Owner Global Privacy Office (Lead Bus Execution Cnsltnt),Risk and Compliance,Charlotte,NC,United States,unknown,Full time,2026-07-20 21:37:41.765880,2026-07-15 00:00:00,https://www.wellsfargojobs.com/en/jobs/r-559589/enterprise-product-owner-global-privacy-office-lead-bus-execution-cnsltnt/
WELLS_FARGO,R-525451,Director of Inventory Finance Client Management - National Dealers Accounts,Risk and Compliance,Charlotte,NC,United States,unknown,Full time,2026-07-20 21:37:41.796949,2026-07-15 00:00:00,https://www.wellsfargojobs.com/en/jobs/r-525451/director-of-inventory-finance-client-management-national-dealers-accounts/
WELLS_FARGO,R-556512,Branch Operations Coordinator Toms River,Risk and Compliance,Toms River,NJ,United States,unknown,Full time,2026-07-20 21:37:41.822755,2026-07-15 00:00:00,https://www.wellsfargojobs.com/en/jobs/r-556512/branch-operations-coordinator-toms-river/
WELLS_FARGO,R-555588,Associate Personal Banker (SAFE) - Yerington,Risk and Compliance,Yerington,NV,United States,unknown,Full time,2026-07-20 21:37:41.843235,2026-07-15 00:00:00,https://www.wellsfargojobs.com/en/jobs/r-555588/associate-personal-banker-safe-yerington/
WELLS_FARGO,R-556077,Personal Banker Rockwall,Risk and Compliance,Rockwall,TX,United States,unknown,Full time,2026-07-20 21:37:41.859922,2026-07-15 00:00:00,https://www.wellsfargojobs.com/en/jobs/r-556077/personal-banker-rockwall/
WELLS_FARGO,R-557045,Relationship Banker Tallahassee,Risk and Compliance,Tallahassee,FL,United States,unknown,Full time,2026-07-20 21:37:41.891476,2026-07-15 00:00:00,https://www.wellsfargojobs.com/en/jobs/r-557045/relationship-banker-tallahassee/
WELLS_FARGO,R-555448,Relationship Banker Freehold Boro,Risk and Compliance,Freehold,NJ,United States,unknown,Full time,2026-07-20 21:37:41.921407,2026-07-15 00:00:00,https://www.wellsfargojobs.com/en/jobs/r-555448/relationship-banker-freehold-boro/
WELLS_FARGO,R-559739,Branch Manager,Risk and Compliance,Snellville,GA,United States,unknown,Full time,2026-07-20 21:37:41.967071,2026-07-15 00:00:00,https://www.wellsfargojobs.com/en/jobs/r-559739/branch-manager/
WELLS_FARGO,R-559223,Senior Premier Banker Berkeley/Elmwood,Risk and Compliance,Berkeley,CA,United States,unknown,Full time,2026-07-20 21:37:41.985075,2026-07-15 00:00:00,https://www.wellsfargojobs.com/en/jobs/r-559223/senior-premier-banker-berkeley-elmwood/
WELLS_FARGO,R-559110,Relationship Banker Kyle,Risk and Compliance,Kyle,TX,United States,unknown,Full time,2026-07-20 21:37:42.020327,2026-07-15 00:00:00,https://www.wellsfargojobs.com/en/jobs/r-559110/relationship-banker-kyle/
WELLS_FARGO,R-559695,Application Network Services Tech Director,Risk and Compliance,Columbus,OH,United States,unknown,Full time,2026-07-20 21:37:42.051857,2026-07-15 00:00:00,https://www.wellsfargojobs.com/en/jobs/r-559695/application-network-services-tech-director/
WELLS_FARGO,R-560843,Personal Banker Flemington Branch,Risk and Compliance,Flemington,NJ,United States,unknown,Full time,2026-07-20 21:37:42.076731,2026-07-15 00:00:00,https://www.wellsfargojobs.com/en/jobs/r-560843/personal-banker-flemington-branch/
WELLS_FARGO,R-560507,CA-WA Community Mortgage Bank Sales Consultant (SAFE) -Bilingual Spanish,Risk and Compliance,Long Beach,CA,United States,unknown,Full time,2026-07-20 21:37:42.103730,2026-07-16 00:00:00,https://www.wellsfargojobs.com/en/jobs/r-560507/ca-wa-community-mortgage-bank-sales-consultant-safe-bilingual-spanish/
WELLS_FARGO,R-560718,Personal Banker Northern Middlesex District,Risk and Compliance,Carteret,NJ,United States,unknown,Full time,2026-07-20 21:37:42.128469,2026-07-15 00:00:00,https://www.wellsfargojobs.com/en/jobs/r-560718/personal-banker-northern-middlesex-district/
WELLS_FARGO,R-554315,Teller Bilingual Part Time Cooper Center,Risk and Compliance,Alexandria,VA,United States,unknown,Part time,2026-07-20 21:37:42.145587,2026-07-16 00:00:00,https://www.wellsfargojobs.com/en/jobs/r-554315/teller-bilingual-part-time-cooper-center/
WELLS_FARGO,R-556555,Person Banker- Brenham Main,Risk and Compliance,Brenham,TX,United States,unknown,Full time,2026-07-20 21:37:42.177768,2026-07-16 00:00:00,https://www.wellsfargojobs.com/en/jobs/r-556555/person-banker-brenham-main/
WELLS_FARGO,R-559006,Personal Banker Bilingual- Bradway,Risk and Compliance,Haltom City,TX,United States,unknown,Full time,2026-07-20 21:37:42.199887,2026-07-16 00:00:00,https://www.wellsfargojobs.com/en/jobs/r-559006/personal-banker-bilingual-bradway/
WELLS_FARGO,R-561161,"Branch Manager Jordan Ranch, DeNovo",Risk and Compliance,Katy,TX,United States,unknown,Full time,2026-07-20 21:37:42.225579,2026-07-16 00:00:00,https://www.wellsfargojobs.com/en/jobs/r-561161/branch-manager-jordan-ranch-denovo/
WELLS_FARGO,R-561304,Bilingual Personal Banker | Noriega and 32nd,Risk and Compliance,San Francisco,CA,United States,unknown,Full time,2026-07-20 21:37:42.250314,2026-07-16 00:00:00,https://www.wellsfargojobs.com/en/jobs/r-561304/bilingual-personal-banker-noriega-and-32nd/
WELLS_FARGO,R-561546,Personal Banker Dana Point,Risk and Compliance,Laguna Niguel,CA,United States,unknown,Full time,2026-07-20 21:37:42.266905,2026-07-16 00:00:00,https://www.wellsfargojobs.com/en/jobs/r-561546/personal-banker-dana-point/
WELLS_FARGO,R-552903,Personal Banker Havertown Branch,Risk and Compliance,Havertown,PA,United States,unknown,Full time,2026-07-20 21:37:42.307102,2026-07-16 00:00:00,https://www.wellsfargojobs.com/en/jobs/r-552903/personal-banker-havertown-branch/
WELLS_FARGO,R-561667,Branch Manager Downtown Los Angeles,Risk and Compliance,Los Angeles,CA,United States,unknown,Full time,2026-07-20 21:37:42.329789,2026-07-16 00:00:00,https://www.wellsfargojobs.com/en/jobs/r-561667/branch-manager-downtown-los-angeles/
WELLS_FARGO,R-558847,"Personal Banker, Moab, UT",Risk and Compliance,Moab,UT,United States,unknown,Full time,2026-07-20 21:37:42.360549,2026-08-19 00:00:00,https://www.wellsfargojobs.com/en/jobs/r-558847/personal-banker-moab-ut/
WELLS_FARGO,R-548019,Premier Banker Graves Mill Branch,Risk and Compliance,Forest,VA,United States,unknown,Full time,2026-07-20 21:37:42.391951,2026-07-17 00:00:00,https://www.wellsfargojobs.com/en/jobs/r-548019/premier-banker-graves-mill-branch/
WELLS_FARGO,R-552821,Principal Data Architect Chief Data Office,Risk and Compliance,Charlotte,NC,United States,unknown,Full time,2026-07-20 21:37:42.406954,2026-08-21 00:00:00,https://www.wellsfargojobs.com/en/jobs/r-552821/principal-data-architect-chief-data-office/
WELLS_FARGO,R-557673,Teller Part Time Lewiston,Risk and Compliance,Lewiston,ID,United States,unknown,Part time,2026-07-20 21:37:42.438349,2026-07-17 00:00:00,https://www.wellsfargojobs.com/en/jobs/r-557673/teller-part-time-lewiston/
WELLS_FARGO,R-549893,Senior Securities Operations Specialist,Risk and Compliance,Charlotte,NC,United States,unknown,Full time,2026-07-20 21:37:42.458309,2026-07-17 00:00:00,https://www.wellsfargojobs.com/en/jobs/r-549893/senior-securities-operations-specialist/
WELLS_FARGO,R-561856,Senior Premier Banker Austin Jollyville,Risk and Compliance,Austin,TX,United States,unknown,Full time,2026-07-20 21:37:42.485498,2026-07-17 00:00:00,https://www.wellsfargojobs.com/en/jobs/r-561856/senior-premier-banker-austin-jollyville/
WELLS_FARGO,R-560896,Personal Banker  Kalispell North,Risk and Compliance,Kalispell,MT,United States,unknown,Full time,2026-07-20 21:37:42.517200,2026-07-17 00:00:00,https://www.wellsfargojobs.com/en/jobs/r-560896/personal-banker-kalispell-north/
WELLS_FARGO,R-557141,Personal Banker New Milford,Risk and Compliance,New Milford,NJ,United States,unknown,Full time,2026-07-20 21:37:42.532092,2026-07-17 00:00:00,https://www.wellsfargojobs.com/en/jobs/r-557141/personal-banker-new-milford/
WELLS_FARGO,R-560719,Treasury Management Support Analyst,Risk and Compliance,Plymouth Meeting,PA,United States,unknown,Full time,2026-07-20 21:37:42.547115,2026-07-17 00:00:00,https://www.wellsfargojobs.com/en/jobs/r-560719/treasury-management-support-analyst/
WELLS_FARGO,R-558466,Personal Banker Victoria North TX,Risk and Compliance,Victoria,TX,United States,unknown,Full time,2026-07-20 21:37:42.579650,2026-07-17 00:00:00,https://www.wellsfargojobs.com/en/jobs/r-558466/personal-banker-victoria-north-tx/
WELLS_FARGO,R-561983,Senior Premier Banker Raritan Valley District,Risk and Compliance,Bernardsville,NJ,United States,unknown,Full time,2026-07-20 21:37:42.612753,2026-07-17 00:00:00,https://www.wellsfargojobs.com/en/jobs/r-561983/senior-premier-banker-raritan-valley-district/
WELLS_FARGO,R-557185,Branch Manager - The Heights District,Risk and Compliance,San Francisco,CA,United States,unknown,Full time,2026-07-20 21:37:42.641017,2026-07-19 00:00:00,https://www.wellsfargojobs.com/en/jobs/r-557185/branch-manager-the-heights-district/
WELLS_FARGO,R-556541,Personal Banker Tulare,Risk and Compliance,Tulare,CA,United States,unknown,Full time,2026-07-20 21:37:42.658460,2026-07-17 00:00:00,https://www.wellsfargojobs.com/en/jobs/r-556541/personal-banker-tulare/
WELLS_FARGO,R-560747,Teller East Bessemer Avenue,Risk and Compliance,Greensboro,NC,United States,unknown,Full time,2026-07-20 21:37:42.689087,2026-07-17 00:00:00,https://www.wellsfargojobs.com/en/jobs/r-560747/teller-east-bessemer-avenue/
WELLS_FARGO,R-557891,Bilingual Personal Banker Waterlick Plaza,Risk and Compliance,Lynchburg,VA,United States,unknown,Full time,2026-07-20 21:37:42.717076,2026-07-20 00:00:00,https://www.wellsfargojobs.com/en/jobs/r-557891/bilingual-personal-banker-waterlick-plaza/
WELLS_FARGO,R-562090,Branch Manager Jackson Heights DeNovo,Risk and Compliance,Jackson Heights,NY,United States,unknown,Full time,2026-07-20 21:37:42.744687,2026-07-20 00:00:00,https://www.wellsfargojobs.com/en/jobs/r-562090/branch-manager-jackson-heights-denovo/
WELLS_FARGO,R-559506,Due Diligence Consultant – Transactional Risk & Intelligence Group (TRIG),Risk and Compliance,Charlotte,NC,United States,unknown,Full time,2026-07-20 21:37:42.766684,2026-07-20 00:00:00,https://www.wellsfargojobs.com/en/jobs/r-559506/due-diligence-consultant-transactional-risk-intelligence-group-trig/
WELLS_FARGO,R-561128,Principal Java Engineer Commodities,Risk and Compliance,Iselin,NJ,United States,unknown,Full time,2026-07-20 21:37:42.796889,2026-07-24 00:00:00,https://www.wellsfargojobs.com/en/jobs/r-561128/principal-java-engineer-commodities/
WELLS_FARGO,R-562146,Senior Premier Banker Brandywine District,Risk and Compliance,Brandywine,MD,United States,unknown,Full time,2026-07-20 21:37:42.837564,2026-07-20 00:00:00,https://www.wellsfargojobs.com/en/jobs/r-562146/senior-premier-banker-brandywine-district/
WELLS_FARGO,R-562154,Branch Manager Kansas City Area,Risk and Compliance,Shawnee,KS,United States,unknown,Full time,2026-07-20 21:37:42.872810,2026-07-20 00:00:00,https://www.wellsfargojobs.com/en/jobs/r-562154/branch-manager-kansas-city-area/
WELLS_FARGO,R-555787,Relationship Banker Windsor,Risk and Compliance,Windsor,CA,United States,unknown,Full time,2026-07-20 21:37:42.901047,2026-07-20 00:00:00,https://www.wellsfargojobs.com/en/jobs/r-555787/relationship-banker-windsor/
WELLS_FARGO,R-555830,Operations Processor,Risk and Compliance,Sterling,VA,United States,unknown,Part time,2026-07-20 21:37:42.927982,2026-07-20 00:00:00,https://www.wellsfargojobs.com/en/jobs/r-555830/operations-processor/
WELLS_FARGO,R-558242,Branch Manager - Northeast Dallas,Risk and Compliance,Garland,TX,United States,unknown,Full time,2026-07-20 21:37:42.959683,2026-07-20 00:00:00,https://www.wellsfargojobs.com/en/jobs/r-558242/branch-manager-northeast-dallas/
WELLS_FARGO,R-553730,Director - Trade Finance Product Leader - Import/Export Finance,Risk and Compliance,Charlotte,NC,United States,unknown,Full time,2026-07-20 21:37:42.969192,2026-07-20 00:00:00,https://www.wellsfargojobs.com/en/jobs/r-553730/director-trade-finance-product-leader-import-export-finance/
WELLS_FARGO,R-562123,Personal Banker Southampton DeNovo,Risk and Compliance,Southampton,NY,United States,unknown,Full time,2026-07-20 21:37:43.009187,2026-07-20 00:00:00,https://www.wellsfargojobs.com/en/jobs/r-562123/personal-banker-southampton-denovo/
WELLS_FARGO,R-559143,Due Diligence Consultant - Higher Risk Customer Management,Risk and Compliance,Minneapolis,MN,United States,unknown,Full time,2026-07-20 21:37:43.033227,2026-07-20 00:00:00,https://www.wellsfargojobs.com/en/jobs/r-559143/due-diligence-consultant-higher-risk-customer-management/
WELLS_FARGO,R-539080,Associate Financial Advisor,Risk and Compliance,Eugene,OR,United States,unknown,Full time,2026-07-20 21:37:43.055296,2026-07-20 00:00:00,https://www.wellsfargojobs.com/en/jobs/r-539080/associate-financial-advisor/
WELLS_FARGO,R-558920,Teller Part Time Kendall Town Center,Risk and Compliance,Miami,FL,United States,unknown,Part time,2026-07-20 21:37:43.078716,2026-07-20 00:00:00,https://www.wellsfargojobs.com/en/jobs/r-558920/teller-part-time-kendall-town-center/
WELLS_FARGO,R-562091,Business Banker (LO) Richmond,Risk and Compliance,Midlothian,VA,United States,unknown,Full time,2026-07-20 21:37:43.115061,2026-07-20 00:00:00,https://www.wellsfargojobs.com/en/jobs/r-562091/business-banker-lo-richmond/
WELLS_FARGO,R-547553,CA-WA Private Mortgage Banker (SAFE),Risk and Compliance,Fresno,CA,United States,unknown,Full time,2026-07-20 21:37:43.142781,2026-05-20 00:00:00,https://www.wellsfargojobs.com/en/jobs/r-547553/ca-wa-private-mortgage-banker-safe/
WELLS_FARGO,R-547532,CA-WA Mortgage Retail Sales Consultant (SAFE),Risk and Compliance,San Jose,CA,United States,unknown,Full time,2026-07-20 21:37:43.167487,2026-05-20 00:00:00,https://www.wellsfargojobs.com/en/jobs/r-547532/ca-wa-mortgage-retail-sales-consultant-safe/
WELLS_FARGO,R-544575,Private Mortgage Banker,Risk and Compliance,Seattle,WA,United States,unknown,Full time,2026-07-20 21:37:43.194456,2026-05-27 00:00:00,https://www.wellsfargojobs.com/en/jobs/r-544575/private-mortgage-banker/
WELLS_FARGO,R-545556,Senior Lead Commercial Banking Relationship Manager,Sales and Relationship Management,Melville,NY,United States,unknown,Full time,2026-07-20 21:37:43.216967,2026-05-28 00:00:00,https://www.wellsfargojobs.com/en/jobs/r-545556/senior-lead-commercial-banking-relationship-manager/
WELLS_FARGO,R-551216,Mortgage Consumer Direct Sales Consultant (SAFE),Risk and Compliance,Tempe,AZ,United States,unknown,Full time,2026-07-20 21:37:43.240119,2026-06-09 00:00:00,https://www.wellsfargojobs.com/en/jobs/r-551216/mortgage-consumer-direct-sales-consultant-safe/
WELLS_FARGO,R-554986,Personal Banker Corona DeNovo,Risk and Compliance,Corona,NY,United States,unknown,Full time,2026-07-20 21:37:43.265774,2026-06-22 00:00:00,https://www.wellsfargojobs.com/en/jobs/r-554986/personal-banker-corona-denovo/
WELLS_FARGO,R-554646,Branch Manager North Mountain District,Risk and Compliance,Durango,CO,United States,unknown,Full time,2026-07-20 21:37:43.281371,2026-06-22 00:00:00,https://www.wellsfargojobs.com/en/jobs/r-554646/branch-manager-north-mountain-district/
WELLS_FARGO,R-538250,Senior Lead Securities Quantitative Analytics Specialist - C++ Engineer,Risk and Compliance,New York,NY,United States,unknown,Full time,2026-07-20 21:37:43.323009,2026-06-23 00:00:00,https://www.wellsfargojobs.com/en/jobs/r-538250/senior-lead-securities-quantitative-analytics-specialist-c-engineer/
WELLS_FARGO,R-555403,Mortgage Retail Sales Consultant,Risk and Compliance,Arvada,CO,United States,unknown,Full time,2026-07-20 21:37:43.351470,2026-06-23 00:00:00,https://www.wellsfargojobs.com/en/jobs/r-555403/mortgage-retail-sales-consultant/
WELLS_FARGO,R-555867,Personal Banker Lower Brule,Risk and Compliance,Lower Brule,SD,United States,unknown,,2026-07-20 21:37:43.375265,2026-06-24 00:00:00,https://www.wellsfargojobs.com/en/jobs/r-555867/personal-banker-lower-brule/
WELLS_FARGO,R-554343,Teller Part Time West Lynwood,Risk and Compliance,Lynnwood,WA,United States,unknown,Part time,2026-07-20 21:37:43.400836,2026-06-24 00:00:00,https://www.wellsfargojobs.com/en/jobs/r-554343/teller-part-time-west-lynwood/
WELLS_FARGO,R-555050,2027 CIB Commercial Real Estate Analyst Program - Early Careers,Risk and Compliance,New York,NY,United States,unknown,Full time,2026-07-20 21:37:43.422577,2026-06-26 00:00:00,https://www.wellsfargojobs.com/en/jobs/r-555050/2027-cib-commercial-real-estate-analyst-program-early-careers/
WELLS_FARGO,R-556645,Personal Banker Forest Hills DeNovo,Risk and Compliance,Forest Hills,NY,United States,unknown,Full time,2026-07-20 21:37:43.438425,2026-08-07 00:00:00,https://www.wellsfargojobs.com/en/jobs/r-556645/personal-banker-forest-hills-denovo/
WELLS_FARGO,R-556569,Teller Bilingual Part Time Coit and 190,Risk and Compliance,Plano,TX,United States,unknown,Part time,2026-07-20 21:37:43.470588,2026-06-30 00:00:00,https://www.wellsfargojobs.com/en/jobs/r-556569/teller-bilingual-part-time-coit-and-190/
WELLS_FARGO,R-539416,Senior Business Relationship Manager (LO),Risk and Compliance,Fort Myers,FL,United States,unknown,Full time,2026-07-20 21:37:43.485609,2026-06-30 00:00:00,https://www.wellsfargojobs.com/en/jobs/r-539416/senior-business-relationship-manager-lo/
WELLS_FARGO,R-557843,Relationship Banker Belmont/Ralston Ave.,Risk and Compliance,Belmont,CA,United States,unknown,Full time,2026-07-20 21:37:43.523573,2026-07-02 00:00:00,https://www.wellsfargojobs.com/en/jobs/r-557843/relationship-banker-belmont-ralston-ave/
WELLS_FARGO,R-539275,Executive Director - Digital Asset Security Architecture,Risk and Compliance,Iselin,NJ,United States,unknown,Full time,2026-07-20 21:37:43.547313,2026-07-02 00:00:00,https://www.wellsfargojobs.com/en/jobs/r-539275/executive-director-digital-asset-security-architecture/
WELLS_FARGO,R-558044,Senior Premier Banker Greater San Francisco,Risk and Compliance,San Francisco,CA,United States,unknown,,2026-07-20 21:37:43.590702,2026-07-02 00:00:00,https://www.wellsfargojobs.com/en/jobs/r-558044/senior-premier-banker-greater-san-francisco/
WELLS_FARGO,R-540381,Nome Personal Banker,Risk and Compliance,Nome,AK,United States,unknown,Full time,2026-07-20 21:37:43.619113,2026-07-02 00:00:00,https://www.wellsfargojobs.com/en/jobs/r-540381/nome-personal-banker/
WELLS_FARGO,R-558308,Relationship Banker High Desert District,Risk and Compliance,Nampa,ID,United States,unknown,Full time,2026-07-20 21:37:43.641121,2026-07-03 00:00:00,https://www.wellsfargojobs.com/en/jobs/r-558308/relationship-banker-high-desert-district/
WELLS_FARGO,R-558364,Branch Operations Coordinator | Fillmore,Risk and Compliance,San Francisco,CA,United States,unknown,Full time,2026-07-20 21:37:43.673567,2026-07-06 00:00:00,https://www.wellsfargojobs.com/en/jobs/r-558364/branch-operations-coordinator-fillmore/
WELLS_FARGO,R-558275,Teller Detroit Lakes Main,Risk and Compliance,Detroit Lakes,MN,United States,unknown,Full time,2026-07-20 21:37:43.696640,2026-07-06 00:00:00,https://www.wellsfargojobs.com/en/jobs/r-558275/teller-detroit-lakes-main/
WELLS_FARGO,R-557844,Customer Service Representative Spanish Bilingual Small Business,Risk and Compliance,San Antonio,TX,United States,unknown,Full time,2026-07-20 21:37:43.723224,2026-07-06 00:00:00,https://www.wellsfargojobs.com/en/jobs/r-557844/customer-service-representative-spanish-bilingual-small-business/
WELLS_FARGO,R-558228,Business Banker (LO) W Illinois & Westmoreland,Risk and Compliance,Dallas,TX,United States,unknown,Full time,2026-07-20 21:37:43.748242,2026-08-20 00:00:00,https://www.wellsfargojobs.com/en/jobs/r-558228/business-banker-lo-w-illinois-westmoreland/
WELLS_FARGO,R-558718,Business Banker (LO) Shawnee,Risk and Compliance,Shawnee,KS,United States,unknown,Full time,2026-07-20 21:37:43.772419,2026-07-07 00:00:00,https://www.wellsfargojobs.com/en/jobs/r-558718/business-banker-lo-shawnee/
WELLS_FARGO,R-558932,Personal Banker Bonita Beach Road,Risk and Compliance,Bonita Springs,FL,United States,unknown,Full time,2026-07-20 21:37:43.782656,2026-07-07 00:00:00,https://www.wellsfargojobs.com/en/jobs/r-558932/personal-banker-bonita-beach-road/
WELLS_FARGO,R-549355,Senior Premier Banker East El Camino,Risk and Compliance,Sunnyvale,CA,United States,unknown,Full time,2026-07-20 21:37:43.817055,2026-07-07 00:00:00,https://www.wellsfargojobs.com/en/jobs/r-549355/senior-premier-banker-east-el-camino/
WELLS_FARGO,R-558859,Teller Fairbanks AK,Risk and Compliance,Fairbanks,AK,United States,unknown,Full time,2026-07-20 21:37:43.843659,2026-07-07 00:00:00,https://www.wellsfargojobs.com/en/jobs/r-558859/teller-fairbanks-ak/
WELLS_FARGO,R-558760,"Sr Premier Banker, Triangle Central District",Risk and Compliance,Durham,NC,United States,unknown,Full time,2026-07-20 21:37:43.883579,2026-07-07 00:00:00,https://www.wellsfargojobs.com/en/jobs/r-558760/sr-premier-banker-triangle-central-district/
WELLS_FARGO,R-558789,Branch Operations Coordinator North Pole AK,Risk and Compliance,North Pole,AK,United States,unknown,Full time,2026-07-20 21:37:43.906626,2026-07-07 00:00:00,https://www.wellsfargojobs.com/en/jobs/r-558789/branch-operations-coordinator-north-pole-ak/
WELLS_FARGO,R-558971,Associate Customer Service Representative Everyday Banking,Risk and Compliance,Sioux Falls,SD,United States,unknown,Full time,2026-07-20 21:37:43.928005,2026-07-07 00:00:00,https://www.wellsfargojobs.com/en/jobs/r-558971/associate-customer-service-representative-everyday-banking/
WELLS_FARGO,R-557848,Teller Irving,Risk and Compliance,Albuquerque,NM,United States,unknown,Full time,2026-07-20 21:37:43.953201,2026-07-07 00:00:00,https://www.wellsfargojobs.com/en/jobs/r-557848/teller-irving/
WELLS_FARGO,R-558798,Business Banker (LO) San Felipe,Risk and Compliance,Houston,TX,United States,unknown,Full time,2026-07-20 21:37:43.977452,2026-07-08 00:00:00,https://www.wellsfargojobs.com/en/jobs/r-558798/business-banker-lo-san-felipe/
WELLS_FARGO,R-554240,Relationship Banker Austin MN,Risk and Compliance,Austin,MN,United States,unknown,Full time,2026-07-20 21:37:44.009595,2026-07-08 00:00:00,https://www.wellsfargojobs.com/en/jobs/r-554240/relationship-banker-austin-mn/
WELLS_FARGO,R-559362,Teller Northeast Maryland District,Risk and Compliance,Parkville,MD,United States,unknown,Full time,2026-07-20 21:37:44.031710,2026-07-09 00:00:00,https://www.wellsfargojobs.com/en/jobs/r-559362/teller-northeast-maryland-district/
WELLS_FARGO,R-559349,Teller Lake Mission Viejo,Risk and Compliance,Mission Viejo,CA,United States,unknown,Full time,2026-07-20 21:37:44.047818,2026-07-09 00:00:00,https://www.wellsfargojobs.com/en/jobs/r-559349/teller-lake-mission-viejo/
WELLS_FARGO,R-559002,Teller Part Time Spanish Fork Utah,Risk and Compliance,Spanish Fork,UT,United States,unknown,Part time,2026-07-20 21:37:44.079429,2026-07-09 00:00:00,https://www.wellsfargojobs.com/en/jobs/r-559002/teller-part-time-spanish-fork-utah/
WELLS_FARGO,R-559285,Senior Business Relationship Manager (LO) Lawrenceville,Risk and Compliance,Lawrenceville,GA,United States,unknown,Full time,2026-07-20 21:37:44.095432,2026-07-09 00:00:00,https://www.wellsfargojobs.com/en/jobs/r-559285/senior-business-relationship-manager-lo-lawrenceville/
WELLS_FARGO,R-559553,Branch Operations Coordinator Holbrook,Risk and Compliance,Holbrook,AZ,United States,unknown,Full time,2026-07-20 21:37:44.117200,2026-07-09 00:00:00,https://www.wellsfargojobs.com/en/jobs/r-559553/branch-operations-coordinator-holbrook/
WELLS_FARGO,R-557357,Teller Part Time Via De La Valle,Risk and Compliance,Del Mar,CA,United States,unknown,Part time,2026-07-20 21:37:44.142449,2026-07-09 00:00:00,https://www.wellsfargojobs.com/en/jobs/r-557357/teller-part-time-via-de-la-valle/
WELLS_FARGO,R-558805,Teller Part Time Cheyenne East,Risk and Compliance,Cheyenne,WY,United States,unknown,Part time,2026-07-20 21:37:44.164154,2026-07-09 00:00:00,https://www.wellsfargojobs.com/en/jobs/r-558805/teller-part-time-cheyenne-east/
WELLS_FARGO,R-559694,Lead Treasury Consultant –Global Payments & Liquidity (Southeast),Risk and Compliance,Atlanta,GA,United States,unknown,Full time,2026-07-20 21:37:44.171670,2026-08-20 00:00:00,https://www.wellsfargojobs.com/en/jobs/r-559694/lead-treasury-consultant-global-payments-liquidity-southeast/
WELLS_FARGO,R-559758,"Executive Director, AI Architect and Strategist",Risk and Compliance,New York,NY,United States,unknown,Full time,2026-07-20 21:37:44.203162,2026-07-09 00:00:00,https://www.wellsfargojobs.com/en/jobs/r-559758/executive-director-ai-architect-and-strategist/
WELLS_FARGO,R-559709,Personal Banker Wrangell,Risk and Compliance,Wrangell,AK,United States,unknown,Full time,2026-07-20 21:37:44.219002,2026-07-10 00:00:00,https://www.wellsfargojobs.com/en/jobs/r-559709/personal-banker-wrangell/
WELLS_FARGO,R-520285,Senior Specialty Protocol Engineer,Risk and Compliance,Iselin,NJ,United States,unknown,Full time,2026-07-20 21:37:44.247165,2026-07-30 00:00:00,https://www.wellsfargojobs.com/en/jobs/r-520285/senior-specialty-protocol-engineer/
WELLS_FARGO,R-559999,Relationship Banker South Valley,Risk and Compliance,Bakersfield,CA,United States,unknown,,2026-07-20 21:37:44.281565,2026-07-10 00:00:00,https://www.wellsfargojobs.com/en/jobs/r-559999/relationship-banker-south-valley/
WELLS_FARGO,R-560086,Branch Manager High Desert District,Risk and Compliance,Meridian,ID,United States,unknown,Full time,2026-07-20 21:37:44.297465,2026-07-10 00:00:00,https://www.wellsfargojobs.com/en/jobs/r-560086/branch-manager-high-desert-district/
WELLS_FARGO,R-559551,Associate Personal Banker (SAFE) - McMinnville,Risk and Compliance,Mcminnville,OR,United States,unknown,Full time,2026-07-20 21:37:44.329557,2026-08-13 00:00:00,https://www.wellsfargojobs.com/en/jobs/r-559551/associate-personal-banker-safe-mcminnville/
WELLS_FARGO,R-560143,Personal Banker Delta Breeze District,Risk and Compliance,Pleasant Hill,CA,United States,unknown,Full time,2026-07-20 21:37:44.345128,2026-07-10 00:00:00,https://www.wellsfargojobs.com/en/jobs/r-560143/personal-banker-delta-breeze-district/
WELLS_FARGO,R-559971,Private Mortgage Banker (SAFE),Risk and Compliance,Richmond,VA,United States,unknown,Full time,2026-07-20 21:37:44.375613,2026-07-13 00:00:00,https://www.wellsfargojobs.com/en/jobs/r-559971/private-mortgage-banker-safe/
WELLS_FARGO,R-550640,"Community Mortgage Bank Sales Consultant (SAFE)- Orlando, FL",Risk and Compliance,Kissimmee,FL,United States,unknown,Full time,2026-07-20 21:37:44.390202,2026-07-13 00:00:00,https://www.wellsfargojobs.com/en/jobs/r-550640/community-mortgage-bank-sales-consultant-safe-orlando-fl/
WELLS_FARGO,R-554786,Teller Bilingual Rio Rancho,Risk and Compliance,Rio Rancho,NM,United States,unknown,Full time,2026-07-20 21:37:44.418216,2026-07-13 00:00:00,https://www.wellsfargojobs.com/en/jobs/r-554786/teller-bilingual-rio-rancho/
WELLS_FARGO,R-558037,"Relationship Banker Circle Drive Rochester, MN",Risk and Compliance,Rochester,MN,United States,unknown,Full time,2026-07-20 21:37:44.444859,2026-07-13 00:00:00,https://www.wellsfargojobs.com/en/jobs/r-558037/relationship-banker-circle-drive-rochester-mn/
WELLS_FARGO,R-559723,"Business Banker (LO) Belmont, NC",Risk and Compliance,Belmont,NC,United States,unknown,Full time,2026-07-20 21:37:44.461600,2026-07-13 00:00:00,https://www.wellsfargojobs.com/en/jobs/r-559723/business-banker-lo-belmont-nc/
WELLS_FARGO,R-559725,"Business Banker (LO) Mobile, AL",Risk and Compliance,Mobile,AL,United States,unknown,Full time,2026-07-20 21:37:44.492109,2026-07-13 00:00:00,https://www.wellsfargojobs.com/en/jobs/r-559725/business-banker-lo-mobile-al/
WELLS_FARGO,R-559796,"Business Banker (LO) Parkville, MD",Risk and Compliance,Parkville,MD,United States,unknown,Full time,2026-07-20 21:37:44.517966,2026-07-13 00:00:00,https://www.wellsfargojobs.com/en/jobs/r-559796/business-banker-lo-parkville-md/
WELLS_FARGO,R-560267,Relationship Banker - Virgina Beach District,Risk and Compliance,Virginia Beach,VA,United States,unknown,Full time,2026-07-20 21:37:44.540663,2026-07-13 00:00:00,https://www.wellsfargojobs.com/en/jobs/r-560267/relationship-banker-virgina-beach-district/
WELLS_FARGO,R-560270,"Senior Premier Banker - Prince William North, VA",Risk and Compliance,Manassas,VA,United States,unknown,Full time,2026-07-20 21:37:44.572114,2026-07-13 00:00:00,https://www.wellsfargojobs.com/en/jobs/r-560270/senior-premier-banker-prince-william-north-va/
WELLS_FARGO,R-546682,Relationship Banker 22nd & Mission,Risk and Compliance,San Francisco,CA,United States,unknown,Full time,2026-07-20 21:37:44.609073,2026-07-13 00:00:00,https://www.wellsfargojobs.com/en/jobs/r-546682/relationship-banker-22nd-mission/
WELLS_FARGO,R-559083,Senior Premier Banker 3rd and 58th,Risk and Compliance,New York,NY,United States,unknown,Full time,2026-07-20 21:37:44.640775,2026-07-13 00:00:00,https://www.wellsfargojobs.com/en/jobs/r-559083/senior-premier-banker-3rd-and-58th/
WELLS_FARGO,R-560469,Mortgage Retail Sales Coordinator (SAFE),Risk and Compliance,Melville,NY,United States,unknown,,2026-07-20 21:37:44.656683,2026-07-31 00:00:00,https://www.wellsfargojobs.com/en/jobs/r-560469/mortgage-retail-sales-coordinator-safe/
WELLS_FARGO,R-560528,Personal Banker Aberdeen,Risk and Compliance,Aberdeen,SD,United States,unknown,Full time,2026-07-20 21:37:44.673281,2026-07-13 00:00:00,https://www.wellsfargojobs.com/en/jobs/r-560528/personal-banker-aberdeen/
WELLS_FARGO,R-552136,Lead Architect - Card Systems and Data Architecture,Risk and Compliance,Charlotte,NC,United States,unknown,Full time,2026-07-20 21:37:44.699430,2026-08-13 00:00:00,https://www.wellsfargojobs.com/en/jobs/r-552136/lead-architect-card-systems-and-data-architecture/
WELLS_FARGO,R-558514,Roving Personal Banker ROVING Sarasota District,Risk and Compliance,North Port,FL,United States,unknown,Full time,2026-07-20 21:37:44.725068,2026-07-13 00:00:00,https://www.wellsfargojobs.com/en/jobs/r-558514/roving-personal-banker-roving-sarasota-district/
WELLS_FARGO,R-560125,Personal Banker 9th St & Greenway,Risk and Compliance,Phoenix,AZ,United States,unknown,Full time,2026-07-20 21:37:44.745309,2026-07-13 00:00:00,https://www.wellsfargojobs.com/en/jobs/r-560125/personal-banker-9th-st-greenway/
WELLS_FARGO,R-552631,Lead Business Aligned Finance Analyst- CIB Markets,Risk and Compliance,New York,NY,United States,unknown,Full time,2026-07-20 21:37:44.750307,2026-07-14 00:00:00,https://www.wellsfargojobs.com/en/jobs/r-552631/lead-business-aligned-finance-analyst-cib-markets/
WELLS_FARGO,R-560411,Kotzebue Personal Banker,Risk and Compliance,Kotzebue,AK,United States,unknown,Full time,2026-07-20 21:37:44.782577,2026-07-14 00:00:00,https://www.wellsfargojobs.com/en/jobs/r-560411/kotzebue-personal-banker/
WELLS_FARGO,R-560543,Branch Manager Capitol of Texas District,Risk and Compliance,Austin,TX,United States,unknown,Full time,2026-07-20 21:37:44.797598,2026-07-14 00:00:00,https://www.wellsfargojobs.com/en/jobs/r-560543/branch-manager-capitol-of-texas-district/
WELLS_FARGO,R-550151,Associate Personal Banker (SAFE) - Jackson West. WY,Risk and Compliance,Jackson,WY,United States,unknown,Full time,2026-07-20 21:37:44.829322,2026-07-14 00:00:00,https://www.wellsfargojobs.com/en/jobs/r-550151/associate-personal-banker-safe-jackson-west-wy/
WELLS_FARGO,R-560281,Senior Regional Real Estate Manager,Risk and Compliance,Dallas,TX,United States,unknown,Full time,2026-07-20 21:37:44.845194,2026-07-14 00:00:00,https://www.wellsfargojobs.com/en/jobs/r-560281/senior-regional-real-estate-manager/
WELLS_FARGO,R-560520,Associate Fixed Income Portfolio Manager,Risk and Compliance,Charlotte,NC,United States,unknown,Full time,2026-07-20 21:37:44.862390,2026-07-15 00:00:00,https://www.wellsfargojobs.com/en/jobs/r-560520/associate-fixed-income-portfolio-manager/
WELLS_FARGO,R-557460,Teller Part Time Loucks Road,Risk and Compliance,York,PA,United States,unknown,Part time,2026-07-20 21:37:44.877533,2026-07-15 00:00:00,https://www.wellsfargojobs.com/en/jobs/r-557460/teller-part-time-loucks-road/
WELLS_FARGO,R-560840,Teller Part Time Wilton Office,Risk and Compliance,Wilton,CT,United States,unknown,Part time,2026-07-20 21:37:44.909466,2026-07-15 00:00:00,https://www.wellsfargojobs.com/en/jobs/r-560840/teller-part-time-wilton-office/
WELLS_FARGO,R-560994,Teller Part Time Bilingual Austell Medical Center,Risk and Compliance,Austell,GA,United States,unknown,Part time,2026-07-20 21:37:44.927274,2026-07-15 00:00:00,https://www.wellsfargojobs.com/en/jobs/r-560994/teller-part-time-bilingual-austell-medical-center/
WELLS_FARGO,R-561001,Personal Banker Hutto TX,Risk and Compliance,Hutto,TX,United States,unknown,Full time,2026-07-20 21:37:44.952852,2026-07-15 00:00:00,https://www.wellsfargojobs.com/en/jobs/r-561001/personal-banker-hutto-tx/
WELLS_FARGO,R-557333,Branch Manager Sarasota,Risk and Compliance,Sarasota,FL,United States,unknown,Full time,2026-07-20 21:37:44.971257,2026-08-17 00:00:00,https://www.wellsfargojobs.com/en/jobs/r-557333/branch-manager-sarasota/
WELLS_FARGO,R-553801,Branch Manager Mt. Vernon,Risk and Compliance,Mount Vernon,WA,United States,unknown,Full time,2026-07-20 21:37:44.993853,2026-07-15 00:00:00,https://www.wellsfargojobs.com/en/jobs/r-553801/branch-manager-mt-vernon/
WELLS_FARGO,R-553892,Lead Product Manager - Transformation & Strategic Initiatives,Risk and Compliance,Charlotte,NC,United States,unknown,Full time,2026-07-20 21:37:45.025449,2026-07-15 00:00:00,https://www.wellsfargojobs.com/en/jobs/r-553892/lead-product-manager-transformation-strategic-initiatives/
WELLS_FARGO,R-560717,Retail Fixed Income Trader,Risk and Compliance,Saint Louis,MO,United States,unknown,Full time,2026-07-20 21:37:45.041157,2026-07-15 00:00:00,https://www.wellsfargojobs.com/en/jobs/r-560717/retail-fixed-income-trader/
WELLS_FARGO,R-561037,Relationship Banker - Tri City,Risk and Compliance,Palm Desert,CA,United States,unknown,Full time,2026-07-20 21:37:45.073736,2026-07-15 00:00:00,https://www.wellsfargojobs.com/en/jobs/r-561037/relationship-banker-tri-city/
WELLS_FARGO,R-561303,Senior Premier Banker Mayfair,Risk and Compliance,Wauwatosa,WI,United States,unknown,Full time,2026-07-20 21:37:45.088756,2026-07-15 00:00:00,https://www.wellsfargojobs.com/en/jobs/r-561303/senior-premier-banker-mayfair/
WELLS_FARGO,R-549314,Teller Bilingual Part Time Spring Rock Green Branch,Risk and Compliance,Richmond,VA,United States,unknown,Part time,2026-07-20 21:37:45.123387,2026-07-15 00:00:00,https://www.wellsfargojobs.com/en/jobs/r-549314/teller-bilingual-part-time-spring-rock-green-branch/
WELLS_FARGO,R-560435,CA-WA Community Mortgage Bank Sales Consultant (SAFE) -Bilingual Spanish,Risk and Compliance,Los Angeles,CA,United States,unknown,Full time,2026-07-20 21:37:45.147800,2026-07-16 00:00:00,https://www.wellsfargojobs.com/en/jobs/r-560435/ca-wa-community-mortgage-bank-sales-consultant-safe-bilingual-spanish/
WELLS_FARGO,R-561446,Lead Commercial Banking Relationship Manager,Risk and Compliance,Denver,CO,United States,unknown,Full time,2026-07-20 21:37:45.167513,2026-07-16 00:00:00,https://www.wellsfargojobs.com/en/jobs/r-561446/lead-commercial-banking-relationship-manager/
WELLS_FARGO,R-549746,Teller Part Time Thomas Dr,Risk and Compliance,Panama City Beach,FL,United States,unknown,Part time,2026-07-20 21:37:45.179060,2026-07-16 00:00:00,https://www.wellsfargojobs.com/en/jobs/r-549746/teller-part-time-thomas-dr/
WELLS_FARGO,R-557594,"Lead Merchant Services Product Sales Consultant, Corporate Banking",Sales and Relationship Management,Irving,TX,United States,unknown,Full time,2026-07-20 21:37:45.218693,2026-07-16 00:00:00,https://www.wellsfargojobs.com/en/jobs/r-557594/lead-merchant-services-product-sales-consultant-corporate-banking/
WELLS_FARGO,R-561326,Teller Billings,Risk and Compliance,Billings,MT,United States,unknown,Full time,2026-07-20 21:37:45.242048,2026-07-16 00:00:00,https://www.wellsfargojobs.com/en/jobs/r-561326/teller-billings/
WELLS_FARGO,R-561633,Branch Operations Manager- Route 66 District,Risk and Compliance,Glendora,CA,United States,unknown,Full time,2026-07-20 21:37:45.263778,2026-07-16 00:00:00,https://www.wellsfargojobs.com/en/jobs/r-561633/branch-operations-manager-route-66-district/
WELLS_FARGO,R-561645,Personal Banker Foothills OC District,Risk and Compliance,Irvine,CA,United States,unknown,Full time,2026-07-20 21:37:45.281435,2026-07-16 00:00:00,https://www.wellsfargojobs.com/en/jobs/r-561645/personal-banker-foothills-oc-district/
WELLS_FARGO,R-561296,Teller Part Time Memorial,Risk and Compliance,Houston,TX,United States,unknown,Part time,2026-07-20 21:37:45.297169,2026-07-16 00:00:00,https://www.wellsfargojobs.com/en/jobs/r-561296/teller-part-time-memorial/
WELLS_FARGO,R-555470,"Personal Banker ONTARIO, OR 97914",Risk and Compliance,Caldwell,ID,United States,unknown,Full time,2026-07-20 21:37:45.329761,2026-07-16 00:00:00,https://www.wellsfargojobs.com/en/jobs/r-555470/personal-banker-ontario-or-97914/
WELLS_FARGO,R-560912,Teller Part Time Clemmons,Risk and Compliance,Clemmons,NC,United States,unknown,Part time,2026-07-20 21:37:45.354053,2026-07-16 00:00:00,https://www.wellsfargojobs.com/en/jobs/r-560912/teller-part-time-clemmons/
WELLS_FARGO,R-561502,Teller Part Time Glenwood Branch,Risk and Compliance,Philadelphia,PA,United States,unknown,Part time,2026-07-20 21:37:45.374982,2026-07-16 00:00:00,https://www.wellsfargojobs.com/en/jobs/r-561502/teller-part-time-glenwood-branch/
WELLS_FARGO,R-560465,CA-WA Mortgage Retail Sales Consultant,Risk and Compliance,El Segundo,CA,United States,unknown,Full time,2026-07-20 21:37:45.390656,2026-07-17 00:00:00,https://www.wellsfargojobs.com/en/jobs/r-560465/ca-wa-mortgage-retail-sales-consultant/
WELLS_FARGO,R-558651,Lead Software Engineer,Risk and Compliance,Irving,TX,United States,unknown,Full time,2026-07-20 21:37:45.406350,2026-07-17 00:00:00,https://www.wellsfargojobs.com/en/jobs/r-558651/lead-software-engineer/
WELLS_FARGO,R-561032,Premier Banker University Town Center,Risk and Compliance,San Diego,CA,United States,unknown,Full time,2026-07-20 21:37:45.443974,2026-07-17 00:00:00,https://www.wellsfargojobs.com/en/jobs/r-561032/premier-banker-university-town-center/
WELLS_FARGO,R-561225,Relationship Banker Clairemont Town Center,Risk and Compliance,San Diego,CA,United States,unknown,Full time,2026-07-20 21:37:45.472378,2026-07-17 00:00:00,https://www.wellsfargojobs.com/en/jobs/r-561225/relationship-banker-clairemont-town-center/
WELLS_FARGO,R-555850,"Vice President, Lending Committee Coordination & Reporting",Risk and Compliance,New York,NY,United States,unknown,Full time,2026-07-20 21:37:45.495377,2026-07-17 00:00:00,https://www.wellsfargojobs.com/en/jobs/r-555850/vice-president-lending-committee-coordination-reporting/
WELLS_FARGO,R-558964,Branch Operations Coordinator Fernley,Risk and Compliance,Fernley,NV,United States,unknown,Full time,2026-07-20 21:37:45.515113,2026-07-17 00:00:00,https://www.wellsfargojobs.com/en/jobs/r-558964/branch-operations-coordinator-fernley/
WELLS_FARGO,R-561273,Strategy Consultant,Risk and Compliance,New York,NY,United States,unknown,Full time,2026-07-20 21:37:45.531763,2026-07-17 00:00:00,https://www.wellsfargojobs.com/en/jobs/r-561273/strategy-consultant/
WELLS_FARGO,R-548126,Personal Banker Glenwood Meadows,Risk and Compliance,Glenwood Springs,CO,United States,unknown,Full time,2026-07-20 21:37:45.558988,2026-07-17 00:00:00,https://www.wellsfargojobs.com/en/jobs/r-548126/personal-banker-glenwood-meadows/
WELLS_FARGO,R-561172,Teller Bilingual Part Time 75th Ave And Thomas,Risk and Compliance,Phoenix,AZ,United States,unknown,Part time,2026-07-20 21:37:45.578118,2026-07-17 00:00:00,https://www.wellsfargojobs.com/en/jobs/r-561172/teller-bilingual-part-time-75th-ave-and-thomas/
WELLS_FARGO,R-561777,Lead Commercial Banking Relationship Manager,Sales and Relationship Management,Woodland Hills,CA,United States,unknown,Full time,2026-07-20 21:37:45.593864,2026-07-17 00:00:00,https://www.wellsfargojobs.com/en/jobs/r-561777/lead-commercial-banking-relationship-manager/
WELLS_FARGO,R-561285,Teller Bilingual South Boone at ASU,Risk and Compliance,Boone,NC,United States,unknown,Full time,2026-07-20 21:37:45.623122,2026-07-17 00:00:00,https://www.wellsfargojobs.com/en/jobs/r-561285/teller-bilingual-south-boone-at-asu/
WELLS_FARGO,R-557620,Senior Premier Banker North Phoenix Scottsdale,Risk and Compliance,Phoenix,AZ,United States,unknown,Full time,2026-07-20 21:37:45.662402,2026-07-17 00:00:00,https://www.wellsfargojobs.com/en/jobs/r-557620/senior-premier-banker-north-phoenix-scottsdale/
WELLS_FARGO,R-558342,"Roving Personal Banker MERIDIAN, ID",Risk and Compliance,Meridian,ID,United States,unknown,Full time,2026-07-20 21:37:45.692303,2026-07-14 00:00:00,https://www.wellsfargojobs.com/en/jobs/r-558342/roving-personal-banker-meridian-id/
WELLS_FARGO,R-557182,Sr. Business Aligned Finance Analyst,Risk and Compliance,Minneapolis,MN,United States,unknown,Full time,2026-07-20 21:37:45.712494,2026-07-20 00:00:00,https://www.wellsfargojobs.com/en/jobs/r-557182/sr-business-aligned-finance-analyst/
WELLS_FARGO,R-560797,Branch manager Irving/Dallas District,Risk and Compliance,Irving,TX,United States,unknown,Full time,2026-07-20 21:37:45.744022,2026-08-19 00:00:00,https://www.wellsfargojobs.com/en/jobs/r-560797/branch-manager-irving-dallas-district/
WELLS_FARGO,R-561826,Teller West Cheyenne Las Vegas,Risk and Compliance,Las Vegas,NV,United States,unknown,Full time,2026-07-20 21:37:45.774085,2026-07-20 00:00:00,https://www.wellsfargojobs.com/en/jobs/r-561826/teller-west-cheyenne-las-vegas/
WELLS_FARGO,R-561739,Relationship Banker Montgomery County Area,Risk and Compliance,Silver Spring,MD,United States,unknown,Full time,2026-07-20 21:37:45.812769,2026-07-20 00:00:00,https://www.wellsfargojobs.com/en/jobs/r-561739/relationship-banker-montgomery-county-area/
WELLS_FARGO,R-561888,Personal Banker Rochester MN,Risk and Compliance,Rochester,MN,United States,unknown,Full time,2026-07-20 21:37:45.828474,2026-07-20 00:00:00,https://www.wellsfargojobs.com/en/jobs/r-561888/personal-banker-rochester-mn/
WELLS_FARGO,R-553026,Teller Part Time Willow Creek And Sandretto,Risk and Compliance,Prescott,AZ,United States,unknown,Part time,2026-07-20 21:37:45.869648,2026-07-20 00:00:00,https://www.wellsfargojobs.com/en/jobs/r-553026/teller-part-time-willow-creek-and-sandretto/
WELLS_FARGO,R-562176,Personal Banker-Desired Creole/Haitian Speaker Sample Road Pompano Beach FL,Risk and Compliance,Pompano Beach,FL,United States,unknown,Full time,2026-07-20 21:37:45.901686,2026-07-20 00:00:00,https://www.wellsfargojobs.com/en/jobs/r-562176/personal-banker-desired-creole-haitian-speaker-sample-road-pompano-beach-fl/
WELLS_FARGO,R-555803,Teller Part Time North Seattle,Risk and Compliance,Seattle,WA,United States,unknown,Part time,2026-07-20 21:37:45.935018,2026-07-20 00:00:00,https://www.wellsfargojobs.com/en/jobs/r-555803/teller-part-time-north-seattle/
WELLS_FARGO,R-562052,Teller Austin NW District,Risk and Compliance,Cedar Park,TX,United States,unknown,Full time,2026-07-20 21:37:45.964106,2026-07-20 00:00:00,https://www.wellsfargojobs.com/en/jobs/r-562052/teller-austin-nw-district/
WELLS_FARGO,R-560284,Lead Storage Infrastructure Engineer,Risk and Compliance,West Des Moines,IA,United States,unknown,Full time,2026-07-20 21:37:45.993077,2026-07-20 00:00:00,https://www.wellsfargojobs.com/en/jobs/r-560284/lead-storage-infrastructure-engineer/
WELLS_FARGO,R-560462,Priority Support L3 - Network Engineer Manager,Risk and Compliance,Irving,TX,United States,unknown,Full time,2026-07-20 21:37:46.018287,2026-07-20 00:00:00,https://www.wellsfargojobs.com/en/jobs/r-560462/priority-support-l3-network-engineer-manager/
WELLS_FARGO,R-558029,Relationship Banker Triangle Southwest District,Risk and Compliance,Cary,NC,United States,unknown,Full time,2026-07-20 21:37:46.070922,2026-07-20 00:00:00,https://www.wellsfargojobs.com/en/jobs/r-558029/relationship-banker-triangle-southwest-district/
WELLS_FARGO,R-542722,Market Risk Specialist | Corporate & Investment Banking,Risk and Compliance,Charlotte,NC,United States,unknown,Full time,2026-07-20 21:37:46.099043,2026-07-20 00:00:00,https://www.wellsfargojobs.com/en/jobs/r-542722/market-risk-specialist-corporate-investment-banking/
WELLS_FARGO,R-554627,Teller Part Time Landowne,Risk and Compliance,Lansdowne,PA,United States,unknown,Part time,2026-07-20 21:37:46.129182,2026-07-20 00:00:00,https://www.wellsfargojobs.com/en/jobs/r-554627/teller-part-time-landowne/
WELLS_FARGO,R-556434,Personal Banker Bilingual Jimmy Carter Blvd,Risk and Compliance,Norcross,GA,United States,unknown,Full time,2026-07-20 21:37:46.161217,2026-07-20 00:00:00,https://www.wellsfargojobs.com/en/jobs/r-556434/personal-banker-bilingual-jimmy-carter-blvd/
WELLS_FARGO,R-540277,Private Mortgage Banker (SAFE),Risk and Compliance,Purchase,NY,United States,unknown,Full time,2026-07-20 21:37:46.190027,2026-07-31 00:00:00,https://www.wellsfargojobs.com/en/jobs/r-540277/private-mortgage-banker-safe/
WELLS_FARGO,R-546741,Private Mortgage Banker (SAFE) AZ,Risk and Compliance,Phoenix,AZ,United States,unknown,,2026-07-20 21:37:46.215153,2026-05-26 00:00:00,https://www.wellsfargojobs.com/en/jobs/r-546741/private-mortgage-banker-safe-az/
WELLS_FARGO,R-546027,Lead Commercial Relationship Manager,Sales and Relationship Management,Richmond,VA,United States,unknown,Full time,2026-07-20 21:37:46.238127,2026-05-29 00:00:00,https://www.wellsfargojobs.com/en/jobs/r-546027/lead-commercial-relationship-manager/
WELLS_FARGO,R-548856,"Mortgage Retail Sales Consultant (SAFE) Dallas, (South) TX",Risk and Compliance,Frisco,TX,United States,unknown,,2026-07-20 21:37:46.265899,2026-05-29 00:00:00,https://www.wellsfargojobs.com/en/jobs/r-548856/mortgage-retail-sales-consultant-safe-dallas-south-tx/
WELLS_FARGO,R-548908,"Mortgage Retail Sales Consultant (SAFE) Dallas, (North) TX",Risk and Compliance,Frisco,TX,United States,unknown,,2026-07-20 21:37:46.296827,2026-05-29 00:00:00,https://www.wellsfargojobs.com/en/jobs/r-548908/mortgage-retail-sales-consultant-safe-dallas-north-tx/
WELLS_FARGO,R-548918,Mortgage Retail Sales Consultant (SAFE) San Antonio,Risk and Compliance,San Antonio,TX,United States,unknown,,2026-07-20 21:37:46.330155,2026-05-29 00:00:00,https://www.wellsfargojobs.com/en/jobs/r-548918/mortgage-retail-sales-consultant-safe-san-antonio/
WELLS_FARGO,R-534787,Private Mortgage Banker (SAFE),Risk and Compliance,Red Bank,NJ,United States,unknown,Full time,2026-07-20 21:37:46.366614,2026-06-16 00:00:00,https://www.wellsfargojobs.com/en/jobs/r-534787/private-mortgage-banker-safe/
WELLS_FARGO,R-554460,Mortgage Consumer Direct Sales Consultant (SAFE),Risk and Compliance,West Des Moines,IA,United States,unknown,Full time,2026-07-20 21:37:46.392143,2026-06-22 00:00:00,https://www.wellsfargojobs.com/en/jobs/r-554460/mortgage-consumer-direct-sales-consultant-safe/
WELLS_FARGO,R-555231,Community Mortgage Bank Sales Consultant,Risk and Compliance,San Bernardino,CA,United States,unknown,Full time,2026-07-20 21:37:46.423421,2026-07-27 00:00:00,https://www.wellsfargojobs.com/en/jobs/r-555231/community-mortgage-bank-sales-consultant/
WELLS_FARGO,R-555069,Senior Premier Banker Corona DeNovo,Risk and Compliance,Corona,NY,United States,unknown,Full time,2026-07-20 21:37:46.461323,2026-06-22 00:00:00,https://www.wellsfargojobs.com/en/jobs/r-555069/senior-premier-banker-corona-denovo/
WELLS_FARGO,R-555252,Community Mortgage Bank Sales Consultant,Risk and Compliance,San Marcos,CA,United States,unknown,Full time,2026-07-20 21:37:46.488438,2026-06-22 00:00:00,https://www.wellsfargojobs.com/en/jobs/r-555252/community-mortgage-bank-sales-consultant/
WELLS_FARGO,R-554050,Private Mortgage Banker (SAFE),Risk and Compliance,Overland Park,KS,United States,unknown,Full time,2026-07-20 21:37:46.512122,2026-06-22 00:00:00,https://www.wellsfargojobs.com/en/jobs/r-554050/private-mortgage-banker-safe/
WELLS_FARGO,R-555140,2027 CIB Commercial Real Estate Analyst Program - Early Careers (California),Risk and Compliance,Los Angeles,CA,United States,unknown,Full time,2026-07-20 21:37:46.530724,2026-06-26 00:00:00,https://www.wellsfargojobs.com/en/jobs/r-555140/2027-cib-commercial-real-estate-analyst-program-early-careers-california/
WELLS_FARGO,R-555720,2027 Commercial Banking Summer Internship – Early Careers,Risk and Compliance,Charlotte,NC,United States,unknown,Full time,2026-07-20 21:37:46.575390,2026-06-26 00:00:00,https://www.wellsfargojobs.com/en/jobs/r-555720/2027-commercial-banking-summer-internship-early-careers/
WELLS_FARGO,R-555363,District Manager - Canyons District,Risk and Compliance,Draper,UT,United States,unknown,Full time,2026-07-20 21:37:46.606256,2026-06-26 00:00:00,https://www.wellsfargojobs.com/en/jobs/r-555363/district-manager-canyons-district/
WELLS_FARGO,R-539581,Senior Business Banking Relationship Manager (LO),Risk and Compliance,Salinas,CA,United States,unknown,Full time,2026-07-20 21:37:46.642203,2026-06-30 00:00:00,https://www.wellsfargojobs.com/en/jobs/r-539581/senior-business-banking-relationship-manager-lo/
WELLS_FARGO,R-549103,Lead Engineer - Infrastructure Solutions,Risk and Compliance,Charlotte,NC,United States,unknown,Full time,2026-07-20 21:37:46.671555,2026-06-30 00:00:00,https://www.wellsfargojobs.com/en/jobs/r-549103/lead-engineer-infrastructure-solutions/
WELLS_FARGO,R-556136,Private Mortgage Banker (SAFE),Risk and Compliance,Los Angeles,CA,United States,unknown,Full time,2026-07-20 21:37:46.687323,2026-06-30 00:00:00,https://www.wellsfargojobs.com/en/jobs/r-556136/private-mortgage-banker-safe/
WELLS_FARGO,R-557457,Personal Banker - Coastal Peaks (evergreen),Risk and Compliance,Bend,OR,United States,unknown,Full time,2026-07-20 21:37:46.724082,2026-07-01 00:00:00,https://www.wellsfargojobs.com/en/jobs/r-557457/personal-banker-coastal-peaks-evergreen/
WELLS_FARGO,R-555825,Senior Premier Banker Beach and Valley,Risk and Compliance,Capitola,CA,United States,unknown,Full time,2026-07-20 21:37:46.762233,2026-07-01 00:00:00,https://www.wellsfargojobs.com/en/jobs/r-555825/senior-premier-banker-beach-and-valley/
WELLS_FARGO,R-542246,Securities Operations Associate Manager - Money Movement Request Management,Risk and Compliance,Minneapolis,MN,United States,unknown,Full time,2026-07-20 21:37:46.782533,2026-07-02 00:00:00,https://www.wellsfargojobs.com/en/jobs/r-542246/securities-operations-associate-manager-money-movement-request-management/
WELLS_FARGO,R-556940,Branch Manager Cascadia District,Risk and Compliance,Lynnwood,WA,United States,unknown,Full time,2026-07-20 21:37:46.821032,2026-07-02 00:00:00,https://www.wellsfargojobs.com/en/jobs/r-556940/branch-manager-cascadia-district/
WELLS_FARGO,R-557572,Teller Part Time Redmond Oregon,Risk and Compliance,Redmond,OR,United States,unknown,Part time,2026-07-20 21:37:46.848365,2026-07-02 00:00:00,https://www.wellsfargojobs.com/en/jobs/r-557572/teller-part-time-redmond-oregon/
WELLS_FARGO,R-558272,"Personal Banker LEWISTON, ID",Risk and Compliance,Lewiston,ID,United States,unknown,Full time,2026-07-20 21:37:46.874888,2026-07-03 00:00:00,https://www.wellsfargojobs.com/en/jobs/r-558272/personal-banker-lewiston-id/
WELLS_FARGO,R-549657,Roving Personal Banker Northern Alaska,Risk and Compliance,Fairbanks,AK,United States,unknown,Full time,2026-07-20 21:37:46.904270,2026-07-06 00:00:00,https://www.wellsfargojobs.com/en/jobs/r-549657/roving-personal-banker-northern-alaska/
WELLS_FARGO,R-558056,Teller Part Time Englewood,Risk and Compliance,Englewood,CO,United States,unknown,Part time,2026-07-20 21:37:46.932732,2026-07-06 00:00:00,https://www.wellsfargojobs.com/en/jobs/r-558056/teller-part-time-englewood/
WELLS_FARGO,R-558692,"Branch Manager Jamestown, ND",Risk and Compliance,Jamestown,ND,United States,unknown,Full time,2026-07-20 21:37:46.966987,2026-07-06 00:00:00,https://www.wellsfargojobs.com/en/jobs/r-558692/branch-manager-jamestown-nd/
WELLS_FARGO,R-558896,Senior Premier Banker Sharon Greens,Risk and Compliance,Cumming,GA,United States,unknown,Full time,2026-07-20 21:37:47.015250,2026-07-07 00:00:00,https://www.wellsfargojobs.com/en/jobs/r-558896/senior-premier-banker-sharon-greens/
WELLS_FARGO,R-556945,Branch Manager Santa Monica,Risk and Compliance,Santa Monica,CA,United States,unknown,Full time,2026-07-20 21:37:47.046699,2026-07-07 00:00:00,https://www.wellsfargojobs.com/en/jobs/r-556945/branch-manager-santa-monica/
WELLS_FARGO,R-558719,Business Banker (LO) Jim Wright FWY,Risk and Compliance,Fort Worth,TX,United States,unknown,Full time,2026-07-20 21:37:47.094930,2026-08-13 00:00:00,https://www.wellsfargojobs.com/en/jobs/r-558719/business-banker-lo-jim-wright-fwy/
WELLS_FARGO,R-558628,Business Banker (LO) Arbor Trails,Risk and Compliance,Austin,TX,United States,unknown,Full time,2026-07-20 21:37:47.143361,2026-07-07 00:00:00,https://www.wellsfargojobs.com/en/jobs/r-558628/business-banker-lo-arbor-trails/
WELLS_FARGO,R-559024,"Relationship Banker, Cape Fear District",Risk and Compliance,Southern Pines,NC,United States,unknown,Full time,2026-07-20 21:37:47.182024,2026-07-07 00:00:00,https://www.wellsfargojobs.com/en/jobs/r-559024/relationship-banker-cape-fear-district/
WELLS_FARGO,R-559159,Personal Banker Sweetgrass District,Risk and Compliance,Charleston,SC,United States,unknown,Full time,2026-07-20 21:37:47.210394,2026-07-07 00:00:00,https://www.wellsfargojobs.com/en/jobs/r-559159/personal-banker-sweetgrass-district/
WELLS_FARGO,R-558953,"Business Banker (LO) Tucson, AZ",Risk and Compliance,Tucson,AZ,United States,unknown,Full time,2026-07-20 21:37:47.228962,2026-08-18 00:00:00,https://www.wellsfargojobs.com/en/jobs/r-558953/business-banker-lo-tucson-az/
WELLS_FARGO,R-558962,"Business Banker (LO) Lynnwood, WA",Risk and Compliance,Lynnwood,WA,United States,unknown,Full time,2026-07-20 21:37:47.267151,2026-08-13 00:00:00,https://www.wellsfargojobs.com/en/jobs/r-558962/business-banker-lo-lynnwood-wa/
WELLS_FARGO,R-559188,Branch Manager Greater Danbury District NY,Risk and Compliance,Carmel,NY,United States,unknown,Full time,2026-07-20 21:37:47.312650,2026-07-08 00:00:00,https://www.wellsfargojobs.com/en/jobs/r-559188/branch-manager-greater-danbury-district-ny/
WELLS_FARGO,R-558771,Business Banker (LO) Midtown,Risk and Compliance,Houston,TX,United States,unknown,Full time,2026-07-20 21:37:47.332178,2026-07-08 00:00:00,https://www.wellsfargojobs.com/en/jobs/r-558771/business-banker-lo-midtown/
WELLS_FARGO,R-558780,Business Banker (LO) Memorial & Asbury,Risk and Compliance,Houston,TX,United States,unknown,Full time,2026-07-20 21:37:47.376216,2026-07-08 00:00:00,https://www.wellsfargojobs.com/en/jobs/r-558780/business-banker-lo-memorial-asbury/
WELLS_FARGO,R-558795,Business Banker (LO) Sharpstown,Risk and Compliance,Houston,TX,United States,unknown,Full time,2026-07-20 21:37:47.405736,2026-07-08 00:00:00,https://www.wellsfargojobs.com/en/jobs/r-558795/business-banker-lo-sharpstown/
WELLS_FARGO,R-557330,Branch Manger Trainee - Greater Fredericksburg,Risk and Compliance,Stafford,VA,United States,unknown,Full time,2026-07-20 21:37:47.452803,2026-07-08 00:00:00,https://www.wellsfargojobs.com/en/jobs/r-557330/branch-manger-trainee-greater-fredericksburg/
WELLS_FARGO,R-542499,Relationship Banker Cottonwood Creek,Risk and Compliance,Wasilla,AK,United States,unknown,Full time,2026-07-20 21:37:47.496863,2026-07-09 00:00:00,https://www.wellsfargojobs.com/en/jobs/r-542499/relationship-banker-cottonwood-creek/
WELLS_FARGO,R-559603,Senior Premier Banker Grand Strand District South Carolina,Risk and Compliance,Florence,SC,United States,unknown,Full time,2026-07-20 21:37:47.532609,2026-07-09 00:00:00,https://www.wellsfargojobs.com/en/jobs/r-559603/senior-premier-banker-grand-strand-district-south-carolina/
WELLS_FARGO,R-559715,Senior Premier Banker South Valley,Risk and Compliance,Bakersfield,CA,United States,unknown,,2026-07-20 21:37:47.572807,2026-07-09 00:00:00,https://www.wellsfargojobs.com/en/jobs/r-559715/senior-premier-banker-south-valley/
WELLS_FARGO,R-558759,Private Mortgage Banker (SAFE),Risk and Compliance,Minneapolis,MN,United States,unknown,Full time,2026-07-20 21:37:47.595080,2026-07-10 00:00:00,https://www.wellsfargojobs.com/en/jobs/r-558759/private-mortgage-banker-safe/
WELLS_FARGO,R-558782,CA-WA Mortgage Retail Sales Consultant (SAFE),Risk and Compliance,Irvine,CA,United States,unknown,Full time,2026-07-20 21:37:47.617089,2026-07-10 00:00:00,https://www.wellsfargojobs.com/en/jobs/r-558782/ca-wa-mortgage-retail-sales-consultant-safe/
WELLS_FARGO,R-562866,"Personal Banker, Ignacio, CO",Risk and Compliance,Ignacio,CO,United States,unknown,Full time,2026-08-20 19:42:11.463277,2026-07-22 00:00:00,https://www.wellsfargojobs.com/en/jobs/r-562866/personal-banker-ignacio-co/
WELLS_FARGO,R-563031,Teller Santa Fe,Risk and Compliance,Santa Fe,NM,United States,unknown,Full time,2026-08-20 19:42:11.514020,2026-07-23 00:00:00,https://www.wellsfargojobs.com/en/jobs/r-563031/teller-santa-fe/
WELLS_FARGO,R-556942,Branch Operations Coordinator Cheyenne,Risk and Compliance,Cheyenne,WY,United States,unknown,Full time,2026-08-20 19:42:11.561518,2026-07-24 00:00:00,https://www.wellsfargojobs.com/en/jobs/r-556942/branch-operations-coordinator-cheyenne/
WELLS_FARGO,R-563632,Branch Manager Casper Wyoming,Risk and Compliance,Casper,WY,United States,unknown,Full time,2026-08-20 19:42:11.624664,2026-07-27 00:00:00,https://www.wellsfargojobs.com/en/jobs/r-563632/branch-manager-casper-wyoming/
WELLS_FARGO,R-560468,CA-WA Mortgage Retail Sales Consultant,Risk and Compliance,Irvine,CA,United States,unknown,Full time,2026-08-20 19:42:11.676316,2026-07-27 00:00:00,https://www.wellsfargojobs.com/en/jobs/r-560468/ca-wa-mortgage-retail-sales-consultant/
WELLS_FARGO,R-564008,Mortgage Retail Sales Consultant (SAFE) San Antonio,Risk and Compliance,San Antonio,TX,United States,unknown,,2026-08-20 19:42:11.716141,2026-07-27 00:00:00,https://www.wellsfargojobs.com/en/jobs/r-564008/mortgage-retail-sales-consultant-safe-san-antonio/
WELLS_FARGO,R-563019,"Executive Director, Senior Lead Commercial Banking Relationship Manager",Sales and Relationship Management,Green Bay,WI,United States,unknown,Full time,2026-08-20 19:42:11.764586,2026-07-28 00:00:00,https://www.wellsfargojobs.com/en/jobs/r-563019/executive-director-senior-lead-commercial-banking-relationship-manager/
WELLS_FARGO,R-564291,"Executive Director, Commercial Banking Relationship Manager - Middle Market",Sales and Relationship Management,Pittsburgh,PA,United States,unknown,Full time,2026-08-20 19:42:11.858523,2026-07-28 00:00:00,https://www.wellsfargojobs.com/en/jobs/r-564291/executive-director-commercial-banking-relationship-manager-middle-market/
WELLS_FARGO,R-564488,Mortgage Retail Sales Consultant (SAFE),Risk and Compliance,Minneapolis,MN,United States,unknown,Full time,2026-08-20 19:42:11.909362,2026-07-29 00:00:00,https://www.wellsfargojobs.com/en/jobs/r-564488/mortgage-retail-sales-consultant-safe/
WELLS_FARGO,R-564918,CA-WA Private Mortgage Banker,Risk and Compliance,Walnut Creek,CA,United States,unknown,Full time,2026-08-20 19:42:11.953037,2026-07-30 00:00:00,https://www.wellsfargojobs.com/en/jobs/r-564918/ca-wa-private-mortgage-banker/
WELLS_FARGO,R-565342,Personal Banker Sturgis,Risk and Compliance,Sturgis,SD,United States,unknown,Full time,2026-08-20 19:42:12.097824,2026-07-31 00:00:00,https://www.wellsfargojobs.com/en/jobs/r-565342/personal-banker-sturgis/
WELLS_FARGO,R-565079,Private Mortgage Banking Associate Manager (SAFE),Risk and Compliance,Los Angeles,CA,United States,unknown,Full time,2026-08-20 19:45:18.886697,2026-07-31 00:00:00,https://www.wellsfargojobs.com/en/jobs/r-565079/private-mortgage-banking-associate-manager-safe/
WELLS_FARGO,R-562721,Personal Banker Sitka Branch,Risk and Compliance,Sitka,AK,United States,unknown,Full time,2026-08-20 19:45:18.984616,2026-08-03 00:00:00,https://www.wellsfargojobs.com/en/jobs/r-562721/personal-banker-sitka-branch/
WELLS_FARGO,R-565551,Personal Banker Sioux Falls,Risk and Compliance,Sioux Falls,SD,United States,unknown,Full time,2026-08-20 19:45:19.032820,2026-08-03 00:00:00,https://www.wellsfargojobs.com/en/jobs/r-565551/personal-banker-sioux-falls/
WELLS_FARGO,R-565605,Teller Conifer,Risk and Compliance,Conifer,CO,United States,unknown,Full time,2026-08-20 19:45:19.077427,2026-08-04 00:00:00,https://www.wellsfargojobs.com/en/jobs/r-565605/teller-conifer/
WELLS_FARGO,R-566227,Senior Premier Banker Chandler District,Risk and Compliance,Chandler,AZ,United States,unknown,Full time,2026-08-20 19:45:19.141484,2026-08-05 00:00:00,https://www.wellsfargojobs.com/en/jobs/r-566227/senior-premier-banker-chandler-district/
WELLS_FARGO,R-566479,Personal Banker | The Castro,Risk and Compliance,San Francisco,CA,United States,unknown,Full time,2026-08-20 19:45:19.192162,2026-08-05 00:00:00,https://www.wellsfargojobs.com/en/jobs/r-566479/personal-banker-the-castro/
WELLS_FARGO,R-565285,Principal Mid-Corporate Relationship Manager,Sales and Relationship Management,Seattle,WA,United States,unknown,Full time,2026-08-20 19:45:19.260502,2026-08-05 00:00:00,https://www.wellsfargojobs.com/en/jobs/r-565285/principal-mid-corporate-relationship-manager/
WELLS_FARGO,R-566601,Relationship Banker - Santa Paula Branch,Risk and Compliance,Santa Paula,CA,United States,unknown,,2026-08-20 19:45:19.390826,2026-08-06 00:00:00,https://www.wellsfargojobs.com/en/jobs/r-566601/relationship-banker-santa-paula-branch/
WELLS_FARGO,R-566001,Personal Banker Yerington,Risk and Compliance,Yerington,NV,United States,unknown,Full time,2026-08-20 19:45:19.438205,2026-08-06 00:00:00,https://www.wellsfargojobs.com/en/jobs/r-566001/personal-banker-yerington/
WELLS_FARGO,R-566684,Senior Business Banking Relationship Manager (LO),Risk and Compliance,Campbell,CA,United States,unknown,Full time,2026-08-20 19:45:19.481579,2026-08-06 00:00:00,https://www.wellsfargojobs.com/en/jobs/r-566684/senior-business-banking-relationship-manager-lo/
WELLS_FARGO,R-566894,Teller Part Time Hillsdale,Risk and Compliance,San Mateo,CA,United States,unknown,Part time,2026-08-20 19:45:19.580561,2026-08-07 00:00:00,https://www.wellsfargojobs.com/en/jobs/r-566894/teller-part-time-hillsdale/
WELLS_FARGO,R-566845,Principal Commercial Banking Relationship Manager,Risk and Compliance,Irvine,CA,United States,unknown,Full time,2026-08-20 19:45:19.692571,2026-08-07 00:00:00,https://www.wellsfargojobs.com/en/jobs/r-566845/principal-commercial-banking-relationship-manager/
WELLS_FARGO,R-565302,Teller Part Time Quarry Creek,Risk and Compliance,Oceanside,CA,United States,unknown,Part time,2026-08-20 19:45:19.759077,2026-08-07 00:00:00,https://www.wellsfargojobs.com/en/jobs/r-565302/teller-part-time-quarry-creek/
WELLS_FARGO,R-566141,Teller Part Time W Bell And N 33rd Ave,Risk and Compliance,Phoenix,AZ,United States,unknown,Part time,2026-08-20 19:45:19.808035,2026-08-07 00:00:00,https://www.wellsfargojobs.com/en/jobs/r-566141/teller-part-time-w-bell-and-n-33rd-ave/
WELLS_FARGO,R-567419,Mortgage Retail Sales Coordinator (SAFE),Risk and Compliance,Minneapolis,MN,United States,unknown,Full time,2026-08-20 19:45:19.960262,2026-08-11 00:00:00,https://www.wellsfargojobs.com/en/jobs/r-567419/mortgage-retail-sales-coordinator-safe/
WELLS_FARGO,R-567777,Senior Premier Banker - Colorado North District,Risk and Compliance,Fort Collins,CO,United States,unknown,,2026-08-20 19:45:20.039247,2026-08-11 00:00:00,https://www.wellsfargojobs.com/en/jobs/r-567777/senior-premier-banker-colorado-north-district/
WELLS_FARGO,R-567637,Teller Bilingual Part Time Midvale Park,Risk and Compliance,Tucson,AZ,United States,unknown,Part time,2026-08-20 19:45:20.094722,2026-08-11 00:00:00,https://www.wellsfargojobs.com/en/jobs/r-567637/teller-bilingual-part-time-midvale-park/
WELLS_FARGO,R-567924,"Senior Internal & Executive Communications Lead, Cross-CIB Communications",Risk and Compliance,Boston,MA,United States,unknown,Full time,2026-08-20 19:45:20.137296,2026-08-12 00:00:00,https://www.wellsfargojobs.com/en/jobs/r-567924/senior-internal-executive-communications-lead-cross-cib-communications/
WELLS_FARGO,R-556843,Teller Part Time Belle Hall,Risk and Compliance,Mount Pleasant,SC,United States,unknown,Part time,2026-08-20 19:45:20.196183,2026-08-12 00:00:00,https://www.wellsfargojobs.com/en/jobs/r-556843/teller-part-time-belle-hall/
WELLS_FARGO,R-568156,Senior Premier Banker Brooklyn Navy Yards DeNovo,Risk and Compliance,Brooklyn,NY,United States,unknown,Full time,2026-08-20 19:45:20.259150,2026-08-12 00:00:00,https://www.wellsfargojobs.com/en/jobs/r-568156/senior-premier-banker-brooklyn-navy-yards-denovo/
WELLS_FARGO,R-564881,Private Mortgage Banker,Risk and Compliance,Alameda,CA,United States,unknown,Full time,2026-08-20 19:45:20.317835,2026-08-12 00:00:00,https://www.wellsfargojobs.com/en/jobs/r-564881/private-mortgage-banker/
WELLS_FARGO,R-566440,"Roving Personal Banker Bullhead City, Fort Mohave, Kingman",Risk and Compliance,Bullhead City,AZ,United States,unknown,Full time,2026-08-20 19:45:20.366370,2026-08-12 00:00:00,https://www.wellsfargojobs.com/en/jobs/r-566440/roving-personal-banker-bullhead-city-fort-mohave-kingman/
WELLS_FARGO,R-566640,Registered Client Associate,Risk and Compliance,Mclean,VA,United States,unknown,Full time,2026-08-20 19:45:20.412131,2026-08-12 00:00:00,https://www.wellsfargojobs.com/en/jobs/r-566640/registered-client-associate/
WELLS_FARGO,R-567865,Lead Systems Operations Engineer- Informatica,Cloud and Infrastructure,Charlotte,NC,United States,unknown,Full time,2026-08-20 19:45:20.540504,2026-08-12 00:00:00,https://www.wellsfargojobs.com/en/jobs/r-567865/lead-systems-operations-engineer-informatica/
WELLS_FARGO,R-563185,Teller Part Time Colorado Gunnison District,Risk and Compliance,Gunnison,CO,United States,unknown,Part time,2026-08-20 19:45:20.598465,2026-07-24 00:00:00,https://www.wellsfargojobs.com/en/jobs/r-563185/teller-part-time-colorado-gunnison-district/
WELLS_FARGO,R-567613,Roving Personal Banker Bilingual Spanish Central Coast District,Risk and Compliance,Grover Beach,CA,United States,unknown,Full time,2026-08-20 19:45:20.712346,2026-08-21 00:00:00,https://www.wellsfargojobs.com/en/jobs/r-567613/roving-personal-banker-bilingual-spanish-central-coast-district/
WELLS_FARGO,R-567983,Teller Part Time Kennewick,Risk and Compliance,Kennewick,WA,United States,unknown,Part time,2026-08-20 19:45:20.785744,2026-08-13 00:00:00,https://www.wellsfargojobs.com/en/jobs/r-567983/teller-part-time-kennewick/
WELLS_FARGO,R-568206,Branch Manager Trainee | Central Virginia District | Roanoke Area Branches,Risk and Compliance,Roanoke,VA,United States,unknown,Full time,2026-08-20 19:45:20.877126,2026-08-13 00:00:00,https://www.wellsfargojobs.com/en/jobs/r-568206/branch-manager-trainee-central-virginia-district-roanoke-area-branches/
WELLS_FARGO,R-565322,Senior Branch Premier Banker Armonk Branch,Risk and Compliance,Armonk,NY,United States,unknown,Full time,2026-08-20 19:45:20.993492,2026-08-14 00:00:00,https://www.wellsfargojobs.com/en/jobs/r-565322/senior-branch-premier-banker-armonk-branch/
WELLS_FARGO,R-568250,Teller Part Time Highlands Ranch South,Risk and Compliance,Highlands Ranch,CO,United States,unknown,Part time,2026-08-20 19:45:21.067187,2026-08-14 00:00:00,https://www.wellsfargojobs.com/en/jobs/r-568250/teller-part-time-highlands-ranch-south/
WELLS_FARGO,R-568556,Loan Workout Specialist,Risk and Compliance,Des Moines,IA,United States,unknown,Full time,2026-08-20 19:45:21.108012,2026-08-14 00:00:00,https://www.wellsfargojobs.com/en/jobs/r-568556/loan-workout-specialist/
WELLS_FARGO,R-568683,Teller Santa Cruz,Risk and Compliance,Santa Cruz,CA,United States,unknown,Full time,2026-08-20 19:45:21.170813,2026-08-14 00:00:00,https://www.wellsfargojobs.com/en/jobs/r-568683/teller-santa-cruz/
WELLS_FARGO,R-568369,Teller Part Time Glenbrook,Risk and Compliance,Grass Valley,CA,United States,unknown,Part time,2026-08-20 19:45:21.230496,2026-08-13 00:00:00,https://www.wellsfargojobs.com/en/jobs/r-568369/teller-part-time-glenbrook/
WELLS_FARGO,R-568510,Personal Banker Berkeley Branch in Goldsboro NC,Risk and Compliance,Goldsboro,NC,United States,unknown,Full time,2026-08-20 19:45:21.281773,2026-08-14 00:00:00,https://www.wellsfargojobs.com/en/jobs/r-568510/personal-banker-berkeley-branch-in-goldsboro-nc/
WELLS_FARGO,R-568547,Bilingual Personal Banker Waters Ave (Spanish Required),Risk and Compliance,Tampa,FL,United States,unknown,Full time,2026-08-20 19:45:21.344672,2026-08-14 00:00:00,https://www.wellsfargojobs.com/en/jobs/r-568547/bilingual-personal-banker-waters-ave-spanish-required/
WELLS_FARGO,R-568886,Personal Banker Midwest Charlotte District,Risk and Compliance,Gastonia,NC,United States,unknown,Full time,2026-08-20 19:45:21.396944,2026-08-14 00:00:00,https://www.wellsfargojobs.com/en/jobs/r-568886/personal-banker-midwest-charlotte-district/
WELLS_FARGO,R-567459,Teller University And Gilbert,Risk and Compliance,Mesa,AZ,United States,unknown,Full time,2026-08-20 19:45:21.455765,2026-08-14 00:00:00,https://www.wellsfargojobs.com/en/jobs/r-567459/teller-university-and-gilbert/
WELLS_FARGO,R-568955,Personal Banker | West Portal,Risk and Compliance,San Francisco,CA,United States,unknown,Full time,2026-08-20 19:45:21.506389,2026-08-14 00:00:00,https://www.wellsfargojobs.com/en/jobs/r-568955/personal-banker-west-portal/
WELLS_FARGO,R-568811,Teller Part Time West Covina Heights,Risk and Compliance,West Covina,CA,United States,unknown,Part time,2026-08-20 19:45:21.567636,2026-08-14 00:00:00,https://www.wellsfargojobs.com/en/jobs/r-568811/teller-part-time-west-covina-heights/
WELLS_FARGO,R-568725,Teller Tamaqua,Risk and Compliance,Tamaqua,PA,United States,unknown,Full time,2026-08-20 19:45:21.619171,2026-08-17 00:00:00,https://www.wellsfargojobs.com/en/jobs/r-568725/teller-tamaqua/
WELLS_FARGO,R-568834,Personal Banker Valdez,Risk and Compliance,Valdez,AK,United States,unknown,Full time,2026-08-20 19:45:21.686340,2026-08-17 00:00:00,https://www.wellsfargojobs.com/en/jobs/r-568834/personal-banker-valdez/
WELLS_FARGO,R-568650,Teller Part Time Comfort and MB,Risk and Compliance,Comfort,TX,United States,unknown,Part time,2026-08-20 19:45:21.797778,2026-08-17 00:00:00,https://www.wellsfargojobs.com/en/jobs/r-568650/teller-part-time-comfort-and-mb/
WELLS_FARGO,R-568982,"Senior Premier Banker Platt Village - West Hills, CA",Risk and Compliance,West Hills,CA,United States,unknown,Full time,2026-08-20 19:45:21.871158,2026-08-17 00:00:00,https://www.wellsfargojobs.com/en/jobs/r-568982/senior-premier-banker-platt-village-west-hills-ca/
WELLS_FARGO,R-568583,Branch Operations Manager Hewitt Woodway,Risk and Compliance,Waco,TX,United States,unknown,Full time,2026-08-20 19:45:21.933204,2026-08-17 00:00:00,https://www.wellsfargojobs.com/en/jobs/r-568583/branch-operations-manager-hewitt-woodway/
WELLS_FARGO,R-568858,Senior Premier Banker Santa Teresa,Risk and Compliance,San Jose,CA,United States,unknown,Full time,2026-08-20 19:45:22.077512,2026-08-17 00:00:00,https://www.wellsfargojobs.com/en/jobs/r-568858/senior-premier-banker-santa-teresa/
WELLS_FARGO,R-568984,Teller Fresno,Risk and Compliance,Fresno,CA,United States,unknown,Full time,2026-08-20 19:45:22.138647,2026-08-17 00:00:00,https://www.wellsfargojobs.com/en/jobs/r-568984/teller-fresno/
WELLS_FARGO,R-566678,Branch Operations Coordinator Five Points Fernandina Beach FL,Risk and Compliance,Fernandina Beach,FL,United States,unknown,Full time,2026-08-20 19:45:22.188679,2026-08-17 00:00:00,https://www.wellsfargojobs.com/en/jobs/r-566678/branch-operations-coordinator-five-points-fernandina-beach-fl/
WELLS_FARGO,R-569260,Personal Banker Magnolia,Risk and Compliance,Magnolia,TX,United States,unknown,Full time,2026-08-20 19:45:22.247695,2026-08-18 00:00:00,https://www.wellsfargojobs.com/en/jobs/r-569260/personal-banker-magnolia/
WELLS_FARGO,R-563270,Personal Banker Glenwood Meadows,Risk and Compliance,Glenwood Springs,CO,United States,unknown,Full time,2026-08-20 19:45:22.304618,2026-08-14 00:00:00,https://www.wellsfargojobs.com/en/jobs/r-563270/personal-banker-glenwood-meadows/
WELLS_FARGO,R-556615,Senior Trust Associate Special Needs Trust Services - Senior Fiduciary Coordinator,Risk and Compliance,Austin,TX,United States,unknown,Full time,2026-08-20 19:45:22.517288,2026-08-18 00:00:00,https://www.wellsfargojobs.com/en/jobs/r-556615/senior-trust-associate-special-needs-trust-services-senior-fiduciary-coordinator/
WELLS_FARGO,R-557382,Teller Part Time Downtown Downey,Risk and Compliance,Downey,CA,United States,unknown,Part time,2026-08-20 19:45:22.585004,2026-08-18 00:00:00,https://www.wellsfargojobs.com/en/jobs/r-557382/teller-part-time-downtown-downey/
WELLS_FARGO,R-568210,Relationship Banker | Meadowbrook Branch,Risk and Compliance,Richmond,VA,United States,unknown,Full time,2026-08-20 19:45:22.724767,2026-08-18 00:00:00,https://www.wellsfargojobs.com/en/jobs/r-568210/relationship-banker-meadowbrook-branch/
WELLS_FARGO,R-568230,Client Associate,Risk and Compliance,Greenville,SC,United States,unknown,Full time,2026-08-20 19:45:22.763534,2026-08-18 00:00:00,https://www.wellsfargojobs.com/en/jobs/r-568230/client-associate/
WELLS_FARGO,R-568208,Teller Part Time Austin Four Points,Risk and Compliance,Austin,TX,United States,unknown,Part time,2026-08-20 19:45:22.878077,2026-08-17 00:00:00,https://www.wellsfargojobs.com/en/jobs/r-568208/teller-part-time-austin-four-points/
WELLS_FARGO,R-569572,Teller Part Time Trenton,Risk and Compliance,Trenton,NJ,United States,unknown,Part time,2026-08-20 19:45:22.937963,2026-08-18 00:00:00,https://www.wellsfargojobs.com/en/jobs/r-569572/teller-part-time-trenton/
WELLS_FARGO,R-568472,Senior Premier Banker Beach and Valley,Risk and Compliance,Santa Cruz,CA,United States,unknown,Full time,2026-08-20 19:45:23.012281,2026-08-18 00:00:00,https://www.wellsfargojobs.com/en/jobs/r-568472/senior-premier-banker-beach-and-valley/
WELLS_FARGO,R-569202,Personal Banker | Chestnut Avenue,Risk and Compliance,South San Francisco,CA,United States,unknown,Full time,2026-08-20 19:45:23.142109,2026-08-18 00:00:00,https://www.wellsfargojobs.com/en/jobs/r-569202/personal-banker-chestnut-avenue/
WELLS_FARGO,R-568980,Teller Part Time Santee,Risk and Compliance,Santee,CA,United States,unknown,Part time,2026-08-20 19:45:23.195995,2026-08-18 00:00:00,https://www.wellsfargojobs.com/en/jobs/r-568980/teller-part-time-santee/
WELLS_FARGO,R-569650,Personal Banker Roxboro Branch in Roxboro NC,Risk and Compliance,Roxboro,NC,United States,unknown,Full time,2026-08-20 19:45:23.254005,2026-08-19 00:00:00,https://www.wellsfargojobs.com/en/jobs/r-569650/personal-banker-roxboro-branch-in-roxboro-nc/
WELLS_FARGO,R-569734,Branch Manager Southern Westchester District,Risk and Compliance,Ardsley,NY,United States,unknown,Full time,2026-08-20 19:45:23.323649,2026-08-19 00:00:00,https://www.wellsfargojobs.com/en/jobs/r-569734/branch-manager-southern-westchester-district/
WELLS_FARGO,R-569111,Private Mortgage Banker (SAFE),Risk and Compliance,Cockeysville,MD,United States,unknown,Full time,2026-08-20 19:45:23.387023,2026-08-19 00:00:00,https://www.wellsfargojobs.com/en/jobs/r-569111/private-mortgage-banker-safe/
WELLS_FARGO,R-567396,Senior Premier Banker Buckhead,Risk and Compliance,Atlanta,GA,United States,unknown,Full time,2026-08-20 19:45:23.461536,2026-08-19 00:00:00,https://www.wellsfargojobs.com/en/jobs/r-567396/senior-premier-banker-buckhead/
WELLS_FARGO,R-569558,Teller Part Time Prior Lake,Risk and Compliance,Prior Lake,MN,United States,unknown,Part time,2026-08-20 19:45:23.577124,2026-08-19 00:00:00,https://www.wellsfargojobs.com/en/jobs/r-569558/teller-part-time-prior-lake/
WELLS_FARGO,R-569124,Private Mortgage Banker (SAFE),Risk and Compliance,Midlothian,VA,United States,unknown,Full time,2026-08-20 19:45:23.630172,2026-08-19 00:00:00,https://www.wellsfargojobs.com/en/jobs/r-569124/private-mortgage-banker-safe/
WELLS_FARGO,R-567903,Personal Banker Northeast Maryland District,Risk and Compliance,Baltimore,MD,United States,unknown,Full time,2026-08-21 17:56:57.311755,2026-08-19 00:00:00,https://www.wellsfargojobs.com/en/jobs/r-567903/personal-banker-northeast-maryland-district/
WELLS_FARGO,R-565843,Principal Engineer - AWS Cloud Security,Risk and Compliance,Charlotte,NC,United States,unknown,Full time,2026-08-21 17:56:57.328770,2026-08-19 00:00:00,https://www.wellsfargojobs.com/en/jobs/r-565843/principal-engineer-aws-cloud-security/
WELLS_FARGO,R-569891,Bilingual Personal Banker Abacoa,Risk and Compliance,Jupiter,FL,United States,unknown,Full time,2026-08-21 17:56:57.347150,2026-08-19 00:00:00,https://www.wellsfargojobs.com/en/jobs/r-569891/bilingual-personal-banker-abacoa/
WELLS_FARGO,R-568189,Teller Part Time Menlo Park,Risk and Compliance,Menlo Park,CA,United States,unknown,Part time,2026-08-21 17:56:57.366448,2026-08-19 00:00:00,https://www.wellsfargojobs.com/en/jobs/r-568189/teller-part-time-menlo-park/
WELLS_FARGO,R-568459,Personal Banker Anderson Mill 620,Risk and Compliance,Austin,TX,United States,unknown,Full time,2026-08-21 17:56:57.383195,2026-08-19 00:00:00,https://www.wellsfargojobs.com/en/jobs/r-568459/personal-banker-anderson-mill-620/
WELLS_FARGO,R-569857,Personal Banker – Roving Tri Counties,Risk and Compliance,Medford,OR,United States,unknown,Full time,2026-08-21 17:56:57.416565,2026-08-19 00:00:00,https://www.wellsfargojobs.com/en/jobs/r-569857/personal-banker-roving-tri-counties/
WELLS_FARGO,R-566658,Relationship Banker Norco,Risk and Compliance,Norco,CA,United States,unknown,Full time,2026-08-21 17:56:57.439527,2026-08-19 00:00:00,https://www.wellsfargojobs.com/en/jobs/r-566658/relationship-banker-norco/
WELLS_FARGO,R-554807,Personal Banker Spartanburg Hillcrest,Risk and Compliance,Spartanburg,SC,United States,unknown,Full time,2026-08-21 17:56:57.455571,2026-08-19 00:00:00,https://www.wellsfargojobs.com/en/jobs/r-554807/personal-banker-spartanburg-hillcrest/
WELLS_FARGO,R-567753,"Personal Banker-Myrtle Grove, Wilmington, NC",Risk and Compliance,Wilmington,NC,United States,unknown,Full time,2026-08-21 17:56:57.482879,2026-08-19 00:00:00,https://www.wellsfargojobs.com/en/jobs/r-567753/personal-banker-myrtle-grove-wilmington-nc/
WELLS_FARGO,R-569471,Personal Banker McCrimmon Corners Branch in Morrisville NC,Risk and Compliance,Morrisville,NC,United States,unknown,Full time,2026-08-21 17:56:57.500195,2026-08-19 00:00:00,https://www.wellsfargojobs.com/en/jobs/r-569471/personal-banker-mccrimmon-corners-branch-in-morrisville-nc/
WELLS_FARGO,R-568198,"Vice President, eFX Algorithmic Trading Strategist",Risk and Compliance,New York,NY,United States,unknown,Full time,2026-08-21 17:56:57.526800,2026-08-20 00:00:00,https://www.wellsfargojobs.com/en/jobs/r-568198/vice-president-efx-algorithmic-trading-strategist/
WELLS_FARGO,R-557687,Principal Artificial Intelligence Solutions Consultant,Risk and Compliance,Concord,CA,United States,unknown,Full time,2026-08-21 17:56:57.541305,2026-08-20 00:00:00,https://www.wellsfargojobs.com/en/jobs/r-557687/principal-artificial-intelligence-solutions-consultant/
WELLS_FARGO,R-556816,Senior Business Execution Consultant,Risk and Compliance,Chandler,AZ,United States,unknown,Full time,2026-08-21 17:56:57.567029,2026-08-20 00:00:00,https://www.wellsfargojobs.com/en/jobs/r-556816/senior-business-execution-consultant/
WELLS_FARGO,R-565378,Teller Part Time Fremont Canyon Del Rey,Risk and Compliance,Del Rey Oaks,CA,United States,unknown,Part time,2026-08-21 17:56:57.582914,2026-08-20 00:00:00,https://www.wellsfargojobs.com/en/jobs/r-565378/teller-part-time-fremont-canyon-del-rey/
WELLS_FARGO,R-569866,Teller Part Time Stillwater,Risk and Compliance,Stillwater,MN,United States,unknown,Part time,2026-08-21 17:56:57.599913,2026-08-20 00:00:00,https://www.wellsfargojobs.com/en/jobs/r-569866/teller-part-time-stillwater/
WELLS_FARGO,R-570061,Roving Personal Banker Southern Westchester,Risk and Compliance,Ardsley,NY,United States,unknown,Full time,2026-08-21 17:56:57.618060,2026-08-20 00:00:00,https://www.wellsfargojobs.com/en/jobs/r-570061/roving-personal-banker-southern-westchester/
WELLS_FARGO,R-544087,"Senior Counsel, Senior AVP: Structured Products",Legal,Charlotte,NC,United States,unknown,Full time,2026-08-21 17:56:57.633461,2026-08-20 00:00:00,https://www.wellsfargojobs.com/en/jobs/r-544087/senior-counsel-senior-avp-structured-products/
WELLS_FARGO,R-554944,"Specialty Software Engineering Senior Manager – CPG Applications, Data and Integration",Risk and Compliance,Charlotte,NC,United States,unknown,Full time,2026-08-21 17:56:57.652044,2026-08-20 00:00:00,https://www.wellsfargojobs.com/en/jobs/r-554944/specialty-software-engineering-senior-manager-cpg-applications-data-and-integration/
WELLS_FARGO,R-567739,Business Development Sourcing Specialist,Risk and Compliance,Charlotte,NC,United States,unknown,Full time,2026-08-21 17:56:57.665051,2026-08-20 00:00:00,https://www.wellsfargojobs.com/en/jobs/r-567739/business-development-sourcing-specialist/
WELLS_FARGO,R-569584,Branch Manager Rio Grande Valley District,Risk and Compliance,Donna,TX,United States,unknown,Full time,2026-08-21 17:56:57.686174,2026-08-20 00:00:00,https://www.wellsfargojobs.com/en/jobs/r-569584/branch-manager-rio-grande-valley-district/
WELLS_FARGO,R-567733,Senior Premier Banker Alameda Marinda,Risk and Compliance,Alameda,CA,United States,unknown,Full time,2026-08-21 17:56:57.739224,2026-08-20 00:00:00,https://www.wellsfargojobs.com/en/jobs/r-567733/senior-premier-banker-alameda-marinda/
WELLS_FARGO,R-569883,Teller Part Time Sacramento Greenhaven District,Risk and Compliance,Sacramento,CA,United States,unknown,Part time,2026-08-21 17:56:57.770613,2026-08-20 00:00:00,https://www.wellsfargojobs.com/en/jobs/r-569883/teller-part-time-sacramento-greenhaven-district/
WELLS_FARGO,R-558347,Teller Part Time Eagle,Risk and Compliance,Eagle,ID,United States,unknown,Part time,2026-08-21 17:56:57.785870,2026-08-20 00:00:00,https://www.wellsfargojobs.com/en/jobs/r-558347/teller-part-time-eagle/
WELLS_FARGO,R-570202,Brokerage Client Assistant - RCAST & Registered,Risk and Compliance,Charlotte,NC,United States,unknown,Full time,2026-08-21 17:56:57.797696,2026-08-20 00:00:00,https://www.wellsfargojobs.com/en/jobs/r-570202/brokerage-client-assistant-rcast-registered/
WELLS_FARGO,R-562023,Teller Part Time Monterey,Risk and Compliance,Monterey,CA,United States,unknown,Part time,2026-08-21 17:56:57.817569,2026-08-20 00:00:00,https://www.wellsfargojobs.com/en/jobs/r-562023/teller-part-time-monterey/
WELLS_FARGO,R-568845,Personal Banker  Lewistown MT,Risk and Compliance,Lewistown,MT,United States,unknown,Full time,2026-08-21 17:56:57.832788,2026-08-20 00:00:00,https://www.wellsfargojobs.com/en/jobs/r-568845/personal-banker-lewistown-mt/
WELLS_FARGO,R-558545,Associate Customer Service Representative Everyday Banking,Risk and Compliance,Charlotte,NC,United States,unknown,Full time,2026-08-21 17:56:57.849407,2026-08-21 00:00:00,https://www.wellsfargojobs.com/en/jobs/r-558545/associate-customer-service-representative-everyday-banking/
WELLS_FARGO,R-563603,Lead Systems Operations Engineer - Windows / Unix,Risk and Compliance,Charlotte,NC,United States,unknown,Full time,2026-08-21 17:56:57.866645,2026-08-21 00:00:00,https://www.wellsfargojobs.com/en/jobs/r-563603/lead-systems-operations-engineer-windows-unix/
WELLS_FARGO,R-569638,Personal Banker Ft Oglethorpe,Risk and Compliance,Fort Oglethorpe,GA,United States,unknown,Full time,2026-08-21 17:56:57.907394,2026-08-21 00:00:00,https://www.wellsfargojobs.com/en/jobs/r-569638/personal-banker-ft-oglethorpe/
WELLS_FARGO,R-568282,Teller Sunset Point,Risk and Compliance,Clearwater,FL,United States,unknown,Full time,2026-08-21 17:56:57.925730,2026-08-21 00:00:00,https://www.wellsfargojobs.com/en/jobs/r-568282/teller-sunset-point/
WELLS_FARGO,R-563418,Branch Manager North Mountain District,Risk and Compliance,Marion,NC,United States,unknown,Full time,2026-08-21 17:56:58.091689,2026-07-24 00:00:00,https://www.wellsfargojobs.com/en/jobs/r-563418/branch-manager-north-mountain-district/
WELLS_FARGO,R-551235,Personal Banker Downtown Flushing DeNovo,Risk and Compliance,Flushing,NY,United States,unknown,Full time,2026-08-21 17:56:58.113304,2026-07-20 00:00:00,https://www.wellsfargojobs.com/en/jobs/r-551235/personal-banker-downtown-flushing-denovo/
WELLS_FARGO,R-564050,"Mortgage Retail Sales Consultant (SAFE) Dallas, (South) TX",Risk and Compliance,Irving,TX,United States,unknown,,2026-08-21 17:56:58.131086,2026-07-27 00:00:00,https://www.wellsfargojobs.com/en/jobs/r-564050/mortgage-retail-sales-consultant-safe-dallas-south-tx/
WELLS_FARGO,R-563978,"Mortgage Retail Sales Consultant (SAFE) Austin, TX",Risk and Compliance,Austin,TX,United States,unknown,,2026-08-21 17:56:58.146184,2026-07-27 00:00:00,https://www.wellsfargojobs.com/en/jobs/r-563978/mortgage-retail-sales-consultant-safe-austin-tx/
WELLS_FARGO,R-560470,CA-WA Community Mortgage Bank Sales CONSULTANT (SAFE) -Bilingual Spanish,Risk and Compliance,Pomona,CA,United States,unknown,Full time,2026-08-21 17:56:58.157808,2026-07-27 00:00:00,https://www.wellsfargojobs.com/en/jobs/r-560470/ca-wa-community-mortgage-bank-sales-consultant-safe-bilingual-spanish/
WELLS_FARGO,R-555426,Personal Banker Skagway,Risk and Compliance,Skagway,AK,United States,unknown,Full time,2026-08-21 17:56:58.177310,2026-07-28 00:00:00,https://www.wellsfargojobs.com/en/jobs/r-555426/personal-banker-skagway/
WELLS_FARGO,R-564367,Relationship Banker Southwest New Jersey District,Risk and Compliance,Deptford,NJ,United States,unknown,Full time,2026-08-21 17:56:58.210632,2026-07-28 00:00:00,https://www.wellsfargojobs.com/en/jobs/r-564367/relationship-banker-southwest-new-jersey-district/
WELLS_FARGO,R-563892,Branch Manager Eastern Wyoming District,Risk and Compliance,Riverton,WY,United States,unknown,Full time,2026-08-21 17:56:58.227355,2026-07-27 00:00:00,https://www.wellsfargojobs.com/en/jobs/r-563892/branch-manager-eastern-wyoming-district/
WELLS_FARGO,R-564654,Senior Premier Banker - Visalia,Risk and Compliance,Visalia,CA,United States,unknown,Full time,2026-08-21 17:56:58.251719,2026-07-29 00:00:00,https://www.wellsfargojobs.com/en/jobs/r-564654/senior-premier-banker-visalia/
WELLS_FARGO,R-565364,Relationship Banker - Metro Philadelphia District,Risk and Compliance,Philadelphia,PA,United States,unknown,,2026-08-21 17:56:58.273881,2026-07-31 00:00:00,https://www.wellsfargojobs.com/en/jobs/r-565364/relationship-banker-metro-philadelphia-district/
WELLS_FARGO,R-565477,Private Mortgage Banker,Risk and Compliance,Roswell,GA,United States,unknown,Full time,2026-08-21 17:56:58.291576,2026-08-03 00:00:00,https://www.wellsfargojobs.com/en/jobs/r-565477/private-mortgage-banker/
WELLS_FARGO,R-564189,Relationship Banker Gallatin Greensboro Village TN,Risk and Compliance,Gallatin,TN,United States,unknown,Full time,2026-08-21 17:56:58.311826,2026-07-28 00:00:00,https://www.wellsfargojobs.com/en/jobs/r-564189/relationship-banker-gallatin-greensboro-village-tn/
WELLS_FARGO,R-565607,Teller 98th And Grant Thornton,Risk and Compliance,Thornton,CO,United States,unknown,Full time,2026-08-21 17:56:58.324091,2026-08-05 00:00:00,https://www.wellsfargojobs.com/en/jobs/r-565607/teller-98th-and-grant-thornton/
WELLS_FARGO,R-566232,Senior Branch Premier Banker North Fulton,Risk and Compliance,Alpharetta,GA,United States,unknown,Full time,2026-08-21 17:56:58.347826,2026-08-05 00:00:00,https://www.wellsfargojobs.com/en/jobs/r-566232/senior-branch-premier-banker-north-fulton/
WELLS_FARGO,R-566555,"Branch Manager Jamestown, ND",Risk and Compliance,Jamestown,ND,United States,unknown,Full time,2026-08-21 17:56:58.386684,2026-08-06 00:00:00,https://www.wellsfargojobs.com/en/jobs/r-566555/branch-manager-jamestown-nd/
WELLS_FARGO,R-566777,Senior Business Banking Relationship Manager - Madison & 55th ST.,Risk and Compliance,New York,NY,United States,unknown,Full time,2026-08-21 17:56:58.403447,2026-08-06 00:00:00,https://www.wellsfargojobs.com/en/jobs/r-566777/senior-business-banking-relationship-manager-madison-55th-st/
WELLS_FARGO,R-566856,Senior Premier Banker Silicon Peak,Risk and Compliance,San Jose,CA,United States,unknown,,2026-08-21 17:56:58.424267,2026-08-06 00:00:00,https://www.wellsfargojobs.com/en/jobs/r-566856/senior-premier-banker-silicon-peak/
WELLS_FARGO,R-565908,Relationship Banker North Mountain,Risk and Compliance,Newton,NC,United States,unknown,,2026-08-21 17:56:58.441641,2026-08-04 00:00:00,https://www.wellsfargojobs.com/en/jobs/r-565908/relationship-banker-north-mountain/
WELLS_FARGO,R-565953,Senior Supervisory Control Specialist,Risk and Compliance,Fort Worth,TX,United States,unknown,Full time,2026-08-21 17:56:58.466139,2026-08-07 00:00:00,https://www.wellsfargojobs.com/en/jobs/r-565953/senior-supervisory-control-specialist/
WELLS_FARGO,R-565940,Supervisory Control Specialist,Risk and Compliance,Fort Worth,TX,United States,unknown,Full time,2026-08-21 17:56:58.497309,2026-08-07 00:00:00,https://www.wellsfargojobs.com/en/jobs/r-565940/supervisory-control-specialist/
WELLS_FARGO,R-567199,Relationship Banker Lake Norman District,Risk and Compliance,Mooresville,NC,United States,unknown,Full time,2026-08-21 17:56:58.526951,2026-08-07 00:00:00,https://www.wellsfargojobs.com/en/jobs/r-567199/relationship-banker-lake-norman-district/
WELLS_FARGO,R-567353,Personal Banker (Spanish Desired) Woodlands Parkway,Risk and Compliance,The Woodlands,TX,United States,unknown,Full time,2026-08-21 17:56:58.560732,2026-08-10 00:00:00,https://www.wellsfargojobs.com/en/jobs/r-567353/personal-banker-spanish-desired-woodlands-parkway/
WELLS_FARGO,R-566831,Market Recruiting Manager,Risk and Compliance,Denver,CO,United States,unknown,Full time,2026-08-21 17:56:58.590918,2026-08-10 00:00:00,https://www.wellsfargojobs.com/en/jobs/r-566831/market-recruiting-manager/
WELLS_FARGO,R-567468,"Business Banker (LO) Vernon, CA",Risk and Compliance,Vernon,CA,United States,unknown,Full time,2026-08-21 17:56:58.610123,2026-08-11 00:00:00,https://www.wellsfargojobs.com/en/jobs/r-567468/business-banker-lo-vernon-ca/
WELLS_FARGO,R-567064,Branch Operations Coordinator Poway Town & Country,Risk and Compliance,Poway,CA,United States,unknown,Full time,2026-08-21 17:56:58.624267,2026-08-10 00:00:00,https://www.wellsfargojobs.com/en/jobs/r-567064/branch-operations-coordinator-poway-town-country/
WELLS_FARGO,R-567847,Teller Nome AK,Risk and Compliance,Nome,AK,United States,unknown,Full time,2026-08-21 17:56:58.662565,2026-08-11 00:00:00,https://www.wellsfargojobs.com/en/jobs/r-567847/teller-nome-ak/
WELLS_FARGO,R-567850,Relationship Banker Waco Temple,Risk and Compliance,Waco,TX,United States,unknown,Full time,2026-08-21 17:56:58.681350,2026-08-11 00:00:00,https://www.wellsfargojobs.com/en/jobs/r-567850/relationship-banker-waco-temple/
WELLS_FARGO,R-568023,Personal Banker - Jefferson (Texarkana),Risk and Compliance,Texarkana,AR,United States,unknown,Full time,2026-08-21 17:56:58.721119,2026-08-11 00:00:00,https://www.wellsfargojobs.com/en/jobs/r-568023/personal-banker-jefferson-texarkana/
WELLS_FARGO,R-568080,Quantitative Analytics Specialist (002152),Risk and Compliance,Charlotte,NC,United States,unknown,Full time,2026-08-21 17:56:58.733759,2026-08-12 00:00:00,https://www.wellsfargojobs.com/en/jobs/r-568080/quantitative-analytics-specialist-002152/
WELLS_FARGO,R-567787,Branch Operations Coordinator Merritt Island,Risk and Compliance,Merritt Island,FL,United States,unknown,Full time,2026-08-21 17:56:58.749013,2026-08-12 00:00:00,https://www.wellsfargojobs.com/en/jobs/r-567787/branch-operations-coordinator-merritt-island/
WELLS_FARGO,R-567918,Private Mortgage Banker,Risk and Compliance,Concord,CA,United States,unknown,Full time,2026-08-21 17:56:58.764095,2026-08-12 00:00:00,https://www.wellsfargojobs.com/en/jobs/r-567918/private-mortgage-banker/
WELLS_FARGO,R-568029,Teller Part Time Tustin,Risk and Compliance,Tustin,CA,United States,unknown,Part time,2026-08-21 17:56:58.783079,2026-08-12 00:00:00,https://www.wellsfargojobs.com/en/jobs/r-568029/teller-part-time-tustin/
WELLS_FARGO,R-568317,"Senior Premier Banker Wichita, KS",Risk and Compliance,Wichita,KS,United States,unknown,Full time,2026-08-21 17:56:58.809242,2026-08-12 00:00:00,https://www.wellsfargojobs.com/en/jobs/r-568317/senior-premier-banker-wichita-ks/
WELLS_FARGO,R-568478,Roving Personal Banker ROVING Perimeter Area GA,Risk and Compliance,Atlanta,GA,United States,unknown,Full time,2026-08-21 17:56:58.832483,2026-08-13 00:00:00,https://www.wellsfargojobs.com/en/jobs/r-568478/roving-personal-banker-roving-perimeter-area-ga/
WELLS_FARGO,R-566423,Teller Part Time Klamath Falls OR,Risk and Compliance,Klamath Falls,OR,United States,unknown,Part time,2026-08-21 17:56:58.848540,2026-08-13 00:00:00,https://www.wellsfargojobs.com/en/jobs/r-566423/teller-part-time-klamath-falls-or/
WELLS_FARGO,R-553690,"Executive Director, Macro Rates Cash & IR Swaps Product Owner",Risk and Compliance,New York,NY,United States,unknown,Full time,2026-08-21 17:56:58.865192,2026-08-14 00:00:00,https://www.wellsfargojobs.com/en/jobs/r-553690/executive-director-macro-rates-cash-ir-swaps-product-owner/
WELLS_FARGO,R-567240,Teller Part Time Sunset Vermont,Risk and Compliance,Los Angeles,CA,United States,unknown,Part time,2026-08-21 17:56:58.881979,2026-08-14 00:00:00,https://www.wellsfargojobs.com/en/jobs/r-567240/teller-part-time-sunset-vermont/
WELLS_FARGO,R-568255,Roving Personal Banker Southwest Denver District,Risk and Compliance,Monument,CO,United States,unknown,Full time,2026-08-21 17:56:58.898837,2026-08-14 00:00:00,https://www.wellsfargojobs.com/en/jobs/r-568255/roving-personal-banker-southwest-denver-district/
WELLS_FARGO,R-567835,Senior Premier Banker World Golf Village,Risk and Compliance,Saint Augustine,FL,United States,unknown,Full time,2026-08-21 17:56:58.923279,2026-08-14 00:00:00,https://www.wellsfargojobs.com/en/jobs/r-567835/senior-premier-banker-world-golf-village/
WELLS_FARGO,R-568951,Branch Operations Associate Manager - Indian Trace Weston FL,Risk and Compliance,Weston,FL,United States,unknown,Full time,2026-08-21 17:56:58.942662,2026-08-14 00:00:00,https://www.wellsfargojobs.com/en/jobs/r-568951/branch-operations-associate-manager-indian-trace-weston-fl/
WELLS_FARGO,R-566477,Teller Bilingual Part Time Studio City,Risk and Compliance,Studio City,CA,United States,unknown,Part time,2026-08-21 17:56:58.962739,2026-08-12 00:00:00,https://www.wellsfargojobs.com/en/jobs/r-566477/teller-bilingual-part-time-studio-city/
WELLS_FARGO,R-567698,Associate Personal Banker - Arvada West,Risk and Compliance,Arvada,CO,United States,unknown,Full time,2026-08-21 17:56:58.980816,2026-08-13 00:00:00,https://www.wellsfargojobs.com/en/jobs/r-567698/associate-personal-banker-arvada-west/
WELLS_FARGO,R-565970,Branch Operations Coordinator Broward North,Risk and Compliance,Margate,FL,United States,unknown,Full time,2026-08-21 17:56:58.992361,2026-08-13 00:00:00,https://www.wellsfargojobs.com/en/jobs/r-565970/branch-operations-coordinator-broward-north/
WELLS_FARGO,R-562690,Principal Engineer - Auto Finance Platform,Risk and Compliance,Columbus,OH,United States,unknown,Full time,2026-08-21 17:56:59.009398,2026-08-17 00:00:00,https://www.wellsfargojobs.com/en/jobs/r-562690/principal-engineer-auto-finance-platform/
WELLS_FARGO,R-567452,Mortgage Retail Sales Consultant (SAFE),Risk and Compliance,Chicago,IL,United States,unknown,Full time,2026-08-21 17:56:59.033002,2026-08-17 00:00:00,https://www.wellsfargojobs.com/en/jobs/r-567452/mortgage-retail-sales-consultant-safe/
WELLS_FARGO,R-564980,Personal Banker Bilingual Spanish Palmetto West,Risk and Compliance,Rock Hill,SC,United States,unknown,Full time,2026-08-21 17:56:59.049223,2026-08-17 00:00:00,https://www.wellsfargojobs.com/en/jobs/r-564980/personal-banker-bilingual-spanish-palmetto-west/
WELLS_FARGO,R-568942,Senior Premier BankerOak Grove Plaza,Risk and Compliance,Concord,CA,United States,unknown,Full time,2026-08-21 17:56:59.074157,2026-08-17 00:00:00,https://www.wellsfargojobs.com/en/jobs/r-568942/senior-premier-bankeroak-grove-plaza/
WELLS_FARGO,R-557143,Senior Branch Premier Banker - Five Mile Overland,Risk and Compliance,Boise,ID,United States,unknown,Full time,2026-08-21 17:56:59.092471,2026-08-13 00:00:00,https://www.wellsfargojobs.com/en/jobs/r-557143/senior-branch-premier-banker-five-mile-overland/
WELLS_FARGO,R-567439,Private Mortgage Banker (SAFE),Risk and Compliance,Rochester,MN,United States,unknown,Full time,2026-08-21 17:56:59.105168,2026-08-17 00:00:00,https://www.wellsfargojobs.com/en/jobs/r-567439/private-mortgage-banker-safe/
WELLS_FARGO,R-568035,SOC Manager - Cyber Threat Fusion Centers,Cybersecurity,Charlotte,NC,United States,unknown,Full time,2026-08-21 17:56:59.130726,2026-08-17 00:00:00,https://www.wellsfargojobs.com/en/jobs/r-568035/soc-manager-cyber-threat-fusion-centers/
WELLS_FARGO,R-568731,Personal Banker- Capitol Complex,Risk and Compliance,Montgomery,AL,United States,unknown,Full time,2026-08-21 17:56:59.143049,2026-08-17 00:00:00,https://www.wellsfargojobs.com/en/jobs/r-568731/personal-banker-capitol-complex/
WELLS_FARGO,R-561271,Personal Banker - Ponce Branch Coral Gables FL,Risk and Compliance,Coral Gables,FL,United States,unknown,Full time,2026-08-21 17:56:59.163880,2026-08-17 00:00:00,https://www.wellsfargojobs.com/en/jobs/r-561271/personal-banker-ponce-branch-coral-gables-fl/
WELLS_FARGO,R-563309,Brokerage Client Assistant - RCAST & Registered,Risk and Compliance,Saint Louis,MO,United States,unknown,Full time,2026-08-21 17:56:59.177086,2026-08-17 00:00:00,https://www.wellsfargojobs.com/en/jobs/r-563309/brokerage-client-assistant-rcast-registered/
WELLS_FARGO,R-567255,Teller St Michaels,Risk and Compliance,Santa Fe,NM,United States,unknown,Full time,2026-08-21 17:56:59.193398,2026-08-17 00:00:00,https://www.wellsfargojobs.com/en/jobs/r-567255/teller-st-michaels/
WELLS_FARGO,R-567875,Head of Treasury Advisory for Complex Liquidity Solutions,Risk and Compliance,San Francisco,CA,United States,unknown,Full time,2026-08-21 17:56:59.206420,2026-08-17 00:00:00,https://www.wellsfargojobs.com/en/jobs/r-567875/head-of-treasury-advisory-for-complex-liquidity-solutions/
WELLS_FARGO,R-568846,Branch Manager Greater Montgomery District,Risk and Compliance,Rockville,MD,United States,unknown,Full time,2026-08-21 17:56:59.221694,2026-08-17 00:00:00,https://www.wellsfargojobs.com/en/jobs/r-568846/branch-manager-greater-montgomery-district/
WELLS_FARGO,R-568212,Personal Banker Garth & Cedar Bayou,Risk and Compliance,Baytown,TX,United States,unknown,Full time,2026-08-21 17:56:59.240897,2026-08-17 00:00:00,https://www.wellsfargojobs.com/en/jobs/r-568212/personal-banker-garth-cedar-bayou/
WELLS_FARGO,R-569334,Branch Operations Coordinator Forest Lane,Risk and Compliance,Dallas,TX,United States,unknown,Full time,2026-08-21 17:56:59.253560,2026-08-17 00:00:00,https://www.wellsfargojobs.com/en/jobs/r-569334/branch-operations-coordinator-forest-lane/
WELLS_FARGO,R-567402,Roving Personal Banker Southern CT Westchester District,Risk and Compliance,Old Greenwich,CT,United States,unknown,Full time,2026-08-21 17:56:59.283938,2026-08-17 00:00:00,https://www.wellsfargojobs.com/en/jobs/r-567402/roving-personal-banker-southern-ct-westchester-district/
WELLS_FARGO,R-569211,Branch Manager San Tan Catalina District,Risk and Compliance,Gilbert,AZ,United States,unknown,Full time,2026-08-21 17:56:59.305472,2026-08-17 00:00:00,https://www.wellsfargojobs.com/en/jobs/r-569211/branch-manager-san-tan-catalina-district/
WELLS_FARGO,R-569399,2027 Quantitative Analytics Program – Risk Analytics and Decision Science (RADS Masters) – Early Careers,Risk and Compliance,Charlotte,NC,United States,unknown,Full time,2026-08-21 17:56:59.321090,2026-08-18 00:00:00,https://www.wellsfargojobs.com/en/jobs/r-569399/2027-quantitative-analytics-program-risk-analytics-and-decision-science-rads-masters-early-careers/
WELLS_FARGO,R-568563,"Senior Manager, Treasury Management - Middle Markets",Risk and Compliance,Irvine,CA,United States,unknown,Full time,2026-08-21 17:56:59.355860,2026-08-18 00:00:00,https://www.wellsfargojobs.com/en/jobs/r-568563/senior-manager-treasury-management-middle-markets/
WELLS_FARGO,R-569266,Teller Newark Down Neck,Risk and Compliance,Newark,NJ,United States,unknown,Full time,2026-08-21 17:56:59.371793,2026-08-17 00:00:00,https://www.wellsfargojobs.com/en/jobs/r-569266/teller-newark-down-neck/
WELLS_FARGO,R-568001,Personal Banker Minnehaha Minneapolis MN,Risk and Compliance,Minneapolis,MN,United States,unknown,Full time,2026-08-21 17:56:59.415056,2026-08-18 00:00:00,https://www.wellsfargojobs.com/en/jobs/r-568001/personal-banker-minnehaha-minneapolis-mn/
WELLS_FARGO,R-562494,Roving Personal Banker Lakeside District,Risk and Compliance,Burien,WA,United States,unknown,Full time,2026-08-21 17:56:59.436203,2026-08-18 00:00:00,https://www.wellsfargojobs.com/en/jobs/r-562494/roving-personal-banker-lakeside-district/
WELLS_FARGO,R-569489,Teller Seattle WA,Risk and Compliance,Seattle,WA,United States,unknown,Full time,2026-08-21 17:56:59.453156,2026-08-18 00:00:00,https://www.wellsfargojobs.com/en/jobs/r-569489/teller-seattle-wa/
WELLS_FARGO,R-569559,Personal Banker Palmetto District,Risk and Compliance,Cayce,SC,United States,unknown,Full time,2026-08-21 17:56:59.470470,2026-08-18 00:00:00,https://www.wellsfargojobs.com/en/jobs/r-569559/personal-banker-palmetto-district/
WELLS_FARGO,R-568368,Senior Wealth Planning Consultant,Risk and Compliance,The Woodlands,TX,United States,unknown,Full time,2026-08-21 17:56:59.482900,2026-08-18 00:00:00,https://www.wellsfargojobs.com/en/jobs/r-568368/senior-wealth-planning-consultant/
WELLS_FARGO,R-569540,Personal Banker | Sloat and Springfield,Risk and Compliance,San Francisco,CA,United States,unknown,Full time,2026-08-21 17:56:59.503326,2026-08-18 00:00:00,https://www.wellsfargojobs.com/en/jobs/r-569540/personal-banker-sloat-and-springfield/
WELLS_FARGO,R-569665,Teller Corvallis OR,Risk and Compliance,Corvallis,OR,United States,unknown,Full time,2026-08-21 17:56:59.519927,2026-08-18 00:00:00,https://www.wellsfargojobs.com/en/jobs/r-569665/teller-corvallis-or/
WELLS_FARGO,R-569667,Teller Part Time Carson City NV,Risk and Compliance,Carson City,NV,United States,unknown,Part time,2026-08-21 17:56:59.535529,2026-08-18 00:00:00,https://www.wellsfargojobs.com/en/jobs/r-569667/teller-part-time-carson-city-nv/
WELLS_FARGO,R-569670,Personal Banker - Wake Forest & Raleigh NC,Risk and Compliance,Wake Forest,NC,United States,unknown,Full time,2026-08-21 17:56:59.552731,2026-08-18 00:00:00,https://www.wellsfargojobs.com/en/jobs/r-569670/personal-banker-wake-forest-raleigh-nc/
WELLS_FARGO,R-568155,Personal Banker-Capital Blvd Raleigh NC,Risk and Compliance,Raleigh,NC,United States,unknown,Full time,2026-08-21 17:56:59.568751,2026-08-17 00:00:00,https://www.wellsfargojobs.com/en/jobs/r-568155/personal-banker-capital-blvd-raleigh-nc/
WELLS_FARGO,R-568958,Teller Bilingual Part Time New Irving Branch,Risk and Compliance,Irving,TX,United States,unknown,Part time,2026-08-21 17:56:59.584762,2026-08-17 00:00:00,https://www.wellsfargojobs.com/en/jobs/r-568958/teller-bilingual-part-time-new-irving-branch/
WELLS_FARGO,R-569259,Teller Elizabeth Westminster,Risk and Compliance,Elizabeth,NJ,United States,unknown,,2026-08-21 17:56:59.601739,2026-08-17 00:00:00,https://www.wellsfargojobs.com/en/jobs/r-569259/teller-elizabeth-westminster/
WELLS_FARGO,R-564041,Branch Operations Manager Zarzamora,Risk and Compliance,San Antonio,TX,United States,unknown,Full time,2026-08-21 17:56:59.619600,2026-08-17 00:00:00,https://www.wellsfargojobs.com/en/jobs/r-564041/branch-operations-manager-zarzamora/
WELLS_FARGO,R-566360,Personal Banker Philadelphia Countyline District,Risk and Compliance,Philadelphia,PA,United States,unknown,Full time,2026-08-21 17:56:59.639680,2026-08-19 00:00:00,https://www.wellsfargojobs.com/en/jobs/r-566360/personal-banker-philadelphia-countyline-district/
WELLS_FARGO,R-569730,Branch Manager - Philadelphia Countyline District,Risk and Compliance,Philadelphia,PA,United States,unknown,Full time,2026-08-21 17:56:59.658831,2026-08-19 00:00:00,https://www.wellsfargojobs.com/en/jobs/r-569730/branch-manager-philadelphia-countyline-district/
WELLS_FARGO,R-569659,Relationship Banker Southwest Houston District Bilingual Mandarin Preferred,Risk and Compliance,Houston,TX,United States,unknown,,2026-08-21 17:56:59.679266,2026-08-19 00:00:00,https://www.wellsfargojobs.com/en/jobs/r-569659/relationship-banker-southwest-houston-district-bilingual-mandarin-preferred/
WELLS_FARGO,R-562331,Personal Banker- Custer & 15th,Risk and Compliance,Plano,TX,United States,unknown,Full time,2026-08-21 17:56:59.693097,2026-08-19 00:00:00,https://www.wellsfargojobs.com/en/jobs/r-562331/personal-banker-custer-15th/
WELLS_FARGO,R-564053,Branch Manager Canyons District,Risk and Compliance,American Fork,UT,United States,unknown,Full time,2026-08-21 17:56:59.713294,2026-08-18 00:00:00,https://www.wellsfargojobs.com/en/jobs/r-564053/branch-manager-canyons-district/
WELLS_FARGO,R-568978,Teller Part Time Gilroy,Risk and Compliance,Gilroy,CA,United States,unknown,Part time,2026-08-21 17:56:59.734917,2026-08-18 00:00:00,https://www.wellsfargojobs.com/en/jobs/r-568978/teller-part-time-gilroy/
WELLS_FARGO,R-569272,Business Banker (LO),Risk and Compliance,Arden,NC,United States,unknown,Full time,2026-08-21 17:56:59.749742,2026-08-18 00:00:00,https://www.wellsfargojobs.com/en/jobs/r-569272/business-banker-lo/
WELLS_FARGO,R-564289,Roving Personal Banker  Helena MT,Risk and Compliance,Helena,MT,United States,unknown,Full time,2026-08-21 17:56:59.756235,2026-08-19 00:00:00,https://www.wellsfargojobs.com/en/jobs/r-564289/roving-personal-banker-helena-mt/
WELLS_FARGO,R-565248,Personal Banker Cheyenne WY,Risk and Compliance,Cheyenne,WY,United States,unknown,Full time,2026-08-21 17:56:59.772620,2026-08-19 00:00:00,https://www.wellsfargojobs.com/en/jobs/r-565248/personal-banker-cheyenne-wy/
WELLS_FARGO,R-569526,Teller Southside Office,Risk and Compliance,Boone,NC,United States,unknown,Full time,2026-08-21 17:56:59.793307,2026-08-19 00:00:00,https://www.wellsfargojobs.com/en/jobs/r-569526/teller-southside-office/
WELLS_FARGO,R-568323,Personal Banker Mount Olive Branch in Mount Olive NC,Risk and Compliance,Mount Olive,NC,United States,unknown,Full time,2026-08-21 17:56:59.825694,2026-08-19 00:00:00,https://www.wellsfargojobs.com/en/jobs/r-568323/personal-banker-mount-olive-branch-in-mount-olive-nc/
WELLS_FARGO,R-565055,Customer Service Representative Small Business,Risk and Compliance,Irving,TX,United States,unknown,Full time,2026-08-21 17:56:59.847077,2026-08-20 00:00:00,https://www.wellsfargojobs.com/en/jobs/r-565055/customer-service-representative-small-business/
WELLS_FARGO,R-565181,Senior CIB Lending Operations Middle Office Specialist,Operations,Charlotte,NC,United States,unknown,Full time,2026-08-21 17:56:59.864161,2026-08-20 00:00:00,https://www.wellsfargojobs.com/en/jobs/r-565181/senior-cib-lending-operations-middle-office-specialist/
WELLS_FARGO,R-569879,Roving Personal Banker Central San Diego,Risk and Compliance,San Diego,CA,United States,unknown,Full time,2026-08-21 17:56:59.884307,2026-08-20 00:00:00,https://www.wellsfargojobs.com/en/jobs/r-569879/roving-personal-banker-central-san-diego/
WELLS_FARGO,R-566613,Teller Williamsburg,Risk and Compliance,Lincoln,NE,United States,unknown,Full time,2026-08-21 17:56:59.893656,2026-08-20 00:00:00,https://www.wellsfargojobs.com/en/jobs/r-566613/teller-williamsburg/
WELLS_FARGO,R-564932,Branch Support Manager,Risk and Compliance,Minneapolis,MN,United States,unknown,Full time,2026-08-21 17:56:59.934458,2026-08-20 00:00:00,https://www.wellsfargojobs.com/en/jobs/r-564932/branch-support-manager/
WELLS_FARGO,R-569580,Lead Wealth Management Banker - Professional Services (LSG),Risk and Compliance,Palo Alto,CA,United States,unknown,Full time,2026-08-21 17:56:59.944087,2026-08-18 00:00:00,https://www.wellsfargojobs.com/en/jobs/r-569580/lead-wealth-management-banker-professional-services-lsg/
WELLS_FARGO,R-569889,Teller Part Time Snohomish WA,Risk and Compliance,Snohomish,WA,United States,unknown,Part time,2026-08-21 17:56:59.982654,2026-08-20 00:00:00,https://www.wellsfargojobs.com/en/jobs/r-569889/teller-part-time-snohomish-wa/
WELLS_FARGO,R-570022,Teller Linden St. George,Risk and Compliance,Linden,NJ,United States,unknown,Full time,2026-08-21 17:56:59.999857,2026-08-20 00:00:00,https://www.wellsfargojobs.com/en/jobs/r-570022/teller-linden-st-george/
WELLS_FARGO,R-568894,Teller Bilingual Part Time Pine Hills,Risk and Compliance,Orlando,FL,United States,unknown,Part time,2026-08-21 17:57:00.017553,2026-08-20 00:00:00,https://www.wellsfargojobs.com/en/jobs/r-568894/teller-bilingual-part-time-pine-hills/
WELLS_FARGO,R-570149,Teller Bilingual Green Bay,Risk and Compliance,Green Bay,WI,United States,unknown,Full time,2026-08-21 17:57:00.026473,2026-08-20 00:00:00,https://www.wellsfargojobs.com/en/jobs/r-570149/teller-bilingual-green-bay/
WELLS_FARGO,R-569895,Teller Perry Hall Branch,Risk and Compliance,Baltimore,MD,United States,unknown,Full time,2026-08-21 17:57:00.054645,2026-08-20 00:00:00,https://www.wellsfargojobs.com/en/jobs/r-569895/teller-perry-hall-branch/
WELLS_FARGO,R-566992,Teller Part Time Great Basin,Risk and Compliance,Sparks,NV,United States,unknown,Part time,2026-08-21 17:57:00.077031,2026-08-20 00:00:00,https://www.wellsfargojobs.com/en/jobs/r-566992/teller-part-time-great-basin/
WELLS_FARGO,R-569344,"Executive Director, Senior Lead Credit Portfolio Consultant – Markets Basel Specialist",Risk and Compliance,Charlotte,NC,United States,unknown,Full time,2026-08-21 17:57:00.096384,2026-08-18 00:00:00,https://www.wellsfargojobs.com/en/jobs/r-569344/executive-director-senior-lead-credit-portfolio-consultant-markets-basel-specialist/
WELLS_FARGO,R-569973,Teller Part Time River Road,Risk and Compliance,Eugene,OR,United States,unknown,Part time,2026-08-21 17:57:00.114899,2026-08-20 00:00:00,https://www.wellsfargojobs.com/en/jobs/r-569973/teller-part-time-river-road/
WELLS_FARGO,R-555612,Lead Infrastructure Engineer-DevSecOps Engineering,Cloud and Infrastructure,Charlotte,NC,United States,unknown,Full time,2026-08-21 17:57:00.130954,2026-08-20 00:00:00,https://www.wellsfargojobs.com/en/jobs/r-555612/lead-infrastructure-engineer-devsecops-engineering/
WELLS_FARGO,R-564321,Teller Bilingual North Elizabeth Office,Risk and Compliance,Elizabeth,NJ,United States,unknown,Full time,2026-08-21 17:57:00.152462,2026-08-20 00:00:00,https://www.wellsfargojobs.com/en/jobs/r-564321/teller-bilingual-north-elizabeth-office/
WELLS_FARGO,R-569950,Personal Banker Hobbs NM,Risk and Compliance,Hobbs,NM,United States,unknown,Full time,2026-08-21 17:57:00.168206,2026-08-20 00:00:00,https://www.wellsfargojobs.com/en/jobs/r-569950/personal-banker-hobbs-nm/
WELLS_FARGO,R-565509,Mortgage Loan Officer,Risk and Compliance,Vancouver,WA,United States,unknown,Full time,2026-08-21 17:57:00.185958,2026-08-21 00:00:00,https://www.wellsfargojobs.com/en/jobs/r-565509/mortgage-loan-officer/
WELLS_FARGO,R-565369,Lead Commercial Banking Relationship Manager,Sales and Relationship Management,Jacksonville,FL,United States,unknown,Full time,2026-08-21 17:57:00.199477,2026-08-18 00:00:00,https://www.wellsfargojobs.com/en/jobs/r-565369/lead-commercial-banking-relationship-manager/
WELLS_FARGO,R-565553,Relationship Banker Golden Isle Parkway,Risk and Compliance,Brunswick,GA,United States,unknown,Full time,2026-08-21 17:57:00.219824,2026-08-21 00:00:00,https://www.wellsfargojobs.com/en/jobs/r-565553/relationship-banker-golden-isle-parkway/
WELLS_FARGO,R-569385,Teller Boise Main,Risk and Compliance,Boise,ID,United States,unknown,Full time,2026-08-21 17:57:00.235028,2026-08-19 00:00:00,https://www.wellsfargojobs.com/en/jobs/r-569385/teller-boise-main/
WELLS_FARGO,R-569327,"Personal Banker, Kayenta, AZ",Risk and Compliance,Kayenta,AZ,United States,unknown,Full time,2026-08-21 17:57:00.264671,2026-08-19 00:00:00,https://www.wellsfargojobs.com/en/jobs/r-569327/personal-banker-kayenta-az/
WELLS_FARGO,R-570053,Branch Manager - Johnson Tarrant District,Risk and Compliance,Fort Worth,TX,United States,unknown,Full time,2026-08-21 17:57:00.281332,2026-08-21 00:00:00,https://www.wellsfargojobs.com/en/jobs/r-570053/branch-manager-johnson-tarrant-district/
WELLS_FARGO,R-570350,Personal Banker Bilingual Spanish,Risk and Compliance,Salinas,CA,United States,unknown,Full time,2026-08-21 17:57:00.299977,2026-08-21 00:00:00,https://www.wellsfargojobs.com/en/jobs/r-570350/personal-banker-bilingual-spanish/
WELLS_FARGO,R-569453,Personal Banker Glenville,Risk and Compliance,Greenwich,CT,United States,unknown,Full time,2026-08-21 17:57:00.316914,2026-08-21 00:00:00,https://www.wellsfargojobs.com/en/jobs/r-569453/personal-banker-glenville/
WELLS_FARGO,R-569770,Teller Part time Charlotte,Risk and Compliance,Charlotte,NC,United States,unknown,Part time,2026-08-21 17:57:00.332186,2026-08-21 00:00:00,https://www.wellsfargojobs.com/en/jobs/r-569770/teller-part-time-charlotte/
WELLS_FARGO,R-569825,Teller Viewmont,Risk and Compliance,Hickory,NC,United States,unknown,Full time,2026-08-21 17:57:00.347313,2026-08-21 00:00:00,https://www.wellsfargojobs.com/en/jobs/r-569825/teller-viewmont/
WELLS_FARGO,R-570222,Personal Banker Thunderbird Plaza,Risk and Compliance,Sun City,AZ,United States,unknown,Full time,2026-08-21 17:57:00.381777,2026-08-21 00:00:00,https://www.wellsfargojobs.com/en/jobs/r-570222/personal-banker-thunderbird-plaza/
WELLS_FARGO,R-565216,Personal Banker South Vegas Valley,Risk and Compliance,Henderson,NV,United States,unknown,Full time,2026-08-21 17:57:00.399300,2026-08-21 00:00:00,https://www.wellsfargojobs.com/en/jobs/r-565216/personal-banker-south-vegas-valley/
WELLS_FARGO,R-563495,Teller Part Time Bilingual Spanish Yountville,Risk and Compliance,Yountville,CA,United States,unknown,Part time,2026-08-21 17:57:00.509636,2026-07-27 00:00:00,https://www.wellsfargojobs.com/en/jobs/r-563495/teller-part-time-bilingual-spanish-yountville/
WELLS_FARGO,R-563850,Community Mortgage Bank Sales Consultant (SAFE),Risk and Compliance,Cary,NC,United States,unknown,Full time,2026-08-21 17:57:00.525796,2026-07-27 00:00:00,https://www.wellsfargojobs.com/en/jobs/r-563850/community-mortgage-bank-sales-consultant-safe/
WELLS_FARGO,R-564191,Senior Premier Banker Edisto District South Carolina,Risk and Compliance,Bluffton,SC,United States,unknown,Full time,2026-08-21 17:57:00.548085,2026-07-28 00:00:00,https://www.wellsfargojobs.com/en/jobs/r-564191/senior-premier-banker-edisto-district-south-carolina/
WELLS_FARGO,R-564154,Senior Premier Banker Cherokee District,Risk and Compliance,Woodstock,GA,United States,unknown,Full time,2026-08-21 17:57:00.569219,2026-07-28 00:00:00,https://www.wellsfargojobs.com/en/jobs/r-564154/senior-premier-banker-cherokee-district/
WELLS_FARGO,R-563654,Senior Branch Premier Banker - Philadelphia Countyline District,Risk and Compliance,Warminster,PA,United States,unknown,,2026-08-21 17:57:00.606573,2026-08-03 00:00:00,https://www.wellsfargojobs.com/en/jobs/r-563654/senior-branch-premier-banker-philadelphia-countyline-district/
WELLS_FARGO,R-565622,Private Mortgage Banker,Risk and Compliance,Boca Raton,FL,United States,unknown,,2026-08-21 17:57:00.624280,2026-08-03 00:00:00,https://www.wellsfargojobs.com/en/jobs/r-565622/private-mortgage-banker/
WELLS_FARGO,R-565850,Senior Premier Banker Des Moines Districts,Risk and Compliance,West Des Moines,IA,United States,unknown,Full time,2026-08-21 17:57:00.645511,2026-08-04 00:00:00,https://www.wellsfargojobs.com/en/jobs/r-565850/senior-premier-banker-des-moines-districts/
WELLS_FARGO,R-563639,Personal Banker Eagle ID,Risk and Compliance,Eagle,ID,United States,unknown,Full time,2026-08-21 17:57:00.660756,2026-07-24 00:00:00,https://www.wellsfargojobs.com/en/jobs/r-563639/personal-banker-eagle-id/
WELLS_FARGO,R-565712,Personal Banker Jal NM,Risk and Compliance,Jal,NM,United States,unknown,Full time,2026-08-21 17:57:00.674722,2026-08-04 00:00:00,https://www.wellsfargojobs.com/en/jobs/r-565712/personal-banker-jal-nm/
WELLS_FARGO,R-565229,District Manager Salt Lake East District,Risk and Compliance,Salt Lake City,UT,United States,unknown,Full time,2026-08-21 17:57:00.695570,2026-07-31 00:00:00,https://www.wellsfargojobs.com/en/jobs/r-565229/district-manager-salt-lake-east-district/
WELLS_FARGO,R-552086,Roving Personal Banker Southeast Alaska,Risk and Compliance,Juneau,AK,United States,unknown,Full time,2026-08-21 17:57:00.714237,2026-08-06 00:00:00,https://www.wellsfargojobs.com/en/jobs/r-552086/roving-personal-banker-southeast-alaska/
WELLS_FARGO,R-566804,Senior Premier Banker Mission 880,Risk and Compliance,Fremont,CA,United States,unknown,,2026-08-21 17:57:00.744365,2026-08-06 00:00:00,https://www.wellsfargojobs.com/en/jobs/r-566804/senior-premier-banker-mission-880/
WELLS_FARGO,R-566272,Associate Customer Service Representative Spanish Bilingual Everyday Banking,Risk and Compliance,Irving,TX,United States,unknown,Full time,2026-08-21 17:57:00.761572,2026-08-06 00:00:00,https://www.wellsfargojobs.com/en/jobs/r-566272/associate-customer-service-representative-spanish-bilingual-everyday-banking/
WELLS_FARGO,R-566832,Relationship Banker Skyline District,Risk and Compliance,Culpeper,VA,United States,unknown,Full time,2026-08-21 17:57:00.784414,2026-08-06 00:00:00,https://www.wellsfargojobs.com/en/jobs/r-566832/relationship-banker-skyline-district/
WELLS_FARGO,R-566677,Senior Premier Banker East Bay Ridge District,Risk and Compliance,Alamo,CA,United States,unknown,Full time,2026-08-21 17:57:00.807997,2026-08-06 00:00:00,https://www.wellsfargojobs.com/en/jobs/r-566677/senior-premier-banker-east-bay-ridge-district/
WELLS_FARGO,R-565577,Community Mortgage Bank Sales Consultant (SAFE),Risk and Compliance,Austin,TX,United States,unknown,,2026-08-21 17:57:00.824600,2026-08-03 00:00:00,https://www.wellsfargojobs.com/en/jobs/r-565577/community-mortgage-bank-sales-consultant-safe/
WELLS_FARGO,R-566919,Senior Premier Banker Sacramento Capital District,Risk and Compliance,Sacramento,CA,United States,unknown,Full time,2026-08-21 17:57:00.843612,2026-08-06 00:00:00,https://www.wellsfargojobs.com/en/jobs/r-566919/senior-premier-banker-sacramento-capital-district/
WELLS_FARGO,R-563362,Branch Manager Portland,Risk and Compliance,Portland,OR,United States,unknown,,2026-08-21 17:57:00.876686,2026-08-07 00:00:00,https://www.wellsfargojobs.com/en/jobs/r-563362/branch-manager-portland/
WELLS_FARGO,R-565632,Community Mortgage Bank Sales Consultant (SAFE),Risk and Compliance,Miami,FL,United States,unknown,Full time,2026-08-21 17:57:00.894459,2026-08-07 00:00:00,https://www.wellsfargojobs.com/en/jobs/r-565632/community-mortgage-bank-sales-consultant-safe/
WELLS_FARGO,R-567176,Personal Banker Bilingual Spanish Piedmonth South,Risk and Compliance,Salisbury,NC,United States,unknown,Full time,2026-08-21 17:57:00.911236,2026-08-07 00:00:00,https://www.wellsfargojobs.com/en/jobs/r-567176/personal-banker-bilingual-spanish-piedmonth-south/
WELLS_FARGO,R-567108,Teller Part Time Fort Bend,Risk and Compliance,Missouri City,TX,United States,unknown,Part time,2026-08-21 17:57:00.929997,2026-08-07 00:00:00,https://www.wellsfargojobs.com/en/jobs/r-567108/teller-part-time-fort-bend/
WELLS_FARGO,R-562342,Associate Financial Advisor,Risk and Compliance,Sequim,WA,United States,unknown,Full time,2026-08-21 17:57:00.976958,2026-08-09 00:00:00,https://www.wellsfargojobs.com/en/jobs/r-562342/associate-financial-advisor/
WELLS_FARGO,R-563951,Mortgage Consumer Direct Sales Consultant (SAFE),Risk and Compliance,Tempe,AZ,United States,unknown,Full time,2026-08-21 17:57:01.001366,2026-08-10 00:00:00,https://www.wellsfargojobs.com/en/jobs/r-563951/mortgage-consumer-direct-sales-consultant-safe/
WELLS_FARGO,R-566974,Personal Banker Appleton,Risk and Compliance,Appleton,WI,United States,unknown,Full time,2026-08-21 17:57:01.025650,2026-08-07 00:00:00,https://www.wellsfargojobs.com/en/jobs/r-566974/personal-banker-appleton/
WELLS_FARGO,R-567350,Teller Part Time Cape Canaveral,Risk and Compliance,Cape Canaveral,FL,United States,unknown,Part time,2026-08-21 17:57:01.044631,2026-08-10 00:00:00,https://www.wellsfargojobs.com/en/jobs/r-567350/teller-part-time-cape-canaveral/
WELLS_FARGO,R-555673,Senior Branch Premier Banker Madison,Risk and Compliance,Madison,CT,United States,unknown,Full time,2026-08-21 17:57:01.062933,2026-08-11 00:00:00,https://www.wellsfargojobs.com/en/jobs/r-555673/senior-branch-premier-banker-madison/
WELLS_FARGO,R-554395,Financial Consultant,Risk and Compliance,Pasadena,CA,United States,unknown,Full time,2026-08-21 17:57:01.113036,2026-08-11 00:00:00,https://www.wellsfargojobs.com/en/jobs/r-554395/financial-consultant/
WELLS_FARGO,R-557971,Business Banker (LO) Bridgeport,Sales and Relationship Management,Chicago,IL,United States,unknown,Full time,2026-08-21 17:57:01.131532,2026-08-11 00:00:00,https://www.wellsfargojobs.com/en/jobs/r-557971/business-banker-lo-bridgeport/
WELLS_FARGO,R-567742,"Senior Premier Banker Katy Fulshear, DeNovo",Risk and Compliance,Katy,TX,United States,unknown,Full time,2026-08-21 17:57:01.154337,2026-08-11 00:00:00,https://www.wellsfargojobs.com/en/jobs/r-567742/senior-premier-banker-katy-fulshear-denovo/
WELLS_FARGO,R-562933,Branch Manager Capital District,Risk and Compliance,Cheshire,CT,United States,unknown,Full time,2026-08-21 17:57:01.176874,2026-08-11 00:00:00,https://www.wellsfargojobs.com/en/jobs/r-562933/branch-manager-capital-district/
WELLS_FARGO,R-567256,Teller Part Time Newberg,Risk and Compliance,Newberg,OR,United States,unknown,Part time,2026-08-21 17:57:01.193090,2026-08-11 00:00:00,https://www.wellsfargojobs.com/en/jobs/r-567256/teller-part-time-newberg/
WELLS_FARGO,R-567615,Senior Premier Banker Milpitas,Risk and Compliance,Milpitas,CA,United States,unknown,Full time,2026-08-21 17:57:01.227518,2026-08-11 00:00:00,https://www.wellsfargojobs.com/en/jobs/r-567615/senior-premier-banker-milpitas/
WELLS_FARGO,R-566367,Teller Part Time Douglasville,Risk and Compliance,Douglasville,GA,United States,unknown,Part time,2026-08-21 17:57:01.237261,2026-08-12 00:00:00,https://www.wellsfargojobs.com/en/jobs/r-566367/teller-part-time-douglasville/
WELLS_FARGO,R-567760,Teller Bilingual Part Time Carrier and I 20,Risk and Compliance,Grand Prairie,TX,United States,unknown,Part time,2026-08-21 17:57:01.259298,2026-08-12 00:00:00,https://www.wellsfargojobs.com/en/jobs/r-567760/teller-bilingual-part-time-carrier-and-i-20/
WELLS_FARGO,R-568197,Senior Business Banking Relationship Manager (LO),Risk and Compliance,San Rafael,CA,United States,unknown,Full time,2026-08-21 17:57:01.268697,2026-08-12 00:00:00,https://www.wellsfargojobs.com/en/jobs/r-568197/senior-business-banking-relationship-manager-lo/
WELLS_FARGO,R-567504,Premier Banker Manheim Twp Lancaster,Risk and Compliance,Lancaster,PA,United States,unknown,Full time,2026-08-21 17:57:01.294665,2026-08-12 00:00:00,https://www.wellsfargojobs.com/en/jobs/r-567504/premier-banker-manheim-twp-lancaster/
WELLS_FARGO,R-567936,Associate Personal Banker - Castle Rock South,Risk and Compliance,Castle Rock,CO,United States,unknown,Full time,2026-08-21 17:57:01.313813,2026-08-13 00:00:00,https://www.wellsfargojobs.com/en/jobs/r-567936/associate-personal-banker-castle-rock-south/
WELLS_FARGO,R-568527,Roving Personal Banker North Coast Sebastopol,Risk and Compliance,Sebastopol,CA,United States,unknown,Full time,2026-08-21 17:57:01.348531,2026-08-13 00:00:00,https://www.wellsfargojobs.com/en/jobs/r-568527/roving-personal-banker-north-coast-sebastopol/
WELLS_FARGO,R-567930,Teller Part Time Littleton Colorado,Risk and Compliance,Littleton,CO,United States,unknown,Part time,2026-08-21 17:57:01.355673,2026-08-14 00:00:00,https://www.wellsfargojobs.com/en/jobs/r-567930/teller-part-time-littleton-colorado/
WELLS_FARGO,R-560892,Lead Market Data Platform Engineer,Risk and Compliance,Iselin,NJ,United States,unknown,Full time,2026-08-21 17:57:01.371779,2026-08-14 00:00:00,https://www.wellsfargojobs.com/en/jobs/r-560892/lead-market-data-platform-engineer/
WELLS_FARGO,R-567832,Teller Part Time Parker,Risk and Compliance,Parker,AZ,United States,unknown,Part time,2026-08-21 17:57:01.394732,2026-08-13 00:00:00,https://www.wellsfargojobs.com/en/jobs/r-567832/teller-part-time-parker/
WELLS_FARGO,R-568768,"Branch Manager - Jacksonville-Gadsden-Boaz, AL",Risk and Compliance,Boaz,AL,United States,unknown,Full time,2026-08-21 17:57:01.415087,2026-08-14 00:00:00,https://www.wellsfargojobs.com/en/jobs/r-568768/branch-manager-jacksonville-gadsden-boaz-al/
WELLS_FARGO,R-568506,Branch Operations Coordinator Fishkill,Risk and Compliance,Fishkill,NY,United States,unknown,Full time,2026-08-21 17:57:01.432536,2026-08-14 00:00:00,https://www.wellsfargojobs.com/en/jobs/r-568506/branch-operations-coordinator-fishkill/
WELLS_FARGO,R-568479,Teller Part Time Shoppes at Kingsgate,Risk and Compliance,Kingwood,TX,United States,unknown,Part time,2026-08-21 17:57:01.447380,2026-08-14 00:00:00,https://www.wellsfargojobs.com/en/jobs/r-568479/teller-part-time-shoppes-at-kingsgate/
WELLS_FARGO,R-568934,Teller Port Townsend WA,Risk and Compliance,Port Townsend,WA,United States,unknown,Full time,2026-08-21 17:57:01.455892,2026-08-14 00:00:00,https://www.wellsfargojobs.com/en/jobs/r-568934/teller-port-townsend-wa/
WELLS_FARGO,R-568813,Senior Premier Banker East El Camino,Risk and Compliance,Sunnyvale,CA,United States,unknown,Full time,2026-08-21 17:57:01.484998,2026-08-14 00:00:00,https://www.wellsfargojobs.com/en/jobs/r-568813/senior-premier-banker-east-el-camino/
WELLS_FARGO,R-568779,Personal Banker Lake Norman District,Risk and Compliance,Concord,NC,United States,unknown,Full time,2026-08-21 17:57:01.549147,2026-08-14 00:00:00,https://www.wellsfargojobs.com/en/jobs/r-568779/personal-banker-lake-norman-district/
WELLS_FARGO,R-565327,Senior Lead Structured Products VaR Quant,Risk and Compliance,Charlotte,NC,United States,unknown,Full time,2026-08-21 17:57:01.555640,2026-08-14 00:00:00,https://www.wellsfargojobs.com/en/jobs/r-565327/senior-lead-structured-products-var-quant/
WELLS_FARGO,R-561287,Lead Security Architect (Application Security),Risk and Compliance,Charlotte,NC,United States,unknown,Full time,2026-08-21 17:57:01.571840,2026-08-17 00:00:00,https://www.wellsfargojobs.com/en/jobs/r-561287/lead-security-architect-application-security/
WELLS_FARGO,R-568460,Branch Manager - Northwest Maryland District,Risk and Compliance,Baltimore,MD,United States,unknown,Full time,2026-08-21 17:57:01.606913,2026-08-16 00:00:00,https://www.wellsfargojobs.com/en/jobs/r-568460/branch-manager-northwest-maryland-district/
WELLS_FARGO,R-552135,Teller Part Time Maple Grove,Risk and Compliance,Maple Grove,MN,United States,unknown,Part time,2026-08-21 17:57:01.625928,2026-08-17 00:00:00,https://www.wellsfargojobs.com/en/jobs/r-552135/teller-part-time-maple-grove/
WELLS_FARGO,R-568665,Teller Westminster Crossing,Risk and Compliance,Westminster,CO,United States,unknown,Full time,2026-08-21 17:57:01.642283,2026-08-17 00:00:00,https://www.wellsfargojobs.com/en/jobs/r-568665/teller-westminster-crossing/
WELLS_FARGO,R-568790,Teller Appleton Downtown,Risk and Compliance,Appleton,WI,United States,unknown,Full time,2026-08-21 17:57:01.661780,2026-08-17 00:00:00,https://www.wellsfargojobs.com/en/jobs/r-568790/teller-appleton-downtown/
WELLS_FARGO,R-568484,"Branch Manager Huntsville, AL",Risk and Compliance,Huntsville,AL,United States,unknown,Full time,2026-08-21 17:57:01.680861,2026-08-14 00:00:00,https://www.wellsfargojobs.com/en/jobs/r-568484/branch-manager-huntsville-al/
WELLS_FARGO,R-563842,Teller Part Time Upper Hanover,Risk and Compliance,East Greenville,PA,United States,unknown,Part time,2026-08-21 17:57:01.695322,2026-08-17 00:00:00,https://www.wellsfargojobs.com/en/jobs/r-563842/teller-part-time-upper-hanover/
WELLS_FARGO,R-558507,Teller Part Time Dade City,Risk and Compliance,Dade City,FL,United States,unknown,Part time,2026-08-21 17:57:01.705895,2026-08-17 00:00:00,https://www.wellsfargojobs.com/en/jobs/r-558507/teller-part-time-dade-city/
WELLS_FARGO,R-567203,Lead Infrastructure Engineer (Encryption Security-Hashicorp Vault),Cloud and Infrastructure,Chandler,AZ,United States,unknown,Full time,2026-08-21 17:57:01.743526,2026-08-17 00:00:00,https://www.wellsfargojobs.com/en/jobs/r-567203/lead-infrastructure-engineer-encryption-security-hashicorp-vault/
WELLS_FARGO,R-569370,Senior Premier Banker Countyline District,Risk and Compliance,Agoura Hills,CA,United States,unknown,,2026-08-21 17:57:01.780168,2026-08-17 00:00:00,https://www.wellsfargojobs.com/en/jobs/r-569370/senior-premier-banker-countyline-district/
WELLS_FARGO,R-561132,Senior Premier Banker White Bear Lake,Risk and Compliance,White Bear Lake,MN,United States,unknown,Full time,2026-08-21 17:57:01.795563,2026-08-17 00:00:00,https://www.wellsfargojobs.com/en/jobs/r-561132/senior-premier-banker-white-bear-lake/
WELLS_FARGO,R-552182,Senior Lead Artificial Intelligence Solutions Consultant – COO AI COE GenAI & Agentic Delivery Leader,Risk and Compliance,Charlotte,NC,United States,unknown,Full time,2026-08-21 17:57:01.819923,2026-08-18 00:00:00,https://www.wellsfargojobs.com/en/jobs/r-552182/senior-lead-artificial-intelligence-solutions-consultant-coo-ai-coe-genai-agentic-delivery-leader/
WELLS_FARGO,R-555723,Senior Lead Product Manager - Merchant Services,Risk and Compliance,Charlotte,NC,United States,unknown,Full time,2026-08-21 17:57:01.836653,2026-08-18 00:00:00,https://www.wellsfargojobs.com/en/jobs/r-555723/senior-lead-product-manager-merchant-services/
WELLS_FARGO,R-565839,Branch Manager Des Moines Central District,Risk and Compliance,West Des Moines,IA,United States,unknown,Full time,2026-08-21 17:57:01.858272,2026-08-18 00:00:00,https://www.wellsfargojobs.com/en/jobs/r-565839/branch-manager-des-moines-central-district/
WELLS_FARGO,R-569210,Teller Loveland,Risk and Compliance,Loveland,CO,United States,unknown,Full time,2026-08-21 17:57:01.879046,2026-08-18 00:00:00,https://www.wellsfargojobs.com/en/jobs/r-569210/teller-loveland/
WELLS_FARGO,R-569524,Teller Part Time Metro Philadelphia,Risk and Compliance,Philadelphia,PA,United States,unknown,Part time,2026-08-21 17:57:01.895572,2026-08-18 00:00:00,https://www.wellsfargojobs.com/en/jobs/r-569524/teller-part-time-metro-philadelphia/
WELLS_FARGO,R-568654,Teller Bilingual North Lamar Lobby,Risk and Compliance,Austin,TX,United States,unknown,Full time,2026-08-21 17:57:01.910935,2026-08-18 00:00:00,https://www.wellsfargojobs.com/en/jobs/r-568654/teller-bilingual-north-lamar-lobby/
WELLS_FARGO,R-569179,Teller Part Time Daly City,Risk and Compliance,Daly City,CA,United States,unknown,Part time,2026-08-21 17:57:01.924926,2026-08-18 00:00:00,https://www.wellsfargojobs.com/en/jobs/r-569179/teller-part-time-daly-city/
WELLS_FARGO,R-569235,Senior Premier Banker Waterford,Risk and Compliance,San Jose,CA,United States,unknown,Full time,2026-08-21 17:57:01.951338,2026-08-18 00:00:00,https://www.wellsfargojobs.com/en/jobs/r-569235/senior-premier-banker-waterford/
WELLS_FARGO,R-562789,Roving Bilingual Spanish Personal Banker ROVING Cherokee District,Risk and Compliance,Marietta,GA,United States,unknown,Full time,2026-08-21 17:57:01.969538,2026-08-18 00:00:00,https://www.wellsfargojobs.com/en/jobs/r-562789/roving-bilingual-spanish-personal-banker-roving-cherokee-district/
WELLS_FARGO,R-568182,Sr. Premier Banker Hendersonville,Risk and Compliance,Hendersonville,NC,United States,unknown,Full time,2026-08-21 17:57:01.991542,2026-08-18 00:00:00,https://www.wellsfargojobs.com/en/jobs/r-568182/sr-premier-banker-hendersonville/
WELLS_FARGO,R-568621,Teller Bastrop,Risk and Compliance,Bastrop,TX,United States,unknown,Full time,2026-08-21 17:57:02.008251,2026-08-17 00:00:00,https://www.wellsfargojobs.com/en/jobs/r-568621/teller-bastrop/
WELLS_FARGO,R-569147,Branch Manager - Delaware County District,Risk and Compliance,Media,PA,United States,unknown,Full time,2026-08-21 17:57:02.026491,2026-08-18 00:00:00,https://www.wellsfargojobs.com/en/jobs/r-569147/branch-manager-delaware-county-district/
WELLS_FARGO,R-567479,Teller Bilingual Part Time Merton Walk,Risk and Compliance,Lawrenceville,GA,United States,unknown,Part time,2026-08-21 17:57:02.061601,2026-08-18 00:00:00,https://www.wellsfargojobs.com/en/jobs/r-567479/teller-bilingual-part-time-merton-walk/
WELLS_FARGO,R-569220,"Personal Banker, San Mateo Branch, Albuquerque, NM",Risk and Compliance,Albuquerque,NM,United States,unknown,Full time,2026-08-21 17:57:02.081497,2026-08-18 00:00:00,https://www.wellsfargojobs.com/en/jobs/r-569220/personal-banker-san-mateo-branch-albuquerque-nm/
WELLS_FARGO,R-569431,Personal Banker Fulton Street DeNovo,Risk and Compliance,Brooklyn,NY,United States,unknown,Full time,2026-08-21 17:57:02.099712,2026-08-18 00:00:00,https://www.wellsfargojobs.com/en/jobs/r-569431/personal-banker-fulton-street-denovo/
WELLS_FARGO,R-568678,Teller Los Gatos,Risk and Compliance,Los Gatos,CA,United States,unknown,Full time,2026-08-21 17:57:02.110615,2026-08-17 00:00:00,https://www.wellsfargojobs.com/en/jobs/r-568678/teller-los-gatos/
WELLS_FARGO,R-569275,"Executive Director, Senior Lead Commercial Banking Relationship Manager",Sales and Relationship Management,Chicago,IL,United States,unknown,Full time,2026-08-21 17:57:02.131186,2026-08-18 00:00:00,https://www.wellsfargojobs.com/en/jobs/r-569275/executive-director-senior-lead-commercial-banking-relationship-manager/
WELLS_FARGO,R-569627,Teller Part Time Barbara Jordan and I35,Risk and Compliance,Austin,TX,United States,unknown,Part time,2026-08-21 17:57:02.148252,2026-08-19 00:00:00,https://www.wellsfargojobs.com/en/jobs/r-569627/teller-part-time-barbara-jordan-and-i35/
WELLS_FARGO,R-569856,Associate Personal Banker Long Beach District,Risk and Compliance,Bellflower,CA,United States,unknown,Full time,2026-08-21 17:57:02.166588,2026-08-19 00:00:00,https://www.wellsfargojobs.com/en/jobs/r-569856/associate-personal-banker-long-beach-district/
WELLS_FARGO,R-562468,Senior Premier Banker Lexington Branch SC,Risk and Compliance,Lexington,SC,United States,unknown,Full time,2026-08-21 17:57:02.179224,2026-08-19 00:00:00,https://www.wellsfargojobs.com/en/jobs/r-562468/senior-premier-banker-lexington-branch-sc/
WELLS_FARGO,R-569912,2027 Quantitative Analytics Summer Internship Risk Analytics and Decision Sciences (RADS PhD) – Early Careers,Risk and Compliance,Charlotte,NC,United States,unknown,Full time,2026-08-21 17:57:02.203526,2026-08-20 00:00:00,https://www.wellsfargojobs.com/en/jobs/r-569912/2027-quantitative-analytics-summer-internship-risk-analytics-and-decision-sciences-rads-phd-early-careers/
WELLS_FARGO,R-569975,Personal Banker Greater Vine Vacaville Bilingual Spanish,Risk and Compliance,Fairfield,CA,United States,unknown,Full time,2026-08-21 17:57:02.222255,2026-08-19 00:00:00,https://www.wellsfargojobs.com/en/jobs/r-569975/personal-banker-greater-vine-vacaville-bilingual-spanish/
WELLS_FARGO,R-569922,Senior Premier Banker Bee Cave Galleria,Risk and Compliance,Bee Cave,TX,United States,unknown,Full time,2026-08-21 17:57:02.255493,2026-08-19 00:00:00,https://www.wellsfargojobs.com/en/jobs/r-569922/senior-premier-banker-bee-cave-galleria/
WELLS_FARGO,R-569499,Bilingual Personal Banker Jupiter Creek,Risk and Compliance,Jupiter,FL,United States,unknown,Full time,2026-08-21 17:57:02.284083,2026-08-19 00:00:00,https://www.wellsfargojobs.com/en/jobs/r-569499/bilingual-personal-banker-jupiter-creek/
WELLS_FARGO,R-569270,Personal Banker Hodgkins IL,Risk and Compliance,Hodgkins,IL,United States,unknown,,2026-08-21 17:57:02.308932,2026-08-17 00:00:00,https://www.wellsfargojobs.com/en/jobs/r-569270/personal-banker-hodgkins-il/
WELLS_FARGO,R-563971,Senior Commercial Banking Portfolio Manager,Risk and Compliance,Charlotte,NC,United States,unknown,Full time,2026-08-21 17:57:02.319987,2026-08-20 00:00:00,https://www.wellsfargojobs.com/en/jobs/r-563971/senior-commercial-banking-portfolio-manager/
WELLS_FARGO,R-552294,Lead Finance Analyst- CIB Markets,Risk and Compliance,New York,NY,United States,unknown,Full time,2026-08-21 17:57:02.330421,2026-08-20 00:00:00,https://www.wellsfargojobs.com/en/jobs/r-552294/lead-finance-analyst-cib-markets/
WELLS_FARGO,R-560807,Branch Manager Mid-Cities North District,Risk and Compliance,Bedford,TX,United States,unknown,Full time,2026-08-21 17:57:02.348739,2026-08-20 00:00:00,https://www.wellsfargojobs.com/en/jobs/r-560807/branch-manager-mid-cities-north-district/
WELLS_FARGO,R-563015,Teller Part Time Thief River Falls,Risk and Compliance,Thief River Falls,MN,United States,unknown,Part time,2026-08-21 17:57:02.369177,2026-08-20 00:00:00,https://www.wellsfargojobs.com/en/jobs/r-563015/teller-part-time-thief-river-falls/
WELLS_FARGO,R-562805,Lead Infrastructure as Code (IaC) Developer,Cloud and Infrastructure,Irving,TX,United States,unknown,Full time,2026-08-21 17:57:02.380654,2026-08-20 00:00:00,https://www.wellsfargojobs.com/en/jobs/r-562805/lead-infrastructure-as-code-iac-developer/
WELLS_FARGO,R-564387,Roving Personal Banker North Central Georgia District,Risk and Compliance,Grayson,GA,United States,unknown,Full time,2026-08-21 17:57:02.400846,2026-08-20 00:00:00,https://www.wellsfargojobs.com/en/jobs/r-564387/roving-personal-banker-north-central-georgia-district/
WELLS_FARGO,R-570087,Relationship Banker Midlothian TX,Risk and Compliance,Midlothian,TX,United States,unknown,Full time,2026-08-21 17:57:02.422457,2026-08-20 00:00:00,https://www.wellsfargojobs.com/en/jobs/r-570087/relationship-banker-midlothian-tx/
WELLS_FARGO,R-562862,Personal Banker Mequon,Risk and Compliance,Mequon,WI,United States,unknown,Full time,2026-08-21 17:57:02.439987,2026-08-20 00:00:00,https://www.wellsfargojobs.com/en/jobs/r-562862/personal-banker-mequon/
WELLS_FARGO,R-565499,Private Mortgage Banker,Risk and Compliance,Bellevue,WA,United States,unknown,Full time,2026-08-21 17:57:02.457719,2026-08-21 00:00:00,https://www.wellsfargojobs.com/en/jobs/r-565499/private-mortgage-banker/
WELLS_FARGO,R-565507,Private Mortgage Banker,Risk and Compliance,Lake Oswego,OR,United States,unknown,Full time,2026-08-21 17:57:02.472987,2026-08-21 00:00:00,https://www.wellsfargojobs.com/en/jobs/r-565507/private-mortgage-banker/
WELLS_FARGO,R-565512,Mortgage Loan Officer,Risk and Compliance,Salem,OR,United States,unknown,Full time,2026-08-21 17:57:02.488661,2026-08-21 00:00:00,https://www.wellsfargojobs.com/en/jobs/r-565512/mortgage-loan-officer/
WELLS_FARGO,R-568748,"Business Banker (LO) Glendale, AZ",Risk and Compliance,Glendale,AZ,United States,unknown,Full time,2026-08-21 17:57:02.504549,2026-08-18 00:00:00,https://www.wellsfargojobs.com/en/jobs/r-568748/business-banker-lo-glendale-az/
WELLS_FARGO,R-570189,Mid-Corporate Senior Associate - Gaming,Risk and Compliance,Los Angeles,CA,United States,unknown,Full time,2026-08-21 17:57:02.518672,2026-08-20 00:00:00,https://www.wellsfargojobs.com/en/jobs/r-570189/mid-corporate-senior-associate-gaming/
WELLS_FARGO,R-550454,Teller Part Time Bilingual Green Bay,Risk and Compliance,Green Bay,WI,United States,unknown,Part time,2026-08-21 17:57:02.535828,2026-08-20 00:00:00,https://www.wellsfargojobs.com/en/jobs/r-550454/teller-part-time-bilingual-green-bay/
WELLS_FARGO,R-561223,Teller Part Time Encino Town Center,Risk and Compliance,Encino,CA,United States,unknown,Part time,2026-08-21 17:57:02.552869,2026-08-20 00:00:00,https://www.wellsfargojobs.com/en/jobs/r-561223/teller-part-time-encino-town-center/
WELLS_FARGO,R-565719,Lead Architect – IAM AWS Cloud (IAM Solution Design),Risk and Compliance,Charlotte,NC,United States,unknown,Full time,2026-08-21 17:57:02.568857,2026-08-20 00:00:00,https://www.wellsfargojobs.com/en/jobs/r-565719/lead-architect-iam-aws-cloud-iam-solution-design/
WELLS_FARGO,R-569274,Business Banker (LO),Risk and Compliance,Lexington,SC,United States,unknown,Full time,2026-08-21 17:57:02.585899,2026-08-18 00:00:00,https://www.wellsfargojobs.com/en/jobs/r-569274/business-banker-lo/
WELLS_FARGO,R-561535,Personal Banker - Ashland,Risk and Compliance,Ashland,OR,United States,unknown,Full time,2026-08-21 17:57:02.610493,2026-08-20 00:00:00,https://www.wellsfargojobs.com/en/jobs/r-561535/personal-banker-ashland/
WELLS_FARGO,R-562346,Relationship Banker 19th Ave and Baseline Rd,Risk and Compliance,Phoenix,AZ,United States,unknown,Full time,2026-08-21 17:57:02.639808,2026-08-20 00:00:00,https://www.wellsfargojobs.com/en/jobs/r-562346/relationship-banker-19th-ave-and-baseline-rd/
WELLS_FARGO,R-569245,Personal Banker Gurnee IL,Risk and Compliance,Gurnee,IL,United States,unknown,,2026-08-21 17:57:02.657991,2026-08-17 00:00:00,https://www.wellsfargojobs.com/en/jobs/r-569245/personal-banker-gurnee-il/
WELLS_FARGO,R-569698,Personal Banker Perris,Risk and Compliance,Perris,CA,United States,unknown,Full time,2026-08-21 17:57:02.672320,2026-08-18 00:00:00,https://www.wellsfargojobs.com/en/jobs/r-569698/personal-banker-perris/
WELLS_FARGO,R-555906,Change Implementation Consultant,Risk and Compliance,Saint Louis,MO,United States,unknown,Full time,2026-08-21 17:57:02.688904,2026-08-21 00:00:00,https://www.wellsfargojobs.com/en/jobs/r-555906/change-implementation-consultant/
WELLS_FARGO,R-566355,Personal Banker Metro Philadelphia District,Risk and Compliance,Philadelphia,PA,United States,unknown,Full time,2026-08-21 17:57:02.711379,2026-08-21 00:00:00,https://www.wellsfargojobs.com/en/jobs/r-566355/personal-banker-metro-philadelphia-district/
WELLS_FARGO,R-565469,Personal Banker Southern Utah,Risk and Compliance,Saint George,UT,United States,unknown,Full time,2026-08-21 17:57:02.723527,2026-08-21 00:00:00,https://www.wellsfargojobs.com/en/jobs/r-565469/personal-banker-southern-utah/
WELLS_FARGO,R-566295,Senior Information Security Engineer - AWS Cloud Security,Cybersecurity,Columbus,OH,United States,unknown,Full time,2026-08-21 17:57:02.742922,2026-08-21 00:00:00,https://www.wellsfargojobs.com/en/jobs/r-566295/senior-information-security-engineer-aws-cloud-security/
WELLS_FARGO,R-569190,Teller Part Time Rock Hill Main,Risk and Compliance,Rock Hill,SC,United States,unknown,Part time,2026-08-21 17:57:02.761529,2026-08-21 00:00:00,https://www.wellsfargojobs.com/en/jobs/r-569190/teller-part-time-rock-hill-main/
WELLS_FARGO,R-570107,Teller Part Time 13th and Barbur,Risk and Compliance,Portland,OR,United States,unknown,Part time,2026-08-21 17:57:02.777299,2026-08-21 00:00:00,https://www.wellsfargojobs.com/en/jobs/r-570107/teller-part-time-13th-and-barbur/
WELLS_FARGO,R-570225,Personal Banker 55th Ave & Northern,Risk and Compliance,Glendale,AZ,United States,unknown,Full time,2026-08-21 17:57:02.794121,2026-08-21 00:00:00,https://www.wellsfargojobs.com/en/jobs/r-570225/personal-banker-55th-ave-northern/
WELLS_FARGO,R-570240,Web UI Developer,Risk and Compliance,Charlotte,NC,United States,unknown,Full time,2026-08-21 17:57:02.808724,2026-08-21 00:00:00,https://www.wellsfargojobs.com/en/jobs/r-570240/web-ui-developer/
WELLS_FARGO,R-561932,Personal Banker - East Mcandrews,Risk and Compliance,Medford,OR,United States,unknown,Full time,2026-08-21 17:57:02.875681,2026-07-21 00:00:00,https://www.wellsfargojobs.com/en/jobs/r-561932/personal-banker-east-mcandrews/
WELLS_FARGO,R-563013,Personal Banker Bilingual Great Basin District,Risk and Compliance,Reno,NV,United States,unknown,Full time,2026-08-21 17:57:02.913149,2026-07-23 00:00:00,https://www.wellsfargojobs.com/en/jobs/r-563013/personal-banker-bilingual-great-basin-district/
WELLS_FARGO,R-563906,Non-Producing Mortgage Retail Sales Manager (SAFE),Risk and Compliance,San Diego,CA,United States,unknown,Full time,2026-08-21 17:57:02.931010,2026-07-27 00:00:00,https://www.wellsfargojobs.com/en/jobs/r-563906/non-producing-mortgage-retail-sales-manager-safe/
WELLS_FARGO,R-563643,Teller Bilingual Spanish Part Time Napa Silverado,Risk and Compliance,Napa,CA,United States,unknown,Part time,2026-08-21 17:57:02.943276,2026-07-27 00:00:00,https://www.wellsfargojobs.com/en/jobs/r-563643/teller-bilingual-spanish-part-time-napa-silverado/
WELLS_FARGO,R-560471,CA-WA Community Mortgage Bank Sales Consultant (SAFE) -Bilingual Spanish,Risk and Compliance,La Habra,CA,United States,unknown,Full time,2026-08-21 17:57:02.965698,2026-07-27 00:00:00,https://www.wellsfargojobs.com/en/jobs/r-560471/ca-wa-community-mortgage-bank-sales-consultant-safe-bilingual-spanish/
WELLS_FARGO,R-563949,Personal Banker Kenton,Risk and Compliance,Portland,OR,United States,unknown,Full time,2026-08-21 17:57:02.981132,2026-07-28 00:00:00,https://www.wellsfargojobs.com/en/jobs/r-563949/personal-banker-kenton/
WELLS_FARGO,R-564679,Branch Manager Nashville TN,Risk and Compliance,Nashville,TN,United States,unknown,Full time,2026-08-21 17:57:03.010159,2026-07-29 00:00:00,https://www.wellsfargojobs.com/en/jobs/r-564679/branch-manager-nashville-tn/
WELLS_FARGO,R-564276,Senior Business Banking Relationship Manager (LO),Risk and Compliance,Mclean,VA,United States,unknown,Full time,2026-08-21 17:57:03.025287,2026-07-30 00:00:00,https://www.wellsfargojobs.com/en/jobs/r-564276/senior-business-banking-relationship-manager-lo/
WELLS_FARGO,R-564911,CA-WA Private Mortgage Banker,Risk and Compliance,San Mateo,CA,United States,unknown,Full time,2026-08-21 17:57:03.041920,2026-07-30 00:00:00,https://www.wellsfargojobs.com/en/jobs/r-564911/ca-wa-private-mortgage-banker/
WELLS_FARGO,R-565194,Personal Banker Hot Springs,Risk and Compliance,Hot Springs,SD,United States,unknown,Full time,2026-08-21 17:57:03.077248,2026-07-31 00:00:00,https://www.wellsfargojobs.com/en/jobs/r-565194/personal-banker-hot-springs/
WELLS_FARGO,R-563656,Senior Branch Premier Banker - North Philadelphia District,Risk and Compliance,Glenside,PA,United States,unknown,,2026-08-21 17:57:03.108086,2026-08-03 00:00:00,https://www.wellsfargojobs.com/en/jobs/r-563656/senior-branch-premier-banker-north-philadelphia-district/
WELLS_FARGO,R-565864,Senior Premier Banker - Carmel,Risk and Compliance,Carmel,CA,United States,unknown,,2026-08-21 17:57:03.129436,2026-08-04 00:00:00,https://www.wellsfargojobs.com/en/jobs/r-565864/senior-premier-banker-carmel/
WELLS_FARGO,R-565722,Senior Premier Banker Branham Snell Branch,Risk and Compliance,San Jose,CA,United States,unknown,Full time,2026-08-21 17:57:03.170192,2026-08-05 00:00:00,https://www.wellsfargojobs.com/en/jobs/r-565722/senior-premier-banker-branham-snell-branch/
WELLS_FARGO,R-566464,Bilingual Spanish Personal Banker | Mission Plaza,Risk and Compliance,Daly City,CA,United States,unknown,Full time,2026-08-21 17:57:03.188016,2026-08-05 00:00:00,https://www.wellsfargojobs.com/en/jobs/r-566464/bilingual-spanish-personal-banker-mission-plaza/
WELLS_FARGO,R-566554,Senior Premier Banker Roswell Kings RD,Risk and Compliance,Roswell,GA,United States,unknown,Full time,2026-08-21 17:57:03.210152,2026-08-06 00:00:00,https://www.wellsfargojobs.com/en/jobs/r-566554/senior-premier-banker-roswell-kings-rd/
WELLS_FARGO,R-566643,Personal Banker Brenham Main TX,Risk and Compliance,Brenham,TX,United States,unknown,Full time,2026-08-21 17:57:03.225929,2026-08-06 00:00:00,https://www.wellsfargojobs.com/en/jobs/r-566643/personal-banker-brenham-main-tx/
WELLS_FARGO,R-566301,Business Banker (LO) West Spring Cypress,Risk and Compliance,Cypress,TX,United States,unknown,Full time,2026-08-21 17:57:03.238615,2026-08-07 00:00:00,https://www.wellsfargojobs.com/en/jobs/r-566301/business-banker-lo-west-spring-cypress/
WELLS_FARGO,R-563178,Financial Consultant,Risk and Compliance,West Des Moines,IA,United States,unknown,Full time,2026-08-21 17:57:03.279316,2026-08-07 00:00:00,https://www.wellsfargojobs.com/en/jobs/r-563178/financial-consultant/
WELLS_FARGO,R-567031,"Senior Branch Premier Banker Eagle, ID",Risk and Compliance,Eagle,ID,United States,unknown,Full time,2026-08-21 17:57:03.300675,2026-08-07 00:00:00,https://www.wellsfargojobs.com/en/jobs/r-567031/senior-branch-premier-banker-eagle-id/
WELLS_FARGO,R-566604,"Executive Director, Commercial Banking Relationship Manager",Risk and Compliance,Roanoke,VA,United States,unknown,,2026-08-21 17:57:03.321914,2026-08-07 00:00:00,https://www.wellsfargojobs.com/en/jobs/r-566604/executive-director-commercial-banking-relationship-manager/
WELLS_FARGO,R-566644,Teller Part Time Murray Utah,Risk and Compliance,Murray,UT,United States,unknown,Part time,2026-08-21 17:57:03.340105,2026-08-07 00:00:00,https://www.wellsfargojobs.com/en/jobs/r-566644/teller-part-time-murray-utah/
WELLS_FARGO,R-566901,Teller Part Time Whiskey Hills,Risk and Compliance,Woodside,CA,United States,unknown,Part time,2026-08-21 17:57:03.357674,2026-08-07 00:00:00,https://www.wellsfargojobs.com/en/jobs/r-566901/teller-part-time-whiskey-hills/
WELLS_FARGO,R-567491,Branch Manager Central Washington District,Risk and Compliance,Wenatchee,WA,United States,unknown,Full time,2026-08-21 17:57:03.377258,2026-08-10 00:00:00,https://www.wellsfargojobs.com/en/jobs/r-567491/branch-manager-central-washington-district/
WELLS_FARGO,R-563764,Roving Personal Banker Woodlands North District,Risk and Compliance,The Woodlands,TX,United States,unknown,Full time,2026-08-21 17:57:03.395434,2026-08-10 00:00:00,https://www.wellsfargojobs.com/en/jobs/r-563764/roving-personal-banker-woodlands-north-district/
WELLS_FARGO,R-564031,Branch Manager Southeast District,Risk and Compliance,Charlotte,NC,United States,unknown,Full time,2026-08-21 17:57:03.417162,2026-08-11 00:00:00,https://www.wellsfargojobs.com/en/jobs/r-564031/branch-manager-southeast-district/
WELLS_FARGO,R-567397,Associate Customer Service Representative Credit Cards,Risk and Compliance,Roanoke,VA,United States,unknown,Full time,2026-08-21 17:57:03.422738,2026-08-11 00:00:00,https://www.wellsfargojobs.com/en/jobs/r-567397/associate-customer-service-representative-credit-cards/
WELLS_FARGO,R-563752,Registered Client Associate,Risk and Compliance,Lynnwood,WA,United States,unknown,Part time,2026-08-21 17:57:03.448697,2026-08-11 00:00:00,https://www.wellsfargojobs.com/en/jobs/r-563752/registered-client-associate/
WELLS_FARGO,R-566862,Branch Manager Piedmont South District,Risk and Compliance,Lexington,NC,United States,unknown,Full time,2026-08-21 17:57:03.469005,2026-08-11 00:00:00,https://www.wellsfargojobs.com/en/jobs/r-566862/branch-manager-piedmont-south-district/
WELLS_FARGO,R-567526,Teller Part Time 35th Ave And Glendale,Risk and Compliance,Phoenix,AZ,United States,unknown,Part time,2026-08-21 17:57:03.484225,2026-08-11 00:00:00,https://www.wellsfargojobs.com/en/jobs/r-567526/teller-part-time-35th-ave-and-glendale/
WELLS_FARGO,R-567676,Senior Premier Banker - Dover,Risk and Compliance,Dover,DE,United States,unknown,Full time,2026-08-21 17:57:03.506226,2026-08-11 00:00:00,https://www.wellsfargojobs.com/en/jobs/r-567676/senior-premier-banker-dover/
WELLS_FARGO,R-564555,Senior Lead Control Management Officer - Platform Assurance,Risk and Compliance,Charlotte,NC,United States,unknown,Full time,2026-08-21 17:57:03.527641,2026-08-11 00:00:00,https://www.wellsfargojobs.com/en/jobs/r-564555/senior-lead-control-management-officer-platform-assurance/
WELLS_FARGO,R-567738,Teller Wando Crossing Office,Risk and Compliance,Mount Pleasant,SC,United States,unknown,Full time,2026-08-21 17:57:03.544976,2026-08-12 00:00:00,https://www.wellsfargojobs.com/en/jobs/r-567738/teller-wando-crossing-office/
WELLS_FARGO,R-565197,Senior Lead Operational Risk Officer (Finance & Financial Reporting Risk Oversight),Risk and Compliance,Minneapolis,MN,United States,unknown,Full time,2026-08-21 17:57:03.560615,2026-08-12 00:00:00,https://www.wellsfargojobs.com/en/jobs/r-565197/senior-lead-operational-risk-officer-finance-financial-reporting-risk-oversight/
WELLS_FARGO,R-567948,Teller Part Time Bernalillo,Risk and Compliance,Bernalillo,NM,United States,unknown,Part time,2026-08-21 17:57:03.579463,2026-08-12 00:00:00,https://www.wellsfargojobs.com/en/jobs/r-567948/teller-part-time-bernalillo/
WELLS_FARGO,R-567469,Branch Operations Coordinator Wyoming,Risk and Compliance,Albuquerque,NM,United States,unknown,Full time,2026-08-21 17:57:03.593359,2026-08-11 00:00:00,https://www.wellsfargojobs.com/en/jobs/r-567469/branch-operations-coordinator-wyoming/
WELLS_FARGO,R-567354,Technology Director- Head of Engineering for a Strategic Trade Management,Risk and Compliance,Charlotte,NC,United States,unknown,Full time,2026-08-21 17:57:03.613314,2026-08-13 00:00:00,https://www.wellsfargojobs.com/en/jobs/r-567354/technology-director-head-of-engineering-for-a-strategic-trade-management/
WELLS_FARGO,R-568455,Personal Banker Park Shore,Risk and Compliance,Naples,FL,United States,unknown,Full time,2026-08-21 17:57:03.631850,2026-08-13 00:00:00,https://www.wellsfargojobs.com/en/jobs/r-568455/personal-banker-park-shore/
WELLS_FARGO,R-567216,"Senior Business Relationship Manager (LO) Bradenton, FL",Risk and Compliance,Bradenton,FL,United States,unknown,Full time,2026-08-21 17:57:03.644673,2026-08-13 00:00:00,https://www.wellsfargojobs.com/en/jobs/r-567216/senior-business-relationship-manager-lo-bradenton-fl/
WELLS_FARGO,R-567999,Senior Fiduciary Coordinator,Risk and Compliance,Philadelphia,PA,United States,unknown,Full time,2026-08-21 17:57:03.658127,2026-08-13 00:00:00,https://www.wellsfargojobs.com/en/jobs/r-567999/senior-fiduciary-coordinator/
WELLS_FARGO,R-568169,"Senior Premier Banker, Porters Neck",Risk and Compliance,Wilmington,NC,United States,unknown,Full time,2026-08-21 17:57:03.678239,2026-08-13 00:00:00,https://www.wellsfargojobs.com/en/jobs/r-568169/senior-premier-banker-porters-neck/
WELLS_FARGO,R-564065,Roving Personal Banker Silicon Central,Risk and Compliance,Milpitas,CA,United States,unknown,Full time,2026-08-21 17:57:03.706279,2026-08-13 00:00:00,https://www.wellsfargojobs.com/en/jobs/r-564065/roving-personal-banker-silicon-central/
WELLS_FARGO,R-551320,Personal Banker Huntington Station DeNovo,Risk and Compliance,Huntington Station,NY,United States,unknown,Full time,2026-08-21 17:57:03.722135,2026-08-13 00:00:00,https://www.wellsfargojobs.com/en/jobs/r-551320/personal-banker-huntington-station-denovo/
WELLS_FARGO,R-566081,Financial Relationship Advisor,Risk and Compliance,Saint Louis,MO,United States,unknown,Full time,2026-08-21 17:57:03.740486,2026-08-13 00:00:00,https://www.wellsfargojobs.com/en/jobs/r-566081/financial-relationship-advisor/
WELLS_FARGO,R-567977,Teller Part Time 4S Ranch,Risk and Compliance,San Diego,CA,United States,unknown,Part time,2026-08-21 17:57:03.774864,2026-08-13 00:00:00,https://www.wellsfargojobs.com/en/jobs/r-567977/teller-part-time-4s-ranch/
WELLS_FARGO,R-567973,"Personal Banker The Dalles, OR",Risk and Compliance,The Dalles,OR,United States,unknown,Full time,2026-08-21 17:57:03.789630,2026-08-13 00:00:00,https://www.wellsfargojobs.com/en/jobs/r-567973/personal-banker-the-dalles-or/
WELLS_FARGO,R-568565,Branch Operations Coordinator Helena East,Risk and Compliance,Helena,MT,United States,unknown,Full time,2026-08-21 17:57:03.802002,2026-08-13 00:00:00,https://www.wellsfargojobs.com/en/jobs/r-568565/branch-operations-coordinator-helena-east/
WELLS_FARGO,R-567551,Branch Operations Coordinator 75th Street,Risk and Compliance,Bradenton,FL,United States,unknown,Full time,2026-08-21 17:57:03.814580,2026-08-14 00:00:00,https://www.wellsfargojobs.com/en/jobs/r-567551/branch-operations-coordinator-75th-street/
WELLS_FARGO,R-568722,Personal Banker Little Neck DeNovo,Risk and Compliance,Little Neck,NY,United States,unknown,Full time,2026-08-21 17:57:03.847622,2026-08-14 00:00:00,https://www.wellsfargojobs.com/en/jobs/r-568722/personal-banker-little-neck-denovo/
WELLS_FARGO,R-563196,Personal Banker Gunnison,Risk and Compliance,Gunnison,CO,United States,unknown,Full time,2026-08-21 17:57:03.862595,2026-08-14 00:00:00,https://www.wellsfargojobs.com/en/jobs/r-563196/personal-banker-gunnison/
WELLS_FARGO,R-568411,Commercial Banking Portfolio Manager - Technology Commercial Banking,Risk and Compliance,San Francisco,CA,United States,unknown,Full time,2026-08-21 17:57:03.880274,2026-08-14 00:00:00,https://www.wellsfargojobs.com/en/jobs/r-568411/commercial-banking-portfolio-manager-technology-commercial-banking/
WELLS_FARGO,R-568602,Teller Part time Lake Sumter,Risk and Compliance,The Villages,FL,United States,unknown,Part time,2026-08-21 17:57:03.896141,2026-08-14 00:00:00,https://www.wellsfargojobs.com/en/jobs/r-568602/teller-part-time-lake-sumter/
WELLS_FARGO,R-566950,Teller Part Time Homer AK,Risk and Compliance,Homer,AK,United States,unknown,Part time,2026-08-21 17:57:03.932434,2026-08-14 00:00:00,https://www.wellsfargojobs.com/en/jobs/r-566950/teller-part-time-homer-ak/
WELLS_FARGO,R-568586,Teller Part Time Regalia,Risk and Compliance,Memphis,TN,United States,unknown,Part time,2026-08-21 17:57:03.988381,2026-08-16 00:00:00,https://www.wellsfargojobs.com/en/jobs/r-568586/teller-part-time-regalia/
WELLS_FARGO,R-563022,"Executive Director, Commercial Banking Relationship Manager - Emerging Middle Market",Sales and Relationship Management,Baltimore,MD,United States,unknown,Full time,2026-08-21 17:57:04.002549,2026-08-17 00:00:00,https://www.wellsfargojobs.com/en/jobs/r-563022/executive-director-commercial-banking-relationship-manager-emerging-middle-market/
WELLS_FARGO,R-567462,Private Mortgage Banker (SAFE),Risk and Compliance,Overland Park,KS,United States,unknown,Full time,2026-08-21 17:57:04.018589,2026-08-17 00:00:00,https://www.wellsfargojobs.com/en/jobs/r-567462/private-mortgage-banker-safe/
WELLS_FARGO,R-568469,Branch Operations Manager Kuykendahl,Risk and Compliance,Spring,TX,United States,unknown,Full time,2026-08-21 17:57:04.032097,2026-08-14 00:00:00,https://www.wellsfargojobs.com/en/jobs/r-568469/branch-operations-manager-kuykendahl/
WELLS_FARGO,R-568617,2027 Investment Banking Summer Associate Program - Early Careers,Risk and Compliance,New York,NY,United States,unknown,Full time,2026-08-21 17:57:04.050933,2026-08-17 00:00:00,https://www.wellsfargojobs.com/en/jobs/r-568617/2027-investment-banking-summer-associate-program-early-careers/
WELLS_FARGO,R-568572,Personal Banker French Creek Bilingual Spanish,Risk and Compliance,Phoenixville,PA,United States,unknown,Full time,2026-08-21 17:57:04.068990,2026-08-17 00:00:00,https://www.wellsfargojobs.com/en/jobs/r-568572/personal-banker-french-creek-bilingual-spanish/
WELLS_FARGO,R-568682,Teller Part Time Imperial Beach,Risk and Compliance,San Diego,CA,United States,unknown,Part time,2026-08-21 17:57:04.099935,2026-08-17 00:00:00,https://www.wellsfargojobs.com/en/jobs/r-568682/teller-part-time-imperial-beach/
WELLS_FARGO,R-569360,Personal Banker Crossroads District TX,Risk and Compliance,Kenedy,TX,United States,unknown,Full time,2026-08-21 17:57:04.117291,2026-08-17 00:00:00,https://www.wellsfargojobs.com/en/jobs/r-569360/personal-banker-crossroads-district-tx/
WELLS_FARGO,R-568474,District Senior Manager Reedy River District SC,Risk and Compliance,Greenville,SC,United States,unknown,Full time,2026-08-21 17:57:04.134334,2026-08-17 00:00:00,https://www.wellsfargojobs.com/en/jobs/r-568474/district-senior-manager-reedy-river-district-sc/
WELLS_FARGO,R-569206,Teller Part Time Arcadia Huntington,Risk and Compliance,Arcadia,CA,United States,unknown,Part time,2026-08-21 17:57:04.153004,2026-08-17 00:00:00,https://www.wellsfargojobs.com/en/jobs/r-569206/teller-part-time-arcadia-huntington/
WELLS_FARGO,R-566500,Teller Fort Bragg,Risk and Compliance,Fort Bragg,CA,United States,unknown,Full time,2026-08-21 17:57:04.169952,2026-08-17 00:00:00,https://www.wellsfargojobs.com/en/jobs/r-566500/teller-fort-bragg/
WELLS_FARGO,R-568954,Personal Banker Beaverton,Risk and Compliance,Beaverton,OR,United States,unknown,Full time,2026-08-21 17:57:04.186677,2026-08-18 00:00:00,https://www.wellsfargojobs.com/en/jobs/r-568954/personal-banker-beaverton/
WELLS_FARGO,R-569307,Relationship Banker Palmetto West District,Risk and Compliance,Fort Mill,SC,United States,unknown,Full time,2026-08-21 17:57:04.209963,2026-08-18 00:00:00,https://www.wellsfargojobs.com/en/jobs/r-569307/relationship-banker-palmetto-west-district/
WELLS_FARGO,R-569438,Branch Operations Coordinator Fulton Street DeNovo,Risk and Compliance,Brooklyn,NY,United States,unknown,Full time,2026-08-21 17:57:04.225915,2026-08-18 00:00:00,https://www.wellsfargojobs.com/en/jobs/r-569438/branch-operations-coordinator-fulton-street-denovo/
WELLS_FARGO,R-567635,Senior Lead Treasury Management Consultant,Risk and Compliance,Nashville,TN,United States,unknown,Full time,2026-08-21 17:57:04.239365,2026-08-18 00:00:00,https://www.wellsfargojobs.com/en/jobs/r-567635/senior-lead-treasury-management-consultant/
WELLS_FARGO,R-568550,Personal Banker Tigard,Risk and Compliance,Tigard,OR,United States,unknown,Full time,2026-08-21 17:57:04.258424,2026-08-18 00:00:00,https://www.wellsfargojobs.com/en/jobs/r-568550/personal-banker-tigard/
WELLS_FARGO,R-565395,Branch Operations Coordinator Belmont,Risk and Compliance,Belmont,CA,United States,unknown,Full time,2026-08-21 17:57:04.289721,2026-08-18 00:00:00,https://www.wellsfargojobs.com/en/jobs/r-565395/branch-operations-coordinator-belmont/
WELLS_FARGO,R-567890,Lead Business Execution Strategy & Planning Consultant,Risk and Compliance,Irving,TX,United States,unknown,Full time,2026-08-21 17:57:04.306583,2026-08-17 00:00:00,https://www.wellsfargojobs.com/en/jobs/r-567890/lead-business-execution-strategy-planning-consultant/
WELLS_FARGO,R-569149,Business Banker (LO),Risk and Compliance,Hollywood,FL,United States,unknown,Full time,2026-08-21 17:57:04.324308,2026-08-18 00:00:00,https://www.wellsfargojobs.com/en/jobs/r-569149/business-banker-lo/
WELLS_FARGO,R-569329,"Executive Director, Principal Commercial Banking Relationship Manager",Sales and Relationship Management,Paramus,NJ,United States,unknown,Full time,2026-08-21 17:57:04.342155,2026-08-18 00:00:00,https://www.wellsfargojobs.com/en/jobs/r-569329/executive-director-principal-commercial-banking-relationship-manager/
WELLS_FARGO,R-566749,Personal Banker Bilingual Fort Oglethorpe,Risk and Compliance,Fort Oglethorpe,GA,United States,unknown,Full time,2026-08-21 17:57:04.360268,2026-08-18 00:00:00,https://www.wellsfargojobs.com/en/jobs/r-566749/personal-banker-bilingual-fort-oglethorpe/
WELLS_FARGO,R-567917,Branch Operations Coordinator Hodgkins IL,Risk and Compliance,Hodgkins,IL,United States,unknown,Full time,2026-08-21 17:57:04.375131,2026-08-17 00:00:00,https://www.wellsfargojobs.com/en/jobs/r-567917/branch-operations-coordinator-hodgkins-il/
WELLS_FARGO,R-569575,"Personal Banker Magnolia Heritage Green, DeNovo",Risk and Compliance,Magnolia,TX,United States,unknown,Full time,2026-08-21 17:57:04.407026,2026-08-18 00:00:00,https://www.wellsfargojobs.com/en/jobs/r-569575/personal-banker-magnolia-heritage-green-denovo/
WELLS_FARGO,R-563644,Personal Banker Glasgow MT,Risk and Compliance,Glasgow,MT,United States,unknown,Full time,2026-08-21 17:57:04.428833,2026-08-18 00:00:00,https://www.wellsfargojobs.com/en/jobs/r-563644/personal-banker-glasgow-mt/
WELLS_FARGO,R-565107,Teller Sioux Falls,Risk and Compliance,Sioux Falls,SD,United States,unknown,Full time,2026-08-21 17:57:04.448467,2026-08-18 00:00:00,https://www.wellsfargojobs.com/en/jobs/r-565107/teller-sioux-falls/
WELLS_FARGO,R-567585,Product Owner- Cyber Security IAM,Risk and Compliance,Charlotte,NC,United States,unknown,Full time,2026-08-21 17:57:04.460617,2026-08-18 00:00:00,https://www.wellsfargojobs.com/en/jobs/r-567585/product-owner-cyber-security-iam/
WELLS_FARGO,R-562082,Public Finance Program Associate – Higher Education,Risk and Compliance,New York,NY,United States,unknown,Full time,2026-08-21 17:57:04.486376,2026-08-18 00:00:00,https://www.wellsfargojobs.com/en/jobs/r-562082/public-finance-program-associate-higher-education/
WELLS_FARGO,R-569395,Branch Manager Salt Lake East District,Risk and Compliance,Salt Lake City,UT,United States,unknown,Full time,2026-08-21 17:57:04.506793,2026-08-18 00:00:00,https://www.wellsfargojobs.com/en/jobs/r-569395/branch-manager-salt-lake-east-district/
WELLS_FARGO,R-568272,Branch Manager Hastings Main,Risk and Compliance,Hastings,NE,United States,unknown,Full time,2026-08-21 17:57:04.530391,2026-08-18 00:00:00,https://www.wellsfargojobs.com/en/jobs/r-568272/branch-manager-hastings-main/
WELLS_FARGO,R-566760,Branch Operations Coordinator Denver District,Risk and Compliance,Denver,CO,United States,unknown,Full time,2026-08-21 17:57:04.545898,2026-08-18 00:00:00,https://www.wellsfargojobs.com/en/jobs/r-566760/branch-operations-coordinator-denver-district/
WELLS_FARGO,R-560296,"MarTech Principal, Autonomous Marketing and Engagement Engine",Risk and Compliance,Concord,CA,United States,unknown,Full time,2026-08-21 17:57:04.564004,2026-08-18 00:00:00,https://www.wellsfargojobs.com/en/jobs/r-560296/martech-principal-autonomous-marketing-and-engagement-engine/
WELLS_FARGO,R-561007,Senior Lead Market Risk Officer,Risk and Compliance,Charlotte,NC,United States,unknown,Full time,2026-08-21 17:57:04.585631,2026-08-19 00:00:00,https://www.wellsfargojobs.com/en/jobs/r-561007/senior-lead-market-risk-officer/
WELLS_FARGO,R-554920,Senior Liquidity Funding Management Analyst,Risk and Compliance,Charlotte,NC,United States,unknown,Full time,2026-08-21 17:57:04.601273,2026-08-19 00:00:00,https://www.wellsfargojobs.com/en/jobs/r-554920/senior-liquidity-funding-management-analyst/
WELLS_FARGO,R-567088,Teller Greater Asheville,Risk and Compliance,Arden,NC,United States,unknown,Full time,2026-08-21 17:57:04.638816,2026-08-19 00:00:00,https://www.wellsfargojobs.com/en/jobs/r-567088/teller-greater-asheville/
WELLS_FARGO,R-567706,Teller Part Time Mini City Spring Forest,Risk and Compliance,Raleigh,NC,United States,unknown,Part time,2026-08-21 17:57:04.657441,2026-08-19 00:00:00,https://www.wellsfargojobs.com/en/jobs/r-567706/teller-part-time-mini-city-spring-forest/
WELLS_FARGO,R-568139,"Personal Banker - University Wilmington, Wilmington, NC",Risk and Compliance,Wilmington,NC,United States,unknown,Full time,2026-08-21 17:57:04.671532,2026-08-19 00:00:00,https://www.wellsfargojobs.com/en/jobs/r-568139/personal-banker-university-wilmington-wilmington-nc/
WELLS_FARGO,R-569130,Mortgage Retail Sales Consultant (SAFE),Risk and Compliance,Woodbridge,VA,United States,unknown,Full time,2026-08-21 17:57:04.688131,2026-08-19 00:00:00,https://www.wellsfargojobs.com/en/jobs/r-569130/mortgage-retail-sales-consultant-safe/
WELLS_FARGO,R-564192,Teller Scotts Valley,Risk and Compliance,Scotts Valley,CA,United States,unknown,Full time,2026-08-21 17:57:04.721358,2026-08-17 00:00:00,https://www.wellsfargojobs.com/en/jobs/r-564192/teller-scotts-valley/
WELLS_FARGO,R-569075,Mortgage Retail Sales Consultant (SAFE),Risk and Compliance,Levittown,PA,United States,unknown,Full time,2026-08-21 17:57:04.737020,2026-08-19 00:00:00,https://www.wellsfargojobs.com/en/jobs/r-569075/mortgage-retail-sales-consultant-safe/
WELLS_FARGO,R-569079,Mortgage Retail Sales Consultant (SAFE),Risk and Compliance,Philadelphia,PA,United States,unknown,Full time,2026-08-21 17:57:04.756100,2026-08-19 00:00:00,https://www.wellsfargojobs.com/en/jobs/r-569079/mortgage-retail-sales-consultant-safe/
WELLS_FARGO,R-569555,Senior Premier Banker Anthem,Risk and Compliance,Phoenix,AZ,United States,unknown,Full time,2026-08-21 17:57:04.778281,2026-08-19 00:00:00,https://www.wellsfargojobs.com/en/jobs/r-569555/senior-premier-banker-anthem/
WELLS_FARGO,R-569849,Roving Personal Banker San Antonio West District,Risk and Compliance,San Antonio,TX,United States,unknown,Full time,2026-08-21 17:57:04.795647,2026-08-19 00:00:00,https://www.wellsfargojobs.com/en/jobs/r-569849/roving-personal-banker-san-antonio-west-district/
WELLS_FARGO,R-565701,Teller Burien,Risk and Compliance,Burien,WA,United States,unknown,Full time,2026-08-21 17:57:04.812420,2026-08-18 00:00:00,https://www.wellsfargojobs.com/en/jobs/r-565701/teller-burien/
WELLS_FARGO,R-567486,Senior Technology Business Systems Consultant,Risk and Compliance,Chandler,AZ,United States,unknown,Full time,2026-08-21 17:57:04.825482,2026-08-18 00:00:00,https://www.wellsfargojobs.com/en/jobs/r-567486/senior-technology-business-systems-consultant/
WELLS_FARGO,R-569463,Teller Part Time Hartsville Main,Risk and Compliance,Hartsville,SC,United States,unknown,Part time,2026-08-21 17:57:04.841350,2026-08-19 00:00:00,https://www.wellsfargojobs.com/en/jobs/r-569463/teller-part-time-hartsville-main/
WELLS_FARGO,R-569606,Teller Part Time Virginia Highland,Risk and Compliance,Atlanta,GA,United States,unknown,Part time,2026-08-21 17:57:04.858994,2026-08-19 00:00:00,https://www.wellsfargojobs.com/en/jobs/r-569606/teller-part-time-virginia-highland/
WELLS_FARGO,R-569106,Mortgage Retail Sales Consultant (SAFE),Risk and Compliance,Baltimore,MD,United States,unknown,Full time,2026-08-21 17:57:04.875287,2026-08-19 00:00:00,https://www.wellsfargojobs.com/en/jobs/r-569106/mortgage-retail-sales-consultant-safe/
WELLS_FARGO,R-566130,Personal Banker Bilingual Spanish,Risk and Compliance,Moorpark,CA,United States,unknown,Full time,2026-08-21 17:57:04.904765,2026-08-20 00:00:00,https://www.wellsfargojobs.com/en/jobs/r-566130/personal-banker-bilingual-spanish/
WELLS_FARGO,R-570063,Senior Premier Banker - Torrance Coastal,Risk and Compliance,Torrance,CA,United States,unknown,Full time,2026-08-21 17:57:04.932036,2026-08-20 00:00:00,https://www.wellsfargojobs.com/en/jobs/r-570063/senior-premier-banker-torrance-coastal/
WELLS_FARGO,R-562634,Senior Premier Banker Towamencin Lansdale,Risk and Compliance,Lansdale,PA,United States,unknown,Full time,2026-08-21 17:57:04.953614,2026-08-20 00:00:00,https://www.wellsfargojobs.com/en/jobs/r-562634/senior-premier-banker-towamencin-lansdale/
WELLS_FARGO,R-565825,Teller Hilton Head,Risk and Compliance,Hilton Head Island,SC,United States,unknown,Full time,2026-08-21 17:57:04.969522,2026-08-20 00:00:00,https://www.wellsfargojobs.com/en/jobs/r-565825/teller-hilton-head/
WELLS_FARGO,R-569860,Teller Part Time Pacific Palisades,Risk and Compliance,Pacific Palisades,CA,United States,unknown,Part time,2026-08-21 17:57:04.987257,2026-08-20 00:00:00,https://www.wellsfargojobs.com/en/jobs/r-569860/teller-part-time-pacific-palisades/
WELLS_FARGO,R-565367,Teller Part Time Greater Asheville,Risk and Compliance,Arden,NC,United States,unknown,Part time,2026-08-21 17:57:05.018495,2026-08-20 00:00:00,https://www.wellsfargojobs.com/en/jobs/r-565367/teller-part-time-greater-asheville/
WELLS_FARGO,R-569853,Customer Service Associate Licensed,Risk and Compliance,Charlotte,NC,United States,unknown,Full time,2026-08-21 17:57:05.054470,2026-08-20 00:00:00,https://www.wellsfargojobs.com/en/jobs/r-569853/customer-service-associate-licensed/
WELLS_FARGO,R-569963,Teller Part Time San Carlos California,Risk and Compliance,San Carlos,CA,United States,unknown,Part time,2026-08-21 17:57:05.079204,2026-08-20 00:00:00,https://www.wellsfargojobs.com/en/jobs/r-569963/teller-part-time-san-carlos-california/
WELLS_FARGO,R-570160,Branch Manager Greater San Antonio East District,Risk and Compliance,San Antonio,TX,United States,unknown,Full time,2026-08-21 17:57:05.100254,2026-08-21 00:00:00,https://www.wellsfargojobs.com/en/jobs/r-570160/branch-manager-greater-san-antonio-east-district/
WELLS_FARGO,R-567741,Business Development Sourcing Specialist,Risk and Compliance,Charlotte,NC,United States,unknown,Full time,2026-08-21 17:57:05.114992,2026-08-20 00:00:00,https://www.wellsfargojobs.com/en/jobs/r-567741/business-development-sourcing-specialist/
WELLS_FARGO,R-570136,Senior Commercial Collections Representative,Risk and Compliance,Des Moines,IA,United States,unknown,Full time,2026-08-21 17:57:05.125209,2026-08-20 00:00:00,https://www.wellsfargojobs.com/en/jobs/r-570136/senior-commercial-collections-representative/
WELLS_FARGO,R-566751,Branch Manager Three Rivers District,Risk and Compliance,Boise,ID,United States,unknown,Full time,2026-08-21 17:57:05.141335,2026-08-18 00:00:00,https://www.wellsfargojobs.com/en/jobs/r-566751/branch-manager-three-rivers-district/
WELLS_FARGO,R-570248,Regional Coach Metro New York Connecticut,Risk and Compliance,New York,NY,United States,unknown,Full time,2026-08-21 17:57:05.163633,2026-08-21 00:00:00,https://www.wellsfargojobs.com/en/jobs/r-570248/regional-coach-metro-new-york-connecticut/
WELLS_FARGO,R-563190,Teller | Civic Center,Risk and Compliance,San Francisco,CA,United States,unknown,Full time,2026-08-21 17:57:05.180185,2026-08-19 00:00:00,https://www.wellsfargojobs.com/en/jobs/r-563190/teller-civic-center/
WELLS_FARGO,R-564342,Personal Banker Killearn Tallahassee FL,Risk and Compliance,Tallahassee,FL,United States,unknown,Full time,2026-08-21 17:57:05.195973,2026-08-19 00:00:00,https://www.wellsfargojobs.com/en/jobs/r-564342/personal-banker-killearn-tallahassee-fl/
WELLS_FARGO,R-555333,Teller Part Time Devon,Risk and Compliance,Devon,PA,United States,unknown,Part time,2026-08-21 17:57:05.213340,2026-08-21 00:00:00,https://www.wellsfargojobs.com/en/jobs/r-555333/teller-part-time-devon/
WELLS_FARGO,R-569588,Branch Operations Coordinator Waverly Retail Development,Risk and Compliance,Charlotte,NC,United States,unknown,Full time,2026-08-21 17:57:05.226875,2026-08-21 00:00:00,https://www.wellsfargojobs.com/en/jobs/r-569588/branch-operations-coordinator-waverly-retail-development/
WELLS_FARGO,R-569579,Relationship Banker Park Lakes Landing,Risk and Compliance,Humble,TX,United States,unknown,Full time,2026-08-21 17:57:05.246879,2026-08-19 00:00:00,https://www.wellsfargojobs.com/en/jobs/r-569579/relationship-banker-park-lakes-landing/
WELLS_FARGO,R-569874,Senior Lead Private Wealth Portfolio Manager (LO),Risk and Compliance,Seattle,WA,United States,unknown,Full time,2026-08-21 17:57:05.264840,2026-08-19 00:00:00,https://www.wellsfargojobs.com/en/jobs/r-569874/senior-lead-private-wealth-portfolio-manager-lo/
WELLS_FARGO,R-569505,Personal Banker,Risk and Compliance,Charlotte,NC,United States,unknown,Full time,2026-08-21 17:57:05.279593,2026-08-19 00:00:00,https://www.wellsfargojobs.com/en/jobs/r-569505/personal-banker/
WELLS_FARGO,R-568025,Teller Part Time Belmont,Risk and Compliance,Belmont,CA,United States,unknown,Part time,2026-08-21 17:57:05.294372,2026-08-21 00:00:00,https://www.wellsfargojobs.com/en/jobs/r-568025/teller-part-time-belmont/
WELLS_FARGO,R-570229,Teller Part Time Preston and Forest,Risk and Compliance,Dallas,TX,United States,unknown,Part time,2026-08-21 17:57:05.312602,2026-08-21 00:00:00,https://www.wellsfargojobs.com/en/jobs/r-570229/teller-part-time-preston-and-forest/
WELLS_FARGO,R-559365,Teller Part Time Spring Township,Risk and Compliance,Wyomissing,PA,United States,unknown,Part time,2026-08-21 17:57:05.365816,2026-08-21 00:00:00,https://www.wellsfargojobs.com/en/jobs/r-559365/teller-part-time-spring-township/
WELLS_FARGO,R-569827,Roving Personal Banker- Village Mall,Risk and Compliance,Auburn,AL,United States,unknown,Full time,2026-08-21 17:57:05.384087,2026-08-21 00:00:00,https://www.wellsfargojobs.com/en/jobs/r-569827/roving-personal-banker-village-mall/
WELLS_FARGO,R-570057,Teller Part Time Tamiami,Risk and Compliance,Miami,FL,United States,unknown,Part time,2026-08-21 17:57:05.398699,2026-08-21 00:00:00,https://www.wellsfargojobs.com/en/jobs/r-570057/teller-part-time-tamiami/
WELLS_FARGO,R-551304,Senior Premier Banker Downtown Flushing DeNovo,Risk and Compliance,Flushing,NY,United States,unknown,Full time,2026-08-21 17:57:05.483275,2026-07-22 00:00:00,https://www.wellsfargojobs.com/en/jobs/r-551304/senior-premier-banker-downtown-flushing-denovo/
WELLS_FARGO,R-562865,Personal Banker Alexandria,Risk and Compliance,Alexandria,MN,United States,unknown,Full time,2026-08-21 17:57:05.502337,2026-07-22 00:00:00,https://www.wellsfargojobs.com/en/jobs/r-562865/personal-banker-alexandria/
WELLS_FARGO,R-563322,Teller Part Time San Mateo,Risk and Compliance,Albuquerque,NM,United States,unknown,Part time,2026-08-21 17:57:05.517886,2026-07-24 00:00:00,https://www.wellsfargojobs.com/en/jobs/r-563322/teller-part-time-san-mateo/
WELLS_FARGO,R-563641,"Personal Banker Ustick Branch Boise, ID",Risk and Compliance,Boise,ID,United States,unknown,Full time,2026-08-21 17:57:05.533851,2026-07-24 00:00:00,https://www.wellsfargojobs.com/en/jobs/r-563641/personal-banker-ustick-branch-boise-id/
WELLS_FARGO,R-564052,"Mortgage Retail Sales Consultant (SAFE) Dallas, (North) TX",Risk and Compliance,Irving,TX,United States,unknown,,2026-08-21 17:57:05.545137,2026-07-27 00:00:00,https://www.wellsfargojobs.com/en/jobs/r-564052/mortgage-retail-sales-consultant-safe-dallas-north-tx/
WELLS_FARGO,R-565199,Personal Banker Detroit Lakes,Risk and Compliance,Detroit Lakes,MN,United States,unknown,Full time,2026-08-21 17:57:05.566068,2026-07-31 00:00:00,https://www.wellsfargojobs.com/en/jobs/r-565199/personal-banker-detroit-lakes/
WELLS_FARGO,R-565223,Roving Bilingual Personal Banker South Mountain,Risk and Compliance,Hendersonville,NC,United States,unknown,,2026-08-21 17:57:05.581846,2026-07-31 00:00:00,https://www.wellsfargojobs.com/en/jobs/r-565223/roving-bilingual-personal-banker-south-mountain/
WELLS_FARGO,R-564684,Teller Part Time Colorado North,Risk and Compliance,Greeley,CO,United States,unknown,Part time,2026-08-21 17:57:05.598013,2026-07-29 00:00:00,https://www.wellsfargojobs.com/en/jobs/r-564684/teller-part-time-colorado-north/
WELLS_FARGO,R-564642,Mortgage Retail Sales Associate Manager (SAFE),Risk and Compliance,Des Moines,IA,United States,unknown,Full time,2026-08-21 17:57:05.613085,2026-08-03 00:00:00,https://www.wellsfargojobs.com/en/jobs/r-564642/mortgage-retail-sales-associate-manager-safe/
WELLS_FARGO,R-564685,Private Mortgage Banker (SAFE),Risk and Compliance,Saint Louis,MO,United States,unknown,Full time,2026-08-21 17:57:05.627724,2026-08-03 00:00:00,https://www.wellsfargojobs.com/en/jobs/r-564685/private-mortgage-banker-safe/
WELLS_FARGO,R-564576,Teller La Cueva,Risk and Compliance,Albuquerque,NM,United States,unknown,Full time,2026-08-21 17:57:05.643971,2026-08-03 00:00:00,https://www.wellsfargojobs.com/en/jobs/r-564576/teller-la-cueva/
WELLS_FARGO,R-563147,Branch Manager Kimball and Cedar Falls,Risk and Compliance,Waterloo,IA,United States,unknown,Full time,2026-08-21 17:57:05.666225,2026-08-04 00:00:00,https://www.wellsfargojobs.com/en/jobs/r-563147/branch-manager-kimball-and-cedar-falls/
WELLS_FARGO,R-565232,Branch Operations Coordinator | 22nd and Mission,Risk and Compliance,San Francisco,CA,United States,unknown,Full time,2026-08-21 17:57:05.681269,2026-08-04 00:00:00,https://www.wellsfargojobs.com/en/jobs/r-565232/branch-operations-coordinator-22nd-and-mission/
WELLS_FARGO,R-566112,Senior Premier Banker Central Valley,Risk and Compliance,Modesto,CA,United States,unknown,Full time,2026-08-21 17:57:05.704478,2026-08-04 00:00:00,https://www.wellsfargojobs.com/en/jobs/r-566112/senior-premier-banker-central-valley/
WELLS_FARGO,R-566032,Associate Financial Relationship Advisor,Risk and Compliance,Salt Lake City,UT,United States,unknown,Full time,2026-08-21 17:57:05.720776,2026-08-04 00:00:00,https://www.wellsfargojobs.com/en/jobs/r-566032/associate-financial-relationship-advisor/
WELLS_FARGO,R-565943,Community Mortgage Bank Sales Consultant (SAFE),Risk and Compliance,Gresham,OR,United States,unknown,Full time,2026-08-21 17:57:05.736523,2026-08-05 00:00:00,https://www.wellsfargojobs.com/en/jobs/r-565943/community-mortgage-bank-sales-consultant-safe/
WELLS_FARGO,R-566490,Senior Premier Banker Greater San Francisco,Risk and Compliance,San Francisco,CA,United States,unknown,,2026-08-21 17:57:05.782850,2026-08-05 00:00:00,https://www.wellsfargojobs.com/en/jobs/r-566490/senior-premier-banker-greater-san-francisco/
WELLS_FARGO,R-564644,Mortgage Retail Sales Consultant (SAFE),Risk and Compliance,Cedar Falls,IA,United States,unknown,Full time,2026-08-21 17:57:05.807827,2026-08-06 00:00:00,https://www.wellsfargojobs.com/en/jobs/r-564644/mortgage-retail-sales-consultant-safe/
WELLS_FARGO,R-553683,Branch Manager Berea,Risk and Compliance,Greenville,SC,United States,unknown,Full time,2026-08-21 17:57:05.827734,2026-08-06 00:00:00,https://www.wellsfargojobs.com/en/jobs/r-553683/branch-manager-berea/
WELLS_FARGO,R-566584,CA-WA Private Mortgage Banker,Risk and Compliance,San Rafael,CA,United States,unknown,Full time,2026-08-21 17:57:05.842382,2026-08-06 00:00:00,https://www.wellsfargojobs.com/en/jobs/r-566584/ca-wa-private-mortgage-banker/
WELLS_FARGO,R-566780,Relationship Banker Sylva,Risk and Compliance,Sylva,NC,United States,unknown,,2026-08-21 17:57:05.863916,2026-08-06 00:00:00,https://www.wellsfargojobs.com/en/jobs/r-566780/relationship-banker-sylva/
WELLS_FARGO,R-566866,Senior Premier Banker Silicon Central,Risk and Compliance,San Jose,CA,United States,unknown,,2026-08-21 17:57:05.915012,2026-08-06 00:00:00,https://www.wellsfargojobs.com/en/jobs/r-566866/senior-premier-banker-silicon-central/
WELLS_FARGO,R-566711,Personal Banker Bullhead City,Risk and Compliance,Bullhead City,AZ,United States,unknown,Full time,2026-08-21 17:57:05.931466,2026-08-06 00:00:00,https://www.wellsfargojobs.com/en/jobs/r-566711/personal-banker-bullhead-city/
WELLS_FARGO,R-566826,Healthcare Portfolio Manager - Analyst,Risk and Compliance,Charlotte,NC,United States,unknown,Full time,2026-08-21 17:57:05.943193,2026-08-07 00:00:00,https://www.wellsfargojobs.com/en/jobs/r-566826/healthcare-portfolio-manager-analyst/
WELLS_FARGO,R-566600,Personal Banker Marion,Risk and Compliance,Marion,IA,United States,unknown,Full time,2026-08-21 17:57:05.960444,2026-08-07 00:00:00,https://www.wellsfargojobs.com/en/jobs/r-566600/personal-banker-marion/
WELLS_FARGO,R-567160,Teller Part Time SE Houston,Risk and Compliance,La Porte,TX,United States,unknown,Part time,2026-08-21 17:57:05.975494,2026-08-07 00:00:00,https://www.wellsfargojobs.com/en/jobs/r-567160/teller-part-time-se-houston/
WELLS_FARGO,R-567488,Associate Customer Service Representative Spanish Bilingual Everyday Banking,Risk and Compliance,San Antonio,TX,United States,unknown,Full time,2026-08-21 17:57:06.007469,2026-08-11 00:00:00,https://www.wellsfargojobs.com/en/jobs/r-567488/associate-customer-service-representative-spanish-bilingual-everyday-banking/
WELLS_FARGO,R-567267,"Associate Personal Banker - Sandpoint, ID",Risk and Compliance,Sandpoint,ID,United States,unknown,Full time,2026-08-21 17:57:06.022516,2026-08-11 00:00:00,https://www.wellsfargojobs.com/en/jobs/r-567267/associate-personal-banker-sandpoint-id/
WELLS_FARGO,R-563846,Branch Operations Coordinator North Park Denver,Risk and Compliance,Federal Heights,CO,United States,unknown,Full time,2026-08-21 17:57:06.036993,2026-08-11 00:00:00,https://www.wellsfargojobs.com/en/jobs/r-563846/branch-operations-coordinator-north-park-denver/
WELLS_FARGO,R-567944,Personal Banker Cleveland,Risk and Compliance,Cleveland,TX,United States,unknown,Full time,2026-08-21 17:57:06.052898,2026-08-11 00:00:00,https://www.wellsfargojobs.com/en/jobs/r-567944/personal-banker-cleveland/
WELLS_FARGO,R-568083,Quantitative Analytics Specialist (002136),Risk and Compliance,Charlotte,NC,United States,unknown,Full time,2026-08-21 17:57:06.065484,2026-08-12 00:00:00,https://www.wellsfargojobs.com/en/jobs/r-568083/quantitative-analytics-specialist-002136/
WELLS_FARGO,R-566260,Commercial Auto West Market Executive,Risk and Compliance,Irvine,CA,United States,unknown,Full time,2026-08-21 17:57:06.087693,2026-08-12 00:00:00,https://www.wellsfargojobs.com/en/jobs/r-566260/commercial-auto-west-market-executive/
WELLS_FARGO,R-567813,Teller Part Time Lakeland,Risk and Compliance,Lakeland,FL,United States,unknown,Part time,2026-08-21 17:57:06.106169,2026-08-12 00:00:00,https://www.wellsfargojobs.com/en/jobs/r-567813/teller-part-time-lakeland/
WELLS_FARGO,R-567566,Teller Freshfields Village,Risk and Compliance,Johns Island,SC,United States,unknown,Full time,2026-08-21 17:57:06.122420,2026-08-12 00:00:00,https://www.wellsfargojobs.com/en/jobs/r-567566/teller-freshfields-village/
WELLS_FARGO,R-566318,Personal Banker Bilingual Spanish Stratford Branch,Risk and Compliance,Stratford,NJ,United States,unknown,Full time,2026-08-21 17:57:06.142670,2026-08-12 00:00:00,https://www.wellsfargojobs.com/en/jobs/r-566318/personal-banker-bilingual-spanish-stratford-branch/
WELLS_FARGO,R-567145,Relationship Banker Mill Creek Commons,Risk and Compliance,Clover,SC,United States,unknown,Full time,2026-08-21 17:57:06.163465,2026-08-13 00:00:00,https://www.wellsfargojobs.com/en/jobs/r-567145/relationship-banker-mill-creek-commons/
WELLS_FARGO,R-568263,2027 Quantitative Analytics Program Capital Markets (Masters) – Early Careers,Risk and Compliance,Charlotte,NC,United States,unknown,Full time,2026-08-21 17:57:06.176468,2026-08-13 00:00:00,https://www.wellsfargojobs.com/en/jobs/r-568263/2027-quantitative-analytics-program-capital-markets-masters-early-careers/
WELLS_FARGO,R-555195,Roving Personal Banker Northwest Denver District,Risk and Compliance,Lakewood,CO,United States,unknown,Full time,2026-08-21 17:57:06.217933,2026-08-13 00:00:00,https://www.wellsfargojobs.com/en/jobs/r-555195/roving-personal-banker-northwest-denver-district/
WELLS_FARGO,R-560142,Relationship Banker Chico Main,Risk and Compliance,Chico,CA,United States,unknown,Full time,2026-08-21 17:57:06.239244,2026-08-13 00:00:00,https://www.wellsfargojobs.com/en/jobs/r-560142/relationship-banker-chico-main/
WELLS_FARGO,R-568448,"Relationship Banker Birmingham, AL",Risk and Compliance,Birmingham,AL,United States,unknown,Full time,2026-08-21 17:57:06.295817,2026-08-14 00:00:00,https://www.wellsfargojobs.com/en/jobs/r-568448/relationship-banker-birmingham-al/
WELLS_FARGO,R-565040,Senior Branch Premier Banker | Tanglewood Branch,Risk and Compliance,Roanoke,VA,United States,unknown,Full time,2026-08-21 17:57:06.318462,2026-08-14 00:00:00,https://www.wellsfargojobs.com/en/jobs/r-565040/senior-branch-premier-banker-tanglewood-branch/
WELLS_FARGO,R-566291,"Vice President, Portfolio Management – Power & Utilities",Risk and Compliance,Charlotte,NC,United States,unknown,Full time,2026-08-21 17:57:06.341711,2026-08-14 00:00:00,https://www.wellsfargojobs.com/en/jobs/r-566291/vice-president-portfolio-management-power-utilities/
WELLS_FARGO,R-567510,Personal Banker Manheim Township,Risk and Compliance,Lancaster,PA,United States,unknown,Full time,2026-08-21 17:57:06.358045,2026-08-14 00:00:00,https://www.wellsfargojobs.com/en/jobs/r-567510/personal-banker-manheim-township/
WELLS_FARGO,R-561881,Supervisory Control Specialist,Risk and Compliance,San Jose,CA,United States,unknown,Full time,2026-08-21 17:57:06.373970,2026-08-14 00:00:00,https://www.wellsfargojobs.com/en/jobs/r-561881/supervisory-control-specialist/
WELLS_FARGO,R-568897,Relationship Banker - Pasadena Valley,Risk and Compliance,Montrose,CA,United States,unknown,Full time,2026-08-21 17:57:06.397610,2026-08-14 00:00:00,https://www.wellsfargojobs.com/en/jobs/r-568897/relationship-banker-pasadena-valley/
WELLS_FARGO,R-568908,Branch Operations Associate Manager-West Gables Miami FL,Risk and Compliance,Miami,FL,United States,unknown,Full time,2026-08-21 17:57:06.413895,2026-08-14 00:00:00,https://www.wellsfargojobs.com/en/jobs/r-568908/branch-operations-associate-manager-west-gables-miami-fl/
WELLS_FARGO,R-554449,Branch Manager North Coast District,Risk and Compliance,Santa Rosa,CA,United States,unknown,Full time,2026-08-21 17:57:06.429735,2026-08-14 00:00:00,https://www.wellsfargojobs.com/en/jobs/r-554449/branch-manager-north-coast-district/
WELLS_FARGO,R-568871,Teller Part Time Albany OR,Risk and Compliance,Albany,OR,United States,unknown,Part time,2026-08-21 17:57:06.444242,2026-08-14 00:00:00,https://www.wellsfargojobs.com/en/jobs/r-568871/teller-part-time-albany-or/
WELLS_FARGO,R-566488,Relationship Banker Tallahassee,Risk and Compliance,Tallahassee,FL,United States,unknown,Full time,2026-08-21 17:57:06.471806,2026-08-16 00:00:00,https://www.wellsfargojobs.com/en/jobs/r-566488/relationship-banker-tallahassee/
WELLS_FARGO,R-568541,Teller Part Time Holbrook,Risk and Compliance,Holbrook,AZ,United States,unknown,Part time,2026-08-21 17:57:06.487402,2026-08-14 00:00:00,https://www.wellsfargojobs.com/en/jobs/r-568541/teller-part-time-holbrook/
WELLS_FARGO,R-568217,Teller Part Time Andalusia,Risk and Compliance,Andalusia,AL,United States,unknown,Part time,2026-08-21 17:57:06.507942,2026-08-16 00:00:00,https://www.wellsfargojobs.com/en/jobs/r-568217/teller-part-time-andalusia/
WELLS_FARGO,R-568078,Lead Java Payments Engineer,Risk and Compliance,Charlotte,NC,United States,unknown,Full time,2026-08-21 17:57:06.526178,2026-08-17 00:00:00,https://www.wellsfargojobs.com/en/jobs/r-568078/lead-java-payments-engineer/
WELLS_FARGO,R-568239,Personal Banker- Southwest Arlington,Risk and Compliance,Arlington,TX,United States,unknown,Full time,2026-08-21 17:57:06.542686,2026-08-17 00:00:00,https://www.wellsfargojobs.com/en/jobs/r-568239/personal-banker-southwest-arlington/
WELLS_FARGO,R-568438,Senior Premier Banker The Villages,Risk and Compliance,The Villages,FL,United States,unknown,Full time,2026-08-21 17:57:06.569019,2026-08-17 00:00:00,https://www.wellsfargojobs.com/en/jobs/r-568438/senior-premier-banker-the-villages/
WELLS_FARGO,R-568475,Teller Bilingual Part Time Sheridan and Ferderal,Risk and Compliance,Hollywood,FL,United States,unknown,Part time,2026-08-21 17:57:06.575839,2026-08-17 00:00:00,https://www.wellsfargojobs.com/en/jobs/r-568475/teller-bilingual-part-time-sheridan-and-ferderal/
WELLS_FARGO,R-569140,"Branch Manager- Ocean Springs- Pascagoula- Biloxi, MS",Risk and Compliance,Ocean Springs,MS,United States,unknown,Full time,2026-08-21 17:57:06.606688,2026-08-17 00:00:00,https://www.wellsfargojobs.com/en/jobs/r-569140/branch-manager-ocean-springs-pascagoula-biloxi-ms/
WELLS_FARGO,R-569203,Personal Banker Old Irving Park IL,Risk and Compliance,Chicago,IL,United States,unknown,,2026-08-21 17:57:06.623675,2026-08-17 00:00:00,https://www.wellsfargojobs.com/en/jobs/r-569203/personal-banker-old-irving-park-il/
WELLS_FARGO,R-567970,Legal Operations Processor - Legal Services Writs & Levies,Risk and Compliance,West Des Moines,IA,United States,unknown,Full time,2026-08-21 17:57:06.638137,2026-08-17 00:00:00,https://www.wellsfargojobs.com/en/jobs/r-567970/legal-operations-processor-legal-services-writs-levies/
WELLS_FARGO,R-567978,Senior Premier Banker - 4S Ranch,Risk and Compliance,San Diego,CA,United States,unknown,Full time,2026-08-21 17:57:06.660449,2026-08-17 00:00:00,https://www.wellsfargojobs.com/en/jobs/r-567978/senior-premier-banker-4s-ranch/
WELLS_FARGO,R-568529,Branch Operations Coordinator Gurnee IL,Risk and Compliance,Gurnee,IL,United States,unknown,Full time,2026-08-21 17:57:06.674638,2026-08-17 00:00:00,https://www.wellsfargojobs.com/en/jobs/r-568529/branch-operations-coordinator-gurnee-il/
WELLS_FARGO,R-527547,"Vice President, Asset Tokenization Product Manager",Risk and Compliance,New York,NY,United States,unknown,Full time,2026-08-21 17:57:06.693458,2026-08-17 00:00:00,https://www.wellsfargojobs.com/en/jobs/r-527547/vice-president-asset-tokenization-product-manager/
WELLS_FARGO,R-558533,Branch Operations Coordinator Blake Park,Risk and Compliance,Bradenton,FL,United States,unknown,Full time,2026-08-21 17:57:06.704325,2026-08-17 00:00:00,https://www.wellsfargojobs.com/en/jobs/r-558533/branch-operations-coordinator-blake-park/
WELLS_FARGO,R-568148,Personal Banker Bilingual Spanish Required - Beacon Plaza Raleigh NC,Risk and Compliance,Raleigh,NC,United States,unknown,Full time,2026-08-21 17:57:06.722921,2026-08-17 00:00:00,https://www.wellsfargojobs.com/en/jobs/r-568148/personal-banker-bilingual-spanish-required-beacon-plaza-raleigh-nc/
WELLS_FARGO,R-567862,Personal Banker Holmdel Branch,Risk and Compliance,Holmdel,NJ,United States,unknown,Full time,2026-08-21 17:57:06.734559,2026-08-17 00:00:00,https://www.wellsfargojobs.com/en/jobs/r-567862/personal-banker-holmdel-branch/
WELLS_FARGO,R-569320,Business Banker (LO) Triangle Evergreen,Risk and Compliance,Apex,NC,United States,unknown,Full time,2026-08-21 17:57:06.750334,2026-08-17 00:00:00,https://www.wellsfargojobs.com/en/jobs/r-569320/business-banker-lo-triangle-evergreen/
WELLS_FARGO,R-566326,Relationship Banker Potranco,Risk and Compliance,San Antonio,TX,United States,unknown,,2026-08-21 17:57:06.766328,2026-08-17 00:00:00,https://www.wellsfargojobs.com/en/jobs/r-566326/relationship-banker-potranco/
WELLS_FARGO,R-568558,"Personal Banker St Paul Downtown, MN",Risk and Compliance,Saint Paul,MN,United States,unknown,Full time,2026-08-21 17:57:06.789131,2026-08-17 00:00:00,https://www.wellsfargojobs.com/en/jobs/r-568558/personal-banker-st-paul-downtown-mn/
WELLS_FARGO,R-568960,Teller Bilingual New Irving Branch,Risk and Compliance,Irving,TX,United States,unknown,Full time,2026-08-21 17:57:06.808391,2026-08-17 00:00:00,https://www.wellsfargojobs.com/en/jobs/r-568960/teller-bilingual-new-irving-branch/
WELLS_FARGO,R-562725,Teller Part Time Everett WA,Risk and Compliance,Everett,WA,United States,unknown,Part time,2026-08-21 17:57:06.845228,2026-08-17 00:00:00,https://www.wellsfargojobs.com/en/jobs/r-562725/teller-part-time-everett-wa/
WELLS_FARGO,R-567710,Teller Bilingual North Ridge Shopping Center,Risk and Compliance,Raleigh,NC,United States,unknown,Full time,2026-08-21 17:57:06.862053,2026-08-17 00:00:00,https://www.wellsfargojobs.com/en/jobs/r-567710/teller-bilingual-north-ridge-shopping-center/
WELLS_FARGO,R-569250,Teller Milford,Risk and Compliance,Milford,PA,United States,unknown,Full time,2026-08-21 17:57:06.892060,2026-08-17 00:00:00,https://www.wellsfargojobs.com/en/jobs/r-569250/teller-milford/
WELLS_FARGO,R-569352,Teller E 17th Street,Risk and Compliance,Santa Ana,CA,United States,unknown,Full time,2026-08-21 17:57:06.911309,2026-08-18 00:00:00,https://www.wellsfargojobs.com/en/jobs/r-569352/teller-e-17th-street/
WELLS_FARGO,R-569531,Personal Banker Dauphin Street Office,Risk and Compliance,Mobile,AL,United States,unknown,Full time,2026-08-21 17:57:06.927973,2026-08-18 00:00:00,https://www.wellsfargojobs.com/en/jobs/r-569531/personal-banker-dauphin-street-office/
WELLS_FARGO,R-547940,Lead Financial Controls Analyst,Risk and Compliance,Irving,TX,United States,unknown,Full time,2026-08-21 17:57:06.940634,2026-08-18 00:00:00,https://www.wellsfargojobs.com/en/jobs/r-547940/lead-financial-controls-analyst/
WELLS_FARGO,R-563169,Personal Banker Bilingual Spanish Delta Breeze District,Risk and Compliance,Concord,CA,United States,unknown,Full time,2026-08-21 17:57:06.962559,2026-08-18 00:00:00,https://www.wellsfargojobs.com/en/jobs/r-563169/personal-banker-bilingual-spanish-delta-breeze-district/
WELLS_FARGO,R-569394,Personal Banker Centralia,Risk and Compliance,Centralia,WA,United States,unknown,Full time,2026-08-21 17:57:06.979112,2026-08-18 00:00:00,https://www.wellsfargojobs.com/en/jobs/r-569394/personal-banker-centralia/
WELLS_FARGO,R-566811,Bankruptcy Manager,Risk and Compliance,Irving,TX,United States,unknown,Full time,2026-08-21 17:57:06.989995,2026-08-18 00:00:00,https://www.wellsfargojobs.com/en/jobs/r-566811/bankruptcy-manager/
WELLS_FARGO,R-568797,Personal Banker Bilingual Preferred Russian Speaker-Hallandale Beach FL,Risk and Compliance,Hallandale Beach,FL,United States,unknown,Full time,2026-08-21 17:57:07.008543,2026-08-18 00:00:00,https://www.wellsfargojobs.com/en/jobs/r-568797/personal-banker-bilingual-preferred-russian-speaker-hallandale-beach-fl/
WELLS_FARGO,R-564767,Personal Banker Madison,Risk and Compliance,Madison,SD,United States,unknown,Full time,2026-08-21 17:57:07.026883,2026-08-18 00:00:00,https://www.wellsfargojobs.com/en/jobs/r-564767/personal-banker-madison/
WELLS_FARGO,R-566099,Public Finance Program Associate – Higher Education,Risk and Compliance,San Francisco,CA,United States,unknown,Full time,2026-08-21 17:57:07.045646,2026-08-18 00:00:00,https://www.wellsfargojobs.com/en/jobs/r-566099/public-finance-program-associate-higher-education/
WELLS_FARGO,R-567241,Lead CIB Lending Operations Middle Office Specialist,Operations,Charlotte,NC,United States,unknown,Full time,2026-08-21 17:57:07.058622,2026-08-18 00:00:00,https://www.wellsfargojobs.com/en/jobs/r-567241/lead-cib-lending-operations-middle-office-specialist/
WELLS_FARGO,R-568388,Lead Information Security Engineer,Cybersecurity,Chandler,AZ,United States,unknown,Full time,2026-08-21 17:57:07.070205,2026-08-18 00:00:00,https://www.wellsfargojobs.com/en/jobs/r-568388/lead-information-security-engineer/
WELLS_FARGO,R-561019,Business Execution Consultant | Corporate & Investment Banking Chief Risk Office,Risk and Compliance,Charlotte,NC,United States,unknown,Full time,2026-08-21 17:57:07.091228,2026-08-18 00:00:00,https://www.wellsfargojobs.com/en/jobs/r-561019/business-execution-consultant-corporate-investment-banking-chief-risk-office/
WELLS_FARGO,R-569163,Teller Gallup,Risk and Compliance,Gallup,NM,United States,unknown,Full time,2026-08-21 17:57:07.101435,2026-08-18 00:00:00,https://www.wellsfargojobs.com/en/jobs/r-569163/teller-gallup/
WELLS_FARGO,R-569197,Personal Banker | San Carlos,Risk and Compliance,San Carlos,CA,United States,unknown,Full time,2026-08-21 17:57:07.126039,2026-08-18 00:00:00,https://www.wellsfargojobs.com/en/jobs/r-569197/personal-banker-san-carlos/
WELLS_FARGO,R-563145,Relationship Banker Jacksonville Beach,Risk and Compliance,Jacksonville Beach,FL,United States,unknown,Full time,2026-08-21 17:57:07.147514,2026-08-18 00:00:00,https://www.wellsfargojobs.com/en/jobs/r-563145/relationship-banker-jacksonville-beach/
WELLS_FARGO,R-569237,Associate Security Response & Emergency Representative,Risk and Compliance,Charlotte,NC,United States,unknown,Full time,2026-08-21 17:57:07.158271,2026-08-18 00:00:00,https://www.wellsfargojobs.com/en/jobs/r-569237/associate-security-response-emergency-representative/
WELLS_FARGO,R-569239,Teller Westminster,Risk and Compliance,Westminster,CA,United States,unknown,Full time,2026-08-21 17:57:07.182935,2026-08-18 00:00:00,https://www.wellsfargojobs.com/en/jobs/r-569239/teller-westminster/
WELLS_FARGO,R-536479,Estate Trust Officer- Fiduciary Specialist,Risk and Compliance,Austin,TX,United States,unknown,Full time,2026-08-21 17:57:07.195862,2026-08-18 00:00:00,https://www.wellsfargojobs.com/en/jobs/r-536479/estate-trust-officer-fiduciary-specialist/
WELLS_FARGO,R-567910,Lead Treasury Management Consultant,Risk and Compliance,Bethesda,MD,United States,unknown,Full time,2026-08-21 17:57:07.207250,2026-08-19 00:00:00,https://www.wellsfargojobs.com/en/jobs/r-567910/lead-treasury-management-consultant/
WELLS_FARGO,R-569076,Mortgage Retail Sales Consultant (SAFE),Risk and Compliance,Allentown,PA,United States,unknown,Full time,2026-08-21 17:57:07.227368,2026-08-19 00:00:00,https://www.wellsfargojobs.com/en/jobs/r-569076/mortgage-retail-sales-consultant-safe/
WELLS_FARGO,R-569458,Roving Personal Banker ROVING Sarasota District,Risk and Compliance,Bradenton,FL,United States,unknown,Full time,2026-08-21 17:57:07.237710,2026-08-19 00:00:00,https://www.wellsfargojobs.com/en/jobs/r-569458/roving-personal-banker-roving-sarasota-district/
WELLS_FARGO,R-569118,Mortgage Retail Sales Consultant (SAFE),Risk and Compliance,Virginia Beach,VA,United States,unknown,Full time,2026-08-21 17:57:07.260943,2026-08-19 00:00:00,https://www.wellsfargojobs.com/en/jobs/r-569118/mortgage-retail-sales-consultant-safe/
WELLS_FARGO,R-569122,Mortgage Retail Sales Consultant (SAFE),Risk and Compliance,Chesterfield,VA,United States,unknown,Full time,2026-08-21 17:57:07.276420,2026-08-19 00:00:00,https://www.wellsfargojobs.com/en/jobs/r-569122/mortgage-retail-sales-consultant-safe/
WELLS_FARGO,R-561947,Branch Manager Coastal Peaks,Risk and Compliance,Salem,OR,United States,unknown,Full time,2026-08-21 17:57:07.287962,2026-08-19 00:00:00,https://www.wellsfargojobs.com/en/jobs/r-561947/branch-manager-coastal-peaks/
WELLS_FARGO,R-563214,Relationship Banker  South Ontario,Risk and Compliance,Ontario,CA,United States,unknown,Full time,2026-08-21 17:57:07.304362,2026-08-19 00:00:00,https://www.wellsfargojobs.com/en/jobs/r-563214/relationship-banker-south-ontario/
WELLS_FARGO,R-567201,Personal Banker Greater Humble,Risk and Compliance,Humble,TX,United States,unknown,Full time,2026-08-21 17:57:07.330712,2026-08-19 00:00:00,https://www.wellsfargojobs.com/en/jobs/r-567201/personal-banker-greater-humble/
WELLS_FARGO,R-569314,Teller Part Time Knoxville,Risk and Compliance,Knoxville,IA,United States,unknown,Part time,2026-08-21 17:57:07.343843,2026-08-19 00:00:00,https://www.wellsfargojobs.com/en/jobs/r-569314/teller-part-time-knoxville/
WELLS_FARGO,R-569541,Teller Blackfoot,Risk and Compliance,Blackfoot,ID,United States,unknown,Full time,2026-08-21 17:57:07.364926,2026-08-19 00:00:00,https://www.wellsfargojobs.com/en/jobs/r-569541/teller-blackfoot/
WELLS_FARGO,R-569689,Bilingual Spanish Personal Banker | 41st & Capitola,Risk and Compliance,Capitola,CA,United States,unknown,Full time,2026-08-21 17:57:07.420616,2026-08-19 00:00:00,https://www.wellsfargojobs.com/en/jobs/r-569689/bilingual-spanish-personal-banker-41st-capitola/
WELLS_FARGO,R-563897,Roving Banker Bayside Terrace,Risk and Compliance,Alameda,CA,United States,unknown,Full time,2026-08-21 17:57:07.440294,2026-08-19 00:00:00,https://www.wellsfargojobs.com/en/jobs/r-563897/roving-banker-bayside-terrace/
WELLS_FARGO,R-569368,Teller Part Time Silver City,Risk and Compliance,Silver City,NM,United States,unknown,Part time,2026-08-21 17:57:07.456220,2026-08-19 00:00:00,https://www.wellsfargojobs.com/en/jobs/r-569368/teller-part-time-silver-city/
WELLS_FARGO,R-569976,Senior Premier Banker Foothills Orange County District,Risk and Compliance,Irvine,CA,United States,unknown,,2026-08-21 17:57:07.478862,2026-08-19 00:00:00,https://www.wellsfargojobs.com/en/jobs/r-569976/senior-premier-banker-foothills-orange-county-district/
WELLS_FARGO,R-567002,Branch Manager Spartanburg,Risk and Compliance,Spartanburg,SC,United States,unknown,Full time,2026-08-21 17:57:07.499310,2026-08-19 00:00:00,https://www.wellsfargojobs.com/en/jobs/r-567002/branch-manager-spartanburg/
WELLS_FARGO,R-565214,Branch Manager San Gabriel Mountains District,Risk and Compliance,West Covina,CA,United States,unknown,Full time,2026-08-21 17:57:07.518304,2026-08-19 00:00:00,https://www.wellsfargojobs.com/en/jobs/r-565214/branch-manager-san-gabriel-mountains-district/
WELLS_FARGO,R-570031,Branch Manager North Albuquerque District,Risk and Compliance,Albuquerque,NM,United States,unknown,Full time,2026-08-21 17:57:07.539361,2026-08-20 00:00:00,https://www.wellsfargojobs.com/en/jobs/r-570031/branch-manager-north-albuquerque-district/
WELLS_FARGO,R-564774,Relationship Banker Delta Breeze,Risk and Compliance,Concord,CA,United States,unknown,Full time,2026-08-21 17:57:07.561549,2026-08-20 00:00:00,https://www.wellsfargojobs.com/en/jobs/r-564774/relationship-banker-delta-breeze/
WELLS_FARGO,R-568234,Personal Banker Dade City FL,Risk and Compliance,Dade City,FL,United States,unknown,Full time,2026-08-21 17:57:07.577914,2026-08-20 00:00:00,https://www.wellsfargojobs.com/en/jobs/r-568234/personal-banker-dade-city-fl/
WELLS_FARGO,R-563335,Branch Manager West Tarrant Parker County District,Risk and Compliance,Fort Worth,TX,United States,unknown,Full time,2026-08-21 17:57:07.601886,2026-08-20 00:00:00,https://www.wellsfargojobs.com/en/jobs/r-563335/branch-manager-west-tarrant-parker-county-district/
WELLS_FARGO,R-567646,Senior Lead Product Manager- WIM Banking Deposits,Risk and Compliance,Charlotte,NC,United States,unknown,Full time,2026-08-21 17:57:07.620652,2026-08-20 00:00:00,https://www.wellsfargojobs.com/en/jobs/r-567646/senior-lead-product-manager-wim-banking-deposits/
WELLS_FARGO,R-569501,Teller 406 Main Fargo,Risk and Compliance,Fargo,ND,United States,unknown,Full time,2026-08-21 17:57:07.638787,2026-08-20 00:00:00,https://www.wellsfargojobs.com/en/jobs/r-569501/teller-406-main-fargo/
WELLS_FARGO,R-567984,Customer Service Representative,Risk and Compliance,Charlotte,NC,United States,unknown,Full time,2026-08-21 17:57:07.651481,2026-08-20 00:00:00,https://www.wellsfargojobs.com/en/jobs/r-567984/customer-service-representative/
WELLS_FARGO,R-568782,Senior Premier Banker Downtown Palo Alto,Risk and Compliance,Palo Alto,CA,United States,unknown,Full time,2026-08-21 17:57:07.674530,2026-08-20 00:00:00,https://www.wellsfargojobs.com/en/jobs/r-568782/senior-premier-banker-downtown-palo-alto/
WELLS_FARGO,R-569608,Branch Manager - Western NOVA District,Risk and Compliance,Sterling,VA,United States,unknown,Full time,2026-08-21 17:57:07.695794,2026-08-20 00:00:00,https://www.wellsfargojobs.com/en/jobs/r-569608/branch-manager-western-nova-district/
WELLS_FARGO,R-569836,District Senior Manager Mission 880 District,Risk and Compliance,San Leandro,CA,United States,unknown,Full time,2026-08-21 17:57:07.714755,2026-08-20 00:00:00,https://www.wellsfargojobs.com/en/jobs/r-569836/district-senior-manager-mission-880-district/
WELLS_FARGO,R-564275,Personal Banker Bilingual Spanish,Risk and Compliance,Gilroy,CA,United States,unknown,Full time,2026-08-21 17:57:07.731613,2026-08-20 00:00:00,https://www.wellsfargojobs.com/en/jobs/r-564275/personal-banker-bilingual-spanish/
WELLS_FARGO,R-570181,Personal Banker Marin County,Risk and Compliance,San Anselmo,CA,United States,unknown,Full time,2026-08-21 17:57:07.750745,2026-08-20 00:00:00,https://www.wellsfargojobs.com/en/jobs/r-570181/personal-banker-marin-county/
WELLS_FARGO,R-564022,Teller Part Time Hillside,Risk and Compliance,Hillside,NJ,United States,unknown,Part time,2026-08-21 17:57:07.766532,2026-08-21 00:00:00,https://www.wellsfargojobs.com/en/jobs/r-564022/teller-part-time-hillside/
WELLS_FARGO,R-570174,Premier Banker - STONEBRIDGE,Risk and Compliance,Mckinney,TX,United States,unknown,Full time,2026-08-21 17:57:07.787149,2026-08-21 00:00:00,https://www.wellsfargojobs.com/en/jobs/r-570174/premier-banker-stonebridge/
WELLS_FARGO,R-569933,Teller Elko Plaza,Risk and Compliance,Elko,NV,United States,unknown,Full time,2026-08-21 17:57:07.825380,2026-08-21 00:00:00,https://www.wellsfargojobs.com/en/jobs/r-569933/teller-elko-plaza/
WELLS_FARGO,R-566146,"Lead Java Developer Fixed Income, Currencies & Commodities (FICC)",Software Engineering,Charlotte,NC,United States,unknown,Full time,2026-08-21 17:57:07.839334,2026-08-21 00:00:00,https://www.wellsfargojobs.com/en/jobs/r-566146/lead-java-developer-fixed-income-currencies-commodities-ficc/
WELLS_FARGO,R-566639,Teller Part Time Bilingual West Maple St,Risk and Compliance,Cumming,GA,United States,unknown,Part time,2026-08-21 17:57:07.859198,2026-08-21 00:00:00,https://www.wellsfargojobs.com/en/jobs/r-566639/teller-part-time-bilingual-west-maple-st/
WELLS_FARGO,R-568133,Teller Part Time Sugarloaf,Risk and Compliance,Duluth,GA,United States,unknown,Part time,2026-08-21 17:57:07.885087,2026-08-20 00:00:00,https://www.wellsfargojobs.com/en/jobs/r-568133/teller-part-time-sugarloaf/
WELLS_FARGO,R-568809,Relationship Banker Merchants Walk,Risk and Compliance,Marietta,GA,United States,unknown,Full time,2026-08-21 17:57:07.907711,2026-08-21 00:00:00,https://www.wellsfargojobs.com/en/jobs/r-568809/relationship-banker-merchants-walk/
WELLS_FARGO,R-570143,Teller Part Time Garden Grove Promenade,Risk and Compliance,Garden Grove,CA,United States,unknown,Part time,2026-08-21 17:57:07.925446,2026-08-21 00:00:00,https://www.wellsfargojobs.com/en/jobs/r-570143/teller-part-time-garden-grove-promenade/
WELLS_FARGO,R-563144,Teller Part Time Palmer Ranch,Risk and Compliance,Sarasota,FL,United States,unknown,Part time,2026-08-21 17:57:07.942360,2026-08-21 00:00:00,https://www.wellsfargojobs.com/en/jobs/r-563144/teller-part-time-palmer-ranch/
WELLS_FARGO,R-565930,Personal Banker Melbourne Square,Risk and Compliance,Melbourne,FL,United States,unknown,Full time,2026-08-21 17:57:07.957925,2026-08-21 00:00:00,https://www.wellsfargojobs.com/en/jobs/r-565930/personal-banker-melbourne-square/
WELLS_FARGO,R-561925,Personal Banker - Raleigh Slabtown,Risk and Compliance,Portland,OR,United States,unknown,Full time,2026-08-21 17:57:08.026355,2026-07-21 00:00:00,https://www.wellsfargojobs.com/en/jobs/r-561925/personal-banker-raleigh-slabtown/
WELLS_FARGO,R-560464,Corporate Security Guard,Risk and Compliance,Portland,OR,United States,unknown,Full time,2026-08-21 17:57:08.038374,2026-07-23 00:00:00,https://www.wellsfargojobs.com/en/jobs/r-560464/corporate-security-guard/
WELLS_FARGO,R-563039,Teller Rodeo RD,Risk and Compliance,Santa Fe,NM,United States,unknown,Full time,2026-08-21 17:57:08.053852,2026-07-24 00:00:00,https://www.wellsfargojobs.com/en/jobs/r-563039/teller-rodeo-rd/
WELLS_FARGO,R-563853,Teller Bilingual Part Time Towne Lake Promenade,Risk and Compliance,Woodstock,GA,United States,unknown,Part time,2026-08-21 17:57:08.069449,2026-07-28 00:00:00,https://www.wellsfargojobs.com/en/jobs/r-563853/teller-bilingual-part-time-towne-lake-promenade/
WELLS_FARGO,R-565190,Teller Part Time Morris Marketplace,Risk and Compliance,Morristown,NJ,United States,unknown,Part time,2026-08-21 17:57:08.156686,2026-07-31 00:00:00,https://www.wellsfargojobs.com/en/jobs/r-565190/teller-part-time-morris-marketplace/
WELLS_FARGO,R-565081,Private Mortgage Banking Associate Manager (SAFE),Risk and Compliance,Beverly Hills,CA,United States,unknown,Full time,2026-08-21 17:57:08.170506,2026-08-04 00:00:00,https://www.wellsfargojobs.com/en/jobs/r-565081/private-mortgage-banking-associate-manager-safe/
WELLS_FARGO,R-566037,Financial Relationship Advisor,Risk and Compliance,Salt Lake City,UT,United States,unknown,Full time,2026-08-21 17:57:08.185507,2026-08-04 00:00:00,https://www.wellsfargojobs.com/en/jobs/r-566037/financial-relationship-advisor/
WELLS_FARGO,R-565738,CA-WA Private Mortgage Banking Associate Manager (SAFE),Risk and Compliance,El Segundo,CA,United States,unknown,Full time,2026-08-21 17:57:08.203718,2026-08-05 00:00:00,https://www.wellsfargojobs.com/en/jobs/r-565738/ca-wa-private-mortgage-banking-associate-manager-safe/
WELLS_FARGO,R-566502,Senior Branch Premier Banker - Delaware County District,Risk and Compliance,Media,PA,United States,unknown,,2026-08-21 17:57:08.224794,2026-08-05 00:00:00,https://www.wellsfargojobs.com/en/jobs/r-566502/senior-branch-premier-banker-delaware-county-district/
WELLS_FARGO,R-566333,Senior Business Banking Relationship Manager (LO) New Haven,Risk and Compliance,New Haven,CT,United States,unknown,Full time,2026-08-21 17:57:08.240130,2026-08-06 00:00:00,https://www.wellsfargojobs.com/en/jobs/r-566333/senior-business-banking-relationship-manager-lo-new-haven/
WELLS_FARGO,R-566535,Mortgage Retail Sales Consultant,Risk and Compliance,Roswell,GA,United States,unknown,Full time,2026-08-21 17:57:08.257002,2026-08-06 00:00:00,https://www.wellsfargojobs.com/en/jobs/r-566535/mortgage-retail-sales-consultant/
WELLS_FARGO,R-565955,Branch Operations Coordinator The Dalles,Risk and Compliance,The Dalles,OR,United States,unknown,Full time,2026-08-21 17:57:08.271317,2026-08-06 00:00:00,https://www.wellsfargojobs.com/en/jobs/r-565955/branch-operations-coordinator-the-dalles/
WELLS_FARGO,R-561884,Branch Manager  Triangle Central District,Risk and Compliance,Durham,NC,United States,unknown,Full time,2026-08-21 17:57:08.293586,2026-08-06 00:00:00,https://www.wellsfargojobs.com/en/jobs/r-561884/branch-manager-triangle-central-district/
WELLS_FARGO,R-565213,Senior Philanthropic Advisor,Risk and Compliance,San Francisco,CA,United States,unknown,Full time,2026-08-21 17:57:08.334354,2026-08-07 00:00:00,https://www.wellsfargojobs.com/en/jobs/r-565213/senior-philanthropic-advisor/
WELLS_FARGO,R-566093,"Relationship Banker Fargo, ND",Risk and Compliance,Fargo,ND,United States,unknown,Full time,2026-08-21 17:57:08.355164,2026-08-07 00:00:00,https://www.wellsfargojobs.com/en/jobs/r-566093/relationship-banker-fargo-nd/
WELLS_FARGO,R-566694,Teller Part Time Orchard Hills,Risk and Compliance,Irvine,CA,United States,unknown,Part time,2026-08-21 17:57:08.416758,2026-08-10 00:00:00,https://www.wellsfargojobs.com/en/jobs/r-566694/teller-part-time-orchard-hills/
WELLS_FARGO,R-567065,Personal Banker Prince of Wales Branch,Risk and Compliance,Craig,AK,United States,unknown,Full time,2026-08-21 17:57:08.435085,2026-08-10 00:00:00,https://www.wellsfargojobs.com/en/jobs/r-567065/personal-banker-prince-of-wales-branch/
WELLS_FARGO,R-565148,"Relationship Banker Circle Drive Rochester, MN",Risk and Compliance,Rochester,MN,United States,unknown,Full time,2026-08-21 17:57:08.457512,2026-08-10 00:00:00,https://www.wellsfargojobs.com/en/jobs/r-565148/relationship-banker-circle-drive-rochester-mn/
WELLS_FARGO,R-567107,"VP, Commercial Banking Relationship Manager - Emerging Middle Market",Sales and Relationship Management,Shelton,CT,United States,unknown,Full time,2026-08-21 17:57:08.474446,2026-08-10 00:00:00,https://www.wellsfargojobs.com/en/jobs/r-567107/vp-commercial-banking-relationship-manager-emerging-middle-market/
WELLS_FARGO,R-567359,"Relationship Banker - Boise, ID",Risk and Compliance,Boise,ID,United States,unknown,Full time,2026-08-21 17:57:08.496033,2026-08-10 00:00:00,https://www.wellsfargojobs.com/en/jobs/r-567359/relationship-banker-boise-id/
WELLS_FARGO,R-567112,Branch Manager Greater Central District,Risk and Compliance,Laurel,MD,United States,unknown,Full time,2026-08-21 17:57:08.507257,2026-08-10 00:00:00,https://www.wellsfargojobs.com/en/jobs/r-567112/branch-manager-greater-central-district/
WELLS_FARGO,R-566039,Securities Operations Representative - Trust Mail Center,Risk and Compliance,Minneapolis,MN,United States,unknown,Full time,2026-08-21 17:57:08.529284,2026-08-10 00:00:00,https://www.wellsfargojobs.com/en/jobs/r-566039/securities-operations-representative-trust-mail-center/
WELLS_FARGO,R-567617,"Personal Banker, Layton Main Branch, Layton, UT",Risk and Compliance,Layton,UT,United States,unknown,Full time,2026-08-21 17:57:08.542233,2026-08-10 00:00:00,https://www.wellsfargojobs.com/en/jobs/r-567617/personal-banker-layton-main-branch-layton-ut/
WELLS_FARGO,R-567634,Personal Banker Corona NY DeNovo,Risk and Compliance,Forest Hills,NY,United States,unknown,Full time,2026-08-21 17:57:08.566812,2026-08-10 00:00:00,https://www.wellsfargojobs.com/en/jobs/r-567634/personal-banker-corona-ny-denovo/
WELLS_FARGO,R-567466,"Business Banker (LO) Perris, CA",Risk and Compliance,Perris,CA,United States,unknown,Full time,2026-08-21 17:57:08.588084,2026-08-11 00:00:00,https://www.wellsfargojobs.com/en/jobs/r-567466/business-banker-lo-perris-ca/
WELLS_FARGO,R-563552,Teller Bilingual Part Time Conroe,Risk and Compliance,Conroe,TX,United States,unknown,Part time,2026-08-21 17:57:08.605921,2026-08-11 00:00:00,https://www.wellsfargojobs.com/en/jobs/r-563552/teller-bilingual-part-time-conroe/
WELLS_FARGO,R-568143,Senior Premier Banker North Fulton,Risk and Compliance,Atlanta,GA,United States,unknown,Full time,2026-08-21 17:57:08.626623,2026-08-12 00:00:00,https://www.wellsfargojobs.com/en/jobs/r-568143/senior-premier-banker-north-fulton/
WELLS_FARGO,R-568085,Investment Banking Program Associate (001852),Risk and Compliance,Charlotte,NC,United States,unknown,Full time,2026-08-21 17:57:08.638457,2026-08-12 00:00:00,https://www.wellsfargojobs.com/en/jobs/r-568085/investment-banking-program-associate-001852/
WELLS_FARGO,R-567874,Branch Banking Management Military Apprentice (SAFE) Dallas TX,Risk and Compliance,Frisco,TX,United States,unknown,Full time,2026-08-21 17:57:08.673781,2026-08-12 00:00:00,https://www.wellsfargojobs.com/en/jobs/r-567874/branch-banking-management-military-apprentice-safe-dallas-tx/
WELLS_FARGO,R-568265,Personal Banker Petersburg,Risk and Compliance,Petersburg,AK,United States,unknown,Full time,2026-08-21 17:57:08.693573,2026-08-12 00:00:00,https://www.wellsfargojobs.com/en/jobs/r-568265/personal-banker-petersburg/
WELLS_FARGO,R-555604,Personal Banker Gold Country Auburn Grass Valley,Risk and Compliance,Grass Valley,CA,United States,unknown,Full time,2026-08-21 17:57:08.733526,2026-08-13 00:00:00,https://www.wellsfargojobs.com/en/jobs/r-555604/personal-banker-gold-country-auburn-grass-valley/
WELLS_FARGO,R-566417,Teller Klamath Falls OR,Risk and Compliance,Klamath Falls,OR,United States,unknown,Full time,2026-08-21 17:57:08.750623,2026-08-13 00:00:00,https://www.wellsfargojobs.com/en/jobs/r-566417/teller-klamath-falls-or/
WELLS_FARGO,R-568615,Relationship Banker- Woodbridge Area,Risk and Compliance,Woodbridge,VA,United States,unknown,Full time,2026-08-21 17:57:08.773436,2026-08-13 00:00:00,https://www.wellsfargojobs.com/en/jobs/r-568615/relationship-banker-woodbridge-area/
WELLS_FARGO,R-568585,Personal Banker Sumter Area,Risk and Compliance,Sumter,SC,United States,unknown,Full time,2026-08-21 17:57:08.807806,2026-08-13 00:00:00,https://www.wellsfargojobs.com/en/jobs/r-568585/personal-banker-sumter-area/
WELLS_FARGO,R-568417,Teller Part Time Poway Town and Country,Risk and Compliance,Poway,CA,United States,unknown,Part time,2026-08-21 17:57:08.827654,2026-08-13 00:00:00,https://www.wellsfargojobs.com/en/jobs/r-568417/teller-part-time-poway-town-and-country/
WELLS_FARGO,R-568404,Branch Operations Coordinator Custer and 15th MB,Risk and Compliance,Plano,TX,United States,unknown,Full time,2026-08-21 17:57:08.854130,2026-08-14 00:00:00,https://www.wellsfargojobs.com/en/jobs/r-568404/branch-operations-coordinator-custer-and-15th-mb/
WELLS_FARGO,R-568591,"Branch Manager- North Park Branch, Denver, CO",Risk and Compliance,Federal Heights,CO,United States,unknown,Full time,2026-08-21 17:57:08.880333,2026-08-14 00:00:00,https://www.wellsfargojobs.com/en/jobs/r-568591/branch-manager-north-park-branch-denver-co/
WELLS_FARGO,R-568670,Teller Ruidoso,Risk and Compliance,Ruidoso,NM,United States,unknown,Full time,2026-08-21 17:57:08.923498,2026-08-14 00:00:00,https://www.wellsfargojobs.com/en/jobs/r-568670/teller-ruidoso/
WELLS_FARGO,R-568383,Personal Banker Lantana Town Center,Risk and Compliance,Bartonville,TX,United States,unknown,Full time,2026-08-21 17:57:08.940213,2026-08-14 00:00:00,https://www.wellsfargojobs.com/en/jobs/r-568383/personal-banker-lantana-town-center/
WELLS_FARGO,R-568903,Vice President Mid-Corporate Sports Relationship Manager,Sales and Relationship Management,Los Angeles,CA,United States,unknown,Full time,2026-08-21 17:57:08.957517,2026-08-14 00:00:00,https://www.wellsfargojobs.com/en/jobs/r-568903/vice-president-mid-corporate-sports-relationship-manager/
WELLS_FARGO,R-568906,Relationship Banker Cleveland,Risk and Compliance,Cleveland,TX,United States,unknown,Full time,2026-08-21 17:57:08.979939,2026-08-14 00:00:00,https://www.wellsfargojobs.com/en/jobs/r-568906/relationship-banker-cleveland/
WELLS_FARGO,R-565006,Personal Banker Palmetto West District,Risk and Compliance,Rock Hill,SC,United States,unknown,Full time,2026-08-21 17:57:09.022412,2026-08-17 00:00:00,https://www.wellsfargojobs.com/en/jobs/r-565006/personal-banker-palmetto-west-district/
WELLS_FARGO,R-567460,Private Mortgage Banker (SAFE),Risk and Compliance,Chicago,IL,United States,unknown,Full time,2026-08-21 17:57:09.038325,2026-08-17 00:00:00,https://www.wellsfargojobs.com/en/jobs/r-567460/private-mortgage-banker-safe/
WELLS_FARGO,R-568753,Business Banker (LO),Risk and Compliance,Sandy,UT,United States,unknown,Full time,2026-08-21 17:57:09.054658,2026-08-17 00:00:00,https://www.wellsfargojobs.com/en/jobs/r-568753/business-banker-lo/
WELLS_FARGO,R-568021,Personal Banker Nephi,Risk and Compliance,Nephi,UT,United States,unknown,Full time,2026-08-21 17:57:09.081290,2026-08-17 00:00:00,https://www.wellsfargojobs.com/en/jobs/r-568021/personal-banker-nephi/
WELLS_FARGO,R-562224,Roving Personal Banker Colorado North,Risk and Compliance,Fort Collins,CO,United States,unknown,Full time,2026-08-21 17:57:09.142363,2026-08-17 00:00:00,https://www.wellsfargojobs.com/en/jobs/r-562224/roving-personal-banker-colorado-north/
WELLS_FARGO,R-566817,Business Banker (LO) Southlake,Risk and Compliance,Southlake,TX,United States,unknown,Full time,2026-08-21 17:57:09.159527,2026-08-17 00:00:00,https://www.wellsfargojobs.com/en/jobs/r-566817/business-banker-lo-southlake/
WELLS_FARGO,R-568582,Teller Part Time Summerville Trolley RD,Risk and Compliance,Summerville,SC,United States,unknown,Part time,2026-08-21 17:57:09.175102,2026-08-17 00:00:00,https://www.wellsfargojobs.com/en/jobs/r-568582/teller-part-time-summerville-trolley-rd/
WELLS_FARGO,R-569390,Senior Premier Banker- NE Denver District,Risk and Compliance,Brighton,CO,United States,unknown,,2026-08-21 17:57:09.200349,2026-08-17 00:00:00,https://www.wellsfargojobs.com/en/jobs/r-569390/senior-premier-banker-ne-denver-district/
WELLS_FARGO,R-568781,Teller Part Time West Hollywood,Risk and Compliance,Hollywood,FL,United States,unknown,Part time,2026-08-21 17:57:09.218046,2026-08-17 00:00:00,https://www.wellsfargojobs.com/en/jobs/r-568781/teller-part-time-west-hollywood/
WELLS_FARGO,R-568861,Teller Merced,Risk and Compliance,Merced,CA,United States,unknown,Full time,2026-08-21 17:57:09.237525,2026-08-17 00:00:00,https://www.wellsfargojobs.com/en/jobs/r-568861/teller-merced/
WELLS_FARGO,R-560682,Branch Operations Coordinator Southgate Crossing,Risk and Compliance,Minot,ND,United States,unknown,Full time,2026-08-21 17:57:09.270124,2026-08-16 00:00:00,https://www.wellsfargojobs.com/en/jobs/r-560682/branch-operations-coordinator-southgate-crossing/
WELLS_FARGO,R-564028,Personal Banker North Boulder,Risk and Compliance,Boulder,CO,United States,unknown,Full time,2026-08-21 17:57:09.286387,2026-08-14 00:00:00,https://www.wellsfargojobs.com/en/jobs/r-564028/personal-banker-north-boulder/
WELLS_FARGO,R-569565,Associate Customer Service Representative,Risk and Compliance,West Des Moines,IA,United States,unknown,Full time,2026-08-21 17:57:09.297809,2026-08-18 00:00:00,https://www.wellsfargojobs.com/en/jobs/r-569565/associate-customer-service-representative/
WELLS_FARGO,R-567532,Commercial Servicing Representative,Risk and Compliance,Des Moines,IA,United States,unknown,Full time,2026-08-21 17:57:09.307179,2026-08-18 00:00:00,https://www.wellsfargojobs.com/en/jobs/r-567532/commercial-servicing-representative/
WELLS_FARGO,R-569280,Relationship Banker Alvin,Risk and Compliance,Alvin,TX,United States,unknown,Full time,2026-08-21 17:57:09.328234,2026-08-18 00:00:00,https://www.wellsfargojobs.com/en/jobs/r-569280/relationship-banker-alvin/
WELLS_FARGO,R-569552,Senior Premier Banker: Downtown LA District,Risk and Compliance,Los Angeles,CA,United States,unknown,,2026-08-21 17:57:09.352870,2026-08-18 00:00:00,https://www.wellsfargojobs.com/en/jobs/r-569552/senior-premier-banker-downtown-la-district/
WELLS_FARGO,R-562293,Lead Trade Services Specialist,Risk and Compliance,Charlotte,NC,United States,unknown,Full time,2026-08-21 17:57:09.365093,2026-08-18 00:00:00,https://www.wellsfargojobs.com/en/jobs/r-562293/lead-trade-services-specialist/
WELLS_FARGO,R-562576,Senior lead Digital Product Manager,Product Management,Charlotte,NC,United States,unknown,Full time,2026-08-21 17:57:09.384509,2026-08-18 00:00:00,https://www.wellsfargojobs.com/en/jobs/r-562576/senior-lead-digital-product-manager/
WELLS_FARGO,R-565949,Teller Neenah,Risk and Compliance,Neenah,WI,United States,unknown,Full time,2026-08-21 17:57:09.401228,2026-08-18 00:00:00,https://www.wellsfargojobs.com/en/jobs/r-565949/teller-neenah/
WELLS_FARGO,R-569331,Teller Waco,Risk and Compliance,Waco,TX,United States,unknown,Full time,2026-08-21 17:57:09.426622,2026-08-18 00:00:00,https://www.wellsfargojobs.com/en/jobs/r-569331/teller-waco/
WELLS_FARGO,R-569347,Teller Part Time Indianola,Risk and Compliance,Indianola,IA,United States,unknown,Part time,2026-08-21 17:57:09.459562,2026-08-18 00:00:00,https://www.wellsfargojobs.com/en/jobs/r-569347/teller-part-time-indianola/
WELLS_FARGO,R-559091,Teller Lincoln City OR,Risk and Compliance,Lincoln City,OR,United States,unknown,Full time,2026-08-21 17:57:09.476113,2026-08-18 00:00:00,https://www.wellsfargojobs.com/en/jobs/r-559091/teller-lincoln-city-or/
WELLS_FARGO,R-568827,Teller Part Time Bilingual Crossridge Branch,Risk and Compliance,Glen Allen,VA,United States,unknown,Part time,2026-08-21 17:57:09.493729,2026-08-18 00:00:00,https://www.wellsfargojobs.com/en/jobs/r-568827/teller-part-time-bilingual-crossridge-branch/
WELLS_FARGO,R-566236,Branch Operations Coordinator Shelton Branch,Risk and Compliance,Shelton,CT,United States,unknown,Full time,2026-08-21 17:57:09.508489,2026-08-18 00:00:00,https://www.wellsfargojobs.com/en/jobs/r-566236/branch-operations-coordinator-shelton-branch/
WELLS_FARGO,R-568553,2027 Investment Banking Associate Program - Early Careers,Risk and Compliance,New York,NY,United States,unknown,Full time,2026-08-21 17:57:09.523559,2026-08-17 00:00:00,https://www.wellsfargojobs.com/en/jobs/r-568553/2027-investment-banking-associate-program-early-careers/
WELLS_FARGO,R-569165,Teller Part Time Gallup,Risk and Compliance,Gallup,NM,United States,unknown,Part time,2026-08-21 17:57:09.539549,2026-08-18 00:00:00,https://www.wellsfargojobs.com/en/jobs/r-569165/teller-part-time-gallup/
WELLS_FARGO,R-566303,Relationship Banker Mission Ocean Avenue,Risk and Compliance,San Francisco,CA,United States,unknown,Full time,2026-08-21 17:57:09.559769,2026-08-19 00:00:00,https://www.wellsfargojobs.com/en/jobs/r-566303/relationship-banker-mission-ocean-avenue/
WELLS_FARGO,R-564421,Lead Workday Product Analyst - Compensation,Risk and Compliance,Minneapolis,MN,United States,unknown,Full time,2026-08-21 17:57:09.575370,2026-08-19 00:00:00,https://www.wellsfargojobs.com/en/jobs/r-564421/lead-workday-product-analyst-compensation/
WELLS_FARGO,R-567166,Teller Part Time NoHo Commons,Risk and Compliance,North Hollywood,CA,United States,unknown,Part time,2026-08-21 17:57:09.587230,2026-08-19 00:00:00,https://www.wellsfargojobs.com/en/jobs/r-567166/teller-part-time-noho-commons/
WELLS_FARGO,R-568315,Lead Software Engineer,Software Engineering,Charlotte,NC,United States,unknown,Full time,2026-08-21 17:57:09.607338,2026-08-19 00:00:00,https://www.wellsfargojobs.com/en/jobs/r-568315/lead-software-engineer/
WELLS_FARGO,R-568502,Teller Part Time Florence Square,Risk and Compliance,Florence,AL,United States,unknown,Part time,2026-08-21 17:57:09.626199,2026-08-19 00:00:00,https://www.wellsfargojobs.com/en/jobs/r-568502/teller-part-time-florence-square/
WELLS_FARGO,R-569074,Mortgage Retail Sales Consultant (SAFE),Risk and Compliance,Bear,DE,United States,unknown,Full time,2026-08-21 17:57:09.641174,2026-08-19 00:00:00,https://www.wellsfargojobs.com/en/jobs/r-569074/mortgage-retail-sales-consultant-safe/
WELLS_FARGO,R-569107,Mortgage Retail Sales Consultant (SAFE),Risk and Compliance,Baltimore,MD,United States,unknown,Full time,2026-08-21 17:57:09.657645,2026-08-19 00:00:00,https://www.wellsfargojobs.com/en/jobs/r-569107/mortgage-retail-sales-consultant-safe/
WELLS_FARGO,R-556266,Teller Hardy Street,Risk and Compliance,Hattiesburg,MS,United States,unknown,Full time,2026-08-21 17:57:09.675183,2026-08-19 00:00:00,https://www.wellsfargojobs.com/en/jobs/r-556266/teller-hardy-street/
WELLS_FARGO,R-569119,Mortgage Retail Sales Consultant (SAFE),Risk and Compliance,Chester,VA,United States,unknown,Full time,2026-08-21 17:57:09.691589,2026-08-19 00:00:00,https://www.wellsfargojobs.com/en/jobs/r-569119/mortgage-retail-sales-consultant-safe/
WELLS_FARGO,R-568819,Retail Auto Relationship Manager,Risk and Compliance,Charlotte,NC,United States,unknown,Full time,2026-08-21 17:57:09.706059,2026-08-19 00:00:00,https://www.wellsfargojobs.com/en/jobs/r-568819/retail-auto-relationship-manager/
WELLS_FARGO,R-568939,Senior Wealth Management Banking Coordinator (SAFE),Risk and Compliance,Charlotte,NC,United States,unknown,Full time,2026-08-21 17:57:09.719950,2026-08-19 00:00:00,https://www.wellsfargojobs.com/en/jobs/r-568939/senior-wealth-management-banking-coordinator-safe/
WELLS_FARGO,R-569523,Teller Park Lakes Landing,Risk and Compliance,Humble,TX,United States,unknown,Part time,2026-08-21 17:57:09.735094,2026-08-19 00:00:00,https://www.wellsfargojobs.com/en/jobs/r-569523/teller-park-lakes-landing/
WELLS_FARGO,R-556236,Teller Part Time Sweetgrass,Risk and Compliance,Mount Pleasant,SC,United States,unknown,Part time,2026-08-21 17:57:09.751031,2026-08-19 00:00:00,https://www.wellsfargojobs.com/en/jobs/r-556236/teller-part-time-sweetgrass/
WELLS_FARGO,R-569383,Teller Part Time La Habra,Risk and Compliance,La Habra,CA,United States,unknown,Part time,2026-08-21 17:57:09.767869,2026-08-19 00:00:00,https://www.wellsfargojobs.com/en/jobs/r-569383/teller-part-time-la-habra/
WELLS_FARGO,R-569243,Teller Auburn,Risk and Compliance,Auburn,CA,United States,unknown,Full time,2026-08-21 17:57:09.782976,2026-08-19 00:00:00,https://www.wellsfargojobs.com/en/jobs/r-569243/teller-auburn/
WELLS_FARGO,R-567185,Relationship Banker Piedmont South District,Risk and Compliance,Concord,NC,United States,unknown,Full time,2026-08-21 17:57:09.814913,2026-08-20 00:00:00,https://www.wellsfargojobs.com/en/jobs/r-567185/relationship-banker-piedmont-south-district/
WELLS_FARGO,R-567728,Senior Registered Client Associate,Risk and Compliance,Los Angeles,CA,United States,unknown,Full time,2026-08-21 17:57:09.838861,2026-08-20 00:00:00,https://www.wellsfargojobs.com/en/jobs/r-567728/senior-registered-client-associate/
WELLS_FARGO,R-568209,Teller Grover Beach,Risk and Compliance,Grover Beach,CA,United States,unknown,Full time,2026-08-21 17:57:09.854520,2026-08-20 00:00:00,https://www.wellsfargojobs.com/en/jobs/r-568209/teller-grover-beach/
WELLS_FARGO,R-569633,Teller Part Time Port City,Risk and Compliance,Houston,TX,United States,unknown,Part time,2026-08-21 17:57:09.870929,2026-08-20 00:00:00,https://www.wellsfargojobs.com/en/jobs/r-569633/teller-part-time-port-city/
WELLS_FARGO,R-567229,Branch Manager  Downtown Orange County District,Risk and Compliance,Anaheim,CA,United States,unknown,Full time,2026-08-21 17:57:09.895044,2026-08-19 00:00:00,https://www.wellsfargojobs.com/en/jobs/r-567229/branch-manager-downtown-orange-county-district/
WELLS_FARGO,R-568755,"Business Banker (LO) Spanish Fork, UT",Risk and Compliance,Spanish Fork,UT,United States,unknown,Full time,2026-08-21 17:57:09.913188,2026-08-17 00:00:00,https://www.wellsfargojobs.com/en/jobs/r-568755/business-banker-lo-spanish-fork-ut/
WELLS_FARGO,R-565689,Teller Part Time Destin West,Risk and Compliance,Destin,FL,United States,unknown,Part time,2026-08-21 17:57:09.945985,2026-08-20 00:00:00,https://www.wellsfargojobs.com/en/jobs/r-565689/teller-part-time-destin-west/
WELLS_FARGO,R-568917,Personal Banker Palmetto FL,Risk and Compliance,Palmetto,FL,United States,unknown,Part time,2026-08-21 17:57:09.963776,2026-08-20 00:00:00,https://www.wellsfargojobs.com/en/jobs/r-568917/personal-banker-palmetto-fl/
WELLS_FARGO,R-570083,"Relationship Banker Winona, MN",Risk and Compliance,Winona,MN,United States,unknown,Full time,2026-08-21 17:57:09.984600,2026-08-20 00:00:00,https://www.wellsfargojobs.com/en/jobs/r-570083/relationship-banker-winona-mn/
WELLS_FARGO,R-569573,Personal Banker Austin MN,Risk and Compliance,Austin,MN,United States,unknown,Full time,2026-08-21 17:57:10.003897,2026-08-20 00:00:00,https://www.wellsfargojobs.com/en/jobs/r-569573/personal-banker-austin-mn/
WELLS_FARGO,R-569664,"Executive Director, CIB Lending Operations Middle Office Senior Manager",Risk and Compliance,Charlotte,NC,United States,unknown,Full time,2026-08-21 17:57:10.021859,2026-08-20 00:00:00,https://www.wellsfargojobs.com/en/jobs/r-569664/executive-director-cib-lending-operations-middle-office-senior-manager/
WELLS_FARGO,R-569160,Branch Complex Director,Risk and Compliance,Seattle,WA,United States,unknown,Full time,2026-08-21 17:57:10.046051,2026-08-20 00:00:00,https://www.wellsfargojobs.com/en/jobs/r-569160/branch-complex-director/
WELLS_FARGO,R-560873,Teller Beltway And MB,Risk and Compliance,Houston,TX,United States,unknown,Full time,2026-08-21 17:57:10.061686,2026-08-20 00:00:00,https://www.wellsfargojobs.com/en/jobs/r-560873/teller-beltway-and-mb/
WELLS_FARGO,R-561281,Teller Bilingual Part Time Central and Woodlawn,Risk and Compliance,Wichita,KS,United States,unknown,Part time,2026-08-21 17:57:10.086373,2026-08-20 00:00:00,https://www.wellsfargojobs.com/en/jobs/r-561281/teller-bilingual-part-time-central-and-woodlawn/
WELLS_FARGO,R-559515,Personal Banker West Scranton,Risk and Compliance,Scranton,PA,United States,unknown,Full time,2026-08-21 17:57:10.102276,2026-08-20 00:00:00,https://www.wellsfargojobs.com/en/jobs/r-559515/personal-banker-west-scranton/
WELLS_FARGO,R-568740,Personal Banker Hudson River Valley,Risk and Compliance,Ossining,NY,United States,unknown,Full time,2026-08-21 17:57:10.122510,2026-08-14 00:00:00,https://www.wellsfargojobs.com/en/jobs/r-568740/personal-banker-hudson-river-valley/
WELLS_FARGO,R-569350,Branch Operations Manager Murrieta Main,Risk and Compliance,Murrieta,CA,United States,unknown,Full time,2026-08-21 17:57:10.140766,2026-08-20 00:00:00,https://www.wellsfargojobs.com/en/jobs/r-569350/branch-operations-manager-murrieta-main/
WELLS_FARGO,R-565615,Relationship Banker Barrett Pkwy,Risk and Compliance,Kennesaw,GA,United States,unknown,Full time,2026-08-21 17:57:10.161247,2026-08-21 00:00:00,https://www.wellsfargojobs.com/en/jobs/r-565615/relationship-banker-barrett-pkwy/
WELLS_FARGO,R-569651,Personal Banker Pickens Main,Risk and Compliance,Pickens,SC,United States,unknown,Full time,2026-08-21 17:57:10.177359,2026-08-21 00:00:00,https://www.wellsfargojobs.com/en/jobs/r-569651/personal-banker-pickens-main/
WELLS_FARGO,R-565657,Roving Personal Banker Northwest Washington District,Risk and Compliance,Everett,WA,United States,unknown,Full time,2026-08-21 17:57:10.195299,2026-08-21 00:00:00,https://www.wellsfargojobs.com/en/jobs/r-565657/roving-personal-banker-northwest-washington-district/
WELLS_FARGO,R-570383,Branch Operations Associate Manager La Cienega Corridor District,Risk and Compliance,Los Angeles,CA,United States,unknown,Full time,2026-08-21 17:57:10.216418,2026-08-21 00:00:00,https://www.wellsfargojobs.com/en/jobs/r-570383/branch-operations-associate-manager-la-cienega-corridor-district/
WELLS_FARGO,R-565307,Teller Part Time Broward North,Risk and Compliance,Margate,FL,United States,unknown,Part time,2026-08-21 17:57:10.233150,2026-08-21 00:00:00,https://www.wellsfargojobs.com/en/jobs/r-565307/teller-part-time-broward-north/
WELLS_FARGO,R-570309,Personal Banker - SW Washington,Risk and Compliance,Centralia,WA,United States,unknown,,2026-08-21 17:57:10.252063,2026-08-21 00:00:00,https://www.wellsfargojobs.com/en/jobs/r-570309/personal-banker-sw-washington/
WELLS_FARGO,R-561923,Personal Banker - Forest Grove,Risk and Compliance,Forest Grove,OR,United States,unknown,Full time,2026-08-21 17:57:10.323962,2026-07-21 00:00:00,https://www.wellsfargojobs.com/en/jobs/r-561923/personal-banker-forest-grove/
WELLS_FARGO,R-562985,Senior Business Banking Relationship Manager (LO) Greater Atlanta Area,Risk and Compliance,Duluth,GA,United States,unknown,Full time,2026-08-21 17:57:10.336917,2026-07-23 00:00:00,https://www.wellsfargojobs.com/en/jobs/r-562985/senior-business-banking-relationship-manager-lo-greater-atlanta-area/
WELLS_FARGO,R-545328,Lead Systems Operations Engineer,Cloud and Infrastructure,Chandler,AZ,United States,unknown,Full time,2026-08-21 17:57:10.372832,2026-07-27 00:00:00,https://www.wellsfargojobs.com/en/jobs/r-545328/lead-systems-operations-engineer/
WELLS_FARGO,R-563995,Personal Banker Bilingual Spanish NC South Mountain,Risk and Compliance,Asheville,NC,United States,unknown,Full time,2026-08-21 17:57:10.392426,2026-07-27 00:00:00,https://www.wellsfargojobs.com/en/jobs/r-563995/personal-banker-bilingual-spanish-nc-south-mountain/
WELLS_FARGO,R-564299,Personal Banker Mohawk-Centennial,Risk and Compliance,Springfield,OR,United States,unknown,Full time,2026-08-21 17:57:10.407071,2026-07-28 00:00:00,https://www.wellsfargojobs.com/en/jobs/r-564299/personal-banker-mohawk-centennial/
WELLS_FARGO,R-563551,Senior Premier Banker North Minneapolis,Risk and Compliance,New Hope,MN,United States,unknown,Full time,2026-08-21 17:57:10.419839,2026-07-29 00:00:00,https://www.wellsfargojobs.com/en/jobs/r-563551/senior-premier-banker-north-minneapolis/
WELLS_FARGO,R-564194,Personal Banker Menomonee Falls,Risk and Compliance,Menomonee Falls,WI,United States,unknown,Full time,2026-08-21 17:57:10.486645,2026-08-03 00:00:00,https://www.wellsfargojobs.com/en/jobs/r-564194/personal-banker-menomonee-falls/
WELLS_FARGO,R-565714,Relationship Banker Grand Strand District Myrtle Beach South Carolina,Risk and Compliance,Myrtle Beach,SC,United States,unknown,Full time,2026-08-21 17:57:10.514111,2026-08-03 00:00:00,https://www.wellsfargojobs.com/en/jobs/r-565714/relationship-banker-grand-strand-district-myrtle-beach-south-carolina/
WELLS_FARGO,R-565503,Branch Manager Gallup/Grants,Risk and Compliance,Gallup,NM,United States,unknown,Full time,2026-08-21 17:57:10.532158,2026-08-04 00:00:00,https://www.wellsfargojobs.com/en/jobs/r-565503/branch-manager-gallup-grants/
WELLS_FARGO,R-552419,Lead Software Engineer,Software Engineering,Charlotte,NC,United States,unknown,Full time,2026-08-21 17:57:10.536306,2026-08-04 00:00:00,https://www.wellsfargojobs.com/en/jobs/r-552419/lead-software-engineer/
WELLS_FARGO,R-565627,Mortgage Retail Sales Consultant (West Florida) (SAFE),Risk and Compliance,Bradenton,FL,United States,unknown,,2026-08-21 17:57:10.552705,2026-08-03 00:00:00,https://www.wellsfargojobs.com/en/jobs/r-565627/mortgage-retail-sales-consultant-west-florida-safe/
WELLS_FARGO,R-565356,Mid-Peninsula District | Branch Operations Coordinator,Risk and Compliance,Belmont,CA,United States,unknown,Full time,2026-08-21 17:57:10.570643,2026-08-03 00:00:00,https://www.wellsfargojobs.com/en/jobs/r-565356/mid-peninsula-district-branch-operations-coordinator/
WELLS_FARGO,R-561314,Branch Operations Coordinator Higley And Ray,Risk and Compliance,Gilbert,AZ,United States,unknown,Full time,2026-08-21 17:57:10.587621,2026-08-04 00:00:00,https://www.wellsfargojobs.com/en/jobs/r-561314/branch-operations-coordinator-higley-and-ray/
WELLS_FARGO,R-565626,Teller Part Time Bilingual Broadway and MB,Risk and Compliance,Haltom City,TX,United States,unknown,Part time,2026-08-21 17:57:10.604685,2026-08-05 00:00:00,https://www.wellsfargojobs.com/en/jobs/r-565626/teller-part-time-bilingual-broadway-and-mb/
WELLS_FARGO,R-565739,CA WA Private Mortgage Banking Associate Manager,Risk and Compliance,Irvine,CA,United States,unknown,Full time,2026-08-21 17:57:10.627635,2026-08-05 00:00:00,https://www.wellsfargojobs.com/en/jobs/r-565739/ca-wa-private-mortgage-banking-associate-manager/
WELLS_FARGO,R-566396,Teller Bilingual Part Time West Forest Ln and MB,Risk and Compliance,Dallas,TX,United States,unknown,Part time,2026-08-21 17:57:10.645528,2026-08-06 00:00:00,https://www.wellsfargojobs.com/en/jobs/r-566396/teller-bilingual-part-time-west-forest-ln-and-mb/
WELLS_FARGO,R-566470,"Associate Personal Banker - Riverton, WY",Risk and Compliance,Riverton,WY,United States,unknown,Full time,2026-08-21 17:57:10.660565,2026-08-06 00:00:00,https://www.wellsfargojobs.com/en/jobs/r-566470/associate-personal-banker-riverton-wy/
WELLS_FARGO,R-564392,Executive Director (Senior Lead Securities Python Quantitative Developer ),Software Engineering,Charlotte,NC,United States,unknown,Full time,2026-08-21 17:57:10.691400,2026-08-06 00:00:00,https://www.wellsfargojobs.com/en/jobs/r-564392/executive-director-senior-lead-securities-python-quantitative-developer/
WELLS_FARGO,R-565758,"Project Finance, Vice President - Power",Risk and Compliance,New York,NY,United States,unknown,Full time,2026-08-21 17:57:10.711528,2026-08-07 00:00:00,https://www.wellsfargojobs.com/en/jobs/r-565758/project-finance-vice-president-power/
WELLS_FARGO,R-566143,Teller Bilingual Part Time Quarry Creek,Risk and Compliance,Oceanside,CA,United States,unknown,Part time,2026-08-21 17:57:10.730600,2026-08-07 00:00:00,https://www.wellsfargojobs.com/en/jobs/r-566143/teller-bilingual-part-time-quarry-creek/
WELLS_FARGO,R-555408,Branch Operations Coordinator Carefree,Risk and Compliance,Scottsdale,AZ,United States,unknown,Full time,2026-08-21 17:57:10.742403,2026-08-07 00:00:00,https://www.wellsfargojobs.com/en/jobs/r-555408/branch-operations-coordinator-carefree/
WELLS_FARGO,R-563954,Mortgage Consumer Direct Sales Consultant Bilingual (SAFE),Risk and Compliance,Tempe,AZ,United States,unknown,Full time,2026-08-21 17:57:10.759436,2026-08-10 00:00:00,https://www.wellsfargojobs.com/en/jobs/r-563954/mortgage-consumer-direct-sales-consultant-bilingual-safe/
WELLS_FARGO,R-567091,Teller Part Time Terrell North Catherine,Risk and Compliance,Terrell,TX,United States,unknown,Part time,2026-08-21 17:57:10.774306,2026-08-10 00:00:00,https://www.wellsfargojobs.com/en/jobs/r-567091/teller-part-time-terrell-north-catherine/
WELLS_FARGO,R-534794,Home Mortgage Consultant (SAFE),Risk and Compliance,Red Bank,NJ,United States,unknown,Full time,2026-08-21 17:57:10.793198,2026-08-11 00:00:00,https://www.wellsfargojobs.com/en/jobs/r-534794/home-mortgage-consultant-safe/
WELLS_FARGO,R-565294,Senior Technology Business Systems Consultant,Risk and Compliance,Charlotte,NC,United States,unknown,Full time,2026-08-21 17:57:10.820191,2026-08-11 00:00:00,https://www.wellsfargojobs.com/en/jobs/r-565294/senior-technology-business-systems-consultant/
WELLS_FARGO,R-567880,Personal Banker Silicon Central,Risk and Compliance,Santa Clara,CA,United States,unknown,Full time,2026-08-21 17:57:10.838958,2026-08-11 00:00:00,https://www.wellsfargojobs.com/en/jobs/r-567880/personal-banker-silicon-central/
WELLS_FARGO,R-564778,Teller Hayden Lake Branch,Risk and Compliance,Hayden Lake,ID,United States,unknown,Full time,2026-08-21 17:57:10.853638,2026-08-11 00:00:00,https://www.wellsfargojobs.com/en/jobs/r-564778/teller-hayden-lake-branch/
WELLS_FARGO,R-568146,Commercial Collections Representative,Risk and Compliance,Des Moines,IA,United States,unknown,Full time,2026-08-21 17:57:10.873238,2026-08-12 00:00:00,https://www.wellsfargojobs.com/en/jobs/r-568146/commercial-collections-representative/
WELLS_FARGO,R-566362,Relationship Banker North Point Mall,Risk and Compliance,Alpharetta,GA,United States,unknown,Full time,2026-08-21 17:57:10.904696,2026-08-12 00:00:00,https://www.wellsfargojobs.com/en/jobs/r-566362/relationship-banker-north-point-mall/
WELLS_FARGO,R-566468,Senior Lead Commercial Banking Relationship Manager,Sales and Relationship Management,Miami,FL,United States,unknown,Full time,2026-08-21 17:57:10.922158,2026-08-12 00:00:00,https://www.wellsfargojobs.com/en/jobs/r-566468/senior-lead-commercial-banking-relationship-manager/
WELLS_FARGO,R-564560,Branch Manager Peninsula Gateway,Risk and Compliance,Mountain View,CA,United States,unknown,Full time,2026-08-21 17:57:10.945098,2026-08-12 00:00:00,https://www.wellsfargojobs.com/en/jobs/r-564560/branch-manager-peninsula-gateway/
WELLS_FARGO,R-568279,2027 Quantitative Analytics Summer Internship Capital Markets (PhD) – Early Careers,Risk and Compliance,Charlotte,NC,United States,unknown,Full time,2026-08-21 17:57:10.961137,2026-08-13 00:00:00,https://www.wellsfargojobs.com/en/jobs/r-568279/2027-quantitative-analytics-summer-internship-capital-markets-phd-early-careers/
WELLS_FARGO,R-568458,Senior Premier Banker Bryan Main,Risk and Compliance,Bryan,TX,United States,unknown,Full time,2026-08-21 17:57:10.974246,2026-08-13 00:00:00,https://www.wellsfargojobs.com/en/jobs/r-568458/senior-premier-banker-bryan-main/
WELLS_FARGO,R-567536,Supervisory Control Specialist,Risk and Compliance,Los Angeles,CA,United States,unknown,Full time,2026-08-21 17:57:11.001909,2026-08-13 00:00:00,https://www.wellsfargojobs.com/en/jobs/r-567536/supervisory-control-specialist/
WELLS_FARGO,R-567864,Teller Santa Rosa,Risk and Compliance,Santa Rosa,CA,United States,unknown,Full time,2026-08-21 17:57:11.020654,2026-08-13 00:00:00,https://www.wellsfargojobs.com/en/jobs/r-567864/teller-santa-rosa/
WELLS_FARGO,R-566579,Teller Calabasas,Risk and Compliance,Calabasas,CA,United States,unknown,Full time,2026-08-21 17:57:11.040723,2026-08-13 00:00:00,https://www.wellsfargojobs.com/en/jobs/r-566579/teller-calabasas/
WELLS_FARGO,R-568296,Teller Part Time Sunrise Square,Risk and Compliance,Palm Springs,CA,United States,unknown,Part time,2026-08-21 17:57:11.057053,2026-08-13 00:00:00,https://www.wellsfargojobs.com/en/jobs/r-568296/teller-part-time-sunrise-square/
WELLS_FARGO,R-566079,Associate Financial Relationship Advisor,Risk and Compliance,Saint Louis,MO,United States,unknown,Full time,2026-08-21 17:57:11.073941,2026-08-13 00:00:00,https://www.wellsfargojobs.com/en/jobs/r-566079/associate-financial-relationship-advisor/
WELLS_FARGO,R-566049,Roving Personal Banker Austin West District,Risk and Compliance,Lakeway,TX,United States,unknown,Full time,2026-08-21 17:57:11.091722,2026-08-13 00:00:00,https://www.wellsfargojobs.com/en/jobs/r-566049/roving-personal-banker-austin-west-district/
WELLS_FARGO,R-568462,Relationship Banker Ketchum/Hailey,Risk and Compliance,Hailey,ID,United States,unknown,Full time,2026-08-21 17:57:11.113087,2026-08-13 00:00:00,https://www.wellsfargojobs.com/en/jobs/r-568462/relationship-banker-ketchum-hailey/
WELLS_FARGO,R-568641,Personal Banker Sweetgrass District,Risk and Compliance,Charleston,SC,United States,unknown,Full time,2026-08-21 17:57:11.129020,2026-08-13 00:00:00,https://www.wellsfargojobs.com/en/jobs/r-568641/personal-banker-sweetgrass-district/
WELLS_FARGO,R-568011,Teller Englewood,Risk and Compliance,Englewood,CO,United States,unknown,Full time,2026-08-21 17:57:11.145691,2026-08-14 00:00:00,https://www.wellsfargojobs.com/en/jobs/r-568011/teller-englewood/
WELLS_FARGO,R-568135,Senior Premier Banker Wando Crossing Mount Pleasant SC,Risk and Compliance,Mount Pleasant,SC,United States,unknown,Full time,2026-08-21 17:57:11.165547,2026-08-14 00:00:00,https://www.wellsfargojobs.com/en/jobs/r-568135/senior-premier-banker-wando-crossing-mount-pleasant-sc/
WELLS_FARGO,R-568576,Relationship Banker Mountainville Allentown,Risk and Compliance,Allentown,PA,United States,unknown,Full time,2026-08-21 17:57:11.188209,2026-08-14 00:00:00,https://www.wellsfargojobs.com/en/jobs/r-568576/relationship-banker-mountainville-allentown/
WELLS_FARGO,R-563600,Teller Part Time Newburgh,Risk and Compliance,Newburgh,NY,United States,unknown,Part time,2026-08-21 17:57:11.206641,2026-08-14 00:00:00,https://www.wellsfargojobs.com/en/jobs/r-563600/teller-part-time-newburgh/
WELLS_FARGO,R-567529,"Senior Premier Banker - Arvada, CO",Risk and Compliance,Arvada,CO,United States,unknown,Full time,2026-08-21 17:57:11.237208,2026-08-14 00:00:00,https://www.wellsfargojobs.com/en/jobs/r-567529/senior-premier-banker-arvada-co/
WELLS_FARGO,R-568339,Teller Part Time Orangevale,Risk and Compliance,Orangevale,CA,United States,unknown,Part time,2026-08-21 17:57:11.256281,2026-08-14 00:00:00,https://www.wellsfargojobs.com/en/jobs/r-568339/teller-part-time-orangevale/
WELLS_FARGO,R-563822,Branch Manager Capital PA District,Risk and Compliance,Lebanon,PA,United States,unknown,Full time,2026-08-21 17:57:11.275485,2026-08-14 00:00:00,https://www.wellsfargojobs.com/en/jobs/r-563822/branch-manager-capital-pa-district/
WELLS_FARGO,R-561862,Lead Python Network Automation Engineer,Risk and Compliance,Charlotte,NC,United States,unknown,Full time,2026-08-21 17:57:11.289433,2026-08-14 00:00:00,https://www.wellsfargojobs.com/en/jobs/r-561862/lead-python-network-automation-engineer/
WELLS_FARGO,R-564055,Personal Banker Fort Bragg CA,Risk and Compliance,Fort Bragg,CA,United States,unknown,Full time,2026-08-21 17:57:11.304526,2026-08-14 00:00:00,https://www.wellsfargojobs.com/en/jobs/r-564055/personal-banker-fort-bragg-ca/
WELLS_FARGO,R-568668,Teller Alamogordo,Risk and Compliance,Alamogordo,NM,United States,unknown,Full time,2026-08-21 17:57:11.318796,2026-08-14 00:00:00,https://www.wellsfargojobs.com/en/jobs/r-568668/teller-alamogordo/
WELLS_FARGO,R-564771,Credit Resolution Specialist | Commercial Credit Workout,Risk and Compliance,Charlotte,NC,United States,unknown,Full time,2026-08-21 17:57:11.334577,2026-08-14 00:00:00,https://www.wellsfargojobs.com/en/jobs/r-564771/credit-resolution-specialist-commercial-credit-workout/
WELLS_FARGO,R-568168,Personal Banker-Sheridan & Federal Hollywood FL,Risk and Compliance,Hollywood,FL,United States,unknown,Full time,2026-08-21 17:57:11.351095,2026-08-14 00:00:00,https://www.wellsfargojobs.com/en/jobs/r-568168/personal-banker-sheridan-federal-hollywood-fl/
WELLS_FARGO,R-568902,Vice President Mid-Corporate Sports Relationship Manager,Sales and Relationship Management,New York,NY,United States,unknown,Full time,2026-08-21 17:57:11.372533,2026-08-14 00:00:00,https://www.wellsfargojobs.com/en/jobs/r-568902/vice-president-mid-corporate-sports-relationship-manager/
WELLS_FARGO,R-568843,Relationship Banker Carlsbad New Mexico,Risk and Compliance,Carlsbad,NM,United States,unknown,Full time,2026-08-21 17:57:11.394083,2026-08-14 00:00:00,https://www.wellsfargojobs.com/en/jobs/r-568843/relationship-banker-carlsbad-new-mexico/
WELLS_FARGO,R-564773,Lead Credit Resolution Specialist | Commercial Credit Workout,Risk and Compliance,Charlotte,NC,United States,unknown,Full time,2026-08-21 17:57:11.408665,2026-08-14 00:00:00,https://www.wellsfargojobs.com/en/jobs/r-564773/lead-credit-resolution-specialist-commercial-credit-workout/
WELLS_FARGO,R-563112,Senior Premier Banker Florence Mall Financial Center Florence SC,Risk and Compliance,Florence,SC,United States,unknown,Full time,2026-08-21 17:57:11.420907,2026-08-17 00:00:00,https://www.wellsfargojobs.com/en/jobs/r-563112/senior-premier-banker-florence-mall-financial-center-florence-sc/
WELLS_FARGO,R-565912,Teller Part Time Norfolk Main,Risk and Compliance,Norfolk,NE,United States,unknown,Part time,2026-08-21 17:57:11.437006,2026-08-17 00:00:00,https://www.wellsfargojobs.com/en/jobs/r-565912/teller-part-time-norfolk-main/
WELLS_FARGO,R-568637,Personal Banker- Madison Hwy 72,Risk and Compliance,Madison,AL,United States,unknown,Full time,2026-08-21 17:57:11.460703,2026-08-17 00:00:00,https://www.wellsfargojobs.com/en/jobs/r-568637/personal-banker-madison-hwy-72/
WELLS_FARGO,R-563821,Tele sales Specialist - Merchant Services,Risk and Compliance,Tempe,AZ,United States,unknown,Full time,2026-08-21 17:57:11.506295,2026-08-17 00:00:00,https://www.wellsfargojobs.com/en/jobs/r-563821/tele-sales-specialist-merchant-services/
WELLS_FARGO,R-567969,Teller Part Time Boca Chica and MB,Risk and Compliance,Brownsville,TX,United States,unknown,Part time,2026-08-21 17:57:11.522730,2026-08-17 00:00:00,https://www.wellsfargojobs.com/en/jobs/r-567969/teller-part-time-boca-chica-and-mb/
WELLS_FARGO,R-565088,Senior Premier Banker Newbury Park,Risk and Compliance,Newbury Park,CA,United States,unknown,Full time,2026-08-21 17:57:11.567233,2026-08-17 00:00:00,https://www.wellsfargojobs.com/en/jobs/r-565088/senior-premier-banker-newbury-park/
WELLS_FARGO,R-563601,Senior Business Relationship Manager (LO) Pembroke Pines North,Risk and Compliance,Pembroke Pines,FL,United States,unknown,Full time,2026-08-21 17:57:11.572728,2026-08-17 00:00:00,https://www.wellsfargojobs.com/en/jobs/r-563601/senior-business-relationship-manager-lo-pembroke-pines-north/
WELLS_FARGO,R-568642,Relationship Banker Pinole,Risk and Compliance,Pinole,CA,United States,unknown,Full time,2026-08-21 17:57:11.602787,2026-08-17 00:00:00,https://www.wellsfargojobs.com/en/jobs/r-568642/relationship-banker-pinole/
WELLS_FARGO,R-569328,Relationship Banker Wilkes Barre Scranton District,Risk and Compliance,Pittston,PA,United States,unknown,Full time,2026-08-21 17:57:11.619107,2026-08-17 00:00:00,https://www.wellsfargojobs.com/en/jobs/r-569328/relationship-banker-wilkes-barre-scranton-district/
WELLS_FARGO,R-565919,Senior Premier Banker Tri Valley,Risk and Compliance,San Ramon,CA,United States,unknown,,2026-08-21 17:57:11.636577,2026-08-17 00:00:00,https://www.wellsfargojobs.com/en/jobs/r-565919/senior-premier-banker-tri-valley/
WELLS_FARGO,R-567808,Senior Lead Business Execution Consultant - Global Payments and Liquidity,Risk and Compliance,Charlotte,NC,United States,unknown,Full time,2026-08-21 17:57:11.653858,2026-08-17 00:00:00,https://www.wellsfargojobs.com/en/jobs/r-567808/senior-lead-business-execution-consultant-global-payments-and-liquidity/
WELLS_FARGO,R-568840,Teller Sequoia Branch,Risk and Compliance,Albuquerque,NM,United States,unknown,Full time,2026-08-21 17:57:11.669476,2026-08-17 00:00:00,https://www.wellsfargojobs.com/en/jobs/r-568840/teller-sequoia-branch/
WELLS_FARGO,R-567982,Senior Premier Banker - Poway Twin Peaks Plaza,Risk and Compliance,Poway,CA,United States,unknown,Full time,2026-08-21 17:57:11.703336,2026-08-17 00:00:00,https://www.wellsfargojobs.com/en/jobs/r-567982/senior-premier-banker-poway-twin-peaks-plaza/
WELLS_FARGO,R-567853,Teller Part Time Brook Highland,Risk and Compliance,Birmingham,AL,United States,unknown,Part time,2026-08-21 17:57:11.739600,2026-08-17 00:00:00,https://www.wellsfargojobs.com/en/jobs/r-567853/teller-part-time-brook-highland/
WELLS_FARGO,R-555908,Teller Part Time 60th and John Deere,Risk and Compliance,Moline,IL,United States,unknown,Part time,2026-08-21 17:57:11.754602,2026-08-18 00:00:00,https://www.wellsfargojobs.com/en/jobs/r-555908/teller-part-time-60th-and-john-deere/
WELLS_FARGO,R-566005,Lead Information Security Engineer - Web Application Security,Cybersecurity,Charlotte,NC,United States,unknown,Full time,2026-08-21 17:57:11.754602,2026-08-18 00:00:00,https://www.wellsfargojobs.com/en/jobs/r-566005/lead-information-security-engineer-web-application-security/
WELLS_FARGO,R-568000,"Relationship Banker I94 Woodbury, MN",Risk and Compliance,Woodbury,MN,United States,unknown,Full time,2026-08-21 17:57:11.788366,2026-08-18 00:00:00,https://www.wellsfargojobs.com/en/jobs/r-568000/relationship-banker-i94-woodbury-mn/
WELLS_FARGO,R-569358,Business Banker (LO),Risk and Compliance,Durham,NC,United States,unknown,Full time,2026-08-21 17:57:11.807367,2026-08-18 00:00:00,https://www.wellsfargojobs.com/en/jobs/r-569358/business-banker-lo/
WELLS_FARGO,R-561959,Branch Manager Friendswood Parkwood,Risk and Compliance,Friendswood,TX,United States,unknown,Full time,2026-08-21 17:57:11.824029,2026-08-18 00:00:00,https://www.wellsfargojobs.com/en/jobs/r-561959/branch-manager-friendswood-parkwood/
WELLS_FARGO,R-569285,Personal Banker Lansdowne Branch,Risk and Compliance,Lansdowne,PA,United States,unknown,Full time,2026-08-21 17:57:11.849859,2026-08-18 00:00:00,https://www.wellsfargojobs.com/en/jobs/r-569285/personal-banker-lansdowne-branch/
WELLS_FARGO,R-569207,Escalations Representative - Legal Services Phone Team,Risk and Compliance,Tempe,AZ,United States,unknown,Part time,2026-08-21 17:57:11.867179,2026-08-18 00:00:00,https://www.wellsfargojobs.com/en/jobs/r-569207/escalations-representative-legal-services-phone-team/
WELLS_FARGO,R-567045,Personal Banker- Auburn,Risk and Compliance,Auburn,AL,United States,unknown,Full time,2026-08-21 17:57:11.884331,2026-08-18 00:00:00,https://www.wellsfargojobs.com/en/jobs/r-567045/personal-banker-auburn/
WELLS_FARGO,R-569641,Personal Banker Eastside Seattle,Risk and Compliance,Bellevue,WA,United States,unknown,Full time,2026-08-21 17:57:11.906267,2026-08-18 00:00:00,https://www.wellsfargojobs.com/en/jobs/r-569641/personal-banker-eastside-seattle/
WELLS_FARGO,R-568498,Teller Part Time Jones Valley,Risk and Compliance,Huntsville,AL,United States,unknown,Part time,2026-08-21 17:57:11.923547,2026-08-18 00:00:00,https://www.wellsfargojobs.com/en/jobs/r-568498/teller-part-time-jones-valley/
WELLS_FARGO,R-569167,Teller Part Time Bilingual Ceres,Risk and Compliance,Ceres,CA,United States,unknown,Part time,2026-08-21 17:57:11.940496,2026-08-18 00:00:00,https://www.wellsfargojobs.com/en/jobs/r-569167/teller-part-time-bilingual-ceres/
WELLS_FARGO,R-564283,Branch Manager- Northern Monmouth,Risk and Compliance,Matawan,NJ,United States,unknown,Full time,2026-08-21 17:57:11.962405,2026-08-19 00:00:00,https://www.wellsfargojobs.com/en/jobs/r-564283/branch-manager-northern-monmouth/
WELLS_FARGO,R-567754,Senior Business Aligned Finance Analyst - Business Banking,Risk and Compliance,Charlotte,NC,United States,unknown,Full time,2026-08-21 17:57:11.979142,2026-08-19 00:00:00,https://www.wellsfargojobs.com/en/jobs/r-567754/senior-business-aligned-finance-analyst-business-banking/
WELLS_FARGO,R-564371,Relationship Banker 22nd & Mission,Risk and Compliance,San Francisco,CA,United States,unknown,Full time,2026-08-21 17:57:12.025481,2026-08-19 00:00:00,https://www.wellsfargojobs.com/en/jobs/r-564371/relationship-banker-22nd-mission/
WELLS_FARGO,R-555592,Teller Part Time Simi Valley,Risk and Compliance,Simi Valley,CA,United States,unknown,Part time,2026-08-21 17:57:12.046246,2026-08-19 00:00:00,https://www.wellsfargojobs.com/en/jobs/r-555592/teller-part-time-simi-valley/
WELLS_FARGO,R-565569,Senior Product Manager -  Financial Institutions Group,Risk and Compliance,New York,NY,United States,unknown,Full time,2026-08-21 17:57:12.060560,2026-08-19 00:00:00,https://www.wellsfargojobs.com/en/jobs/r-565569/senior-product-manager-financial-institutions-group/
WELLS_FARGO,R-565856,Business Relationship Support Associate – GPL National Service Group (NSG) CSO 3,Risk and Compliance,Des Moines,IA,United States,unknown,Full time,2026-08-21 17:57:12.074063,2026-08-19 00:00:00,https://www.wellsfargojobs.com/en/jobs/r-565856/business-relationship-support-associate-gpl-national-service-group-nsg-cso-3/
WELLS_FARGO,R-569208,Relationship Banker Nineteenth Street Allentown,Risk and Compliance,Allentown,PA,United States,unknown,Full time,2026-08-21 17:57:12.093807,2026-08-19 00:00:00,https://www.wellsfargojobs.com/en/jobs/r-569208/relationship-banker-nineteenth-street-allentown/
WELLS_FARGO,R-568648,Client Associate,Risk and Compliance,Rockford,IL,United States,unknown,Full time,2026-08-21 17:57:12.109334,2026-08-19 00:00:00,https://www.wellsfargojobs.com/en/jobs/r-568648/client-associate/
WELLS_FARGO,R-566454,Branch Manager Northern Ocean District,Risk and Compliance,Manchester Township,NJ,United States,unknown,Full time,2026-08-21 17:57:12.146455,2026-08-19 00:00:00,https://www.wellsfargojobs.com/en/jobs/r-566454/branch-manager-northern-ocean-district/
WELLS_FARGO,R-567561,Branch Manager Sweetgrass District,Risk and Compliance,Charleston,SC,United States,unknown,Full time,2026-08-21 17:57:12.167797,2026-08-19 00:00:00,https://www.wellsfargojobs.com/en/jobs/r-567561/branch-manager-sweetgrass-district/
WELLS_FARGO,R-569532,Relationship Banker Freehold Boro,Risk and Compliance,Freehold,NJ,United States,unknown,Full time,2026-08-21 17:57:12.190786,2026-08-19 00:00:00,https://www.wellsfargojobs.com/en/jobs/r-569532/relationship-banker-freehold-boro/
WELLS_FARGO,R-567038,Senior Lead Private Wealth Portfolio Manager,Risk and Compliance,Charlotte,NC,United States,unknown,Full time,2026-08-21 17:57:12.208677,2026-08-19 00:00:00,https://www.wellsfargojobs.com/en/jobs/r-567038/senior-lead-private-wealth-portfolio-manager/
WELLS_FARGO,R-556107,Teller Part Time Rincon,Risk and Compliance,Tucson,AZ,United States,unknown,Part time,2026-08-21 17:57:12.225058,2026-08-19 00:00:00,https://www.wellsfargojobs.com/en/jobs/r-556107/teller-part-time-rincon/
WELLS_FARGO,R-569617,Personal Banker Northtowne,Risk and Compliance,Reno,NV,United States,unknown,Full time,2026-08-21 17:57:12.251402,2026-08-19 00:00:00,https://www.wellsfargojobs.com/en/jobs/r-569617/personal-banker-northtowne/
WELLS_FARGO,R-569577,Teller Rainier Ave Seattle,Risk and Compliance,Seattle,WA,United States,unknown,Full time,2026-08-21 17:57:12.269239,2026-08-19 00:00:00,https://www.wellsfargojobs.com/en/jobs/r-569577/teller-rainier-ave-seattle/
WELLS_FARGO,R-567409,Branch Manager Central and Woodlawn,Risk and Compliance,Wichita,KS,United States,unknown,Full time,2026-08-21 17:57:12.309884,2026-08-20 00:00:00,https://www.wellsfargojobs.com/en/jobs/r-567409/branch-manager-central-and-woodlawn/
WELLS_FARGO,R-569519,Lead Technology Business Services Consultant - Vendor Management,Risk and Compliance,Charlotte,NC,United States,unknown,Full time,2026-08-21 17:57:12.325019,2026-08-20 00:00:00,https://www.wellsfargojobs.com/en/jobs/r-569519/lead-technology-business-services-consultant-vendor-management/
WELLS_FARGO,R-569743,Personal Banker-Westchester Miami FL,Risk and Compliance,Miami,FL,United States,unknown,Full time,2026-08-21 17:57:12.339540,2026-08-20 00:00:00,https://www.wellsfargojobs.com/en/jobs/r-569743/personal-banker-westchester-miami-fl/
WELLS_FARGO,R-569436,Personal Banker Neenah,Risk and Compliance,Neenah,WI,United States,unknown,Full time,2026-08-21 17:57:12.356162,2026-08-20 00:00:00,https://www.wellsfargojobs.com/en/jobs/r-569436/personal-banker-neenah/
WELLS_FARGO,R-569949,Private Mortgage Banker (SAFE),Risk and Compliance,Houston,TX,United States,unknown,Full time,2026-08-21 17:57:12.388475,2026-08-20 00:00:00,https://www.wellsfargojobs.com/en/jobs/r-569949/private-mortgage-banker-safe/
WELLS_FARGO,R-562754,Senior Premier Banker Northwest Valley District,Risk and Compliance,West Hills,CA,United States,unknown,,2026-08-21 17:57:12.412162,2026-08-20 00:00:00,https://www.wellsfargojobs.com/en/jobs/r-562754/senior-premier-banker-northwest-valley-district/
WELLS_FARGO,R-555344,"VP, Lead Capital Markets Document Negotiator",Risk and Compliance,New York,NY,United States,unknown,Full time,2026-08-21 17:57:12.429965,2026-08-20 00:00:00,https://www.wellsfargojobs.com/en/jobs/r-555344/vp-lead-capital-markets-document-negotiator/
WELLS_FARGO,R-558073,"VP, Lead Capital Markets Document Negotiator",Risk and Compliance,Charlotte,NC,United States,unknown,Full time,2026-08-21 17:57:12.446216,2026-08-20 00:00:00,https://www.wellsfargojobs.com/en/jobs/r-558073/vp-lead-capital-markets-document-negotiator/
WELLS_FARGO,R-569834,Business Development & Partnerships Consultant,Risk and Compliance,Wilmington,DE,United States,unknown,Full time,2026-08-21 17:57:12.465028,2026-08-20 00:00:00,https://www.wellsfargojobs.com/en/jobs/r-569834/business-development-partnerships-consultant/
WELLS_FARGO,R-569433,Teller Warner Robins Place,Risk and Compliance,Warner Robins,GA,United States,unknown,Full time,2026-08-21 17:57:12.479679,2026-08-20 00:00:00,https://www.wellsfargojobs.com/en/jobs/r-569433/teller-warner-robins-place/
WELLS_FARGO,R-569940,Branch Operations Associate Manager Lincoln,Risk and Compliance,Lincoln,CA,United States,unknown,Full time,2026-08-21 17:57:12.496988,2026-08-20 00:00:00,https://www.wellsfargojobs.com/en/jobs/r-569940/branch-operations-associate-manager-lincoln/
WELLS_FARGO,R-570134,Teller Part Time Prineville OR,Risk and Compliance,Prineville,OR,United States,unknown,Part time,2026-08-21 17:57:12.514071,2026-08-20 00:00:00,https://www.wellsfargojobs.com/en/jobs/r-570134/teller-part-time-prineville-or/
WELLS_FARGO,R-557926,Teller Kerrville South and MB,Risk and Compliance,Kerrville,TX,United States,unknown,Full time,2026-08-21 17:57:12.529774,2026-08-21 00:00:00,https://www.wellsfargojobs.com/en/jobs/r-557926/teller-kerrville-south-and-mb/
WELLS_FARGO,R-568829,Branch Operations Coordinator Pierre,Risk and Compliance,Pierre,SD,United States,unknown,Full time,2026-08-21 17:57:12.545297,2026-08-21 00:00:00,https://www.wellsfargojobs.com/en/jobs/r-568829/branch-operations-coordinator-pierre/
WELLS_FARGO,R-569490,Senior Recruiting Coordinator - Executive Recruitment,Risk and Compliance,Minneapolis,MN,United States,unknown,Full time,2026-08-21 17:57:12.559982,2026-08-21 00:00:00,https://www.wellsfargojobs.com/en/jobs/r-569490/senior-recruiting-coordinator-executive-recruitment/
WELLS_FARGO,R-570171,Teller Part Time Great Neck,Risk and Compliance,Great Neck,NY,United States,unknown,Part time,2026-08-21 17:57:12.595231,2026-08-21 00:00:00,https://www.wellsfargojobs.com/en/jobs/r-570171/teller-part-time-great-neck/
WELLS_FARGO,R-569765,Teller Part Time Simpsonville Fairview,Risk and Compliance,Simpsonville,SC,United States,unknown,Part time,2026-08-21 17:57:12.612293,2026-08-21 00:00:00,https://www.wellsfargojobs.com/en/jobs/r-569765/teller-part-time-simpsonville-fairview/
WELLS_FARGO,R-569812,Teller Part Time Five Points,Risk and Compliance,Albuquerque,NM,United States,unknown,Part time,2026-08-21 17:57:12.629289,2026-08-21 00:00:00,https://www.wellsfargojobs.com/en/jobs/r-569812/teller-part-time-five-points/
WELLS_FARGO,R-568969,"Personal Banker Five Mile Overland Boise, ID",Risk and Compliance,Boise,ID,United States,unknown,Full time,2026-08-21 17:57:12.645290,2026-08-21 00:00:00,https://www.wellsfargojobs.com/en/jobs/r-568969/personal-banker-five-mile-overland-boise-id/
WELLS_FARGO,R-569591,Tax Equity Originator - Executive Director,Risk and Compliance,San Francisco,CA,United States,unknown,Full time,2026-08-21 17:57:12.661392,2026-08-21 00:00:00,https://www.wellsfargojobs.com/en/jobs/r-569591/tax-equity-originator-executive-director/
WELLS_FARGO,R-561921,Senior Lead Mortgage Data Analytics Specialist,Risk and Compliance,Charlotte,NC,United States,unknown,Full time,2026-08-21 17:57:12.722595,2026-07-21 00:00:00,https://www.wellsfargojobs.com/en/jobs/r-561921/senior-lead-mortgage-data-analytics-specialist/
WELLS_FARGO,R-536283,"Vice President, Investment Banking - Biotech",Risk and Compliance,New York,NY,United States,unknown,Full time,2026-08-21 17:57:12.739756,2026-07-21 00:00:00,https://www.wellsfargojobs.com/en/jobs/r-536283/vice-president-investment-banking-biotech/
WELLS_FARGO,R-562726,Senior Business Relationship Manager (LO),Risk and Compliance,Pembroke Pines,FL,United States,unknown,Full time,2026-08-21 17:57:12.755566,2026-07-22 00:00:00,https://www.wellsfargojobs.com/en/jobs/r-562726/senior-business-relationship-manager-lo/
WELLS_FARGO,R-563095,Branch Operations Coordinator Casper Downtown,Risk and Compliance,Casper,WY,United States,unknown,Full time,2026-08-21 17:57:12.768440,2026-07-23 00:00:00,https://www.wellsfargojobs.com/en/jobs/r-563095/branch-operations-coordinator-casper-downtown/
WELLS_FARGO,R-563497,"Business Banker (LO) San Francisco, CA",Risk and Compliance,San Francisco,CA,United States,unknown,Full time,2026-08-21 17:57:12.788570,2026-07-26 00:00:00,https://www.wellsfargojobs.com/en/jobs/r-563497/business-banker-lo-san-francisco-ca/
WELLS_FARGO,R-563859,Relationship Banker Sacramento Capital District,Risk and Compliance,Sacramento,CA,United States,unknown,Full time,2026-08-21 17:57:12.811861,2026-07-27 00:00:00,https://www.wellsfargojobs.com/en/jobs/r-563859/relationship-banker-sacramento-capital-district/
WELLS_FARGO,R-563970,Branch Manager Salt Lake East District,Risk and Compliance,Evanston,WY,United States,unknown,Full time,2026-08-21 17:57:12.831380,2026-07-27 00:00:00,https://www.wellsfargojobs.com/en/jobs/r-563970/branch-manager-salt-lake-east-district/
WELLS_FARGO,R-563962,Senior Premier Banker Ventura Corridor District,Risk and Compliance,Woodland Hills,CA,United States,unknown,,2026-08-21 17:57:12.856253,2026-07-27 00:00:00,https://www.wellsfargojobs.com/en/jobs/r-563962/senior-premier-banker-ventura-corridor-district/
WELLS_FARGO,R-563527,Senior Business Relationship Manager (LO) Orlando,Risk and Compliance,Orlando,FL,United States,unknown,Full time,2026-08-21 17:57:12.872364,2026-07-28 00:00:00,https://www.wellsfargojobs.com/en/jobs/r-563527/senior-business-relationship-manager-lo-orlando/
WELLS_FARGO,R-563267,Branch Operations Coordinator Gunnison,Risk and Compliance,Gunnison,CO,United States,unknown,Full time,2026-08-21 17:57:12.887431,2026-07-28 00:00:00,https://www.wellsfargojobs.com/en/jobs/r-563267/branch-operations-coordinator-gunnison/
WELLS_FARGO,R-564896,Senior Business Banking Relationship Manager (LO),Risk and Compliance,Richmond,VA,United States,unknown,Full time,2026-08-21 17:57:12.936139,2026-07-31 00:00:00,https://www.wellsfargojobs.com/en/jobs/r-564896/senior-business-banking-relationship-manager-lo/
WELLS_FARGO,R-565230,Relationship Banker South Mountain,Risk and Compliance,Rutherfordton,NC,United States,unknown,,2026-08-21 17:57:12.967377,2026-07-31 00:00:00,https://www.wellsfargojobs.com/en/jobs/r-565230/relationship-banker-south-mountain/
WELLS_FARGO,R-565254,Senior Business Banking Relationship Manager (LO),Risk and Compliance,Salinas,CA,United States,unknown,Full time,2026-08-21 17:57:12.984507,2026-07-31 00:00:00,https://www.wellsfargojobs.com/en/jobs/r-565254/senior-business-banking-relationship-manager-lo/
WELLS_FARGO,R-565617,Mortgage Retail Sales Consultant (SAFE),Risk and Compliance,Orlando,FL,United States,unknown,,2026-08-21 17:57:12.999617,2026-08-03 00:00:00,https://www.wellsfargojobs.com/en/jobs/r-565617/mortgage-retail-sales-consultant-safe/
WELLS_FARGO,R-563655,Senior Branch Premier Banker - Bucks East District,Risk and Compliance,Newtown,PA,United States,unknown,,2026-08-21 17:57:13.022762,2026-08-03 00:00:00,https://www.wellsfargojobs.com/en/jobs/r-563655/senior-branch-premier-banker-bucks-east-district/
WELLS_FARGO,R-565258,Personal Banker Walnut Park,Risk and Compliance,Portland,OR,United States,unknown,Full time,2026-08-21 17:57:13.039418,2026-08-03 00:00:00,https://www.wellsfargojobs.com/en/jobs/r-565258/personal-banker-walnut-park/
WELLS_FARGO,R-565218,Part Time Bilingual Spanish Teller | 16th and Mission,Risk and Compliance,San Francisco,CA,United States,unknown,Part time,2026-08-21 17:57:13.057626,2026-08-03 00:00:00,https://www.wellsfargojobs.com/en/jobs/r-565218/part-time-bilingual-spanish-teller-16th-and-mission/
WELLS_FARGO,R-566030,Financial Relationship Advisor,Risk and Compliance,Charlotte,NC,United States,unknown,Full time,2026-08-21 17:57:13.074211,2026-08-05 00:00:00,https://www.wellsfargojobs.com/en/jobs/r-566030/financial-relationship-advisor/
WELLS_FARGO,R-566762,Relationship Banker Cashiers,Risk and Compliance,Cashiers,NC,United States,unknown,,2026-08-21 17:57:13.093788,2026-08-06 00:00:00,https://www.wellsfargojobs.com/en/jobs/r-566762/relationship-banker-cashiers/
WELLS_FARGO,R-567095,Teller Fort Bend,Risk and Compliance,Missouri City,TX,United States,unknown,Full time,2026-08-21 17:57:13.130478,2026-08-07 00:00:00,https://www.wellsfargojobs.com/en/jobs/r-567095/teller-fort-bend/
WELLS_FARGO,R-566948,Teller Part Time Haverford,Risk and Compliance,Haverford,PA,United States,unknown,Part time,2026-08-21 17:57:13.147880,2026-08-07 00:00:00,https://www.wellsfargojobs.com/en/jobs/r-566948/teller-part-time-haverford/
WELLS_FARGO,R-567520,Lead Software Engineer (001831),Risk and Compliance,Charlotte,NC,United States,unknown,Full time,2026-08-21 17:57:13.161442,2026-08-10 00:00:00,https://www.wellsfargojobs.com/en/jobs/r-567520/lead-software-engineer-001831/
WELLS_FARGO,R-567004,Personal Banker Southside,Risk and Compliance,Lakeland,FL,United States,unknown,Full time,2026-08-21 17:57:13.178103,2026-08-10 00:00:00,https://www.wellsfargojobs.com/en/jobs/r-567004/personal-banker-southside/
WELLS_FARGO,R-567440,"Business Banker (LO) San Francisco, CA",Risk and Compliance,San Francisco,CA,United States,unknown,Full time,2026-08-21 17:57:13.193535,2026-08-10 00:00:00,https://www.wellsfargojobs.com/en/jobs/r-567440/business-banker-lo-san-francisco-ca/
WELLS_FARGO,R-567679,Senior Treasury Analyst (002370),Risk and Compliance,Charlotte,NC,United States,unknown,Full time,2026-08-21 17:57:13.208434,2026-08-11 00:00:00,https://www.wellsfargojobs.com/en/jobs/r-567679/senior-treasury-analyst-002370/
WELLS_FARGO,R-567271,Teller Part Time Tuba City,Risk and Compliance,Tuba City,AZ,United States,unknown,Part time,2026-08-21 17:57:13.225092,2026-08-11 00:00:00,https://www.wellsfargojobs.com/en/jobs/r-567271/teller-part-time-tuba-city/
WELLS_FARGO,R-567922,Senior Premier Banker Gurnee IL,Risk and Compliance,Gurnee,IL,United States,unknown,Full time,2026-08-21 17:57:13.245176,2026-08-11 00:00:00,https://www.wellsfargojobs.com/en/jobs/r-567922/senior-premier-banker-gurnee-il/
WELLS_FARGO,R-566478,Lead Secured Lending Underwriter - Dealer Finance,Risk and Compliance,Chicago,IL,United States,unknown,Full time,2026-08-21 17:57:13.259661,2026-08-11 00:00:00,https://www.wellsfargojobs.com/en/jobs/r-566478/lead-secured-lending-underwriter-dealer-finance/
WELLS_FARGO,R-566597,Head of Dealer Finance - Equipment Finance,Risk and Compliance,Irving,TX,United States,unknown,Full time,2026-08-21 17:57:13.281694,2026-08-12 00:00:00,https://www.wellsfargojobs.com/en/jobs/r-566597/head-of-dealer-finance-equipment-finance/
WELLS_FARGO,R-568342,Senior Lead Mortgage Securities Quantitative Analytics Specialist,Risk and Compliance,Charlotte,NC,United States,unknown,Full time,2026-08-21 17:57:13.293586,2026-08-13 00:00:00,https://www.wellsfargojobs.com/en/jobs/r-568342/senior-lead-mortgage-securities-quantitative-analytics-specialist/
WELLS_FARGO,R-568202,Personal Banker Soldotna,Risk and Compliance,Soldotna,AK,United States,unknown,Full time,2026-08-21 17:57:13.335244,2026-08-13 00:00:00,https://www.wellsfargojobs.com/en/jobs/r-568202/personal-banker-soldotna/
WELLS_FARGO,R-567851,Lead Product Strategy Manager - Retail Financing,Risk and Compliance,Charlotte,NC,United States,unknown,Full time,2026-08-21 17:57:13.366347,2026-08-13 00:00:00,https://www.wellsfargojobs.com/en/jobs/r-567851/lead-product-strategy-manager-retail-financing/
WELLS_FARGO,R-568513,Branch Manager Central Coast,Risk and Compliance,Santa Maria,CA,United States,unknown,,2026-08-21 17:57:13.390593,2026-08-13 00:00:00,https://www.wellsfargojobs.com/en/jobs/r-568513/branch-manager-central-coast/
WELLS_FARGO,R-568613,Relationship Banker - Fredericksburg Area,Risk and Compliance,Fredericksburg,VA,United States,unknown,Full time,2026-08-21 17:57:13.413675,2026-08-13 00:00:00,https://www.wellsfargojobs.com/en/jobs/r-568613/relationship-banker-fredericksburg-area/
WELLS_FARGO,R-568657,Branch Manager Southern Utah District,Risk and Compliance,Saint George,UT,United States,unknown,Full time,2026-08-21 17:57:13.432744,2026-08-13 00:00:00,https://www.wellsfargojobs.com/en/jobs/r-568657/branch-manager-southern-utah-district/
WELLS_FARGO,R-568667,Roving Personal Banker Central Virginia,Risk and Compliance,Lynchburg,VA,United States,unknown,Full time,2026-08-21 17:57:13.454499,2026-08-13 00:00:00,https://www.wellsfargojobs.com/en/jobs/r-568667/roving-personal-banker-central-virginia/
WELLS_FARGO,R-565358,Personal Banker (Spanish Desired) Shoppes at Kingsgate,Risk and Compliance,Kingwood,TX,United States,unknown,Full time,2026-08-21 17:57:13.468566,2026-08-13 00:00:00,https://www.wellsfargojobs.com/en/jobs/r-565358/personal-banker-spanish-desired-shoppes-at-kingsgate/
WELLS_FARGO,R-567904,Teller Part Time Lake Murray Village,Risk and Compliance,La Mesa,CA,United States,unknown,Part time,2026-08-21 17:57:13.488033,2026-08-14 00:00:00,https://www.wellsfargojobs.com/en/jobs/r-567904/teller-part-time-lake-murray-village/
WELLS_FARGO,R-567734,Teller Part Time Grand Forks,Risk and Compliance,Grand Forks,ND,United States,unknown,Part time,2026-08-21 17:57:13.505547,2026-08-14 00:00:00,https://www.wellsfargojobs.com/en/jobs/r-567734/teller-part-time-grand-forks/
WELLS_FARGO,R-568640,Teller Part Time Hurricane,Risk and Compliance,Hurricane,UT,United States,unknown,Part time,2026-08-21 17:57:13.522864,2026-08-14 00:00:00,https://www.wellsfargojobs.com/en/jobs/r-568640/teller-part-time-hurricane/
WELLS_FARGO,R-568322,Senior Commercial Loan Servicing Specialist – Asset Based Lending/Syndicated Loans,Operations,Chicago,IL,United States,unknown,Full time,2026-08-21 17:57:13.538608,2026-08-14 00:00:00,https://www.wellsfargojobs.com/en/jobs/r-568322/senior-commercial-loan-servicing-specialist-asset-based-lending-syndicated-loans/
WELLS_FARGO,R-567211,"Senior Business Banking Relationship Manager (LO) Tampa, FL",Risk and Compliance,Tampa,FL,United States,unknown,Full time,2026-08-21 17:57:13.552122,2026-08-14 00:00:00,https://www.wellsfargojobs.com/en/jobs/r-567211/senior-business-banking-relationship-manager-lo-tampa-fl/
WELLS_FARGO,R-568723,Teller Part Time West Palm Beach,Risk and Compliance,West Palm Beach,FL,United States,unknown,Part time,2026-08-21 17:57:13.564769,2026-08-14 00:00:00,https://www.wellsfargojobs.com/en/jobs/r-568723/teller-part-time-west-palm-beach/
WELLS_FARGO,R-568931,Branch Manager Austin Northwest District,Risk and Compliance,Round Rock,TX,United States,unknown,Full time,2026-08-21 17:57:13.584942,2026-08-14 00:00:00,https://www.wellsfargojobs.com/en/jobs/r-568931/branch-manager-austin-northwest-district/
WELLS_FARGO,R-568950,Personal Banker Peninsula Gateway,Risk and Compliance,Palo Alto,CA,United States,unknown,Full time,2026-08-21 17:57:13.607537,2026-08-14 00:00:00,https://www.wellsfargojobs.com/en/jobs/r-568950/personal-banker-peninsula-gateway/
WELLS_FARGO,R-563193,Associate Personal Banker (SAFE) - One Loudoun,Risk and Compliance,Ashburn,VA,United States,unknown,Full time,2026-08-21 17:57:13.623900,2026-08-14 00:00:00,https://www.wellsfargojobs.com/en/jobs/r-563193/associate-personal-banker-safe-one-loudoun/
WELLS_FARGO,R-564188,Relationship Banker Brickell Avenue Miami FL,Risk and Compliance,Miami,FL,United States,unknown,Full time,2026-08-21 17:57:13.644828,2026-08-16 00:00:00,https://www.wellsfargojobs.com/en/jobs/r-564188/relationship-banker-brickell-avenue-miami-fl/
WELLS_FARGO,R-559584,Senior Premier Banker Borough Park DeNovo,Risk and Compliance,Brooklyn,NY,United States,unknown,Full time,2026-08-21 17:57:13.674605,2026-08-15 00:00:00,https://www.wellsfargojobs.com/en/jobs/r-559584/senior-premier-banker-borough-park-denovo/
WELLS_FARGO,R-562000,Teller Part Time Granite Bay,Risk and Compliance,Granite Bay,CA,United States,unknown,Part time,2026-08-21 17:57:13.692456,2026-08-16 00:00:00,https://www.wellsfargojobs.com/en/jobs/r-562000/teller-part-time-granite-bay/
WELLS_FARGO,R-562484,Branch Operations Coordinator Conifer Colorado,Risk and Compliance,Conifer,CO,United States,unknown,Full time,2026-08-21 17:57:13.707196,2026-07-24 00:00:00,https://www.wellsfargojobs.com/en/jobs/r-562484/branch-operations-coordinator-conifer-colorado/
WELLS_FARGO,R-567614,Supervisory Control Specialist,Risk and Compliance,Boston,MA,United States,unknown,Full time,2026-08-21 17:57:13.724045,2026-08-17 00:00:00,https://www.wellsfargojobs.com/en/jobs/r-567614/supervisory-control-specialist/
WELLS_FARGO,R-568575,2027 Investment Banking Associate Program (CA) - Early Careers,Risk and Compliance,San Francisco,CA,United States,unknown,Full time,2026-08-21 17:57:13.741560,2026-08-17 00:00:00,https://www.wellsfargojobs.com/en/jobs/r-568575/2027-investment-banking-associate-program-ca-early-careers/
WELLS_FARGO,R-568620,2027 Investment Banking Summer Associate Program (CA) - Early Careers,Risk and Compliance,San Francisco,CA,United States,unknown,Full time,2026-08-21 17:57:13.760162,2026-08-17 00:00:00,https://www.wellsfargojobs.com/en/jobs/r-568620/2027-investment-banking-summer-associate-program-ca-early-careers/
WELLS_FARGO,R-568810,Bilingual Personal Banker State House,Risk and Compliance,Hartford,CT,United States,unknown,Full time,2026-08-21 17:57:13.768839,2026-08-17 00:00:00,https://www.wellsfargojobs.com/en/jobs/r-568810/bilingual-personal-banker-state-house/
WELLS_FARGO,R-553686,"Senior Lead Risk Analytics - AI Strategy, Data & AI Platform Enablement",Risk and Compliance,Charlotte,NC,United States,unknown,Full time,2026-08-21 17:57:13.785680,2026-08-17 00:00:00,https://www.wellsfargojobs.com/en/jobs/r-553686/senior-lead-risk-analytics-ai-strategy-data-ai-platform-enablement/
WELLS_FARGO,R-567351,Personal Banker - Airport University,Risk and Compliance,Mobile,AL,United States,unknown,Full time,2026-08-21 17:57:13.808892,2026-08-17 00:00:00,https://www.wellsfargojobs.com/en/jobs/r-567351/personal-banker-airport-university/
WELLS_FARGO,R-568494,Branch Operations Coordinator Old Irving Park IL,Risk and Compliance,Chicago,IL,United States,unknown,Full time,2026-08-21 17:57:13.822490,2026-08-17 00:00:00,https://www.wellsfargojobs.com/en/jobs/r-568494/branch-operations-coordinator-old-irving-park-il/
WELLS_FARGO,R-567253,Teller Main and Cypress,Risk and Compliance,Fort Bragg,CA,United States,unknown,Full time,2026-08-21 17:57:13.844319,2026-08-17 00:00:00,https://www.wellsfargojobs.com/en/jobs/r-567253/teller-main-and-cypress/
WELLS_FARGO,R-569238,Personal Banker Brookhaven,Risk and Compliance,Atlanta,GA,United States,unknown,Full time,2026-08-21 17:57:13.867181,2026-08-17 00:00:00,https://www.wellsfargojobs.com/en/jobs/r-569238/personal-banker-brookhaven/
WELLS_FARGO,R-551420,Teller Part Time Denfeld,Risk and Compliance,Duluth,MN,United States,unknown,Part time,2026-08-21 17:57:13.887879,2026-08-17 00:00:00,https://www.wellsfargojobs.com/en/jobs/r-551420/teller-part-time-denfeld/
WELLS_FARGO,R-569110,Head of Treasury Advisory for Complex Liquidity Solutions,Risk and Compliance,New York,NY,United States,unknown,Full time,2026-08-21 17:57:13.903253,2026-08-17 00:00:00,https://www.wellsfargojobs.com/en/jobs/r-569110/head-of-treasury-advisory-for-complex-liquidity-solutions/
WELLS_FARGO,R-568584,Personal Banker Bend,Risk and Compliance,Bend,OR,United States,unknown,Full time,2026-08-21 17:57:13.920122,2026-08-17 00:00:00,https://www.wellsfargojobs.com/en/jobs/r-568584/personal-banker-bend/
WELLS_FARGO,R-568482,Teller Part Time Missouri City,Risk and Compliance,Missouri City,TX,United States,unknown,Part time,2026-08-21 17:57:13.937390,2026-08-17 00:00:00,https://www.wellsfargojobs.com/en/jobs/r-568482/teller-part-time-missouri-city/
WELLS_FARGO,R-569281,Relationship Banker Embassy Lakes Cooper City FL,Risk and Compliance,Cooper City,FL,United States,unknown,Full time,2026-08-21 17:57:13.959119,2026-08-17 00:00:00,https://www.wellsfargojobs.com/en/jobs/r-569281/relationship-banker-embassy-lakes-cooper-city-fl/
WELLS_FARGO,R-567975,Personal Banker Castleberry Crossing,Risk and Compliance,Cumming,GA,United States,unknown,Full time,2026-08-21 17:57:13.995880,2026-08-18 00:00:00,https://www.wellsfargojobs.com/en/jobs/r-567975/personal-banker-castleberry-crossing/
WELLS_FARGO,R-561761,Lead Infrastructure Engineer - Application and Web Server Platform,Cloud and Infrastructure,Iselin,NJ,United States,unknown,Full time,2026-08-21 17:57:14.009011,2026-08-18 00:00:00,https://www.wellsfargojobs.com/en/jobs/r-561761/lead-infrastructure-engineer-application-and-web-server-platform/
WELLS_FARGO,R-565233,Personal Banker Riverdale,Risk and Compliance,Coon Rapids,MN,United States,unknown,Full time,2026-08-21 17:57:14.027875,2026-08-18 00:00:00,https://www.wellsfargojobs.com/en/jobs/r-565233/personal-banker-riverdale/
WELLS_FARGO,R-566221,Lead Commercial Loan Servicing Representative,Risk and Compliance,Roanoke,VA,United States,unknown,Full time,2026-08-21 17:57:14.040921,2026-08-18 00:00:00,https://www.wellsfargojobs.com/en/jobs/r-566221/lead-commercial-loan-servicing-representative/
WELLS_FARGO,R-567927,Personal Banker Microsoft East Redmond Campus,Risk and Compliance,Redmond,WA,United States,unknown,Full time,2026-08-21 17:57:14.060138,2026-08-18 00:00:00,https://www.wellsfargojobs.com/en/jobs/r-567927/personal-banker-microsoft-east-redmond-campus/
WELLS_FARGO,R-568967,Roving Personal Banker Spokane WA,Risk and Compliance,Spokane,WA,United States,unknown,Full time,2026-08-21 17:57:14.079109,2026-08-18 00:00:00,https://www.wellsfargojobs.com/en/jobs/r-568967/roving-personal-banker-spokane-wa/
WELLS_FARGO,R-569267,Roving Personal Banker Soundview District,Risk and Compliance,Silverdale,WA,United States,unknown,Full time,2026-08-21 17:57:14.099766,2026-08-18 00:00:00,https://www.wellsfargojobs.com/en/jobs/r-569267/roving-personal-banker-soundview-district/
WELLS_FARGO,R-561583,Registered Client Associate,Risk and Compliance,Purchase,NY,United States,unknown,Full time,2026-08-21 17:57:14.116309,2026-08-18 00:00:00,https://www.wellsfargojobs.com/en/jobs/r-561583/registered-client-associate/
WELLS_FARGO,R-569661,Personal Banker Hollywood,Risk and Compliance,Hollywood,CA,United States,unknown,Full time,2026-08-21 17:57:14.135219,2026-08-18 00:00:00,https://www.wellsfargojobs.com/en/jobs/r-569661/personal-banker-hollywood/
WELLS_FARGO,R-568962,Teller Almagordo,Risk and Compliance,Alamogordo,NM,United States,unknown,Full time,2026-08-21 17:57:14.150886,2026-08-18 00:00:00,https://www.wellsfargojobs.com/en/jobs/r-568962/teller-almagordo/
WELLS_FARGO,R-569441,Senior Premier Banker Fulton Street DeNovo,Risk and Compliance,Brooklyn,NY,United States,unknown,Full time,2026-08-21 17:57:14.173196,2026-08-18 00:00:00,https://www.wellsfargojobs.com/en/jobs/r-569441/senior-premier-banker-fulton-street-denovo/
WELLS_FARGO,R-563367,"CIB and GPL Client, Market & Sales Senior Lead Analytics Consultant",Risk and Compliance,Charlotte,NC,United States,unknown,Full time,2026-08-21 17:57:14.188580,2026-08-18 00:00:00,https://www.wellsfargojobs.com/en/jobs/r-563367/cib-and-gpl-client-market-sales-senior-lead-analytics-consultant/
WELLS_FARGO,R-564058,Branch Manager Mountain View District,Risk and Compliance,Ogden,UT,United States,unknown,Full time,2026-08-21 17:57:14.208600,2026-08-19 00:00:00,https://www.wellsfargojobs.com/en/jobs/r-564058/branch-manager-mountain-view-district/
WELLS_FARGO,R-566989,Lead Technology Business Services Consultant - CDO Data Business Office,Risk and Compliance,Charlotte,NC,United States,unknown,Full time,2026-08-21 17:57:14.220099,2026-08-19 00:00:00,https://www.wellsfargojobs.com/en/jobs/r-566989/lead-technology-business-services-consultant-cdo-data-business-office/
WELLS_FARGO,R-569640,Branch Manager East Vegas Valley,Risk and Compliance,Henderson,NV,United States,unknown,Full time,2026-08-21 17:57:14.243315,2026-08-19 00:00:00,https://www.wellsfargojobs.com/en/jobs/r-569640/branch-manager-east-vegas-valley/
WELLS_FARGO,R-569777,Innovation Hub UAT Tester,Risk and Compliance,Irving,TX,United States,unknown,Full time,2026-08-21 17:57:14.257757,2026-08-19 00:00:00,https://www.wellsfargojobs.com/en/jobs/r-569777/innovation-hub-uat-tester/
WELLS_FARGO,R-569796,Senior Premier Banker Chicago IL,Risk and Compliance,Chicago,IL,United States,unknown,,2026-08-21 17:57:14.281550,2026-08-19 00:00:00,https://www.wellsfargojobs.com/en/jobs/r-569796/senior-premier-banker-chicago-il/
WELLS_FARGO,R-569779,Senior Premier Banker Gold Country District,Risk and Compliance,Roseville,CA,United States,unknown,Full time,2026-08-21 17:57:14.304993,2026-08-19 00:00:00,https://www.wellsfargojobs.com/en/jobs/r-569779/senior-premier-banker-gold-country-district/
WELLS_FARGO,R-568879,Community Mortgage Bank Sales Consultant (SAFE),Risk and Compliance,Baltimore,MD,United States,unknown,Full time,2026-08-21 17:57:14.322688,2026-08-19 00:00:00,https://www.wellsfargojobs.com/en/jobs/r-568879/community-mortgage-bank-sales-consultant-safe/
WELLS_FARGO,R-569609,Teller Part Time Tustin,Risk and Compliance,Tustin,CA,United States,unknown,Part time,2026-08-21 17:57:14.346651,2026-08-19 00:00:00,https://www.wellsfargojobs.com/en/jobs/r-569609/teller-part-time-tustin/
WELLS_FARGO,R-561481,Relationship Banker North Berkeley,Risk and Compliance,Berkeley,CA,United States,unknown,Full time,2026-08-21 17:57:14.391100,2026-08-19 00:00:00,https://www.wellsfargojobs.com/en/jobs/r-561481/relationship-banker-north-berkeley/
WELLS_FARGO,R-564608,Teller Part Time Forks Township,Risk and Compliance,Easton,PA,United States,unknown,Part time,2026-08-21 17:57:14.409856,2026-08-19 00:00:00,https://www.wellsfargojobs.com/en/jobs/r-564608/teller-part-time-forks-township/
WELLS_FARGO,R-567280,Lead Information Security Engineer,Cybersecurity,Charlotte,NC,United States,unknown,Full time,2026-08-21 17:57:14.424498,2026-08-19 00:00:00,https://www.wellsfargojobs.com/en/jobs/r-567280/lead-information-security-engineer/
WELLS_FARGO,R-569787,Engineering Associate – Enterprise Data Technology & Operations,Risk and Compliance,Irving,TX,United States,unknown,Full time,2026-08-21 17:57:14.442245,2026-08-20 00:00:00,https://www.wellsfargojobs.com/en/jobs/r-569787/engineering-associate-enterprise-data-technology-operations/
WELLS_FARGO,R-569890,Branch Operations Associate Manager Sonoma,Risk and Compliance,Sonoma,CA,United States,unknown,Full time,2026-08-21 17:57:14.461590,2026-08-19 00:00:00,https://www.wellsfargojobs.com/en/jobs/r-569890/branch-operations-associate-manager-sonoma/
WELLS_FARGO,R-567498,Teller Part Time Agoura Hills,Risk and Compliance,Agoura Hills,CA,United States,unknown,Part time,2026-08-21 17:57:14.481083,2026-08-19 00:00:00,https://www.wellsfargojobs.com/en/jobs/r-567498/teller-part-time-agoura-hills/
WELLS_FARGO,R-569977,Relationship Banker Central Inland Empire District,Risk and Compliance,Riverside,CA,United States,unknown,,2026-08-21 17:57:14.502311,2026-08-19 00:00:00,https://www.wellsfargojobs.com/en/jobs/r-569977/relationship-banker-central-inland-empire-district/
WELLS_FARGO,R-559430,Branch Operations Associate Manager Baldwin Hills Main,Risk and Compliance,Los Angeles,CA,United States,unknown,Full time,2026-08-21 17:57:14.541153,2026-08-20 00:00:00,https://www.wellsfargojobs.com/en/jobs/r-559430/branch-operations-associate-manager-baldwin-hills-main/
WELLS_FARGO,R-566361,Lead Wealth Underwriter - Specialty Finance Group,Risk and Compliance,Charlotte,NC,United States,unknown,Full time,2026-08-21 17:57:14.557242,2026-08-20 00:00:00,https://www.wellsfargojobs.com/en/jobs/r-566361/lead-wealth-underwriter-specialty-finance-group/
WELLS_FARGO,R-567384,Lead Capacity Engineer,Risk and Compliance,Irving,TX,United States,unknown,Full time,2026-08-21 17:57:14.568338,2026-08-20 00:00:00,https://www.wellsfargojobs.com/en/jobs/r-567384/lead-capacity-engineer/
WELLS_FARGO,R-569971,Personal Banker Alpine,Risk and Compliance,Alpine,CA,United States,unknown,Full time,2026-08-21 17:57:14.584081,2026-08-20 00:00:00,https://www.wellsfargojobs.com/en/jobs/r-569971/personal-banker-alpine/
WELLS_FARGO,R-567715,Teller Part Time Loch Raven,Risk and Compliance,Baltimore,MD,United States,unknown,Part time,2026-08-21 17:57:14.599805,2026-08-20 00:00:00,https://www.wellsfargojobs.com/en/jobs/r-567715/teller-part-time-loch-raven/
WELLS_FARGO,R-552288,Senior Treasury Management Consultant,Risk and Compliance,Raleigh,NC,United States,unknown,Full time,2026-08-21 17:57:14.621481,2026-08-20 00:00:00,https://www.wellsfargojobs.com/en/jobs/r-552288/senior-treasury-management-consultant/
WELLS_FARGO,R-564406,Roving Personal Banker - Prescott,Risk and Compliance,Prescott,AZ,United States,unknown,Full time,2026-08-21 17:57:14.656974,2026-08-20 00:00:00,https://www.wellsfargojobs.com/en/jobs/r-564406/roving-personal-banker-prescott/
WELLS_FARGO,R-568945,Roving Personal Banker - North Orange County,Risk and Compliance,Brea,CA,United States,unknown,Full time,2026-08-21 17:57:14.669626,2026-08-20 00:00:00,https://www.wellsfargojobs.com/en/jobs/r-568945/roving-personal-banker-north-orange-county/
WELLS_FARGO,R-570109,Branch Manager in Fort Bend,Risk and Compliance,Rosenberg,TX,United States,unknown,Full time,2026-08-21 17:57:14.697453,2026-08-20 00:00:00,https://www.wellsfargojobs.com/en/jobs/r-570109/branch-manager-in-fort-bend/
WELLS_FARGO,R-569479,"Branch Operations Associate Manager Montgomery, AL",Risk and Compliance,Montgomery,AL,United States,unknown,Full time,2026-08-21 17:57:14.713938,2026-08-20 00:00:00,https://www.wellsfargojobs.com/en/jobs/r-569479/branch-operations-associate-manager-montgomery-al/
WELLS_FARGO,R-569815,Teller Bilingual Part Time Peachtree Hill,Risk and Compliance,Duluth,GA,United States,unknown,Part time,2026-08-21 17:57:14.733044,2026-08-20 00:00:00,https://www.wellsfargojobs.com/en/jobs/r-569815/teller-bilingual-part-time-peachtree-hill/
WELLS_FARGO,R-570024,Lead Infrastructure Engineer,Risk and Compliance,Saint Louis,MO,United States,unknown,Full time,2026-08-21 17:57:14.740551,2026-08-20 00:00:00,https://www.wellsfargojobs.com/en/jobs/r-570024/lead-infrastructure-engineer/
WELLS_FARGO,R-569465,Teller Part Time Bilingual Doraville,Risk and Compliance,Doraville,GA,United States,unknown,Part time,2026-08-21 17:57:14.754505,2026-08-20 00:00:00,https://www.wellsfargojobs.com/en/jobs/r-569465/teller-part-time-bilingual-doraville/
WELLS_FARGO,R-566087,Personal Banker Bilingual Spanish Albemarle Downtown,Risk and Compliance,Albemarle,NC,United States,unknown,Full time,2026-08-21 17:57:14.781152,2026-08-20 00:00:00,https://www.wellsfargojobs.com/en/jobs/r-566087/personal-banker-bilingual-spanish-albemarle-downtown/
WELLS_FARGO,R-570043,Personal Banker Bloomfield,Risk and Compliance,Bloomfield,CT,United States,unknown,Full time,2026-08-21 17:57:14.798101,2026-08-21 00:00:00,https://www.wellsfargojobs.com/en/jobs/r-570043/personal-banker-bloomfield/
WELLS_FARGO,R-566876,Teller Part Time Lake Oswego,Risk and Compliance,Lake Oswego,OR,United States,unknown,Part time,2026-08-21 17:57:14.812578,2026-08-20 00:00:00,https://www.wellsfargojobs.com/en/jobs/r-566876/teller-part-time-lake-oswego/
WELLS_FARGO,R-565590,Lead Infrastructure Engineer,Cloud and Infrastructure,Charlotte,NC,United States,unknown,Full time,2026-08-21 17:57:14.820359,2026-08-21 00:00:00,https://www.wellsfargojobs.com/en/jobs/r-565590/lead-infrastructure-engineer/
WELLS_FARGO,R-565863,Personal Banker Edison,Risk and Compliance,Edison,NJ,United States,unknown,Full time,2026-08-21 17:57:14.851226,2026-08-21 00:00:00,https://www.wellsfargojobs.com/en/jobs/r-565863/personal-banker-edison/
WELLS_FARGO,R-569803,Branch Manager Eau Claire,Risk and Compliance,Eau Claire,WI,United States,unknown,Full time,2026-08-21 17:57:14.871079,2026-08-21 00:00:00,https://www.wellsfargojobs.com/en/jobs/r-569803/branch-manager-eau-claire/
WELLS_FARGO,R-565939,Teller Part Time East Park,Risk and Compliance,Lincoln,NE,United States,unknown,Part time,2026-08-21 17:57:14.887827,2026-08-21 00:00:00,https://www.wellsfargojobs.com/en/jobs/r-565939/teller-part-time-east-park/
WELLS_FARGO,R-568257,Principal Engineer - Java Full Stack,Risk and Compliance,Irving,TX,United States,unknown,Full time,2026-08-21 17:57:14.904731,2026-08-21 00:00:00,https://www.wellsfargojobs.com/en/jobs/r-568257/principal-engineer-java-full-stack/
WELLS_FARGO,R-569772,Senior Lead Systems Operations Engineer,Risk and Compliance,Charlotte,NC,United States,unknown,Full time,2026-08-21 17:57:14.925312,2026-08-21 00:00:00,https://www.wellsfargojobs.com/en/jobs/r-569772/senior-lead-systems-operations-engineer/
WELLS_FARGO,R-570308,Personal Banker Denton,Risk and Compliance,Flower Mound,TX,United States,unknown,Full time,2026-08-21 17:57:14.936264,2026-08-21 00:00:00,https://www.wellsfargojobs.com/en/jobs/r-570308/personal-banker-denton/
WELLS_FARGO,R-568791,Personal Banker Universal Branch Format Scotch Plains,Risk and Compliance,Scotch Plains,NJ,United States,unknown,Full time,2026-08-21 17:57:14.957800,2026-08-21 00:00:00,https://www.wellsfargojobs.com/en/jobs/r-568791/personal-banker-universal-branch-format-scotch-plains/
WELLS_FARGO,R-570100,Teller Part Time Lake Mission Viejo,Risk and Compliance,Mission Viejo,CA,United States,unknown,Part time,2026-08-21 17:57:14.977893,2026-08-21 00:00:00,https://www.wellsfargojobs.com/en/jobs/r-570100/teller-part-time-lake-mission-viejo/
WELLS_FARGO,R-550794,Executive Director – Futures Commission Merchant Compliance,Risk and Compliance,New York,NY,United States,unknown,Full time,2026-08-21 17:57:14.996625,2026-08-21 00:00:00,https://www.wellsfargojobs.com/en/jobs/r-550794/executive-director-futures-commission-merchant-compliance/
WELLS_FARGO,R-557653,Trade Surveillance Lead Control Management Officer - Fixed Income,Risk and Compliance,Charlotte,NC,United States,unknown,Full time,2026-08-21 17:57:15.019697,2026-08-21 00:00:00,https://www.wellsfargojobs.com/en/jobs/r-557653/trade-surveillance-lead-control-management-officer-fixed-income/
WELLS_FARGO,R-567425,Lead Strategy & Planning Consultant — AI Product Strategy & Innovation,Risk and Compliance,Charlotte,NC,United States,unknown,Full time,2026-08-21 17:57:15.036512,2026-08-21 00:00:00,https://www.wellsfargojobs.com/en/jobs/r-567425/lead-strategy-planning-consultant-ai-product-strategy-innovation/
WELLS_FARGO,R-569759,Relationship Banker,Risk and Compliance,Fort Mill,SC,United States,unknown,Full time,2026-08-21 17:57:15.057216,2026-08-21 00:00:00,https://www.wellsfargojobs.com/en/jobs/r-569759/relationship-banker/
WELLS_FARGO,R-560979,Community Mortgage Bank Sales Consultant (SAFE),Risk and Compliance,San Antonio,TX,United States,unknown,Full time,2026-08-21 17:57:15.174685,2026-07-15 00:00:00,https://www.wellsfargojobs.com/en/jobs/r-560979/community-mortgage-bank-sales-consultant-safe/
WELLS_FARGO,R-563548,Mortgage Retail Sales Consultant,Risk and Compliance,Charlotte,NC,United States,unknown,Full time,2026-08-21 17:57:15.192133,2026-07-24 00:00:00,https://www.wellsfargojobs.com/en/jobs/r-563548/mortgage-retail-sales-consultant/
WELLS_FARGO,R-563494,"Business Banker (LO) Bellevue, WA",Risk and Compliance,Bellevue,WA,United States,unknown,Full time,2026-08-21 17:57:15.211731,2026-07-26 00:00:00,https://www.wellsfargojobs.com/en/jobs/r-563494/business-banker-lo-bellevue-wa/
WELLS_FARGO,R-563635,Private Mortgage Banker (SAFE) AZ,Risk and Compliance,Phoenix,AZ,United States,unknown,,2026-08-21 17:57:15.226232,2026-07-27 00:00:00,https://www.wellsfargojobs.com/en/jobs/r-563635/private-mortgage-banker-safe-az/
WELLS_FARGO,R-564908,CA-WA Private Mortgage Banker,Risk and Compliance,San Francisco,CA,United States,unknown,Full time,2026-08-21 17:57:15.260382,2026-07-30 00:00:00,https://www.wellsfargojobs.com/en/jobs/r-564908/ca-wa-private-mortgage-banker/
WELLS_FARGO,R-564903,CA-WA Private Mortgage Banker,Risk and Compliance,San Mateo,CA,United States,unknown,Full time,2026-08-21 17:57:15.278204,2026-07-30 00:00:00,https://www.wellsfargojobs.com/en/jobs/r-564903/ca-wa-private-mortgage-banker/
WELLS_FARGO,R-565704,Senior Premier Banker Grand Strand District Myrtle Beach South Carolina,Risk and Compliance,Myrtle Beach,SC,United States,unknown,Full time,2026-08-21 17:57:15.319128,2026-08-03 00:00:00,https://www.wellsfargojobs.com/en/jobs/r-565704/senior-premier-banker-grand-strand-district-myrtle-beach-south-carolina/
WELLS_FARGO,R-559000,Information Security Engineering Manager - IAM,Cybersecurity,Charlotte,NC,United States,unknown,Full time,2026-08-21 17:57:15.338125,2026-08-03 00:00:00,https://www.wellsfargojobs.com/en/jobs/r-559000/information-security-engineering-manager-iam/
WELLS_FARGO,R-565591,Personal Banker Boulder District,Risk and Compliance,Longmont,CO,United States,unknown,Full time,2026-08-21 17:57:15.352139,2026-08-03 00:00:00,https://www.wellsfargojobs.com/en/jobs/r-565591/personal-banker-boulder-district/
WELLS_FARGO,R-565759,CA-WA Mortgage Retail Sales Consultant,Risk and Compliance,Roseville,CA,United States,unknown,Full time,2026-08-21 17:57:15.368135,2026-08-04 00:00:00,https://www.wellsfargojobs.com/en/jobs/r-565759/ca-wa-mortgage-retail-sales-consultant/
WELLS_FARGO,R-566021,Branch Operations Coordinator Tharpe,Risk and Compliance,Tallahassee,FL,United States,unknown,Full time,2026-08-21 17:57:15.384124,2026-08-04 00:00:00,https://www.wellsfargojobs.com/en/jobs/r-566021/branch-operations-coordinator-tharpe/
WELLS_FARGO,R-564015,Mortgage Retail Sales Consultant (SAFE) AZ,Risk and Compliance,Phoenix,AZ,United States,unknown,,2026-08-21 17:57:15.398514,2026-07-27 00:00:00,https://www.wellsfargojobs.com/en/jobs/r-564015/mortgage-retail-sales-consultant-safe-az/
WELLS_FARGO,R-566449,"Personal Banker, Gilbert, Chandler & Queen Creek, AZ",Risk and Compliance,Chandler,AZ,United States,unknown,Full time,2026-08-21 17:57:15.414285,2026-08-05 00:00:00,https://www.wellsfargojobs.com/en/jobs/r-566449/personal-banker-gilbert-chandler-queen-creek-az/
WELLS_FARGO,R-566705,Branch Operations Associate Manager - Five Mile Overland,Risk and Compliance,Boise,ID,United States,unknown,Full time,2026-08-21 17:57:15.431080,2026-08-06 00:00:00,https://www.wellsfargojobs.com/en/jobs/r-566705/branch-operations-associate-manager-five-mile-overland/
WELLS_FARGO,R-560087,Associate Roving Personal Banker (SAFE) - Cal/Nev District,Risk and Compliance,Reno,NV,United States,unknown,Full time,2026-08-21 17:57:15.451520,2026-08-06 00:00:00,https://www.wellsfargojobs.com/en/jobs/r-560087/associate-roving-personal-banker-safe-cal-nev-district/
WELLS_FARGO,R-566865,Branch Manager Piedmont South District,Risk and Compliance,Asheboro,NC,United States,unknown,Full time,2026-08-21 17:57:15.469731,2026-08-06 00:00:00,https://www.wellsfargojobs.com/en/jobs/r-566865/branch-manager-piedmont-south-district/
WELLS_FARGO,R-566799,Business Banker (LO) East Nashville,Risk and Compliance,Nashville,TN,United States,unknown,Full time,2026-08-21 17:57:15.489014,2026-08-07 00:00:00,https://www.wellsfargojobs.com/en/jobs/r-566799/business-banker-lo-east-nashville/
WELLS_FARGO,R-567056,Relationship Banker Foothills District Greenville South Carolina,Risk and Compliance,Greenville,SC,United States,unknown,Full time,2026-08-21 17:57:15.512244,2026-08-07 00:00:00,https://www.wellsfargojobs.com/en/jobs/r-567056/relationship-banker-foothills-district-greenville-south-carolina/
WELLS_FARGO,R-561763,Registered Client Associate,Risk and Compliance,San Francisco,CA,United States,unknown,Full time,2026-08-21 17:57:15.527084,2026-08-07 00:00:00,https://www.wellsfargojobs.com/en/jobs/r-561763/registered-client-associate/
WELLS_FARGO,R-565925,"Branch Manager Winona, MN",Risk and Compliance,Winona,MN,United States,unknown,Full time,2026-08-21 17:57:15.548634,2026-08-10 00:00:00,https://www.wellsfargojobs.com/en/jobs/r-565925/branch-manager-winona-mn/
WELLS_FARGO,R-567683,Securities Quantitative Analytics Associate (#001926),Risk and Compliance,Charlotte,NC,United States,unknown,Full time,2026-08-21 17:57:15.562514,2026-08-11 00:00:00,https://www.wellsfargojobs.com/en/jobs/r-567683/securities-quantitative-analytics-associate-001926/
WELLS_FARGO,R-566960,Personal Banker Manahawkin Stafford Square,Risk and Compliance,Manahawkin,NJ,United States,unknown,Full time,2026-08-21 17:57:15.582290,2026-08-11 00:00:00,https://www.wellsfargojobs.com/en/jobs/r-566960/personal-banker-manahawkin-stafford-square/
WELLS_FARGO,R-567812,Senior Risk Analytics Consultant (#001864),Risk and Compliance,Wilmington,DE,United States,unknown,Full time,2026-08-21 17:57:15.593293,2026-08-11 00:00:00,https://www.wellsfargojobs.com/en/jobs/r-567812/senior-risk-analytics-consultant-001864/
WELLS_FARGO,R-567261,Teller Livingston,Risk and Compliance,Livingston,MT,United States,unknown,Full time,2026-08-21 17:57:15.612842,2026-08-11 00:00:00,https://www.wellsfargojobs.com/en/jobs/r-567261/teller-livingston/
WELLS_FARGO,R-538475,"Vice President, Lead ISDA Negotiator",Risk and Compliance,New York,NY,United States,unknown,Full time,2026-08-21 17:57:15.629768,2026-08-11 00:00:00,https://www.wellsfargojobs.com/en/jobs/r-538475/vice-president-lead-isda-negotiator/
WELLS_FARGO,R-567259,CA-WA Private Mortgage Banker (SAFE),Risk and Compliance,Beverly Hills,CA,United States,unknown,Full time,2026-08-21 17:57:15.648247,2026-08-11 00:00:00,https://www.wellsfargojobs.com/en/jobs/r-567259/ca-wa-private-mortgage-banker-safe/
WELLS_FARGO,R-567638,Branch Manager South Vegas Valley,Risk and Compliance,Henderson,NV,United States,unknown,Full time,2026-08-21 17:57:15.668109,2026-08-11 00:00:00,https://www.wellsfargojobs.com/en/jobs/r-567638/branch-manager-south-vegas-valley/
WELLS_FARGO,R-567411,Teller Part Time Layton Hills,Risk and Compliance,Layton,UT,United States,unknown,Part time,2026-08-21 17:57:15.685662,2026-08-11 00:00:00,https://www.wellsfargojobs.com/en/jobs/r-567411/teller-part-time-layton-hills/
WELLS_FARGO,R-565300,Personal Banker Bilingual Spanish Spotswood Branch,Risk and Compliance,Spotswood,NJ,United States,unknown,Full time,2026-08-21 17:57:15.704742,2026-08-12 00:00:00,https://www.wellsfargojobs.com/en/jobs/r-565300/personal-banker-bilingual-spanish-spotswood-branch/
WELLS_FARGO,R-567499,Personal Banker York Square Bilingual Spanish,Risk and Compliance,York,PA,United States,unknown,Full time,2026-08-21 17:57:15.720705,2026-08-12 00:00:00,https://www.wellsfargojobs.com/en/jobs/r-567499/personal-banker-york-square-bilingual-spanish/
WELLS_FARGO,R-564968,Branch Operations Coordinator St Rose Eastern Henderson,Risk and Compliance,Henderson,NV,United States,unknown,Full time,2026-08-21 17:57:15.736936,2026-08-12 00:00:00,https://www.wellsfargojobs.com/en/jobs/r-564968/branch-operations-coordinator-st-rose-eastern-henderson/
WELLS_FARGO,R-561641,Personal Banker Tri Valley,Risk and Compliance,San Ramon,CA,United States,unknown,Full time,2026-08-21 17:57:15.756627,2026-08-12 00:00:00,https://www.wellsfargojobs.com/en/jobs/r-561641/personal-banker-tri-valley/
WELLS_FARGO,R-563561,Senior Premier Banker Longmont CO,Risk and Compliance,Longmont,CO,United States,unknown,Full time,2026-08-21 17:57:15.777302,2026-08-12 00:00:00,https://www.wellsfargojobs.com/en/jobs/r-563561/senior-premier-banker-longmont-co/
WELLS_FARGO,R-567265,Relationship Banker MT. Vernon,Risk and Compliance,Mount Vernon,WA,United States,unknown,Full time,2026-08-21 17:57:15.809058,2026-08-12 00:00:00,https://www.wellsfargojobs.com/en/jobs/r-567265/relationship-banker-mt-vernon/
WELLS_FARGO,R-567946,Teller Part Time Bernalillo,Risk and Compliance,Bernalillo,NM,United States,unknown,Part time,2026-08-21 17:57:15.829397,2026-08-12 00:00:00,https://www.wellsfargojobs.com/en/jobs/r-567946/teller-part-time-bernalillo/
WELLS_FARGO,R-568303,Roving Personal Banker ROVING NC Coast South,Risk and Compliance,Jacksonville,NC,United States,unknown,Full time,2026-08-21 17:57:15.849653,2026-08-13 00:00:00,https://www.wellsfargojobs.com/en/jobs/r-568303/roving-personal-banker-roving-nc-coast-south/
WELLS_FARGO,R-567483,Branch Operations Coordinator Preston and Forest Lane,Risk and Compliance,Dallas,TX,United States,unknown,Full time,2026-08-21 17:57:15.886933,2026-08-13 00:00:00,https://www.wellsfargojobs.com/en/jobs/r-567483/branch-operations-coordinator-preston-and-forest-lane/
WELLS_FARGO,R-568072,Senior Premier Banker Delaware South District,Risk and Compliance,Middletown,DE,United States,unknown,Full time,2026-08-21 17:57:15.909081,2026-08-13 00:00:00,https://www.wellsfargojobs.com/en/jobs/r-568072/senior-premier-banker-delaware-south-district/
WELLS_FARGO,R-567081,Teller Part Time Montecito Branch,Risk and Compliance,Santa Barbara,CA,United States,unknown,Part time,2026-08-21 17:57:15.927764,2026-08-13 00:00:00,https://www.wellsfargojobs.com/en/jobs/r-567081/teller-part-time-montecito-branch/
WELLS_FARGO,R-568326,Senior Commercial Loan Servicing Specialist – Asset Based Lending/Syndicated Loans,Operations,Irving,TX,United States,unknown,Full time,2026-08-21 17:57:15.944697,2026-08-14 00:00:00,https://www.wellsfargojobs.com/en/jobs/r-568326/senior-commercial-loan-servicing-specialist-asset-based-lending-syndicated-loans/
WELLS_FARGO,R-568442,"Vice President, Commodities COO",Risk and Compliance,Houston,TX,United States,unknown,Full time,2026-08-21 17:57:15.962178,2026-08-14 00:00:00,https://www.wellsfargojobs.com/en/jobs/r-568442/vice-president-commodities-coo/
WELLS_FARGO,R-560136,Roving Personal Banker North Phoenix Scottsdale,Risk and Compliance,Cave Creek,AZ,United States,unknown,Full time,2026-08-21 17:57:15.983884,2026-08-14 00:00:00,https://www.wellsfargojobs.com/en/jobs/r-560136/roving-personal-banker-north-phoenix-scottsdale/
WELLS_FARGO,R-568905,Personal Banker Bilingual Spanish Required- West Millbrook Raleigh NC,Risk and Compliance,Raleigh,NC,United States,unknown,Full time,2026-08-21 17:57:16.001338,2026-08-17 00:00:00,https://www.wellsfargojobs.com/en/jobs/r-568905/personal-banker-bilingual-spanish-required-west-millbrook-raleigh-nc/
WELLS_FARGO,R-567981,Teller Part Time Jal,Risk and Compliance,Jal,NM,United States,unknown,Part time,2026-08-21 17:57:16.017117,2026-08-17 00:00:00,https://www.wellsfargojobs.com/en/jobs/r-567981/teller-part-time-jal/
WELLS_FARGO,R-565965,Bilingual Personal Banker Lake Mary,Risk and Compliance,Lake Mary,FL,United States,unknown,Full time,2026-08-21 17:57:16.034955,2026-08-17 00:00:00,https://www.wellsfargojobs.com/en/jobs/r-565965/bilingual-personal-banker-lake-mary/
WELLS_FARGO,R-568899,Teller Bilingual Aventura North,Risk and Compliance,Aventura,FL,United States,unknown,Full time,2026-08-21 17:57:16.054001,2026-08-17 00:00:00,https://www.wellsfargojobs.com/en/jobs/r-568899/teller-bilingual-aventura-north/
WELLS_FARGO,R-569231,Roving Personal Banker Northwest Houston,Risk and Compliance,Houston,TX,United States,unknown,Full time,2026-08-21 17:57:16.075074,2026-08-17 00:00:00,https://www.wellsfargojobs.com/en/jobs/r-569231/roving-personal-banker-northwest-houston/
WELLS_FARGO,R-569254,Teller Central Bend,Risk and Compliance,Bend,OR,United States,unknown,Full time,2026-08-21 17:57:16.092869,2026-08-17 00:00:00,https://www.wellsfargojobs.com/en/jobs/r-569254/teller-central-bend/
WELLS_FARGO,R-565455,Relationship Banker East Park,Risk and Compliance,Lincoln,NE,United States,unknown,Full time,2026-08-21 17:57:16.116100,2026-08-17 00:00:00,https://www.wellsfargojobs.com/en/jobs/r-565455/relationship-banker-east-park/
WELLS_FARGO,R-569401,2027 Quantitative Analytics Program – Risk Analytics and Decision Science (RADS PhD) – Early Careers,Risk and Compliance,Charlotte,NC,United States,unknown,Full time,2026-08-21 17:57:16.134435,2026-08-18 00:00:00,https://www.wellsfargojobs.com/en/jobs/r-569401/2027-quantitative-analytics-program-risk-analytics-and-decision-science-rads-phd-early-careers/
WELLS_FARGO,R-566819,Branch Operations Coordinator Alexandria,Risk and Compliance,Alexandria,VA,United States,unknown,Full time,2026-08-21 17:57:16.154675,2026-08-18 00:00:00,https://www.wellsfargojobs.com/en/jobs/r-566819/branch-operations-coordinator-alexandria/
WELLS_FARGO,R-569341,Teller Part Time Denver City Texas,Risk and Compliance,Denver City,TX,United States,unknown,Part time,2026-08-21 17:57:16.172608,2026-08-18 00:00:00,https://www.wellsfargojobs.com/en/jobs/r-569341/teller-part-time-denver-city-texas/
WELLS_FARGO,R-563314,Teller Part Time Mission,Risk and Compliance,Mission,SD,United States,unknown,Part time,2026-08-21 17:57:16.189579,2026-08-17 00:00:00,https://www.wellsfargojobs.com/en/jobs/r-563314/teller-part-time-mission/
WELLS_FARGO,R-568514,Teller Red Mountain,Risk and Compliance,Mesa,AZ,United States,unknown,Full time,2026-08-21 17:57:16.206407,2026-08-18 00:00:00,https://www.wellsfargojobs.com/en/jobs/r-568514/teller-red-mountain/
WELLS_FARGO,R-569340,Personal Banker Sumter Hwy,Risk and Compliance,Columbia,SC,United States,unknown,Full time,2026-08-21 17:57:16.223198,2026-08-18 00:00:00,https://www.wellsfargojobs.com/en/jobs/r-569340/personal-banker-sumter-hwy/
WELLS_FARGO,R-558298,Personal Banker  Post Falls ID,Risk and Compliance,Post Falls,ID,United States,unknown,Full time,2026-08-21 17:57:16.240700,2026-08-18 00:00:00,https://www.wellsfargojobs.com/en/jobs/r-558298/personal-banker-post-falls-id/
WELLS_FARGO,R-569200,Teller Independence Mall Branch,Risk and Compliance,Wilmington,NC,United States,unknown,Full time,2026-08-21 17:57:16.256755,2026-08-18 00:00:00,https://www.wellsfargojobs.com/en/jobs/r-569200/teller-independence-mall-branch/
WELLS_FARGO,R-568400,Senior Information Security Engineer,Cybersecurity,Chandler,AZ,United States,unknown,Full time,2026-08-21 17:57:16.289880,2026-08-18 00:00:00,https://www.wellsfargojobs.com/en/jobs/r-568400/senior-information-security-engineer/
WELLS_FARGO,R-569507,Teller Part Time Fernley,Risk and Compliance,Fernley,NV,United States,unknown,Part time,2026-08-21 17:57:16.309474,2026-08-18 00:00:00,https://www.wellsfargojobs.com/en/jobs/r-569507/teller-part-time-fernley/
WELLS_FARGO,R-569379,Teller Watsonville,Risk and Compliance,Watsonville,CA,United States,unknown,Full time,2026-08-21 17:57:16.329467,2026-08-18 00:00:00,https://www.wellsfargojobs.com/en/jobs/r-569379/teller-watsonville/
WELLS_FARGO,R-559809,"Business Banker (LO) Conshohocken, PA",Risk and Compliance,Conshohocken,PA,United States,unknown,Full time,2026-08-21 17:57:16.348401,2026-08-17 00:00:00,https://www.wellsfargojobs.com/en/jobs/r-559809/business-banker-lo-conshohocken-pa/
WELLS_FARGO,R-561828,Teller Part Time Woodbridge Tenants,Risk and Compliance,Woodbridge,CT,United States,unknown,Part time,2026-08-21 17:57:16.366450,2026-08-18 00:00:00,https://www.wellsfargojobs.com/en/jobs/r-561828/teller-part-time-woodbridge-tenants/
WELLS_FARGO,R-565293,Personal Banker | 22nd and Mission,Risk and Compliance,San Francisco,CA,United States,unknown,Full time,2026-08-21 17:57:16.385638,2026-08-18 00:00:00,https://www.wellsfargojobs.com/en/jobs/r-565293/personal-banker-22nd-and-mission/
WELLS_FARGO,R-556906,Relationship Banker - Hellerman,Risk and Compliance,Philadelphia,PA,United States,unknown,Full time,2026-08-21 17:57:16.404826,2026-08-19 00:00:00,https://www.wellsfargojobs.com/en/jobs/r-556906/relationship-banker-hellerman/
WELLS_FARGO,R-565675,Senior Product Manager -  Financial Institutions Group,Risk and Compliance,Charlotte,NC,United States,unknown,Full time,2026-08-21 17:57:16.423220,2026-08-19 00:00:00,https://www.wellsfargojobs.com/en/jobs/r-565675/senior-product-manager-financial-institutions-group/
WELLS_FARGO,R-569096,Mortgage Retail Sales Consultant (SAFE),Risk and Compliance,Baltimore,MD,United States,unknown,Full time,2026-08-21 17:57:16.440824,2026-08-19 00:00:00,https://www.wellsfargojobs.com/en/jobs/r-569096/mortgage-retail-sales-consultant-safe/
WELLS_FARGO,R-569115,Mortgage Retail Sales Consultant (SAFE),Risk and Compliance,Chesapeake,VA,United States,unknown,Full time,2026-08-21 17:57:16.451974,2026-08-19 00:00:00,https://www.wellsfargojobs.com/en/jobs/r-569115/mortgage-retail-sales-consultant-safe/
WELLS_FARGO,R-569121,Mortgage Retail Sales Consultant (SAFE),Risk and Compliance,Richmond,VA,United States,unknown,Full time,2026-08-21 17:57:16.468971,2026-08-19 00:00:00,https://www.wellsfargojobs.com/en/jobs/r-569121/mortgage-retail-sales-consultant-safe/
WELLS_FARGO,R-567958,Lead Systems Operations Engineer - Citrix Platform Services,Cloud and Infrastructure,Charlotte,NC,United States,unknown,Full time,2026-08-21 17:57:16.483089,2026-08-14 00:00:00,https://www.wellsfargojobs.com/en/jobs/r-567958/lead-systems-operations-engineer-citrix-platform-services/
WELLS_FARGO,R-568750,"Business Banker (LO) Albuquerque, NM",Risk and Compliance,Albuquerque,NM,United States,unknown,Full time,2026-08-21 17:57:16.521667,2026-08-18 00:00:00,https://www.wellsfargojobs.com/en/jobs/r-568750/business-banker-lo-albuquerque-nm/
WELLS_FARGO,R-569136,Teller Part Time Madera,Risk and Compliance,Madera,CA,United States,unknown,Part time,2026-08-21 17:57:16.542385,2026-08-19 00:00:00,https://www.wellsfargojobs.com/en/jobs/r-569136/teller-part-time-madera/
WELLS_FARGO,R-569448,Bilingual Personal Banker Gardens Park,Risk and Compliance,Palm Beach Gardens,FL,United States,unknown,Full time,2026-08-21 17:57:16.559335,2026-08-19 00:00:00,https://www.wellsfargojobs.com/en/jobs/r-569448/bilingual-personal-banker-gardens-park/
WELLS_FARGO,R-559682,Personal Banker South Lake Union,Risk and Compliance,Seattle,WA,United States,unknown,Full time,2026-08-21 17:57:16.577361,2026-08-19 00:00:00,https://www.wellsfargojobs.com/en/jobs/r-559682/personal-banker-south-lake-union/
WELLS_FARGO,R-569187,Teller Bilingual Sunnyslope,Risk and Compliance,Phoenix,AZ,United States,unknown,Full time,2026-08-21 17:57:16.593219,2026-08-19 00:00:00,https://www.wellsfargojobs.com/en/jobs/r-569187/teller-bilingual-sunnyslope/
WELLS_FARGO,R-569377,Teller Part Time West Point Utah,Risk and Compliance,West Point,UT,United States,unknown,Part time,2026-08-21 17:57:16.611834,2026-08-19 00:00:00,https://www.wellsfargojobs.com/en/jobs/r-569377/teller-part-time-west-point-utah/
WELLS_FARGO,R-569563,Teller Part Time SE 82nd Foster,Risk and Compliance,Portland,OR,United States,unknown,Part time,2026-08-21 17:57:16.630214,2026-08-18 00:00:00,https://www.wellsfargojobs.com/en/jobs/r-569563/teller-part-time-se-82nd-foster/
WELLS_FARGO,R-569354,Business Banker (LO),Risk and Compliance,Myrtle Beach,SC,United States,unknown,Full time,2026-08-21 17:57:16.651413,2026-08-18 00:00:00,https://www.wellsfargojobs.com/en/jobs/r-569354/business-banker-lo/
WELLS_FARGO,R-569576,Teller Part Time Preston Center,Risk and Compliance,Dallas,TX,United States,unknown,Part time,2026-08-21 17:57:16.676817,2026-08-19 00:00:00,https://www.wellsfargojobs.com/en/jobs/r-569576/teller-part-time-preston-center/
WELLS_FARGO,R-567626,Relationship Banker Floresville,Risk and Compliance,Floresville,TX,United States,unknown,Full time,2026-08-21 17:57:16.702448,2026-08-19 00:00:00,https://www.wellsfargojobs.com/en/jobs/r-567626/relationship-banker-floresville/
WELLS_FARGO,R-555788,Branch Operations Coordinator Noriega And 32nd,Risk and Compliance,San Francisco,CA,United States,unknown,Full time,2026-08-21 17:57:16.719486,2026-08-19 00:00:00,https://www.wellsfargojobs.com/en/jobs/r-555788/branch-operations-coordinator-noriega-and-32nd/
WELLS_FARGO,R-559816,Lead Specialty Software Engineer - ServiceNow WSD,Software Engineering,Charlotte,NC,United States,unknown,Full time,2026-08-21 17:57:16.759588,2026-08-18 00:00:00,https://www.wellsfargojobs.com/en/jobs/r-559816/lead-specialty-software-engineer-servicenow-wsd/
WELLS_FARGO,R-569131,Private Mortgage Banker (SAFE),Risk and Compliance,Mclean,VA,United States,unknown,Full time,2026-08-21 17:57:16.777045,2026-08-19 00:00:00,https://www.wellsfargojobs.com/en/jobs/r-569131/private-mortgage-banker-safe/
WELLS_FARGO,R-569194,Teller Part Time Jones Valley,Risk and Compliance,Huntsville,AL,United States,unknown,Part time,2026-08-21 17:57:16.793068,2026-08-19 00:00:00,https://www.wellsfargojobs.com/en/jobs/r-569194/teller-part-time-jones-valley/
WELLS_FARGO,R-569551,Teller Part Time New Prague,Risk and Compliance,New Prague,MN,United States,unknown,Part time,2026-08-21 17:57:16.810509,2026-08-19 00:00:00,https://www.wellsfargojobs.com/en/jobs/r-569551/teller-part-time-new-prague/
WELLS_FARGO,R-563519,Teller Bilingual Part Time Salinas,Risk and Compliance,Salinas,CA,United States,unknown,Part time,2026-08-21 17:57:16.829152,2026-08-20 00:00:00,https://www.wellsfargojobs.com/en/jobs/r-563519/teller-bilingual-part-time-salinas/
WELLS_FARGO,R-510931,"Equity Research Associate, Aerospace & Defense",Risk and Compliance,New York,NY,United States,unknown,Full time,2026-08-21 17:57:16.846779,2026-08-20 00:00:00,https://www.wellsfargojobs.com/en/jobs/r-510931/equity-research-associate-aerospace-defense/
WELLS_FARGO,R-557791,Principal Engineer,Risk and Compliance,Columbus,OH,United States,unknown,Full time,2026-08-21 17:57:16.865660,2026-08-20 00:00:00,https://www.wellsfargojobs.com/en/jobs/r-557791/principal-engineer/
WELLS_FARGO,R-563511,Lead Securities Operations Specialist,Risk and Compliance,Charlotte,NC,United States,unknown,Full time,2026-08-21 17:57:16.884589,2026-08-18 00:00:00,https://www.wellsfargojobs.com/en/jobs/r-563511/lead-securities-operations-specialist/
WELLS_FARGO,R-569671,Personal Banker Bellaire & Rice,Risk and Compliance,Bellaire,TX,United States,unknown,Full time,2026-08-21 17:57:16.900822,2026-08-19 00:00:00,https://www.wellsfargojobs.com/en/jobs/r-569671/personal-banker-bellaire-rice/
WELLS_FARGO,R-561110,Relationship Banker Long Island City DeNovo,Risk and Compliance,Long Island City,NY,United States,unknown,Full time,2026-08-21 17:57:16.924256,2026-08-14 00:00:00,https://www.wellsfargojobs.com/en/jobs/r-561110/relationship-banker-long-island-city-denovo/
WELLS_FARGO,R-564557,Personal Banker-Red Road Miami FL,Risk and Compliance,Miami,FL,United States,unknown,Full time,2026-08-21 17:57:16.943173,2026-08-17 00:00:00,https://www.wellsfargojobs.com/en/jobs/r-564557/personal-banker-red-road-miami-fl/
WELLS_FARGO,R-569109,Mortgage Retail Sales Consultant (SAFE),Risk and Compliance,Baltimore,MD,United States,unknown,Full time,2026-08-21 17:57:16.959288,2026-08-19 00:00:00,https://www.wellsfargojobs.com/en/jobs/r-569109/mortgage-retail-sales-consultant-safe/
WELLS_FARGO,R-569760,Relationship Banker Cortez,Risk and Compliance,Bradenton,FL,United States,unknown,Full time,2026-08-21 17:57:16.981181,2026-08-20 00:00:00,https://www.wellsfargojobs.com/en/jobs/r-569760/relationship-banker-cortez/
WELLS_FARGO,R-569835,Senior Premier Banker - Laguna Niguel,Risk and Compliance,Laguna Niguel,CA,United States,unknown,Full time,2026-08-21 17:57:17.005348,2026-08-20 00:00:00,https://www.wellsfargojobs.com/en/jobs/r-569835/senior-premier-banker-laguna-niguel/
WELLS_FARGO,R-569972,Relationship Banker - National City,Risk and Compliance,National City,CA,United States,unknown,Full time,2026-08-21 17:57:17.031601,2026-08-20 00:00:00,https://www.wellsfargojobs.com/en/jobs/r-569972/relationship-banker-national-city/
WELLS_FARGO,R-559438,Branch Operations Coordinator Half Moon Bay,Risk and Compliance,Half Moon Bay,CA,United States,unknown,Full time,2026-08-21 17:57:17.047868,2026-08-20 00:00:00,https://www.wellsfargojobs.com/en/jobs/r-559438/branch-operations-coordinator-half-moon-bay/
WELLS_FARGO,R-569794,"Personal Banker-Broward Boulevard I-95 Branch Ft. Lauderdale, FL",Risk and Compliance,Fort Lauderdale,FL,United States,unknown,Full time,2026-08-21 17:57:17.065642,2026-08-20 00:00:00,https://www.wellsfargojobs.com/en/jobs/r-569794/personal-banker-broward-boulevard-i-95-branch-ft-lauderdale-fl/
WELLS_FARGO,R-565495,Private Mortgage Banker,Risk and Compliance,Seattle,WA,United States,unknown,Full time,2026-08-21 17:57:17.083852,2026-08-21 00:00:00,https://www.wellsfargojobs.com/en/jobs/r-565495/private-mortgage-banker/
WELLS_FARGO,R-569082,Branch Operations Associate Manager Garrisonville Salisbury,Risk and Compliance,Stafford,VA,United States,unknown,Full time,2026-08-21 17:57:17.103065,2026-08-18 00:00:00,https://www.wellsfargojobs.com/en/jobs/r-569082/branch-operations-associate-manager-garrisonville-salisbury/
WELLS_FARGO,R-569355,Mortgage Retail Sales Coordinator (SAFE),Risk and Compliance,Los Angeles,CA,United States,unknown,Full time,2026-08-21 17:57:17.116088,2026-08-18 00:00:00,https://www.wellsfargojobs.com/en/jobs/r-569355/mortgage-retail-sales-coordinator-safe/
WELLS_FARGO,R-570238,Senior Commercial Banking Relationship Manager,Risk and Compliance,New York,NY,United States,unknown,Full time,2026-08-21 17:57:17.131755,2026-08-20 00:00:00,https://www.wellsfargojobs.com/en/jobs/r-570238/senior-commercial-banking-relationship-manager/
WELLS_FARGO,R-552686,Senior Lead Business Execution Consultant – Liquidity Product,Risk and Compliance,Charlotte,NC,United States,unknown,Full time,2026-08-21 17:57:17.149180,2026-08-20 00:00:00,https://www.wellsfargojobs.com/en/jobs/r-552686/senior-lead-business-execution-consultant-liquidity-product/
WELLS_FARGO,R-564204,Branch Operations Manager Onalaska WI,Risk and Compliance,Onalaska,WI,United States,unknown,Full time,2026-08-21 17:57:17.170228,2026-08-21 00:00:00,https://www.wellsfargojobs.com/en/jobs/r-564204/branch-operations-manager-onalaska-wi/
WELLS_FARGO,R-567083,Operations Processor,Risk and Compliance,Charlotte,NC,United States,unknown,Full time,2026-08-21 17:57:17.179730,2026-08-19 00:00:00,https://www.wellsfargojobs.com/en/jobs/r-567083/operations-processor/
WELLS_FARGO,R-567113,Principal Engineer - Data Center Infrastructure Engineering Service Delivery,Risk and Compliance,Irving,TX,United States,unknown,Full time,2026-08-21 17:57:17.193563,2026-08-21 00:00:00,https://www.wellsfargojobs.com/en/jobs/r-567113/principal-engineer-data-center-infrastructure-engineering-service-delivery/
WELLS_FARGO,R-568141,Lead Business Product Owner (Initiative Lead),Risk and Compliance,Irving,TX,United States,unknown,Full time,2026-08-21 17:57:17.209087,2026-08-20 00:00:00,https://www.wellsfargojobs.com/en/jobs/r-568141/lead-business-product-owner-initiative-lead/
WELLS_FARGO,R-568963,Branch Operations Coordinator Bilingual Spanish Midlothian Texas,Risk and Compliance,Midlothian,TX,United States,unknown,Full time,2026-08-21 17:57:17.223796,2026-08-21 00:00:00,https://www.wellsfargojobs.com/en/jobs/r-568963/branch-operations-coordinator-bilingual-spanish-midlothian-texas/
WELLS_FARGO,R-557662,Trade Surveillance Lead Control Management Officer - Equities,Risk and Compliance,Charlotte,NC,United States,unknown,Full time,2026-08-21 17:57:17.248806,2026-08-21 00:00:00,https://www.wellsfargojobs.com/en/jobs/r-557662/trade-surveillance-lead-control-management-officer-equities/
WELLS_FARGO,R-570027,"Personal Banker, Redd Rd. Branch, El Paso, TX",Risk and Compliance,El Paso,TX,United States,unknown,Full time,2026-08-21 17:57:17.266470,2026-08-20 00:00:00,https://www.wellsfargojobs.com/en/jobs/r-570027/personal-banker-redd-rd-branch-el-paso-tx/
WELLS_FARGO,R-568546,Client Reference Data Solutions Principal Engineer,Risk and Compliance,San Francisco,CA,United States,unknown,Full time,2026-08-21 17:57:17.282169,2026-08-21 00:00:00,https://www.wellsfargojobs.com/en/jobs/r-568546/client-reference-data-solutions-principal-engineer/
WELLS_FARGO,R-569517,Teller Part Time Fuquay Varina Branch Broad St Store,Risk and Compliance,Fuquay Varina,NC,United States,unknown,Part time,2026-08-21 17:57:17.302124,2026-08-19 00:00:00,https://www.wellsfargojobs.com/en/jobs/r-569517/teller-part-time-fuquay-varina-branch-broad-st-store/
WELLS_FARGO,R-566964,Business Relationship Support Associate - GPL Senior Technical Support Analyst,Risk and Compliance,Charlotte,NC,United States,unknown,Full time,2026-08-21 17:57:17.321653,2026-08-14 00:00:00,https://www.wellsfargojobs.com/en/jobs/r-566964/business-relationship-support-associate-gpl-senior-technical-support-analyst/
WELLS_FARGO,R-570214,Personal Banker Seguin Corners TX,Risk and Compliance,Seguin,TX,United States,unknown,Full time,2026-08-21 17:57:17.340543,2026-08-20 00:00:00,https://www.wellsfargojobs.com/en/jobs/r-570214/personal-banker-seguin-corners-tx/
WELLS_FARGO,R-565698,Reconciliation Utility Oversight Manager – Operational Accounting Manager,Risk and Compliance,Tempe,AZ,United States,unknown,Full time,2026-08-21 17:57:17.351489,2026-08-20 00:00:00,https://www.wellsfargojobs.com/en/jobs/r-565698/reconciliation-utility-oversight-manager-operational-accounting-manager/
WELLS_FARGO,R-555418,Private Mortgage Banker,Risk and Compliance,Arvada,CO,United States,unknown,Full time,2026-08-21 17:57:17.383807,2026-06-23 00:00:00,https://www.wellsfargojobs.com/en/jobs/r-555418/private-mortgage-banker/
WELLS_FARGO,R-558787,CA-WA Community Mortgage Bank Sales Consultant (SAFE) -Bilingual Spanish,Risk and Compliance,Santa Ana,CA,United States,unknown,Full time,2026-08-21 17:57:17.400766,2026-07-10 00:00:00,https://www.wellsfargojobs.com/en/jobs/r-558787/ca-wa-community-mortgage-bank-sales-consultant-safe-bilingual-spanish/
WELLS_FARGO,R-562104,Branch Manager South Astoria 30th Avenue DeNovo,Risk and Compliance,Astoria,NY,United States,unknown,Full time,2026-08-21 17:57:17.420981,2026-07-20 00:00:00,https://www.wellsfargojobs.com/en/jobs/r-562104/branch-manager-south-astoria-30th-avenue-denovo/
WELLS_FARGO,R-562199,Private Mortgage Banker (SAFE),Risk and Compliance,Irving,TX,United States,unknown,,2026-08-21 17:57:17.440381,2026-07-20 00:00:00,https://www.wellsfargojobs.com/en/jobs/r-562199/private-mortgage-banker-safe/
WELLS_FARGO,R-557478,Senior Tax Analyst,Risk and Compliance,Charlotte,NC,United States,unknown,Full time,2026-08-21 17:57:17.456464,2026-07-27 00:00:00,https://www.wellsfargojobs.com/en/jobs/r-557478/senior-tax-analyst/
WELLS_FARGO,R-556926,Personal Banker Juneau,Risk and Compliance,Juneau,AK,United States,unknown,Full time,2026-08-21 17:57:17.472394,2026-07-28 00:00:00,https://www.wellsfargojobs.com/en/jobs/r-556926/personal-banker-juneau/
WELLS_FARGO,R-564359,Relationship Banker Northern Ocean District,Risk and Compliance,Freehold,NJ,United States,unknown,Full time,2026-08-21 17:57:17.499291,2026-07-28 00:00:00,https://www.wellsfargojobs.com/en/jobs/r-564359/relationship-banker-northern-ocean-district/
WELLS_FARGO,R-563824,Relationship Banker Juneau,Risk and Compliance,Juneau,AK,United States,unknown,Full time,2026-08-21 17:57:17.523418,2026-07-27 00:00:00,https://www.wellsfargojobs.com/en/jobs/r-563824/relationship-banker-juneau/
WELLS_FARGO,R-564161,"Personal Banker, Tuba City, AZ",Risk and Compliance,Tuba City,AZ,United States,unknown,Full time,2026-08-21 17:57:17.541020,2026-07-28 00:00:00,https://www.wellsfargojobs.com/en/jobs/r-564161/personal-banker-tuba-city-az/
WELLS_FARGO,R-544501,"CPG Tech Lead Software Engineer S/4 HANA - RE-FX, EPPM",Risk and Compliance,Charlotte,NC,United States,unknown,,2026-08-21 17:57:17.559512,2026-07-29 00:00:00,https://www.wellsfargojobs.com/en/jobs/r-544501/cpg-tech-lead-software-engineer-s-4-hana-re-fx-eppm/
WELLS_FARGO,R-564884,CA-WA Mortgage Retail Sales Consultant (SAFE),Risk and Compliance,San Mateo,CA,United States,unknown,Full time,2026-08-21 17:57:17.579824,2026-07-30 00:00:00,https://www.wellsfargojobs.com/en/jobs/r-564884/ca-wa-mortgage-retail-sales-consultant-safe/
WELLS_FARGO,R-564916,CA-WA Mortgage Retail Sales Consultant (SAFE),Risk and Compliance,Concord,CA,United States,unknown,Full time,2026-08-21 17:57:17.595854,2026-07-30 00:00:00,https://www.wellsfargojobs.com/en/jobs/r-564916/ca-wa-mortgage-retail-sales-consultant-safe/
WELLS_FARGO,R-561757,Teller Kotzebue AK,Risk and Compliance,Kotzebue,AK,United States,unknown,Full time,2026-08-21 17:57:17.614985,2026-07-30 00:00:00,https://www.wellsfargojobs.com/en/jobs/r-561757/teller-kotzebue-ak/
WELLS_FARGO,R-565220,Teller Full Time Spearfish,Risk and Compliance,Spearfish,SD,United States,unknown,Full time,2026-08-21 17:57:17.634363,2026-07-31 00:00:00,https://www.wellsfargojobs.com/en/jobs/r-565220/teller-full-time-spearfish/
WELLS_FARGO,R-565318,"Personal Banker, New Mexico North Central District",Risk and Compliance,Santa Fe,NM,United States,unknown,Full time,2026-08-21 17:57:17.653935,2026-07-31 00:00:00,https://www.wellsfargojobs.com/en/jobs/r-565318/personal-banker-new-mexico-north-central-district/
WELLS_FARGO,R-565078,Private Mortgage Banking Associate Manager (SAFE),Risk and Compliance,Las Vegas,NV,United States,unknown,Full time,2026-08-21 17:57:17.669750,2026-07-31 00:00:00,https://www.wellsfargojobs.com/en/jobs/r-565078/private-mortgage-banking-associate-manager-safe/
WELLS_FARGO,R-565162,Senior Business Banking Relationship Manager (LO),Risk and Compliance,Fresno,CA,United States,unknown,Full time,2026-08-21 17:57:17.684341,2026-07-31 00:00:00,https://www.wellsfargojobs.com/en/jobs/r-565162/senior-business-banking-relationship-manager-lo/
WELLS_FARGO,R-565279,Teller Part Time Thorndale Office,Risk and Compliance,Thorndale,PA,United States,unknown,Part time,2026-08-21 17:57:17.703301,2026-07-31 00:00:00,https://www.wellsfargojobs.com/en/jobs/r-565279/teller-part-time-thorndale-office/
WELLS_FARGO,R-559093,Relationship Banker - Broadway & McCoy Branch,Risk and Compliance,Santa Maria,CA,United States,unknown,Full time,2026-08-21 17:57:17.726402,2026-08-03 00:00:00,https://www.wellsfargojobs.com/en/jobs/r-559093/relationship-banker-broadway-mccoy-branch/
WELLS_FARGO,R-565391,Teller Part Time Desert Gateway,Risk and Compliance,Palm Desert,CA,United States,unknown,Part time,2026-08-21 17:57:17.744642,2026-08-03 00:00:00,https://www.wellsfargojobs.com/en/jobs/r-565391/teller-part-time-desert-gateway/
WELLS_FARGO,R-565321,Senior Business Relationship Manager (LO),Risk and Compliance,San Antonio,TX,United States,unknown,Full time,2026-08-21 17:57:17.760018,2026-08-04 00:00:00,https://www.wellsfargojobs.com/en/jobs/r-565321/senior-business-relationship-manager-lo/
WELLS_FARGO,R-566110,Teller Mountain Home,Risk and Compliance,Mountain Home,ID,United States,unknown,Full time,2026-08-21 17:57:17.780022,2026-08-04 00:00:00,https://www.wellsfargojobs.com/en/jobs/r-566110/teller-mountain-home/
WELLS_FARGO,R-553936,Personal Banker Tongass,Risk and Compliance,Ketchikan,AK,United States,unknown,Full time,2026-08-21 17:57:17.799821,2026-08-05 00:00:00,https://www.wellsfargojobs.com/en/jobs/r-553936/personal-banker-tongass/
WELLS_FARGO,R-534418,"Investment Banking Vice President, Mergers & Acquisitions",Risk and Compliance,New York,NY,United States,unknown,Full time,2026-08-21 17:57:17.816830,2026-08-05 00:00:00,https://www.wellsfargojobs.com/en/jobs/r-534418/investment-banking-vice-president-mergers-acquisitions/
WELLS_FARGO,R-566503,Relationship Banker - Delaware County,Risk and Compliance,Springfield,PA,United States,unknown,Full time,2026-08-21 17:57:17.840879,2026-08-05 00:00:00,https://www.wellsfargojobs.com/en/jobs/r-566503/relationship-banker-delaware-county/
WELLS_FARGO,R-566533,Mortgage Retail Sales Consultant,Risk and Compliance,Birmingham,AL,United States,unknown,Full time,2026-08-21 17:57:17.859454,2026-08-06 00:00:00,https://www.wellsfargojobs.com/en/jobs/r-566533/mortgage-retail-sales-consultant/
WELLS_FARGO,R-566886,Relationship Banker Roanoke Area,Risk and Compliance,Salem,VA,United States,unknown,Full time,2026-08-21 17:57:17.886269,2026-08-06 00:00:00,https://www.wellsfargojobs.com/en/jobs/r-566886/relationship-banker-roanoke-area/
WELLS_FARGO,R-556448,2027 COO Global Operations Summer Internship - Early Careers,Risk and Compliance,Charlotte,NC,United States,unknown,Full time,2026-08-21 17:57:17.916598,2026-08-06 00:00:00,https://www.wellsfargojobs.com/en/jobs/r-556448/2027-coo-global-operations-summer-internship-early-careers/
WELLS_FARGO,R-566497,Teller Bilingual Santa Lucia Square Branch,Risk and Compliance,Greenfield,CA,United States,unknown,Full time,2026-08-21 17:57:17.940342,2026-08-07 00:00:00,https://www.wellsfargojobs.com/en/jobs/r-566497/teller-bilingual-santa-lucia-square-branch/
WELLS_FARGO,R-567382,Relationship Banker North Minneapolis,Risk and Compliance,Brooklyn Center,MN,United States,unknown,Full time,2026-08-21 17:57:17.963565,2026-08-10 00:00:00,https://www.wellsfargojobs.com/en/jobs/r-567382/relationship-banker-north-minneapolis/
WELLS_FARGO,R-562746,"Personal Banker (Spanish Desired) Leander, DeNovo",Risk and Compliance,Georgetown,TX,United States,unknown,Full time,2026-08-21 17:57:17.990728,2026-08-10 00:00:00,https://www.wellsfargojobs.com/en/jobs/r-562746/personal-banker-spanish-desired-leander-denovo/
WELLS_FARGO,R-567621,Branch Manager Mountain View District,Risk and Compliance,Logan,UT,United States,unknown,Full time,2026-08-21 17:57:18.011794,2026-08-10 00:00:00,https://www.wellsfargojobs.com/en/jobs/r-567621/branch-manager-mountain-view-district/
WELLS_FARGO,R-557998,Teller San Gabriel Mountains,Risk and Compliance,San Gabriel,CA,United States,unknown,Full time,2026-08-21 17:57:18.030940,2026-08-11 00:00:00,https://www.wellsfargojobs.com/en/jobs/r-557998/teller-san-gabriel-mountains/
WELLS_FARGO,R-567641,Branch Manager Southeast Idaho District,Risk and Compliance,Pocatello,ID,United States,unknown,Full time,2026-08-21 17:57:18.054692,2026-08-11 00:00:00,https://www.wellsfargojobs.com/en/jobs/r-567641/branch-manager-southeast-idaho-district/
WELLS_FARGO,R-551933,Personal Banker Kingston,Risk and Compliance,Kingston,NY,United States,unknown,Full time,2026-08-21 17:57:18.074353,2026-08-11 00:00:00,https://www.wellsfargojobs.com/en/jobs/r-551933/personal-banker-kingston/
WELLS_FARGO,R-560042,Teller Part Time Bilingual  Hewlett,Risk and Compliance,Hewlett,NY,United States,unknown,Part time,2026-08-21 17:57:18.091728,2026-08-11 00:00:00,https://www.wellsfargojobs.com/en/jobs/r-560042/teller-part-time-bilingual-hewlett/
WELLS_FARGO,R-567640,Branch Manager Northwest Vegas Valley,Risk and Compliance,Las Vegas,NV,United States,unknown,Full time,2026-08-21 17:57:18.115339,2026-08-11 00:00:00,https://www.wellsfargojobs.com/en/jobs/r-567640/branch-manager-northwest-vegas-valley/
WELLS_FARGO,R-567264,Teller Part Time Lewiston,Risk and Compliance,Lewiston,ID,United States,unknown,Part time,2026-08-21 17:57:18.132396,2026-08-11 00:00:00,https://www.wellsfargojobs.com/en/jobs/r-567264/teller-part-time-lewiston/
WELLS_FARGO,R-558013,Personal Banker Whiteriver,Risk and Compliance,Whiteriver,AZ,United States,unknown,Full time,2026-08-21 17:57:18.152132,2026-08-12 00:00:00,https://www.wellsfargojobs.com/en/jobs/r-558013/personal-banker-whiteriver/
WELLS_FARGO,R-567404,Corporate Security General Associate Manager,Risk and Compliance,Chesapeake,VA,United States,unknown,Full time,2026-08-21 17:57:18.165198,2026-08-12 00:00:00,https://www.wellsfargojobs.com/en/jobs/r-567404/corporate-security-general-associate-manager/
WELLS_FARGO,R-568266,2027 Quantitative Analytics Program Capital Markets (PhD) – Early Careers,Risk and Compliance,Charlotte,NC,United States,unknown,Full time,2026-08-21 17:57:18.180321,2026-08-13 00:00:00,https://www.wellsfargojobs.com/en/jobs/r-568266/2027-quantitative-analytics-program-capital-markets-phd-early-careers/
WELLS_FARGO,R-557867,Senior Premier Banker LP Alamo,Risk and Compliance,Alamo,CA,United States,unknown,Full time,2026-08-21 17:57:18.205344,2026-08-13 00:00:00,https://www.wellsfargojobs.com/en/jobs/r-557867/senior-premier-banker-lp-alamo/
WELLS_FARGO,R-568594,"Relationship Banker Lynchburg, VA Area",Risk and Compliance,Lynchburg,VA,United States,unknown,Full time,2026-08-21 17:57:18.230839,2026-08-13 00:00:00,https://www.wellsfargojobs.com/en/jobs/r-568594/relationship-banker-lynchburg-va-area/
WELLS_FARGO,R-567857,Teller Part Time Redlands,Risk and Compliance,Redlands,CA,United States,unknown,Part time,2026-08-21 17:57:18.249470,2026-08-13 00:00:00,https://www.wellsfargojobs.com/en/jobs/r-567857/teller-part-time-redlands/
WELLS_FARGO,R-567225,Branch Manager Midwest Charlotte District,Risk and Compliance,Gastonia,NC,United States,unknown,Full time,2026-08-21 17:57:18.271171,2026-08-13 00:00:00,https://www.wellsfargojobs.com/en/jobs/r-567225/branch-manager-midwest-charlotte-district/
WELLS_FARGO,R-563093,Personal Banker Tarrytown Bridge Plaza,Risk and Compliance,Tarrytown,NY,United States,unknown,Full time,2026-08-21 17:57:18.289346,2026-08-14 00:00:00,https://www.wellsfargojobs.com/en/jobs/r-563093/personal-banker-tarrytown-bridge-plaza/
WELLS_FARGO,R-567633,Personal Banker Grass Valley,Risk and Compliance,Grass Valley,CA,United States,unknown,Full time,2026-08-21 17:57:18.309835,2026-08-13 00:00:00,https://www.wellsfargojobs.com/en/jobs/r-567633/personal-banker-grass-valley/
WELLS_FARGO,R-568451,"Relationship Banker Birmingham, AL",Risk and Compliance,Alabaster,AL,United States,unknown,Full time,2026-08-21 17:57:18.332909,2026-08-14 00:00:00,https://www.wellsfargojobs.com/en/jobs/r-568451/relationship-banker-birmingham-al/
WELLS_FARGO,R-568358,Teller Part Time Kearns Utah,Risk and Compliance,Kearns,UT,United States,unknown,Part time,2026-08-21 17:57:18.351879,2026-08-14 00:00:00,https://www.wellsfargojobs.com/en/jobs/r-568358/teller-part-time-kearns-utah/
WELLS_FARGO,R-568821,Personal Banker Austin West District,Risk and Compliance,Austin,TX,United States,unknown,,2026-08-21 17:57:18.370457,2026-08-14 00:00:00,https://www.wellsfargojobs.com/en/jobs/r-568821/personal-banker-austin-west-district/
WELLS_FARGO,R-568289,Teller Part Time Bilingual Knightdale,Risk and Compliance,Knightdale,NC,United States,unknown,Part time,2026-08-21 17:57:18.386807,2026-08-14 00:00:00,https://www.wellsfargojobs.com/en/jobs/r-568289/teller-part-time-bilingual-knightdale/
WELLS_FARGO,R-568864,Teller Albany OR,Risk and Compliance,Albany,OR,United States,unknown,Full time,2026-08-21 17:57:18.405036,2026-08-14 00:00:00,https://www.wellsfargojobs.com/en/jobs/r-568864/teller-albany-or/
WELLS_FARGO,R-568913,Senior Premier Banker Cocoa Beach FL,Risk and Compliance,Cocoa Beach,FL,United States,unknown,Full time,2026-08-21 17:57:18.428439,2026-08-14 00:00:00,https://www.wellsfargojobs.com/en/jobs/r-568913/senior-premier-banker-cocoa-beach-fl/
WELLS_FARGO,R-568660,"Bilingual Personal Banker, Santa Cruz River District",Risk and Compliance,Tucson,AZ,United States,unknown,Full time,2026-08-21 17:57:18.448333,2026-08-14 00:00:00,https://www.wellsfargojobs.com/en/jobs/r-568660/bilingual-personal-banker-santa-cruz-river-district/
WELLS_FARGO,R-568780,Personal Banker Pierre SD,Risk and Compliance,Pierre,SD,United States,unknown,Full time,2026-08-21 17:57:18.466836,2026-08-14 00:00:00,https://www.wellsfargojobs.com/en/jobs/r-568780/personal-banker-pierre-sd/
WELLS_FARGO,R-567424,Branch Operations Coordinator Blackfoot Idaho,Risk and Compliance,Blackfoot,ID,United States,unknown,Full time,2026-08-21 17:57:18.482731,2026-08-14 00:00:00,https://www.wellsfargojobs.com/en/jobs/r-567424/branch-operations-coordinator-blackfoot-idaho/
WELLS_FARGO,R-555160,Teller Part Time Wappingers Falls,Risk and Compliance,Wappingers Falls,NY,United States,unknown,Part time,2026-08-21 17:57:18.501184,2026-08-14 00:00:00,https://www.wellsfargojobs.com/en/jobs/r-555160/teller-part-time-wappingers-falls/
WELLS_FARGO,R-560157,Personal Banker Chico East Oroville Yuba City,Risk and Compliance,Oroville,CA,United States,unknown,Full time,2026-08-21 17:57:18.520676,2026-08-14 00:00:00,https://www.wellsfargojobs.com/en/jobs/r-560157/personal-banker-chico-east-oroville-yuba-city/
WELLS_FARGO,R-543470,Lead Secured Lending Underwriter,Risk and Compliance,Atlanta,GA,United States,unknown,Full time,2026-08-21 17:57:18.539676,2026-08-17 00:00:00,https://www.wellsfargojobs.com/en/jobs/r-543470/lead-secured-lending-underwriter/
WELLS_FARGO,R-563474,Lead Network Automation Developer,Risk and Compliance,Columbus,OH,United States,unknown,Full time,2026-08-21 17:57:18.555550,2026-08-17 00:00:00,https://www.wellsfargojobs.com/en/jobs/r-563474/lead-network-automation-developer/
WELLS_FARGO,R-565933,Branch Manager Reedy River District,Risk and Compliance,Greenville,SC,United States,unknown,Full time,2026-08-21 17:57:18.577437,2026-08-17 00:00:00,https://www.wellsfargojobs.com/en/jobs/r-565933/branch-manager-reedy-river-district/
WELLS_FARGO,R-566068,"Vice President, Portfolio Management - Insurance",Risk and Compliance,New York,NY,United States,unknown,Full time,2026-08-21 17:57:18.599934,2026-08-17 00:00:00,https://www.wellsfargojobs.com/en/jobs/r-566068/vice-president-portfolio-management-insurance/
WELLS_FARGO,R-569201,Personal Banker Lake Sumter FL,Risk and Compliance,Leesburg,FL,United States,unknown,Full time,2026-08-21 17:57:18.618646,2026-08-17 00:00:00,https://www.wellsfargojobs.com/en/jobs/r-569201/personal-banker-lake-sumter-fl/
WELLS_FARGO,R-569252,Personal Banker Southern CT Westchester,Risk and Compliance,Greenwich,CT,United States,unknown,Full time,2026-08-21 17:57:18.636237,2026-08-17 00:00:00,https://www.wellsfargojobs.com/en/jobs/r-569252/personal-banker-southern-ct-westchester/
WELLS_FARGO,R-555899,Teller Downtown Huntington,Risk and Compliance,Huntington,NY,United States,unknown,Part time,2026-08-21 17:57:18.653516,2026-08-17 00:00:00,https://www.wellsfargojobs.com/en/jobs/r-555899/teller-downtown-huntington/
WELLS_FARGO,R-567521,"Senior Manager, Platform Security Engineering & Transformation",Cybersecurity,Charlotte,NC,United States,unknown,Full time,2026-08-21 17:57:18.685336,2026-08-17 00:00:00,https://www.wellsfargojobs.com/en/jobs/r-567521/senior-manager-platform-security-engineering-transformation/
WELLS_FARGO,R-563599,Senior Business Relationship Manager (LO) Opa Locka,Risk and Compliance,Opa Locka,FL,United States,unknown,Full time,2026-08-21 17:57:18.700419,2026-08-17 00:00:00,https://www.wellsfargojobs.com/en/jobs/r-563599/senior-business-relationship-manager-lo-opa-locka/
WELLS_FARGO,R-568262,Personal Banker Denton North,Risk and Compliance,Denton,TX,United States,unknown,Full time,2026-08-21 17:57:18.718510,2026-08-13 00:00:00,https://www.wellsfargojobs.com/en/jobs/r-568262/personal-banker-denton-north/
WELLS_FARGO,R-568687,Personal Banker Iliff and Buckley,Risk and Compliance,Aurora,CO,United States,unknown,Full time,2026-08-21 17:57:18.736828,2026-08-17 00:00:00,https://www.wellsfargojobs.com/en/jobs/r-568687/personal-banker-iliff-and-buckley/
WELLS_FARGO,R-557525,Teller Part Time Collegeville,Risk and Compliance,Collegeville,PA,United States,unknown,Part time,2026-08-21 17:57:18.764900,2026-08-17 00:00:00,https://www.wellsfargojobs.com/en/jobs/r-557525/teller-part-time-collegeville/
WELLS_FARGO,R-568495,"Associate Personal Banker - Kalispell, MT",Risk and Compliance,Kalispell,MT,United States,unknown,Full time,2026-08-21 17:57:18.784821,2026-08-14 00:00:00,https://www.wellsfargojobs.com/en/jobs/r-568495/associate-personal-banker-kalispell-mt/
WELLS_FARGO,R-563245,Senior Premier Banker West Olympia,Risk and Compliance,Olympia,WA,United States,unknown,Full time,2026-08-21 17:57:18.807905,2026-08-17 00:00:00,https://www.wellsfargojobs.com/en/jobs/r-563245/senior-premier-banker-west-olympia/
WELLS_FARGO,R-568674,Personal Banker Tracy Main,Risk and Compliance,Tracy,CA,United States,unknown,Full time,2026-08-21 17:57:18.824667,2026-08-17 00:00:00,https://www.wellsfargojobs.com/en/jobs/r-568674/personal-banker-tracy-main/
WELLS_FARGO,R-568895,Teller Part Time West Linn Branch,Risk and Compliance,West Linn,OR,United States,unknown,Part time,2026-08-21 17:57:18.841310,2026-08-17 00:00:00,https://www.wellsfargojobs.com/en/jobs/r-568895/teller-part-time-west-linn-branch/
WELLS_FARGO,R-560598,Teller Part Time East El Cajon,Risk and Compliance,El Cajon,CA,United States,unknown,Part time,2026-08-21 17:57:18.861503,2026-08-14 00:00:00,https://www.wellsfargojobs.com/en/jobs/r-560598/teller-part-time-east-el-cajon/
WELLS_FARGO,R-567497,Supervisory Control Specialist,Risk and Compliance,Philadelphia,PA,United States,unknown,Full time,2026-08-21 17:57:18.878945,2026-08-18 00:00:00,https://www.wellsfargojobs.com/en/jobs/r-567497/supervisory-control-specialist/
WELLS_FARGO,R-569426,Relationship Banker Little Neck DeNovo,Risk and Compliance,Little Neck,NY,United States,unknown,Full time,2026-08-21 17:57:18.903139,2026-08-18 00:00:00,https://www.wellsfargojobs.com/en/jobs/r-569426/relationship-banker-little-neck-denovo/
WELLS_FARGO,R-568749,"Business Banker (LO) Santa Fe, NM",Risk and Compliance,Santa Fe,NM,United States,unknown,Full time,2026-08-21 17:57:18.923969,2026-08-18 00:00:00,https://www.wellsfargojobs.com/en/jobs/r-568749/business-banker-lo-santa-fe-nm/
WELLS_FARGO,R-561356,Senior Special Needs Trust Officer,Risk and Compliance,Wayne,PA,United States,unknown,Full time,2026-08-21 17:57:18.942023,2026-08-18 00:00:00,https://www.wellsfargojobs.com/en/jobs/r-561356/senior-special-needs-trust-officer/
WELLS_FARGO,R-561486,Branch Manager River Cities Prescott,Risk and Compliance,Bullhead City,AZ,United States,unknown,Full time,2026-08-21 17:57:18.963820,2026-08-18 00:00:00,https://www.wellsfargojobs.com/en/jobs/r-561486/branch-manager-river-cities-prescott/
WELLS_FARGO,R-569509,"Vice President, Portfolio Management - Insurance",Risk and Compliance,Charlotte,NC,United States,unknown,,2026-08-21 17:57:18.985990,2026-08-18 00:00:00,https://www.wellsfargojobs.com/en/jobs/r-569509/vice-president-portfolio-management-insurance/
WELLS_FARGO,R-566635,Teller Part Time Mason City,Risk and Compliance,Mason City,IA,United States,unknown,Part time,2026-08-21 17:57:19.005503,2026-08-18 00:00:00,https://www.wellsfargojobs.com/en/jobs/r-566635/teller-part-time-mason-city/
WELLS_FARGO,R-569269,Business Banker (LO),Risk and Compliance,Columbia,SC,United States,unknown,Full time,2026-08-21 17:57:19.022390,2026-08-18 00:00:00,https://www.wellsfargojobs.com/en/jobs/r-569269/business-banker-lo/
WELLS_FARGO,R-564936,Lead Specialty Software Engineer GCP Platform,Risk and Compliance,Charlotte,NC,United States,unknown,Full time,2026-08-21 17:57:19.039151,2026-08-18 00:00:00,https://www.wellsfargojobs.com/en/jobs/r-564936/lead-specialty-software-engineer-gcp-platform/
WELLS_FARGO,R-567078,Branch Operations Coordinator Crossridge Branch,Risk and Compliance,Glen Allen,VA,United States,unknown,Full time,2026-08-21 17:57:19.056149,2026-08-18 00:00:00,https://www.wellsfargojobs.com/en/jobs/r-567078/branch-operations-coordinator-crossridge-branch/
WELLS_FARGO,R-568940,Client Associate,Risk and Compliance,Bellevue,WA,United States,unknown,Full time,2026-08-21 17:57:19.074338,2026-08-18 00:00:00,https://www.wellsfargojobs.com/en/jobs/r-568940/client-associate/
WELLS_FARGO,R-569653,Teller Helena East,Risk and Compliance,Helena,MT,United States,unknown,Full time,2026-08-21 17:57:19.095565,2026-08-18 00:00:00,https://www.wellsfargojobs.com/en/jobs/r-569653/teller-helena-east/
WELLS_FARGO,R-568154,Personal Banker Bilingual 24th & L,Risk and Compliance,Omaha,NE,United States,unknown,Full time,2026-08-21 17:57:19.118245,2026-08-18 00:00:00,https://www.wellsfargojobs.com/en/jobs/r-568154/personal-banker-bilingual-24th-l/
WELLS_FARGO,R-568283,Personal Banker Hastings Main,Risk and Compliance,Hastings,NE,United States,unknown,Full time,2026-08-21 17:57:19.135850,2026-08-18 00:00:00,https://www.wellsfargojobs.com/en/jobs/r-568283/personal-banker-hastings-main/
WELLS_FARGO,R-565574,Personal Banker Sienna Ridge,Risk and Compliance,El Dorado Hills,CA,United States,unknown,Full time,2026-08-21 17:57:19.154533,2026-08-13 00:00:00,https://www.wellsfargojobs.com/en/jobs/r-565574/personal-banker-sienna-ridge/
WELLS_FARGO,R-566775,Teller Part Time Governors Square,Risk and Compliance,Bear,DE,United States,unknown,Part time,2026-08-21 17:57:19.172055,2026-08-18 00:00:00,https://www.wellsfargojobs.com/en/jobs/r-566775/teller-part-time-governors-square/
WELLS_FARGO,R-568183,API Security and Governance Analyst,Risk and Compliance,Charlotte,NC,United States,unknown,Full time,2026-08-21 17:57:19.191123,2026-08-18 00:00:00,https://www.wellsfargojobs.com/en/jobs/r-568183/api-security-and-governance-analyst/
WELLS_FARGO,R-565851,Business Relationship Support Associate – GPL National Service Group (NSG) CSO 3,Risk and Compliance,Minneapolis,MN,United States,unknown,Full time,2026-08-21 17:57:19.206249,2026-08-19 00:00:00,https://www.wellsfargojobs.com/en/jobs/r-565851/business-relationship-support-associate-gpl-national-service-group-nsg-cso-3/
WELLS_FARGO,R-567235,Senior Lead Digital Product Manager Business Banking and Merchant Services,Product Management,Chandler,AZ,United States,unknown,Full time,2026-08-21 17:57:19.222153,2026-08-19 00:00:00,https://www.wellsfargojobs.com/en/jobs/r-567235/senior-lead-digital-product-manager-business-banking-and-merchant-services/
WELLS_FARGO,R-567260,Business Relationship Support Associate - GPL NSG Email CSO 3,Risk and Compliance,Minneapolis,MN,United States,unknown,Full time,2026-08-21 17:57:19.236240,2026-08-19 00:00:00,https://www.wellsfargojobs.com/en/jobs/r-567260/business-relationship-support-associate-gpl-nsg-email-cso-3/
WELLS_FARGO,R-568103,District Senior Manager | Metro Richmond District,Risk and Compliance,Richmond,VA,United States,unknown,Full time,2026-08-21 17:57:19.250343,2026-08-19 00:00:00,https://www.wellsfargojobs.com/en/jobs/r-568103/district-senior-manager-metro-richmond-district/
WELLS_FARGO,R-553654,Roving Personal Banker ROVING Raleigh Southeast district,Risk and Compliance,Garner,NC,United States,unknown,Full time,2026-08-21 17:57:19.277532,2026-08-19 00:00:00,https://www.wellsfargojobs.com/en/jobs/r-553654/roving-personal-banker-roving-raleigh-southeast-district/
WELLS_FARGO,R-569086,Mortgage Retail Sales Consultant (SAFE),Risk and Compliance,Bensalem,PA,United States,unknown,Full time,2026-08-21 17:57:19.292921,2026-08-19 00:00:00,https://www.wellsfargojobs.com/en/jobs/r-569086/mortgage-retail-sales-consultant-safe/
WELLS_FARGO,R-569567,Personal Banker Warren,Risk and Compliance,Warren,NJ,United States,unknown,Full time,2026-08-21 17:57:19.311638,2026-08-19 00:00:00,https://www.wellsfargojobs.com/en/jobs/r-569567/personal-banker-warren/
WELLS_FARGO,R-569763,Senior Branch Premier Banker 290 & Spring Cypress,Risk and Compliance,Cypress,TX,United States,unknown,Full time,2026-08-21 17:57:19.336761,2026-08-19 00:00:00,https://www.wellsfargojobs.com/en/jobs/r-569763/senior-branch-premier-banker-290-spring-cypress/
WELLS_FARGO,R-569460,Senior Premier Banker Huffman,Risk and Compliance,Anchorage,AK,United States,unknown,Full time,2026-08-21 17:57:19.357646,2026-08-19 00:00:00,https://www.wellsfargojobs.com/en/jobs/r-569460/senior-premier-banker-huffman/
WELLS_FARGO,R-569513,Relationship Banker-Serramonte,Risk and Compliance,Daly City,CA,United States,unknown,Full time,2026-08-21 17:57:19.380859,2026-08-19 00:00:00,https://www.wellsfargojobs.com/en/jobs/r-569513/relationship-banker-serramonte/
WELLS_FARGO,R-569637,Personal Banker Port City,Risk and Compliance,Houston,TX,United States,unknown,Full time,2026-08-21 17:57:19.397593,2026-08-19 00:00:00,https://www.wellsfargojobs.com/en/jobs/r-569637/personal-banker-port-city/
WELLS_FARGO,R-568869,Teller Part Time Aurora South,Risk and Compliance,Aurora,CO,United States,unknown,Part time,2026-08-21 17:57:19.417166,2026-08-19 00:00:00,https://www.wellsfargojobs.com/en/jobs/r-568869/teller-part-time-aurora-south/
WELLS_FARGO,R-569538,Personal Banker Olmsted Branch in Pinehurst NC,Risk and Compliance,Pinehurst,NC,United States,unknown,Full time,2026-08-21 17:57:19.431508,2026-08-19 00:00:00,https://www.wellsfargojobs.com/en/jobs/r-569538/personal-banker-olmsted-branch-in-pinehurst-nc/
WELLS_FARGO,R-549048,Teller Part Time Novato,Risk and Compliance,Novato,CA,United States,unknown,Part time,2026-08-21 17:57:19.455150,2026-08-19 00:00:00,https://www.wellsfargojobs.com/en/jobs/r-549048/teller-part-time-novato/
WELLS_FARGO,R-563484,Associate Personal Banker (SAFE) - Kamiah,Risk and Compliance,Kamiah,ID,United States,unknown,Full time,2026-08-21 17:57:19.472059,2026-08-19 00:00:00,https://www.wellsfargojobs.com/en/jobs/r-563484/associate-personal-banker-safe-kamiah/
WELLS_FARGO,R-565382,Teller Part Time Bilingual Valley Center,Risk and Compliance,Salinas,CA,United States,unknown,Part time,2026-08-21 17:57:19.499480,2026-08-19 00:00:00,https://www.wellsfargojobs.com/en/jobs/r-565382/teller-part-time-bilingual-valley-center/
WELLS_FARGO,R-569209,Teller Part Time Sacramento,Risk and Compliance,Sacramento,CA,United States,unknown,Part time,2026-08-21 17:57:19.518296,2026-08-19 00:00:00,https://www.wellsfargojobs.com/en/jobs/r-569209/teller-part-time-sacramento/
WELLS_FARGO,R-570032,Associate Personal Banker Antelope Valley,Risk and Compliance,Palmdale,CA,United States,unknown,Full time,2026-08-21 17:57:19.537619,2026-08-20 00:00:00,https://www.wellsfargojobs.com/en/jobs/r-570032/associate-personal-banker-antelope-valley/
WELLS_FARGO,R-569099,Lead Software Engineer,Risk and Compliance,Columbus,OH,United States,unknown,Full time,2026-08-21 17:57:19.552960,2026-08-20 00:00:00,https://www.wellsfargojobs.com/en/jobs/r-569099/lead-software-engineer/
WELLS_FARGO,R-569786,Personal Banker Newberry Main,Risk and Compliance,Newberry,SC,United States,unknown,Full time,2026-08-21 17:57:19.572230,2026-08-20 00:00:00,https://www.wellsfargojobs.com/en/jobs/r-569786/personal-banker-newberry-main/
WELLS_FARGO,R-569574,Associate Customer Service Representative,Risk and Compliance,Roanoke,VA,United States,unknown,Full time,2026-08-21 17:57:19.585808,2026-08-20 00:00:00,https://www.wellsfargojobs.com/en/jobs/r-569574/associate-customer-service-representative/
WELLS_FARGO,R-565896,Branch Manager - Richmond River,Risk and Compliance,Midlothian,VA,United States,unknown,Full time,2026-08-21 17:57:19.611661,2026-08-20 00:00:00,https://www.wellsfargojobs.com/en/jobs/r-565896/branch-manager-richmond-river/
WELLS_FARGO,R-568996,Lead Treasury Management Consultant,Risk and Compliance,Milwaukee,WI,United States,unknown,Full time,2026-08-21 17:57:19.626169,2026-08-20 00:00:00,https://www.wellsfargojobs.com/en/jobs/r-568996/lead-treasury-management-consultant/
WELLS_FARGO,R-564745,Teller Bilingual Part Time Hacienda and Valley,Risk and Compliance,City Of Industry,CA,United States,unknown,Part time,2026-08-21 17:57:19.645550,2026-08-20 00:00:00,https://www.wellsfargojobs.com/en/jobs/r-564745/teller-bilingual-part-time-hacienda-and-valley/
WELLS_FARGO,R-564395,Personal Banker Bilingual Central Ave MN,Risk and Compliance,Minneapolis,MN,United States,unknown,Full time,2026-08-21 17:57:19.667433,2026-08-20 00:00:00,https://www.wellsfargojobs.com/en/jobs/r-564395/personal-banker-bilingual-central-ave-mn/
WELLS_FARGO,R-558734,Senior Lead Systems Operations Engineer-ITSM AI Specialist,Risk and Compliance,Raleigh,NC,United States,unknown,Full time,2026-08-21 17:57:19.687328,2026-08-20 00:00:00,https://www.wellsfargojobs.com/en/jobs/r-558734/senior-lead-systems-operations-engineer-itsm-ai-specialist/
WELLS_FARGO,R-565505,Private Mortgage Banker,Risk and Compliance,Anchorage,AK,United States,unknown,Full time,2026-08-21 17:57:19.701189,2026-08-21 00:00:00,https://www.wellsfargojobs.com/en/jobs/r-565505/private-mortgage-banker/
WELLS_FARGO,R-570015,Senior Branch Premier Banker - Goshen,Risk and Compliance,West Chester,PA,United States,unknown,Full time,2026-08-21 17:57:19.717079,2026-08-20 00:00:00,https://www.wellsfargojobs.com/en/jobs/r-570015/senior-branch-premier-banker-goshen/
WELLS_FARGO,R-557984,Teller Part Time Kiln Creek,Risk and Compliance,Yorktown,VA,United States,unknown,Part time,2026-08-21 17:57:19.749967,2026-08-20 00:00:00,https://www.wellsfargojobs.com/en/jobs/r-557984/teller-part-time-kiln-creek/
WELLS_FARGO,R-569294,Teller Part Time Federal Way WA,Risk and Compliance,Federal Way,WA,United States,unknown,Part time,2026-08-21 17:57:19.769403,2026-08-20 00:00:00,https://www.wellsfargojobs.com/en/jobs/r-569294/teller-part-time-federal-way-wa/
WELLS_FARGO,R-562249,Teller Part Time 6th and 45th St,Risk and Compliance,New York,NY,United States,unknown,Part time,2026-08-21 17:57:19.788589,2026-08-21 00:00:00,https://www.wellsfargojobs.com/en/jobs/r-562249/teller-part-time-6th-and-45th-st/
WELLS_FARGO,R-564955,Principal Engineer - Performance Testing,Risk and Compliance,Charlotte,NC,United States,unknown,Full time,2026-08-21 17:57:19.805591,2026-08-21 00:00:00,https://www.wellsfargojobs.com/en/jobs/r-564955/principal-engineer-performance-testing/
WELLS_FARGO,R-556163,Technology Risk Specialist | Technology Risk Management,Risk and Compliance,Charlotte,NC,United States,unknown,,2026-08-21 17:57:19.817450,2026-08-21 00:00:00,https://www.wellsfargojobs.com/en/jobs/r-556163/technology-risk-specialist-technology-risk-management/
WELLS_FARGO,R-569862,Teller Bilingual Spanish Auburn,Risk and Compliance,Auburn,CA,United States,unknown,Full time,2026-08-21 17:57:19.836427,2026-08-20 00:00:00,https://www.wellsfargojobs.com/en/jobs/r-569862/teller-bilingual-spanish-auburn/
WELLS_FARGO,R-570041,Teller Part Time South Towne Sandy Utah,Risk and Compliance,Sandy,UT,United States,unknown,Part time,2026-08-21 17:57:19.855583,2026-08-21 00:00:00,https://www.wellsfargojobs.com/en/jobs/r-570041/teller-part-time-south-towne-sandy-utah/
WELLS_FARGO,R-565540,Teller Pierre,Risk and Compliance,Pierre,SD,United States,unknown,Full time,2026-08-21 17:57:19.882760,2026-08-21 00:00:00,https://www.wellsfargojobs.com/en/jobs/r-565540/teller-pierre/
WELLS_FARGO,R-569750,Physical Collateral Examination Associate,Risk and Compliance,York,PA,United States,unknown,Full time,2026-08-21 17:57:19.903843,2026-08-21 00:00:00,https://www.wellsfargojobs.com/en/jobs/r-569750/physical-collateral-examination-associate/
WELLS_FARGO,R-569768,Teller Part Time Arboretum,Risk and Compliance,Charlotte,NC,United States,unknown,Part time,2026-08-21 17:57:19.924183,2026-08-21 00:00:00,https://www.wellsfargojobs.com/en/jobs/r-569768/teller-part-time-arboretum/
WELLS_FARGO,R-552835,Product Service Manager,Risk and Compliance,Minneapolis,MN,United States,unknown,Full time,2026-08-21 17:57:19.952137,2026-08-20 00:00:00,https://www.wellsfargojobs.com/en/jobs/r-552835/product-service-manager/
WELLS_FARGO,R-570377,Personal Banker Greater Fredericksburg,Risk and Compliance,Fredericksburg,VA,United States,unknown,Full time,2026-08-21 17:57:19.975256,2026-08-21 00:00:00,https://www.wellsfargojobs.com/en/jobs/r-570377/personal-banker-greater-fredericksburg/
WELLS_FARGO,R-548423,Lead Software Engineer,Software Engineering,Irving,TX,United States,unknown,Full time,2026-08-21 17:57:19.994150,2026-08-21 00:00:00,https://www.wellsfargojobs.com/en/jobs/r-548423/lead-software-engineer/
WELLS_FARGO,R-556216,2027 Audit Summer Internship – Early Careers,Risk and Compliance,Charlotte,NC,United States,unknown,Full time,2026-08-21 17:57:20.017907,2026-06-26 00:00:00,https://www.wellsfargojobs.com/en/jobs/r-556216/2027-audit-summer-internship-early-careers/
WELLS_FARGO,R-556103,2027 Wealth & Investment Management Summer Internship - Early Careers,Risk and Compliance,Charlotte,NC,United States,unknown,Full time,2026-08-21 17:57:20.040071,2026-06-26 00:00:00,https://www.wellsfargojobs.com/en/jobs/r-556103/2027-wealth-investment-management-summer-internship-early-careers/
WELLS_FARGO,R-558779,CA-WA Mortgage Retail Sales Consultant (SAFE),Risk and Compliance,Las Vegas,NV,United States,unknown,Full time,2026-08-21 17:57:20.056006,2026-07-10 00:00:00,https://www.wellsfargojobs.com/en/jobs/r-558779/ca-wa-mortgage-retail-sales-consultant-safe/
WELLS_FARGO,R-559210,Mortgage Retail Sales Consultant (SAFE),Risk and Compliance,Mason City,IA,United States,unknown,Full time,2026-08-21 17:57:20.072782,2026-07-10 00:00:00,https://www.wellsfargojobs.com/en/jobs/r-559210/mortgage-retail-sales-consultant-safe/
WELLS_FARGO,R-553610,Teller King Salmon AK,Risk and Compliance,King Salmon,AK,United States,unknown,Full time,2026-08-21 17:57:20.090823,2026-07-16 00:00:00,https://www.wellsfargojobs.com/en/jobs/r-553610/teller-king-salmon-ak/
WELLS_FARGO,R-560438,CA-WA Community Mortgage Bank Sales Consultant (SAFE) -Bilingual Spanish,Risk and Compliance,Huntington Park,CA,United States,unknown,Full time,2026-08-21 17:57:20.107501,2026-07-16 00:00:00,https://www.wellsfargojobs.com/en/jobs/r-560438/ca-wa-community-mortgage-bank-sales-consultant-safe-bilingual-spanish/
WELLS_FARGO,R-560506,CA-WA Community Mortgage Bank Sales Consultant (SAFE) -Bilingual Spanish,Risk and Compliance,Bellflower,CA,United States,unknown,Full time,2026-08-21 17:57:20.123714,2026-07-16 00:00:00,https://www.wellsfargojobs.com/en/jobs/r-560506/ca-wa-community-mortgage-bank-sales-consultant-safe-bilingual-spanish/
WELLS_FARGO,R-562871,"Personal Banker, Durango, CO",Risk and Compliance,Durango,CO,United States,unknown,Full time,2026-08-21 17:57:20.145260,2026-07-22 00:00:00,https://www.wellsfargojobs.com/en/jobs/r-562871/personal-banker-durango-co/
WELLS_FARGO,R-562780,"Business Banker (LO) Salinas, CA",Risk and Compliance,Salinas,CA,United States,unknown,Full time,2026-08-21 17:57:20.168867,2026-07-23 00:00:00,https://www.wellsfargojobs.com/en/jobs/r-562780/business-banker-lo-salinas-ca/
WELLS_FARGO,R-563257,Senior Premier Banker Silicon Forest,Risk and Compliance,Portland,OR,United States,unknown,Full time,2026-08-21 17:57:20.200228,2026-07-23 00:00:00,https://www.wellsfargojobs.com/en/jobs/r-563257/senior-premier-banker-silicon-forest/
WELLS_FARGO,R-563030,Teller Las Vegas Mills,Risk and Compliance,Las Vegas,NM,United States,unknown,Full time,2026-08-21 17:57:20.218678,2026-07-24 00:00:00,https://www.wellsfargojobs.com/en/jobs/r-563030/teller-las-vegas-mills/
WELLS_FARGO,R-560476,CA-WA Community Mortgage Bank Sales Consultant (SAFE) Bilingual Spanish,Risk and Compliance,La Habra,CA,United States,unknown,Full time,2026-08-21 17:57:20.237634,2026-07-27 00:00:00,https://www.wellsfargojobs.com/en/jobs/r-560476/ca-wa-community-mortgage-bank-sales-consultant-safe-bilingual-spanish/
WELLS_FARGO,R-549857,Personal Banker Sequim,Risk and Compliance,Sequim,WA,United States,unknown,Full time,2026-08-21 17:57:20.251409,2026-07-28 00:00:00,https://www.wellsfargojobs.com/en/jobs/r-549857/personal-banker-sequim/
WELLS_FARGO,R-564583,Senior Premier Banker Foothills District Spartanburg South Carolina,Risk and Compliance,Spartanburg,SC,United States,unknown,Full time,2026-08-21 17:57:20.285647,2026-07-29 00:00:00,https://www.wellsfargojobs.com/en/jobs/r-564583/senior-premier-banker-foothills-district-spartanburg-south-carolina/
WELLS_FARGO,R-564765,Personal Banker Nome Branch,Risk and Compliance,Nome,AK,United States,unknown,Full time,2026-08-21 17:57:20.298965,2026-07-30 00:00:00,https://www.wellsfargojobs.com/en/jobs/r-564765/personal-banker-nome-branch/
WELLS_FARGO,R-546511,Private Mortgage Banker (SAFE),Risk and Compliance,New York,NY,United States,unknown,Full time,2026-08-21 17:57:20.325604,2026-07-31 00:00:00,https://www.wellsfargojobs.com/en/jobs/r-546511/private-mortgage-banker-safe/
WELLS_FARGO,R-562466,Senior Business Banking Relationship Manager (LO),Risk and Compliance,Santa Ana,CA,United States,unknown,Full time,2026-08-21 17:57:20.343813,2026-07-31 00:00:00,https://www.wellsfargojobs.com/en/jobs/r-562466/senior-business-banking-relationship-manager-lo/
WELLS_FARGO,R-556799,Branch Operations Coordinator King Salmon AK,Risk and Compliance,King Salmon,AK,United States,unknown,Full time,2026-08-21 17:57:20.359721,2026-08-01 00:00:00,https://www.wellsfargojobs.com/en/jobs/r-556799/branch-operations-coordinator-king-salmon-ak/
WELLS_FARGO,R-565822,Senior Premier Banker Corona NY DeNovo,Risk and Compliance,Corona,NY,United States,unknown,Full time,2026-08-21 17:57:20.382166,2026-08-04 00:00:00,https://www.wellsfargojobs.com/en/jobs/r-565822/senior-premier-banker-corona-ny-denovo/
WELLS_FARGO,R-566284,Personal Banker Bilingual North Central Georgia District,Risk and Compliance,Lawrenceville,GA,United States,unknown,Full time,2026-08-21 17:57:20.400247,2026-08-05 00:00:00,https://www.wellsfargojobs.com/en/jobs/r-566284/personal-banker-bilingual-north-central-georgia-district/
WELLS_FARGO,R-561666,Relationship Banker | South Boston Branch,Risk and Compliance,South Boston,VA,United States,unknown,Full time,2026-08-21 17:57:20.415962,2026-08-05 00:00:00,https://www.wellsfargojobs.com/en/jobs/r-561666/relationship-banker-south-boston-branch/
WELLS_FARGO,R-566665,Personal Banker Waco and Temple TX,Risk and Compliance,Waco,TX,United States,unknown,Full time,2026-08-21 17:57:20.431818,2026-08-06 00:00:00,https://www.wellsfargojobs.com/en/jobs/r-566665/personal-banker-waco-and-temple-tx/
WELLS_FARGO,R-567186,Teller Part Time Gulfway,Risk and Compliance,Corpus Christi,TX,United States,unknown,Part time,2026-08-21 17:57:20.453400,2026-08-07 00:00:00,https://www.wellsfargojobs.com/en/jobs/r-567186/teller-part-time-gulfway/
WELLS_FARGO,R-567200,Senior Premier Banker Sierra Valley District,Risk and Compliance,Placerville,CA,United States,unknown,Full time,2026-08-21 17:57:20.482100,2026-08-07 00:00:00,https://www.wellsfargojobs.com/en/jobs/r-567200/senior-premier-banker-sierra-valley-district/
WELLS_FARGO,R-565959,Senior Supervisory Control Specialist,Risk and Compliance,Austin,TX,United States,unknown,Full time,2026-08-21 17:57:20.500312,2026-08-07 00:00:00,https://www.wellsfargojobs.com/en/jobs/r-565959/senior-supervisory-control-specialist/
WELLS_FARGO,R-566854,Senior Business Banking Relationship Manager - Huntington,Risk and Compliance,Huntington Station,NY,United States,unknown,Full time,2026-08-21 17:57:20.514196,2026-08-10 00:00:00,https://www.wellsfargojobs.com/en/jobs/r-566854/senior-business-banking-relationship-manager-huntington/
WELLS_FARGO,R-567084,Personal Banker Tillamook,Risk and Compliance,Tillamook,OR,United States,unknown,Full time,2026-08-21 17:57:20.532688,2026-08-10 00:00:00,https://www.wellsfargojobs.com/en/jobs/r-567084/personal-banker-tillamook/
WELLS_FARGO,R-567049,Teller Part Time  West Palm Beach,Risk and Compliance,West Palm Beach,FL,United States,unknown,Part time,2026-08-21 17:57:20.550359,2026-08-10 00:00:00,https://www.wellsfargojobs.com/en/jobs/r-567049/teller-part-time-west-palm-beach/
WELLS_FARGO,R-567531,Senior Premier Banker The Heights,Risk and Compliance,South San Francisco,CA,United States,unknown,Full time,2026-08-21 17:57:20.573638,2026-08-10 00:00:00,https://www.wellsfargojobs.com/en/jobs/r-567531/senior-premier-banker-the-heights/
WELLS_FARGO,R-567086,Roving Personal Banker Eugene,Risk and Compliance,Springfield,OR,United States,unknown,Full time,2026-08-21 17:57:20.592824,2026-08-10 00:00:00,https://www.wellsfargojobs.com/en/jobs/r-567086/roving-personal-banker-eugene/
WELLS_FARGO,R-567269,Teller Part Time Tuba City,Risk and Compliance,Tuba City,AZ,United States,unknown,Part time,2026-08-21 17:57:20.609686,2026-08-10 00:00:00,https://www.wellsfargojobs.com/en/jobs/r-567269/teller-part-time-tuba-city/
WELLS_FARGO,R-567448,Business Banker (LO),Risk and Compliance,Laguna Niguel,CA,United States,unknown,Full time,2026-08-21 17:57:20.616582,2026-08-10 00:00:00,https://www.wellsfargojobs.com/en/jobs/r-567448/business-banker-lo/
WELLS_FARGO,R-567687,Quantitative Analytics Specialist (#001887),Risk and Compliance,Charlotte,NC,United States,unknown,Full time,2026-08-21 17:57:20.634664,2026-08-11 00:00:00,https://www.wellsfargojobs.com/en/jobs/r-567687/quantitative-analytics-specialist-001887/
WELLS_FARGO,R-567622,Teller Part Time San Mateo,Risk and Compliance,Albuquerque,NM,United States,unknown,Part time,2026-08-21 17:57:20.659074,2026-08-11 00:00:00,https://www.wellsfargojobs.com/en/jobs/r-567622/teller-part-time-san-mateo/
WELLS_FARGO,R-567941,Personal Banker Mission,Risk and Compliance,Mission,SD,United States,unknown,Full time,2026-08-21 17:57:20.676826,2026-08-11 00:00:00,https://www.wellsfargojobs.com/en/jobs/r-567941/personal-banker-mission/
WELLS_FARGO,R-567952,Personal Banker Broadway & 66th DeNovo,Risk and Compliance,New York,NY,United States,unknown,Full time,2026-08-21 17:57:20.694134,2026-08-11 00:00:00,https://www.wellsfargojobs.com/en/jobs/r-567952/personal-banker-broadway-66th-denovo/
WELLS_FARGO,R-567979,Senior Premier Banker Southwest New Jersey District,Risk and Compliance,Deptford,NJ,United States,unknown,Full time,2026-08-21 17:57:20.718257,2026-08-11 00:00:00,https://www.wellsfargojobs.com/en/jobs/r-567979/senior-premier-banker-southwest-new-jersey-district/
WELLS_FARGO,R-553689,Lead Risk Analytics Consultant | Corporate & Investment Banking,Risk and Compliance,Charlotte,NC,United States,unknown,Full time,2026-08-21 17:57:20.733136,2026-08-12 00:00:00,https://www.wellsfargojobs.com/en/jobs/r-553689/lead-risk-analytics-consultant-corporate-investment-banking/
WELLS_FARGO,R-567833,District Senior Manager North Dakota,Risk and Compliance,Fargo,ND,United States,unknown,Full time,2026-08-21 17:57:20.752133,2026-08-12 00:00:00,https://www.wellsfargojobs.com/en/jobs/r-567833/district-senior-manager-north-dakota/
WELLS_FARGO,R-566898,Branch Operations Coordinator Hillsdale,Risk and Compliance,San Mateo,CA,United States,unknown,Full time,2026-08-21 17:57:20.768158,2026-08-12 00:00:00,https://www.wellsfargojobs.com/en/jobs/r-566898/branch-operations-coordinator-hillsdale/
WELLS_FARGO,R-567949,Branch Operations Coordinator Cape Canaveral,Risk and Compliance,Cape Canaveral,FL,United States,unknown,Full time,2026-08-21 17:57:20.785825,2026-08-12 00:00:00,https://www.wellsfargojobs.com/en/jobs/r-567949/branch-operations-coordinator-cape-canaveral/
WELLS_FARGO,R-568580,Personal Banker Northeast Georgia District,Risk and Compliance,Gainesville,GA,United States,unknown,Full time,2026-08-21 17:57:20.807482,2026-08-13 00:00:00,https://www.wellsfargojobs.com/en/jobs/r-568580/personal-banker-northeast-georgia-district/
WELLS_FARGO,R-555848,Roving Personal Banker ROVING Naples District,Risk and Compliance,Naples,FL,United States,unknown,Full time,2026-08-21 17:57:20.826291,2026-08-13 00:00:00,https://www.wellsfargojobs.com/en/jobs/r-555848/roving-personal-banker-roving-naples-district/
WELLS_FARGO,R-568530,Personal Banker Helena Downtown MT,Risk and Compliance,Helena,MT,United States,unknown,Full time,2026-08-21 17:57:20.841916,2026-08-13 00:00:00,https://www.wellsfargojobs.com/en/jobs/r-568530/personal-banker-helena-downtown-mt/
WELLS_FARGO,R-568508,Personal Banker Crossroads,Risk and Compliance,Houston,TX,United States,unknown,Full time,2026-08-21 17:57:20.859546,2026-08-13 00:00:00,https://www.wellsfargojobs.com/en/jobs/r-568508/personal-banker-crossroads/
WELLS_FARGO,R-568070,Relationship Banker Delaware South District,Risk and Compliance,Newark,DE,United States,unknown,Full time,2026-08-21 17:57:20.881613,2026-08-13 00:00:00,https://www.wellsfargojobs.com/en/jobs/r-568070/relationship-banker-delaware-south-district/
WELLS_FARGO,R-567987,Teller Part Time Beaumont,Risk and Compliance,Beaumont,CA,United States,unknown,Part time,2026-08-21 17:57:20.901358,2026-08-13 00:00:00,https://www.wellsfargojobs.com/en/jobs/r-567987/teller-part-time-beaumont/
WELLS_FARGO,R-568386,Teller Part Time La Costa,Risk and Compliance,Carlsbad,CA,United States,unknown,Part time,2026-08-21 17:57:20.919097,2026-08-13 00:00:00,https://www.wellsfargojobs.com/en/jobs/r-568386/teller-part-time-la-costa/
WELLS_FARGO,R-552667,Senior Manager – Payment Operations Monitoring & Support,Risk and Compliance,Charlotte,NC,United States,unknown,Full time,2026-08-21 17:57:20.934779,2026-08-14 00:00:00,https://www.wellsfargojobs.com/en/jobs/r-552667/senior-manager-payment-operations-monitoring-support/
WELLS_FARGO,R-567951,Investment Portfolio Control Consultant,Risk and Compliance,Saint Louis,MO,United States,unknown,Full time,2026-08-21 17:57:20.958192,2026-08-14 00:00:00,https://www.wellsfargojobs.com/en/jobs/r-567951/investment-portfolio-control-consultant/
WELLS_FARGO,R-567516,Roving Personal Banker Southwest WA District,Risk and Compliance,Lakewood,WA,United States,unknown,Full time,2026-08-21 17:57:20.982179,2026-08-14 00:00:00,https://www.wellsfargojobs.com/en/jobs/r-567516/roving-personal-banker-southwest-wa-district/
WELLS_FARGO,R-568486,Personal Banker Oak Summit Branch in Winston-Salem NC,Risk and Compliance,Winston Salem,NC,United States,unknown,Full time,2026-08-21 17:57:20.999944,2026-08-14 00:00:00,https://www.wellsfargojobs.com/en/jobs/r-568486/personal-banker-oak-summit-branch-in-winston-salem-nc/
WELLS_FARGO,R-559719,"Business Banker (LO) Winston Salem, NC",Risk and Compliance,Winston Salem,NC,United States,unknown,Full time,2026-08-21 17:57:21.018341,2026-08-14 00:00:00,https://www.wellsfargojobs.com/en/jobs/r-559719/business-banker-lo-winston-salem-nc/
WELLS_FARGO,R-528047,"Associate, Investment Banking - Equity Capital Markets",Risk and Compliance,New York,NY,United States,unknown,Full time,2026-08-21 17:57:21.037683,2026-08-14 00:00:00,https://www.wellsfargojobs.com/en/jobs/r-528047/associate-investment-banking-equity-capital-markets/
WELLS_FARGO,R-567147,Treasury Management Sales Support Analyst,Risk and Compliance,Minneapolis,MN,United States,unknown,Full time,2026-08-21 17:57:21.051942,2026-08-14 00:00:00,https://www.wellsfargojobs.com/en/jobs/r-567147/treasury-management-sales-support-analyst/
WELLS_FARGO,R-568956,Personal Banker DC Proper District,Risk and Compliance,Washington,DC,United States,unknown,Full time,2026-08-21 17:57:21.072239,2026-08-14 00:00:00,https://www.wellsfargojobs.com/en/jobs/r-568956/personal-banker-dc-proper-district/
WELLS_FARGO,R-568532,Relationship Banker Inverrary Falls Lauderhill FL,Risk and Compliance,Lauderhill,FL,United States,unknown,Full time,2026-08-21 17:57:21.092039,2026-08-16 00:00:00,https://www.wellsfargojobs.com/en/jobs/r-568532/relationship-banker-inverrary-falls-lauderhill-fl/
WELLS_FARGO,R-561957,Personal Banker 40 hours Pinnacle Peak,Risk and Compliance,Scottsdale,AZ,United States,unknown,Full time,2026-08-21 17:57:21.109227,2026-08-14 00:00:00,https://www.wellsfargojobs.com/en/jobs/r-561957/personal-banker-40-hours-pinnacle-peak/
WELLS_FARGO,R-568410,Teller Part Time Denton Tap and Fitness Court,Risk and Compliance,Coppell,TX,United States,unknown,Part time,2026-08-21 17:57:21.127879,2026-08-14 00:00:00,https://www.wellsfargojobs.com/en/jobs/r-568410/teller-part-time-denton-tap-and-fitness-court/
WELLS_FARGO,R-566842,Teller Bilingual Part Time Winchester,Risk and Compliance,Winchester,VA,United States,unknown,Part time,2026-08-21 17:57:21.145590,2026-08-17 00:00:00,https://www.wellsfargojobs.com/en/jobs/r-566842/teller-bilingual-part-time-winchester/
WELLS_FARGO,R-567443,Mortgage Retail Sales Consultant (SAFE),Risk and Compliance,Saint Cloud,MN,United States,unknown,Full time,2026-08-21 17:57:21.160921,2026-08-17 00:00:00,https://www.wellsfargojobs.com/en/jobs/r-567443/mortgage-retail-sales-consultant-safe/
WELLS_FARGO,R-567598,Roving Personal Banker Northeast Denver District,Risk and Compliance,Thornton,CO,United States,unknown,Full time,2026-08-21 17:57:21.180749,2026-08-17 00:00:00,https://www.wellsfargojobs.com/en/jobs/r-567598/roving-personal-banker-northeast-denver-district/
WELLS_FARGO,R-564425,Lead Infrastructure Engineer - Messaging & Collaboration Operations,Cloud and Infrastructure,Irving,TX,United States,unknown,Full time,2026-08-21 17:57:21.199826,2026-08-17 00:00:00,https://www.wellsfargojobs.com/en/jobs/r-564425/lead-infrastructure-engineer-messaging-collaboration-operations/
WELLS_FARGO,R-556556,Associate Personal Banker Monroe,Risk and Compliance,Monroe,WA,United States,unknown,Full time,2026-08-21 17:57:21.218480,2026-08-17 00:00:00,https://www.wellsfargojobs.com/en/jobs/r-556556/associate-personal-banker-monroe/
WELLS_FARGO,R-568626,Teller Part Time New Braunfels Loop 337 and MB,Risk and Compliance,New Braunfels,TX,United States,unknown,Part time,2026-08-21 17:57:21.234593,2026-08-17 00:00:00,https://www.wellsfargojobs.com/en/jobs/r-568626/teller-part-time-new-braunfels-loop-337-and-mb/
WELLS_FARGO,R-569141,Senior Premier Banker North San Diego District,Risk and Compliance,San Marcos,CA,United States,unknown,Full time,2026-08-21 17:57:21.258358,2026-08-17 00:00:00,https://www.wellsfargojobs.com/en/jobs/r-569141/senior-premier-banker-north-san-diego-district/
WELLS_FARGO,R-559423,"Business Banker (LO) Del Ray Oaks, CA",Risk and Compliance,Del Rey Oaks,CA,United States,unknown,Full time,2026-08-21 17:57:21.278196,2026-08-17 00:00:00,https://www.wellsfargojobs.com/en/jobs/r-559423/business-banker-lo-del-ray-oaks-ca/
WELLS_FARGO,R-565588,Personal Banker Valley Forge,Risk and Compliance,Devon,PA,United States,unknown,Full time,2026-08-21 17:57:21.295512,2026-08-17 00:00:00,https://www.wellsfargojobs.com/en/jobs/r-565588/personal-banker-valley-forge/
WELLS_FARGO,R-569188,Senior Premier Banker - Richmond River,Risk and Compliance,Richmond,VA,United States,unknown,Full time,2026-08-21 17:57:21.321201,2026-08-17 00:00:00,https://www.wellsfargojobs.com/en/jobs/r-569188/senior-premier-banker-richmond-river/
WELLS_FARGO,R-565823,Lead Business Aligned Finance Analyst – CIB Markets Finance Strategic Advisory,Risk and Compliance,Charlotte,NC,United States,unknown,Full time,2026-08-21 17:57:21.336733,2026-08-17 00:00:00,https://www.wellsfargojobs.com/en/jobs/r-565823/lead-business-aligned-finance-analyst-cib-markets-finance-strategic-advisory/
WELLS_FARGO,R-567994,Teller Jal New Mexico,Risk and Compliance,Jal,NM,United States,unknown,Full time,2026-08-21 17:57:21.353735,2026-08-17 00:00:00,https://www.wellsfargojobs.com/en/jobs/r-567994/teller-jal-new-mexico/
WELLS_FARGO,R-568592,Branch Manager Allentown Eastern Lehigh,Risk and Compliance,Easton,PA,United States,unknown,Full time,2026-08-21 17:57:21.375970,2026-08-17 00:00:00,https://www.wellsfargojobs.com/en/jobs/r-568592/branch-manager-allentown-eastern-lehigh/
WELLS_FARGO,R-559034,"Senior Risk Analytics Consultant, Independent Pricing Verification Finance",Risk and Compliance,Charlotte,NC,United States,unknown,Full time,2026-08-21 17:57:21.392800,2026-08-17 00:00:00,https://www.wellsfargojobs.com/en/jobs/r-559034/senior-risk-analytics-consultant-independent-pricing-verification-finance/
WELLS_FARGO,R-568789,Personal Banker Oak St,Risk and Compliance,Myrtle Beach,SC,United States,unknown,Full time,2026-08-21 17:57:21.412829,2026-08-17 00:00:00,https://www.wellsfargojobs.com/en/jobs/r-568789/personal-banker-oak-st/
WELLS_FARGO,R-566136,Senior Commercial Banking Portfolio Manager,Risk and Compliance,Charlotte,NC,United States,unknown,Full time,2026-08-21 17:57:21.425867,2026-08-17 00:00:00,https://www.wellsfargojobs.com/en/jobs/r-566136/senior-commercial-banking-portfolio-manager/
WELLS_FARGO,R-566896,Branch Operations Coordinator State 33rd,Risk and Compliance,Salt Lake City,UT,United States,unknown,Full time,2026-08-21 17:57:21.442001,2026-08-17 00:00:00,https://www.wellsfargojobs.com/en/jobs/r-566896/branch-operations-coordinator-state-33rd/
WELLS_FARGO,R-552118,Lead Architect Data and Analytics,Risk and Compliance,Charlotte,NC,United States,unknown,Full time,2026-08-21 17:57:21.455157,2026-08-18 00:00:00,https://www.wellsfargojobs.com/en/jobs/r-552118/lead-architect-data-and-analytics/
WELLS_FARGO,R-562225,Corporate Insurance Consultant- CIBLO/CMS,Risk and Compliance,Charlotte,NC,United States,unknown,Full time,2026-08-21 17:57:21.475226,2026-08-18 00:00:00,https://www.wellsfargojobs.com/en/jobs/r-562225/corporate-insurance-consultant-ciblo-cms/
WELLS_FARGO,R-568470,Client Associate,Risk and Compliance,Ponte Vedra Beach,FL,United States,unknown,Full time,2026-08-21 17:57:21.488619,2026-08-18 00:00:00,https://www.wellsfargojobs.com/en/jobs/r-568470/client-associate/
WELLS_FARGO,R-569455,Personal Banker North West Georgia,Risk and Compliance,Dallas,GA,United States,unknown,Full time,2026-08-21 17:57:21.507963,2026-08-18 00:00:00,https://www.wellsfargojobs.com/en/jobs/r-569455/personal-banker-north-west-georgia/
WELLS_FARGO,R-558952,"Business Banker (LO) West Jordan, UT",Risk and Compliance,West Jordan,UT,United States,unknown,Full time,2026-08-21 17:57:21.526953,2026-08-18 00:00:00,https://www.wellsfargojobs.com/en/jobs/r-558952/business-banker-lo-west-jordan-ut/
WELLS_FARGO,R-557597,Branch Operations Coordinator - Bozeman Smith Center,Risk and Compliance,Bozeman,MT,United States,unknown,Full time,2026-08-21 17:57:21.541991,2026-08-18 00:00:00,https://www.wellsfargojobs.com/en/jobs/r-557597/branch-operations-coordinator-bozeman-smith-center/
WELLS_FARGO,R-565267,Personal Banker Livingston MT,Risk and Compliance,Livingston,MT,United States,unknown,Full time,2026-08-21 17:57:21.559888,2026-08-18 00:00:00,https://www.wellsfargojobs.com/en/jobs/r-565267/personal-banker-livingston-mt/
WELLS_FARGO,R-569553,Personal Banker Bandera,Risk and Compliance,Bandera,TX,United States,unknown,Full time,2026-08-21 17:57:21.579520,2026-08-18 00:00:00,https://www.wellsfargojobs.com/en/jobs/r-569553/personal-banker-bandera/
WELLS_FARGO,R-562008,Relationship Banker South Vegas Valley,Risk and Compliance,Henderson,NV,United States,unknown,Full time,2026-08-21 17:57:21.604776,2026-08-18 00:00:00,https://www.wellsfargojobs.com/en/jobs/r-562008/relationship-banker-south-vegas-valley/
WELLS_FARGO,R-564840,Teller Part Time North Naples,Risk and Compliance,Naples,FL,United States,unknown,Part time,2026-08-21 17:57:21.621771,2026-08-18 00:00:00,https://www.wellsfargojobs.com/en/jobs/r-564840/teller-part-time-north-naples/
WELLS_FARGO,R-566043,Personal Banker Bilingual Charleston Dual Lanes,Risk and Compliance,North Charleston,SC,United States,unknown,Full time,2026-08-21 17:57:21.639419,2026-08-18 00:00:00,https://www.wellsfargojobs.com/en/jobs/r-566043/personal-banker-bilingual-charleston-dual-lanes/
WELLS_FARGO,R-569349,Teller Part Time East Boulder,Risk and Compliance,Boulder,CO,United States,unknown,Part time,2026-08-21 17:57:21.668846,2026-08-18 00:00:00,https://www.wellsfargojobs.com/en/jobs/r-569349/teller-part-time-east-boulder/
WELLS_FARGO,R-561444,Teller Part Time Cortez,Risk and Compliance,Bradenton,FL,United States,unknown,Part time,2026-08-21 17:57:21.687935,2026-08-19 00:00:00,https://www.wellsfargojobs.com/en/jobs/r-561444/teller-part-time-cortez/
WELLS_FARGO,R-560856,Teller Part Time Emmet St,Risk and Compliance,Charlottesville,VA,United States,unknown,Part time,2026-08-21 17:57:21.706944,2026-08-18 00:00:00,https://www.wellsfargojobs.com/en/jobs/r-560856/teller-part-time-emmet-st/
WELLS_FARGO,R-568735,Teller Part Time Edgewater,Risk and Compliance,Biloxi,MS,United States,unknown,Part time,2026-08-21 17:57:21.724598,2026-08-18 00:00:00,https://www.wellsfargojobs.com/en/jobs/r-568735/teller-part-time-edgewater/
WELLS_FARGO,R-569443,Teller Part Time Sebastian,Risk and Compliance,Sebastian,FL,United States,unknown,Part time,2026-08-21 17:57:21.742210,2026-08-18 00:00:00,https://www.wellsfargojobs.com/en/jobs/r-569443/teller-part-time-sebastian/
WELLS_FARGO,R-567362,Senior Fiduciary Coordinator - Closely Held Associate,Risk and Compliance,Winston Salem,NC,United States,unknown,Full time,2026-08-21 17:57:21.758567,2026-08-18 00:00:00,https://www.wellsfargojobs.com/en/jobs/r-567362/senior-fiduciary-coordinator-closely-held-associate/
WELLS_FARGO,R-569080,Mortgage Retail Sales Consultant (SAFE),Risk and Compliance,Lititz,PA,United States,unknown,Full time,2026-08-21 17:57:21.777746,2026-08-19 00:00:00,https://www.wellsfargojobs.com/en/jobs/r-569080/mortgage-retail-sales-consultant-safe/
WELLS_FARGO,R-569291,Teller Melbourne,Risk and Compliance,Melbourne,FL,United States,unknown,Full time,2026-08-21 17:57:21.796436,2026-08-19 00:00:00,https://www.wellsfargojobs.com/en/jobs/r-569291/teller-melbourne/
WELLS_FARGO,R-569737,Personal Banker Southern Westchester,Risk and Compliance,Ardsley,NY,United States,unknown,Full time,2026-08-21 17:57:21.817742,2026-08-19 00:00:00,https://www.wellsfargojobs.com/en/jobs/r-569737/personal-banker-southern-westchester/
WELLS_FARGO,R-562200,Teller Part Time Capital District,Risk and Compliance,Wallingford,CT,United States,unknown,Part time,2026-08-21 17:57:21.838894,2026-08-19 00:00:00,https://www.wellsfargojobs.com/en/jobs/r-562200/teller-part-time-capital-district/
WELLS_FARGO,R-569700,Senior Premier Banker Delta Breeze,Risk and Compliance,Antioch,CA,United States,unknown,Full time,2026-08-21 17:57:21.863039,2026-08-19 00:00:00,https://www.wellsfargojobs.com/en/jobs/r-569700/senior-premier-banker-delta-breeze/
WELLS_FARGO,R-561250,Roving Personal Banker SE Alaska District,Risk and Compliance,Juneau,AK,United States,unknown,Full time,2026-08-21 17:57:21.884852,2026-08-19 00:00:00,https://www.wellsfargojobs.com/en/jobs/r-561250/roving-personal-banker-se-alaska-district/
WELLS_FARGO,R-569120,Mortgage Retail Sales Consultant (SAFE),Risk and Compliance,Fredericksburg,VA,United States,unknown,Full time,2026-08-21 17:57:21.903444,2026-08-19 00:00:00,https://www.wellsfargojobs.com/en/jobs/r-569120/mortgage-retail-sales-consultant-safe/
WELLS_FARGO,R-569128,Private Mortgage Banker (SAFE),Risk and Compliance,Virginia Beach,VA,United States,unknown,Full time,2026-08-21 17:57:21.925024,2026-08-19 00:00:00,https://www.wellsfargojobs.com/en/jobs/r-569128/private-mortgage-banker-safe/
WELLS_FARGO,R-560969,Senior Premier Banker Great Valley Malvern,Risk and Compliance,Malvern,PA,United States,unknown,Full time,2026-08-21 17:57:21.949469,2026-08-19 00:00:00,https://www.wellsfargojobs.com/en/jobs/r-560969/senior-premier-banker-great-valley-malvern/
WELLS_FARGO,R-561961,Escalations Representative,Risk and Compliance,Roanoke,VA,United States,unknown,Full time,2026-08-21 17:57:21.964704,2026-08-19 00:00:00,https://www.wellsfargojobs.com/en/jobs/r-561961/escalations-representative/
WELLS_FARGO,R-567976,Senior Premier Banker Whiskey Hill,Risk and Compliance,Woodside,CA,United States,unknown,Full time,2026-08-21 17:57:21.982602,2026-08-19 00:00:00,https://www.wellsfargojobs.com/en/jobs/r-567976/senior-premier-banker-whiskey-hill/
WELLS_FARGO,R-568489,Senior Business Lending Advisor,Risk and Compliance,Salt Lake City,UT,United States,unknown,Full time,2026-08-21 17:57:21.997722,2026-08-19 00:00:00,https://www.wellsfargojobs.com/en/jobs/r-568489/senior-business-lending-advisor/
WELLS_FARGO,R-569878,Senior Lead Private Wealth Portfolio Manager,Risk and Compliance,Saint Louis,MO,United States,unknown,Full time,2026-08-21 17:57:22.030892,2026-08-19 00:00:00,https://www.wellsfargojobs.com/en/jobs/r-569878/senior-lead-private-wealth-portfolio-manager/
WELLS_FARGO,R-569886,Personal Banker Downtown OC District,Risk and Compliance,Tustin,CA,United States,unknown,Full time,2026-08-21 17:57:22.049768,2026-08-19 00:00:00,https://www.wellsfargojobs.com/en/jobs/r-569886/personal-banker-downtown-oc-district/
WELLS_FARGO,R-567797,Branch Manager Broward North District,Risk and Compliance,Coral Springs,FL,United States,unknown,Full time,2026-08-21 17:57:22.067774,2026-08-19 00:00:00,https://www.wellsfargojobs.com/en/jobs/r-567797/branch-manager-broward-north-district/
WELLS_FARGO,R-569845,Business Development & Partnerships Consultant,Risk and Compliance,New York,NY,United States,unknown,Full time,2026-08-21 17:57:22.083706,2026-08-19 00:00:00,https://www.wellsfargojobs.com/en/jobs/r-569845/business-development-partnerships-consultant/
WELLS_FARGO,R-569848,Senior CIB Lending Operations Middle Office Specialist,Operations,Charlotte,NC,United States,unknown,Full time,2026-08-21 17:57:22.102155,2026-08-19 00:00:00,https://www.wellsfargojobs.com/en/jobs/r-569848/senior-cib-lending-operations-middle-office-specialist/
WELLS_FARGO,R-567573,Senior Change Implementation Coordinator - Commercial Card Design Team,Risk and Compliance,Salt Lake City,UT,United States,unknown,Full time,2026-08-21 17:57:22.128094,2026-08-19 00:00:00,https://www.wellsfargojobs.com/en/jobs/r-567573/senior-change-implementation-coordinator-commercial-card-design-team/
WELLS_FARGO,R-569610,Teller Pasadena and MB,Risk and Compliance,Pasadena,TX,United States,unknown,Full time,2026-08-21 17:57:22.149690,2026-08-19 00:00:00,https://www.wellsfargojobs.com/en/jobs/r-569610/teller-pasadena-and-mb/
WELLS_FARGO,R-569624,Teller Bilingual Mason and Kingsland,Risk and Compliance,Katy,TX,United States,unknown,Full time,2026-08-21 17:57:22.170246,2026-08-19 00:00:00,https://www.wellsfargojobs.com/en/jobs/r-569624/teller-bilingual-mason-and-kingsland/
WELLS_FARGO,R-569915,Teller Part Time Ashland,Risk and Compliance,Ashland,OR,United States,unknown,Part time,2026-08-21 17:57:22.186536,2026-08-19 00:00:00,https://www.wellsfargojobs.com/en/jobs/r-569915/teller-part-time-ashland/
WELLS_FARGO,R-569615,Relationship Banker Hazel Dell,Risk and Compliance,Vancouver,WA,United States,unknown,Full time,2026-08-21 17:57:22.212546,2026-08-19 00:00:00,https://www.wellsfargojobs.com/en/jobs/r-569615/relationship-banker-hazel-dell/
WELLS_FARGO,R-565715,Teller Part Time Bilingual San Benito 6th,Risk and Compliance,Hollister,CA,United States,unknown,Part time,2026-08-21 17:57:22.237852,2026-08-19 00:00:00,https://www.wellsfargojobs.com/en/jobs/r-565715/teller-part-time-bilingual-san-benito-6th/
WELLS_FARGO,R-564897,Branch Manager - Torrance Coastal,Risk and Compliance,Hermosa Beach,CA,United States,unknown,Full time,2026-08-21 17:57:22.265114,2026-08-20 00:00:00,https://www.wellsfargojobs.com/en/jobs/r-564897/branch-manager-torrance-coastal/
WELLS_FARGO,R-569452,Branch Operations Coordinator West Milford,Risk and Compliance,West Milford,NJ,United States,unknown,Full time,2026-08-21 17:57:22.278867,2026-08-20 00:00:00,https://www.wellsfargojobs.com/en/jobs/r-569452/branch-operations-coordinator-west-milford/
WELLS_FARGO,R-570056,District Manager Downtown Orange County District,Risk and Compliance,Newport Coast,CA,United States,unknown,Full time,2026-08-21 17:57:22.298054,2026-08-20 00:00:00,https://www.wellsfargojobs.com/en/jobs/r-570056/district-manager-downtown-orange-county-district/
WELLS_FARGO,R-570025,Senior Premier Banker Northern Ocean District,Risk and Compliance,Lakewood,NJ,United States,unknown,Full time,2026-08-21 17:57:22.329923,2026-08-20 00:00:00,https://www.wellsfargojobs.com/en/jobs/r-570025/senior-premier-banker-northern-ocean-district/
WELLS_FARGO,R-568466,Branch Manager SE Alaska District,Risk and Compliance,Ketchikan,AK,United States,unknown,Full time,2026-08-21 17:57:22.354595,2026-08-20 00:00:00,https://www.wellsfargojobs.com/en/jobs/r-568466/branch-manager-se-alaska-district/
WELLS_FARGO,R-565097,Associate Wealth Banking Specialist (SAFE),Risk and Compliance,Bethesda,MD,United States,unknown,Full time,2026-08-21 17:57:22.366875,2026-08-20 00:00:00,https://www.wellsfargojobs.com/en/jobs/r-565097/associate-wealth-banking-specialist-safe/
WELLS_FARGO,R-570112,Personal Banker in Inner Loop Houston,Risk and Compliance,Houston,TX,United States,unknown,Part time,2026-08-21 17:57:22.392880,2026-08-20 00:00:00,https://www.wellsfargojobs.com/en/jobs/r-570112/personal-banker-in-inner-loop-houston/
WELLS_FARGO,R-566619,Teller Part Time Bee Cave Galleria,Risk and Compliance,Bee Cave,TX,United States,unknown,Part time,2026-08-21 17:57:22.410660,2026-08-20 00:00:00,https://www.wellsfargojobs.com/en/jobs/r-566619/teller-part-time-bee-cave-galleria/
WELLS_FARGO,R-570142,Relationship Banker Cortaro and Thornydale,Risk and Compliance,Tucson,AZ,United States,unknown,Full time,2026-08-21 17:57:22.432899,2026-08-20 00:00:00,https://www.wellsfargojobs.com/en/jobs/r-570142/relationship-banker-cortaro-and-thornydale/
WELLS_FARGO,R-565710,Lead Product Owner – IAM AWS Cloud,Risk and Compliance,Charlotte,NC,United States,unknown,Full time,2026-08-21 17:57:22.459085,2026-08-20 00:00:00,https://www.wellsfargojobs.com/en/jobs/r-565710/lead-product-owner-iam-aws-cloud/
WELLS_FARGO,R-569778,Personal Banker-Kendall Lakes Miami FL,Risk and Compliance,Miami,FL,United States,unknown,Full time,2026-08-21 17:57:22.485579,2026-08-20 00:00:00,https://www.wellsfargojobs.com/en/jobs/r-569778/personal-banker-kendall-lakes-miami-fl/
WELLS_FARGO,R-569913,Teller Part Time East Ahwatukee,Risk and Compliance,Phoenix,AZ,United States,unknown,Part time,2026-08-21 17:57:22.499522,2026-08-20 00:00:00,https://www.wellsfargojobs.com/en/jobs/r-569913/teller-part-time-east-ahwatukee/
WELLS_FARGO,R-563269,Branch Operations Coordinator Cottage Grove,Risk and Compliance,Cottage Grove,MN,United States,unknown,Full time,2026-08-21 17:57:22.514266,2026-08-20 00:00:00,https://www.wellsfargojobs.com/en/jobs/r-563269/branch-operations-coordinator-cottage-grove/
WELLS_FARGO,R-566435,"Equity Research Associate, Mid-Cap Bank",Risk and Compliance,New York,NY,United States,unknown,Full time,2026-08-21 17:57:22.539056,2026-08-20 00:00:00,https://www.wellsfargojobs.com/en/jobs/r-566435/equity-research-associate-mid-cap-bank/
WELLS_FARGO,R-566384,Senior Premier Banker 24th & Irving,Risk and Compliance,San Francisco,CA,United States,unknown,Full time,2026-08-21 17:57:22.563580,2026-08-21 00:00:00,https://www.wellsfargojobs.com/en/jobs/r-566384/senior-premier-banker-24th-irving/
WELLS_FARGO,R-567896,Teller Part Time Hilton Head North Island,Risk and Compliance,Hilton Head Island,SC,United States,unknown,Part time,2026-08-21 17:57:22.584967,2026-08-21 00:00:00,https://www.wellsfargojobs.com/en/jobs/r-567896/teller-part-time-hilton-head-north-island/
WELLS_FARGO,R-570046,Universal Personal Banker Rocky Hill,Risk and Compliance,Rocky Hill,CT,United States,unknown,Full time,2026-08-21 17:57:22.604472,2026-08-21 00:00:00,https://www.wellsfargojobs.com/en/jobs/r-570046/universal-personal-banker-rocky-hill/
WELLS_FARGO,R-559966,Teller Part Time Hillsboro,Risk and Compliance,Hillsboro,TX,United States,unknown,Part time,2026-08-21 17:57:22.622633,2026-08-21 00:00:00,https://www.wellsfargojobs.com/en/jobs/r-559966/teller-part-time-hillsboro/
WELLS_FARGO,R-562282,Senior Premier Banker Katy District,Risk and Compliance,Katy,TX,United States,unknown,,2026-08-21 17:57:22.646966,2026-08-21 00:00:00,https://www.wellsfargojobs.com/en/jobs/r-562282/senior-premier-banker-katy-district/
WELLS_FARGO,R-570076,Personal Banker Long Island City DeNovo,Risk and Compliance,Long Island City,NY,United States,unknown,Full time,2026-08-21 17:57:22.665077,2026-08-21 00:00:00,https://www.wellsfargojobs.com/en/jobs/r-570076/personal-banker-long-island-city-denovo/
WELLS_FARGO,R-570133,Teller Part Time Mariners,Risk and Compliance,Newport Beach,CA,United States,unknown,Part time,2026-08-21 17:57:22.685015,2026-08-21 00:00:00,https://www.wellsfargojobs.com/en/jobs/r-570133/teller-part-time-mariners/
WELLS_FARGO,R-563750,Principal Architect - Workplace Technology (Collaboration),Risk and Compliance,Charlotte,NC,United States,unknown,Full time,2026-08-21 17:57:22.706866,2026-08-21 00:00:00,https://www.wellsfargojobs.com/en/jobs/r-563750/principal-architect-workplace-technology-collaboration/
WELLS_FARGO,R-569928,Branch Operations Coordinator Asheville East,Risk and Compliance,Asheville,NC,United States,unknown,Full time,2026-08-21 17:57:22.722937,2026-08-21 00:00:00,https://www.wellsfargojobs.com/en/jobs/r-569928/branch-operations-coordinator-asheville-east/
WELLS_FARGO,R-567153,Cyber Social Responsibility & Community Engagement Lead,Risk and Compliance,Charlotte,NC,United States,unknown,Full time,2026-08-21 17:57:22.738336,2026-08-21 00:00:00,https://www.wellsfargojobs.com/en/jobs/r-567153/cyber-social-responsibility-community-engagement-lead/
WELLS_FARGO,R-566913,Teller Part Time Greater San Francisco,Risk and Compliance,San Francisco,CA,United States,unknown,Part time,2026-08-21 17:57:22.757712,2026-08-21 00:00:00,https://www.wellsfargojobs.com/en/jobs/r-566913/teller-part-time-greater-san-francisco/
WELLS_FARGO,R-561277,Mortgage Consumer Direct Sales Consultant (SAFE),Risk and Compliance,Charlotte,NC,United States,unknown,Full time,2026-08-21 17:57:22.775725,2026-07-16 00:00:00,https://www.wellsfargojobs.com/en/jobs/r-561277/mortgage-consumer-direct-sales-consultant-safe/
WELLS_FARGO,R-563416,Personal Banker Bilingual Southeast Metro District,Risk and Compliance,Lawrenceville,GA,United States,unknown,,2026-08-21 17:57:22.795729,2026-07-24 00:00:00,https://www.wellsfargojobs.com/en/jobs/r-563416/personal-banker-bilingual-southeast-metro-district/
WELLS_FARGO,R-563567,Teller Sisseton,Risk and Compliance,Sisseton,SD,United States,unknown,Full time,2026-08-21 17:57:22.814313,2026-07-24 00:00:00,https://www.wellsfargojobs.com/en/jobs/r-563567/teller-sisseton/
WELLS_FARGO,R-563625,Personal Banker Summit,Risk and Compliance,Littleton,CO,United States,unknown,Full time,2026-08-21 17:57:22.832885,2026-07-24 00:00:00,https://www.wellsfargojobs.com/en/jobs/r-563625/personal-banker-summit/
WELLS_FARGO,R-562577,Branch Manager Las Vegas New Mexico,Risk and Compliance,Las Vegas,NM,United States,unknown,Full time,2026-08-21 17:57:22.855557,2026-07-22 00:00:00,https://www.wellsfargojobs.com/en/jobs/r-562577/branch-manager-las-vegas-new-mexico/
WELLS_FARGO,R-563490,"Business Banker (LO) Westlake Village, CA",Risk and Compliance,Westlake Village,CA,United States,unknown,Full time,2026-08-21 17:57:22.875321,2026-07-26 00:00:00,https://www.wellsfargojobs.com/en/jobs/r-563490/business-banker-lo-westlake-village-ca/
WELLS_FARGO,R-559635,Branch Manager Cashiers NC,Risk and Compliance,Cashiers,NC,United States,unknown,Full time,2026-08-21 17:57:22.898047,2026-07-27 00:00:00,https://www.wellsfargojobs.com/en/jobs/r-559635/branch-manager-cashiers-nc/
WELLS_FARGO,R-564160,"Part Time Personal Banker, Tuba City, AZ",Risk and Compliance,Tuba City,AZ,United States,unknown,Part time,2026-08-21 17:57:22.918842,2026-07-28 00:00:00,https://www.wellsfargojobs.com/en/jobs/r-564160/part-time-personal-banker-tuba-city-az/
WELLS_FARGO,R-563987,Roving Personal Banker Northern Alaska District,Risk and Compliance,Fairbanks,AK,United States,unknown,Full time,2026-08-21 17:57:22.939803,2026-07-28 00:00:00,https://www.wellsfargojobs.com/en/jobs/r-563987/roving-personal-banker-northern-alaska-district/
WELLS_FARGO,R-564878,CA-WA Mortgage Retail Sales Consultant (SAFE),Risk and Compliance,Alameda,CA,United States,unknown,Full time,2026-08-21 17:57:22.957935,2026-07-30 00:00:00,https://www.wellsfargojobs.com/en/jobs/r-564878/ca-wa-mortgage-retail-sales-consultant-safe/
WELLS_FARGO,R-564600,Teller Part Time Richmond,Risk and Compliance,Albuquerque,NM,United States,unknown,Part time,2026-08-21 17:57:22.976092,2026-07-30 00:00:00,https://www.wellsfargojobs.com/en/jobs/r-564600/teller-part-time-richmond/
WELLS_FARGO,R-540594,Home Mortgage Consultant (SAFE),Risk and Compliance,Short Hills,NJ,United States,unknown,Full time,2026-08-21 17:57:22.993072,2026-07-31 00:00:00,https://www.wellsfargojobs.com/en/jobs/r-540594/home-mortgage-consultant-safe/
WELLS_FARGO,R-557342,Associate Roving Personal Banker (SAFE) - Great Basin District,Risk and Compliance,Sparks,NV,United States,unknown,Full time,2026-08-21 17:57:23.010313,2026-07-31 00:00:00,https://www.wellsfargojobs.com/en/jobs/r-557342/associate-roving-personal-banker-safe-great-basin-district/
WELLS_FARGO,R-556840,Home Mortgage Consultant (SAFE),Risk and Compliance,New York,NY,United States,unknown,,2026-08-21 17:57:23.028677,2026-07-31 00:00:00,https://www.wellsfargojobs.com/en/jobs/r-556840/home-mortgage-consultant-safe/
WELLS_FARGO,R-565203,Personal Banker Aspen,Risk and Compliance,Aspen,CO,United States,unknown,Full time,2026-08-21 17:57:23.050495,2026-07-31 00:00:00,https://www.wellsfargojobs.com/en/jobs/r-565203/personal-banker-aspen/
WELLS_FARGO,R-565624,Relationship Banker - Downtown LA District,Risk and Compliance,Los Angeles,CA,United States,unknown,,2026-08-21 17:57:23.066056,2026-08-03 00:00:00,https://www.wellsfargojobs.com/en/jobs/r-565624/relationship-banker-downtown-la-district/
WELLS_FARGO,R-564388,Teller Part Time Renton Village,Risk and Compliance,Renton,WA,United States,unknown,Part time,2026-08-21 17:57:23.092205,2026-08-03 00:00:00,https://www.wellsfargojobs.com/en/jobs/r-564388/teller-part-time-renton-village/
WELLS_FARGO,R-565766,Senior premier Banker Gold Valley District,Risk and Compliance,Stockton,CA,United States,unknown,Full time,2026-08-21 17:57:23.114199,2026-08-03 00:00:00,https://www.wellsfargojobs.com/en/jobs/r-565766/senior-premier-banker-gold-valley-district/
WELLS_FARGO,R-553399,Branch Manager Midwest Charlotte District,Risk and Compliance,Charlotte,NC,United States,unknown,Full time,2026-08-21 17:57:23.144199,2026-08-04 00:00:00,https://www.wellsfargojobs.com/en/jobs/r-553399/branch-manager-midwest-charlotte-district/
WELLS_FARGO,R-566353,Senior Premier Banker - Tri Counties,Risk and Compliance,Medford,OR,United States,unknown,Full time,2026-08-21 17:57:23.179088,2026-08-05 00:00:00,https://www.wellsfargojobs.com/en/jobs/r-566353/senior-premier-banker-tri-counties/
WELLS_FARGO,R-566860,Senior Premier,Risk and Compliance,Charlottesville,VA,United States,unknown,Full time,2026-08-21 17:57:23.204179,2026-08-06 00:00:00,https://www.wellsfargojobs.com/en/jobs/r-566860/senior-premier/
WELLS_FARGO,R-566505,Personal Banker Canton,Risk and Compliance,Canton,IL,United States,unknown,Full time,2026-08-21 17:57:23.225034,2026-08-06 00:00:00,https://www.wellsfargojobs.com/en/jobs/r-566505/personal-banker-canton/
WELLS_FARGO,R-560102,Personal Banker (SAFE) - Fernley,Risk and Compliance,Fernley,NV,United States,unknown,Full time,2026-08-21 17:57:23.244072,2026-08-06 00:00:00,https://www.wellsfargojobs.com/en/jobs/r-560102/personal-banker-safe-fernley/
WELLS_FARGO,R-549218,Senior Business Banking Relationship Manager,Risk and Compliance,Hilton Head Island,SC,United States,unknown,Full time,2026-08-21 17:57:23.261320,2026-08-06 00:00:00,https://www.wellsfargojobs.com/en/jobs/r-549218/senior-business-banking-relationship-manager/
WELLS_FARGO,R-556123,2027 Corporate Risk Development Program Summer Internship (Core Risk) - Early Careers,Risk and Compliance,Charlotte,NC,United States,unknown,Full time,2026-08-21 17:57:23.280836,2026-08-06 00:00:00,https://www.wellsfargojobs.com/en/jobs/r-556123/2027-corporate-risk-development-program-summer-internship-core-risk-early-careers/
WELLS_FARGO,R-558516,Branch Manager North Metro Minneapolis,Risk and Compliance,Andover,MN,United States,unknown,Full time,2026-08-21 17:57:23.303211,2026-08-07 00:00:00,https://www.wellsfargojobs.com/en/jobs/r-558516/branch-manager-north-metro-minneapolis/
WELLS_FARGO,R-559163,Personal Banker Bilingual Palmetto District,Risk and Compliance,Cayce,SC,United States,unknown,Full time,2026-08-21 17:57:23.317146,2026-08-07 00:00:00,https://www.wellsfargojobs.com/en/jobs/r-559163/personal-banker-bilingual-palmetto-district/
WELLS_FARGO,R-567393,Associate Customer Service Representative Everyday Banking,Risk and Compliance,Roanoke,VA,United States,unknown,Full time,2026-08-21 17:57:23.336397,2026-08-10 00:00:00,https://www.wellsfargojobs.com/en/jobs/r-567393/associate-customer-service-representative-everyday-banking/
WELLS_FARGO,R-567007,"Personal Banker Pasadena Branch, FL",Risk and Compliance,Saint Petersburg,FL,United States,unknown,Full time,2026-08-21 17:57:23.355116,2026-08-10 00:00:00,https://www.wellsfargojobs.com/en/jobs/r-567007/personal-banker-pasadena-branch-fl/
WELLS_FARGO,R-566885,Teller Santa Fe Main,Risk and Compliance,Santa Fe,NM,United States,unknown,Full time,2026-08-21 17:57:23.381041,2026-08-10 00:00:00,https://www.wellsfargojobs.com/en/jobs/r-566885/teller-santa-fe-main/
WELLS_FARGO,R-566061,Teller Part Time Yuba Plaza,Risk and Compliance,Yuba City,CA,United States,unknown,Part time,2026-08-21 17:57:23.403047,2026-08-10 00:00:00,https://www.wellsfargojobs.com/en/jobs/r-566061/teller-part-time-yuba-plaza/
WELLS_FARGO,R-561827,Senior Branch Premier Banker Black Rock,Risk and Compliance,Fairfield,CT,United States,unknown,Full time,2026-08-21 17:57:23.427327,2026-08-11 00:00:00,https://www.wellsfargojobs.com/en/jobs/r-561827/senior-branch-premier-banker-black-rock/
WELLS_FARGO,R-567562,"Relationship Banker, Cape Fear District",Risk and Compliance,Southern Pines,NC,United States,unknown,Full time,2026-08-21 17:57:23.448477,2026-08-11 00:00:00,https://www.wellsfargojobs.com/en/jobs/r-567562/relationship-banker-cape-fear-district/
WELLS_FARGO,R-567703,Branch Manager Hudson River Valley District,Risk and Compliance,Peekskill,NY,United States,unknown,Full time,2026-08-21 17:57:23.472257,2026-08-11 00:00:00,https://www.wellsfargojobs.com/en/jobs/r-567703/branch-manager-hudson-river-valley-district/
WELLS_FARGO,R-555504,Senior Treasury Management Consultant,Risk and Compliance,Melville,NY,United States,unknown,Full time,2026-08-21 17:57:23.487146,2026-08-11 00:00:00,https://www.wellsfargojobs.com/en/jobs/r-555504/senior-treasury-management-consultant/
WELLS_FARGO,R-567720,Senior Premier Banker Greater Montgomery District,Risk and Compliance,Rockville,MD,United States,unknown,Full time,2026-08-21 17:57:23.511109,2026-08-11 00:00:00,https://www.wellsfargojobs.com/en/jobs/r-567720/senior-premier-banker-greater-montgomery-district/
WELLS_FARGO,R-567788,Teller Part Time Pasadena,Risk and Compliance,Saint Petersburg,FL,United States,unknown,Part time,2026-08-21 17:57:23.529428,2026-08-11 00:00:00,https://www.wellsfargojobs.com/en/jobs/r-567788/teller-part-time-pasadena/
WELLS_FARGO,R-567912,"Senior Internal & Executive Communications Lead, Cross-CIB Communications",Risk and Compliance,New York,NY,United States,unknown,Full time,2026-08-21 17:57:23.543477,2026-08-12 00:00:00,https://www.wellsfargojobs.com/en/jobs/r-567912/senior-internal-executive-communications-lead-cross-cib-communications/
WELLS_FARGO,R-567849,Senior Branch Premier Banker Half Moon Bay,Risk and Compliance,Half Moon Bay,CA,United States,unknown,Full time,2026-08-21 17:57:23.569101,2026-08-12 00:00:00,https://www.wellsfargojobs.com/en/jobs/r-567849/senior-branch-premier-banker-half-moon-bay/
WELLS_FARGO,R-567974,Senior Premier Banker Woodside Plaza,Risk and Compliance,Redwood City,CA,United States,unknown,Full time,2026-08-21 17:57:23.590296,2026-08-12 00:00:00,https://www.wellsfargojobs.com/en/jobs/r-567974/senior-premier-banker-woodside-plaza/
WELLS_FARGO,R-568091,Quantitative Analytics Specialist (002164),Risk and Compliance,Charlotte,NC,United States,unknown,Full time,2026-08-21 17:57:23.605193,2026-08-12 00:00:00,https://www.wellsfargojobs.com/en/jobs/r-568091/quantitative-analytics-specialist-002164/
WELLS_FARGO,R-566907,Teller Bilingual Broadway and McCoy Branch,Risk and Compliance,Santa Maria,CA,United States,unknown,Full time,2026-08-21 17:57:23.625998,2026-08-12 00:00:00,https://www.wellsfargojobs.com/en/jobs/r-566907/teller-bilingual-broadway-and-mccoy-branch/
WELLS_FARGO,R-568270,2027 Quantitative Analytics Summer Internship Capital Markets (Masters) – Early Careers,Risk and Compliance,Charlotte,NC,United States,unknown,Full time,2026-08-21 17:57:23.641243,2026-08-13 00:00:00,https://www.wellsfargojobs.com/en/jobs/r-568270/2027-quantitative-analytics-summer-internship-capital-markets-masters-early-careers/
WELLS_FARGO,R-549499,Senior Commercial Banking Portfolio Manager,Risk and Compliance,Chicago,IL,United States,unknown,Full time,2026-08-21 17:57:23.658625,2026-08-13 00:00:00,https://www.wellsfargojobs.com/en/jobs/r-549499/senior-commercial-banking-portfolio-manager/
WELLS_FARGO,R-561124,Senior Business Banking Relationship Manager (LO) San Bernardino,Risk and Compliance,San Bernardino,CA,United States,unknown,Full time,2026-08-21 17:57:23.674553,2026-08-13 00:00:00,https://www.wellsfargojobs.com/en/jobs/r-561124/senior-business-banking-relationship-manager-lo-san-bernardino/
WELLS_FARGO,R-568396,Branch Operations Coordinator Kearny Mesa,Risk and Compliance,San Diego,CA,United States,unknown,Full time,2026-08-21 17:57:23.691699,2026-08-13 00:00:00,https://www.wellsfargojobs.com/en/jobs/r-568396/branch-operations-coordinator-kearny-mesa/
WELLS_FARGO,R-568297,Teller Part Time Corinth,Risk and Compliance,Corinth,TX,United States,unknown,Part time,2026-08-21 17:57:23.708608,2026-08-13 00:00:00,https://www.wellsfargojobs.com/en/jobs/r-568297/teller-part-time-corinth/
WELLS_FARGO,R-567535,Branch Manager,Risk and Compliance,Hartsville,SC,United States,unknown,Full time,2026-08-21 17:57:23.728211,2026-08-14 00:00:00,https://www.wellsfargojobs.com/en/jobs/r-567535/branch-manager/
WELLS_FARGO,R-568308,Senior Commercial Loan Servicing Specialist – Asset Based Lending/Syndicated Loans,Operations,Charlotte,NC,United States,unknown,Full time,2026-08-21 17:57:23.745068,2026-08-14 00:00:00,https://www.wellsfargojobs.com/en/jobs/r-568308/senior-commercial-loan-servicing-specialist-asset-based-lending-syndicated-loans/
WELLS_FARGO,R-567819,Branch Manager Edisto River District South Carolina,Risk and Compliance,Bluffton,SC,United States,unknown,Full time,2026-08-21 17:57:23.766704,2026-08-14 00:00:00,https://www.wellsfargojobs.com/en/jobs/r-567819/branch-manager-edisto-river-district-south-carolina/
WELLS_FARGO,R-567189,Branch Manager Broward Southwest District,Risk and Compliance,Davie,FL,United States,unknown,Full time,2026-08-21 17:57:23.787085,2026-08-14 00:00:00,https://www.wellsfargojobs.com/en/jobs/r-567189/branch-manager-broward-southwest-district/
WELLS_FARGO,R-560987,Personal Banker King Salmon,Risk and Compliance,King Salmon,AK,United States,unknown,Full time,2026-08-21 17:57:23.807730,2026-08-14 00:00:00,https://www.wellsfargojobs.com/en/jobs/r-560987/personal-banker-king-salmon/
WELLS_FARGO,R-558365,Teller Part Time Mill Valley,Risk and Compliance,Mill Valley,CA,United States,unknown,Part time,2026-08-21 17:57:23.824674,2026-08-15 00:00:00,https://www.wellsfargojobs.com/en/jobs/r-558365/teller-part-time-mill-valley/
WELLS_FARGO,R-568328,Relationship Banker Pueblo CO,Risk and Compliance,Pueblo,CO,United States,unknown,Full time,2026-08-21 17:57:23.848760,2026-08-16 00:00:00,https://www.wellsfargojobs.com/en/jobs/r-568328/relationship-banker-pueblo-co/
WELLS_FARGO,R-566348,Teller Part Time Kingsville Main,Risk and Compliance,Kingsville,TX,United States,unknown,Part time,2026-08-21 17:57:23.864492,2026-08-16 00:00:00,https://www.wellsfargojobs.com/en/jobs/r-566348/teller-part-time-kingsville-main/
WELLS_FARGO,R-566588,Associate Bank Financial Advisor,Risk and Compliance,Pocatello,ID,United States,unknown,Full time,2026-08-21 17:57:23.893064,2026-08-14 00:00:00,https://www.wellsfargojobs.com/en/jobs/r-566588/associate-bank-financial-advisor/
WELLS_FARGO,R-553766,Teller Part Time Upper Hanover,Risk and Compliance,East Greenville,PA,United States,unknown,Part time,2026-08-21 17:57:23.912136,2026-08-17 00:00:00,https://www.wellsfargojobs.com/en/jobs/r-553766/teller-part-time-upper-hanover/
WELLS_FARGO,R-567284,Senior Treasury Management Support Analyst,Risk and Compliance,Irving,TX,United States,unknown,Full time,2026-08-21 17:57:23.925713,2026-08-17 00:00:00,https://www.wellsfargojobs.com/en/jobs/r-567284/senior-treasury-management-support-analyst/
WELLS_FARGO,R-568868,Branch Manager Spokane,Risk and Compliance,Spokane,WA,United States,unknown,Full time,2026-08-21 17:57:23.954253,2026-08-17 00:00:00,https://www.wellsfargojobs.com/en/jobs/r-568868/branch-manager-spokane/
WELLS_FARGO,R-553407,Teller Bozeman Smiths Center,Risk and Compliance,Bozeman,MT,United States,unknown,Full time,2026-08-21 17:57:23.972045,2026-08-17 00:00:00,https://www.wellsfargojobs.com/en/jobs/r-553407/teller-bozeman-smiths-center/
WELLS_FARGO,R-564181,Senior Premier Banker Cutler Bay Miami FL,Risk and Compliance,Palmetto Bay,FL,United States,unknown,Full time,2026-08-21 17:57:23.997480,2026-08-17 00:00:00,https://www.wellsfargojobs.com/en/jobs/r-564181/senior-premier-banker-cutler-bay-miami-fl/
WELLS_FARGO,R-564423,Experience Optimization Agent Product Owner,Risk and Compliance,Charlotte,NC,United States,unknown,Full time,2026-08-21 17:57:24.010849,2026-08-17 00:00:00,https://www.wellsfargojobs.com/en/jobs/r-564423/experience-optimization-agent-product-owner/
WELLS_FARGO,R-569195,Branch Manager Southern CT Westchester District,Risk and Compliance,Greenwich,CT,United States,unknown,Full time,2026-08-21 17:57:24.042485,2026-08-17 00:00:00,https://www.wellsfargojobs.com/en/jobs/r-569195/branch-manager-southern-ct-westchester-district/
WELLS_FARGO,R-569177,Senior Premier Banker - West End,Risk and Compliance,Richmond,VA,United States,unknown,Full time,2026-08-21 17:57:24.069664,2026-08-17 00:00:00,https://www.wellsfargojobs.com/en/jobs/r-569177/senior-premier-banker-west-end/
WELLS_FARGO,R-569402,2027 Quantitative Analytics Summer Internship Risk Analytics and Decision Sciences (RADS Masters) – Early Careers,Risk and Compliance,Charlotte,NC,United States,unknown,Full time,2026-08-21 17:57:24.085917,2026-08-18 00:00:00,https://www.wellsfargojobs.com/en/jobs/r-569402/2027-quantitative-analytics-summer-internship-risk-analytics-and-decision-sciences-rads-masters-early-careers/
WELLS_FARGO,R-568930,Personal Banker Powhatan Branch,Risk and Compliance,Powhatan,VA,United States,unknown,Full time,2026-08-21 17:57:24.107845,2026-08-17 00:00:00,https://www.wellsfargojobs.com/en/jobs/r-568930/personal-banker-powhatan-branch/
WELLS_FARGO,R-565249,"VP, Commercial Bank Relationship Manager - Emerging Middle Market",Sales and Relationship Management,Mclean,VA,United States,unknown,Full time,2026-08-21 17:57:24.124694,2026-08-17 00:00:00,https://www.wellsfargojobs.com/en/jobs/r-565249/vp-commercial-bank-relationship-manager-emerging-middle-market/
WELLS_FARGO,R-567437,Private Mortgage Banker (SAFE),Risk and Compliance,Minneapolis,MN,United States,unknown,Full time,2026-08-21 17:57:24.144307,2026-08-17 00:00:00,https://www.wellsfargojobs.com/en/jobs/r-567437/private-mortgage-banker-safe/
WELLS_FARGO,R-567458,"Bilingual Personal Banker, Nogales del Norte Branch, Nogales, AZ",Risk and Compliance,Nogales,AZ,United States,unknown,Full time,2026-08-21 17:57:24.163448,2026-08-17 00:00:00,https://www.wellsfargojobs.com/en/jobs/r-567458/bilingual-personal-banker-nogales-del-norte-branch-nogales-az/
WELLS_FARGO,R-568747,"Business Banker (LO) Tucson, AZ",Risk and Compliance,Tucson,AZ,United States,unknown,Full time,2026-08-21 17:57:24.184357,2026-08-18 00:00:00,https://www.wellsfargojobs.com/en/jobs/r-568747/business-banker-lo-tucson-az/
WELLS_FARGO,R-560850,Senior Premier Banker Cleveland,Risk and Compliance,Cleveland,TX,United States,unknown,Full time,2026-08-21 17:57:24.206982,2026-08-18 00:00:00,https://www.wellsfargojobs.com/en/jobs/r-560850/senior-premier-banker-cleveland/
WELLS_FARGO,R-563845,Branch Manager East Houston (Beaumont Area),Risk and Compliance,Beaumont,TX,United States,unknown,Full time,2026-08-21 17:57:24.230239,2026-08-18 00:00:00,https://www.wellsfargojobs.com/en/jobs/r-563845/branch-manager-east-houston-beaumont-area/
WELLS_FARGO,R-567046,Personal Banker Thief River Falls,Risk and Compliance,Thief River Falls,MN,United States,unknown,Full time,2026-08-21 17:57:24.250975,2026-08-18 00:00:00,https://www.wellsfargojobs.com/en/jobs/r-567046/personal-banker-thief-river-falls/
WELLS_FARGO,R-565005,Personal Banker Palmetto West District,Risk and Compliance,Rock Hill,SC,United States,unknown,Full time,2026-08-21 17:57:24.269934,2026-08-17 00:00:00,https://www.wellsfargojobs.com/en/jobs/r-565005/personal-banker-palmetto-west-district/
WELLS_FARGO,R-569351,Business Banker (LO),Risk and Compliance,Summerville,SC,United States,unknown,Full time,2026-08-21 17:57:24.286504,2026-08-18 00:00:00,https://www.wellsfargojobs.com/en/jobs/r-569351/business-banker-lo/
WELLS_FARGO,R-566406,Associate Personal Banker (SAFE) - Livingston,Risk and Compliance,Livingston,MT,United States,unknown,Full time,2026-08-21 17:57:24.303647,2026-08-18 00:00:00,https://www.wellsfargojobs.com/en/jobs/r-566406/associate-personal-banker-safe-livingston/
WELLS_FARGO,R-568633,Teller Goleta,Risk and Compliance,Goleta,CA,United States,unknown,Full time,2026-08-21 17:57:24.322104,2026-08-18 00:00:00,https://www.wellsfargojobs.com/en/jobs/r-568633/teller-goleta/
WELLS_FARGO,R-569537,Lead Specialty Software Engineer (Req #002222),Risk and Compliance,Columbus,OH,United States,unknown,Full time,2026-08-21 17:57:24.336450,2026-08-18 00:00:00,https://www.wellsfargojobs.com/en/jobs/r-569537/lead-specialty-software-engineer-req-002222/
WELLS_FARGO,R-569459,Personal Banker Jimmy Carter Blvd,Risk and Compliance,Norcross,GA,United States,unknown,Full time,2026-08-21 17:57:24.356909,2026-08-18 00:00:00,https://www.wellsfargojobs.com/en/jobs/r-569459/personal-banker-jimmy-carter-blvd/
WELLS_FARGO,R-564357,Personal Banker- AL-Foley,Risk and Compliance,Foley,AL,United States,unknown,Full time,2026-08-21 17:57:24.373049,2026-08-18 00:00:00,https://www.wellsfargojobs.com/en/jobs/r-564357/personal-banker-al-foley/
WELLS_FARGO,R-569164,Teller Part Time Modesto,Risk and Compliance,Modesto,CA,United States,unknown,Part time,2026-08-21 17:57:24.393322,2026-08-18 00:00:00,https://www.wellsfargojobs.com/en/jobs/r-569164/teller-part-time-modesto/
WELLS_FARGO,R-553411,Teller Part Time Bozeman Smiths Center,Risk and Compliance,Bozeman,MT,United States,unknown,Part time,2026-08-21 17:57:24.411262,2026-08-18 00:00:00,https://www.wellsfargojobs.com/en/jobs/r-553411/teller-part-time-bozeman-smiths-center/
WELLS_FARGO,R-569283,Private Mortgage Banking Associate Manager (SAFE),Risk and Compliance,Chicago,IL,United States,unknown,Full time,2026-08-21 17:57:24.427383,2026-08-19 00:00:00,https://www.wellsfargojobs.com/en/jobs/r-569283/private-mortgage-banking-associate-manager-safe/
WELLS_FARGO,R-551679,Senior Java Software Engineer,Risk and Compliance,Charlotte,NC,United States,unknown,Full time,2026-08-21 17:57:24.440138,2026-08-19 00:00:00,https://www.wellsfargojobs.com/en/jobs/r-551679/senior-java-software-engineer/
WELLS_FARGO,R-559500,Brokerage Client Assistant - RCAST,Risk and Compliance,Charlotte,NC,United States,unknown,Full time,2026-08-21 17:57:24.456355,2026-08-19 00:00:00,https://www.wellsfargojobs.com/en/jobs/r-559500/brokerage-client-assistant-rcast/
WELLS_FARGO,R-567822,Personal Banker Bilingual Spanish Sarasota FL,Risk and Compliance,Sarasota,FL,United States,unknown,Full time,2026-08-21 17:57:24.474079,2026-08-17 00:00:00,https://www.wellsfargojobs.com/en/jobs/r-567822/personal-banker-bilingual-spanish-sarasota-fl/
WELLS_FARGO,R-568966,Teller Part Time Highlands of Flower Mound,Risk and Compliance,Flower Mound,TX,United States,unknown,Part time,2026-08-21 17:57:24.493327,2026-08-18 00:00:00,https://www.wellsfargojobs.com/en/jobs/r-568966/teller-part-time-highlands-of-flower-mound/
WELLS_FARGO,R-569542,Bilingual Spanish Personal Banker | Marsh Manor,Risk and Compliance,Redwood City,CA,United States,unknown,Full time,2026-08-21 17:57:24.512341,2026-08-19 00:00:00,https://www.wellsfargojobs.com/en/jobs/r-569542/bilingual-spanish-personal-banker-marsh-manor/
WELLS_FARGO,R-561158,Senior Lead Wealth Custom Credit Banker,Sales and Relationship Management,Los Angeles,CA,United States,unknown,,2026-08-21 17:57:24.529262,2026-08-19 00:00:00,https://www.wellsfargojobs.com/en/jobs/r-561158/senior-lead-wealth-custom-credit-banker/
WELLS_FARGO,R-569623,Senior Premier Banker Apple Valley,Risk and Compliance,Apple Valley,CA,United States,unknown,Full time,2026-08-21 17:57:24.552785,2026-08-19 00:00:00,https://www.wellsfargojobs.com/en/jobs/r-569623/senior-premier-banker-apple-valley/
WELLS_FARGO,R-567343,Associate Personal Banker Torrance Coastal District,Risk and Compliance,Torrance,CA,United States,unknown,Full time,2026-08-21 17:57:24.574407,2026-08-19 00:00:00,https://www.wellsfargojobs.com/en/jobs/r-567343/associate-personal-banker-torrance-coastal-district/
WELLS_FARGO,R-555909,Teller Part Time Bilingual 24th and L,Risk and Compliance,Omaha,NE,United States,unknown,Part time,2026-08-21 17:57:24.593686,2026-08-20 00:00:00,https://www.wellsfargojobs.com/en/jobs/r-555909/teller-part-time-bilingual-24th-and-l/
WELLS_FARGO,R-569112,Senior Secured Lending Underwriter,Risk and Compliance,Charlotte,NC,United States,unknown,Full time,2026-08-21 17:57:24.610549,2026-08-20 00:00:00,https://www.wellsfargojobs.com/en/jobs/r-569112/senior-secured-lending-underwriter/
WELLS_FARGO,R-570110,Senior Lead Commercial Banking Relationship Manager,Risk and Compliance,Denver,CO,United States,unknown,Full time,2026-08-21 17:57:24.639200,2026-08-20 00:00:00,https://www.wellsfargojobs.com/en/jobs/r-570110/senior-lead-commercial-banking-relationship-manager/
WELLS_FARGO,R-559341,Teller Part Time Macon,Risk and Compliance,Macon,GA,United States,unknown,Part time,2026-08-21 17:57:24.658923,2026-08-20 00:00:00,https://www.wellsfargojobs.com/en/jobs/r-559341/teller-part-time-macon/
WELLS_FARGO,R-566069,Branch Manager Marin County District,Risk and Compliance,Novato,CA,United States,unknown,Full time,2026-08-21 17:57:24.682933,2026-08-20 00:00:00,https://www.wellsfargojobs.com/en/jobs/r-566069/branch-manager-marin-county-district/
WELLS_FARGO,R-569897,Teller Part Time Winter Gardens,Risk and Compliance,Winter Garden,FL,United States,unknown,Part time,2026-08-21 17:57:24.702133,2026-08-20 00:00:00,https://www.wellsfargojobs.com/en/jobs/r-569897/teller-part-time-winter-gardens/
WELLS_FARGO,R-567565,Mid-Corporate Portfolio Manager - Commodity Finance,Risk and Compliance,Houston,TX,United States,unknown,Full time,2026-08-21 17:57:24.717484,2026-08-20 00:00:00,https://www.wellsfargojobs.com/en/jobs/r-567565/mid-corporate-portfolio-manager-commodity-finance/
WELLS_FARGO,R-569965,Personal Banker 122nd & Halsey,Risk and Compliance,Portland,OR,United States,unknown,Full time,2026-08-21 17:57:24.735229,2026-08-20 00:00:00,https://www.wellsfargojobs.com/en/jobs/r-569965/personal-banker-122nd-halsey/
WELLS_FARGO,R-570116,Personal Banker Lake Norman District,Risk and Compliance,Statesville,NC,United States,unknown,Full time,2026-08-21 17:57:24.753128,2026-08-20 00:00:00,https://www.wellsfargojobs.com/en/jobs/r-570116/personal-banker-lake-norman-district/
WELLS_FARGO,R-568177,Personal Banker North County Coastal,Risk and Compliance,San Diego,CA,United States,unknown,Full time,2026-08-21 17:57:24.770627,2026-08-20 00:00:00,https://www.wellsfargojobs.com/en/jobs/r-568177/personal-banker-north-county-coastal/
WELLS_FARGO,R-569852,Lead CIB Lending Operations Middle Office Specialist,Operations,Charlotte,NC,United States,unknown,Full time,2026-08-21 17:57:24.787285,2026-08-19 00:00:00,https://www.wellsfargojobs.com/en/jobs/r-569852/lead-cib-lending-operations-middle-office-specialist/
WELLS_FARGO,R-565182,Teller Part Time Southwest Vegas Valley,Risk and Compliance,Las Vegas,NV,United States,unknown,Part time,2026-08-21 17:57:24.808718,2026-08-19 00:00:00,https://www.wellsfargojobs.com/en/jobs/r-565182/teller-part-time-southwest-vegas-valley/
WELLS_FARGO,R-569841,Teller Part Time Phoenix Arizona Bethany Home Road,Risk and Compliance,Phoenix,AZ,United States,unknown,Part time,2026-08-21 17:57:24.826670,2026-08-20 00:00:00,https://www.wellsfargojobs.com/en/jobs/r-569841/teller-part-time-phoenix-arizona-bethany-home-road/
WELLS_FARGO,R-570220,Personal Banker Gold Country Rocklin,Risk and Compliance,Rocklin,CA,United States,unknown,Full time,2026-08-21 17:57:24.848536,2026-08-20 00:00:00,https://www.wellsfargojobs.com/en/jobs/r-570220/personal-banker-gold-country-rocklin/
WELLS_FARGO,R-569992,Teller Crossroads District,Risk and Compliance,Kenedy,TX,United States,unknown,Full time,2026-08-21 17:57:24.865534,2026-08-20 00:00:00,https://www.wellsfargojobs.com/en/jobs/r-569992/teller-crossroads-district/
WELLS_FARGO,R-568788,Personal Banker Mableton,Risk and Compliance,Mableton,GA,United States,unknown,Full time,2026-08-21 17:57:24.882758,2026-08-18 00:00:00,https://www.wellsfargojobs.com/en/jobs/r-568788/personal-banker-mableton/
WELLS_FARGO,R-566144,Personal Banker North Coast Fort Bragg in CA,Risk and Compliance,Fort Bragg,CA,United States,unknown,Full time,2026-08-21 17:57:24.901613,2026-08-20 00:00:00,https://www.wellsfargojobs.com/en/jobs/r-566144/personal-banker-north-coast-fort-bragg-in-ca/
WELLS_FARGO,R-569628,Teller Part Time Delray Beach,Risk and Compliance,Delray Beach,FL,United States,unknown,Part time,2026-08-21 17:57:24.920088,2026-08-21 00:00:00,https://www.wellsfargojobs.com/en/jobs/r-569628/teller-part-time-delray-beach/
WELLS_FARGO,R-570007,Relationship Banker Sweetgrass District South Carolina,Risk and Compliance,Mount Pleasant,SC,United States,unknown,Full time,2026-08-21 17:57:24.945453,2026-08-20 00:00:00,https://www.wellsfargojobs.com/en/jobs/r-570007/relationship-banker-sweetgrass-district-south-carolina/
WELLS_FARGO,R-567745,"Personal Banker-Mayfaire, Wilmington, NC",Risk and Compliance,Wilmington,NC,United States,unknown,Full time,2026-08-21 17:57:24.963514,2026-08-19 00:00:00,https://www.wellsfargojobs.com/en/jobs/r-567745/personal-banker-mayfaire-wilmington-nc/
WELLS_FARGO,R-550259,Executive Director – Prime Brokerage & Equities Compliance,Risk and Compliance,New York,NY,United States,unknown,Full time,2026-08-21 17:57:24.982165,2026-08-21 00:00:00,https://www.wellsfargojobs.com/en/jobs/r-550259/executive-director-prime-brokerage-equities-compliance/
WELLS_FARGO,R-550245,Senior Data Engineer,Risk and Compliance,Irving,TX,United States,unknown,Full time,2026-08-21 17:57:24.993165,2026-08-21 00:00:00,https://www.wellsfargojobs.com/en/jobs/r-550245/senior-data-engineer/
WELLS_FARGO,R-564134,Personal Banker Bustleton Branch,Risk and Compliance,Philadelphia,PA,United States,unknown,Full time,2026-08-21 17:57:25.015875,2026-08-21 00:00:00,https://www.wellsfargojobs.com/en/jobs/r-564134/personal-banker-bustleton-branch/
WELLS_FARGO,R-568242,Senior Software Engineer,Software Engineering,Charlotte,NC,United States,unknown,Full time,2026-08-21 17:57:25.026698,2026-08-21 00:00:00,https://www.wellsfargojobs.com/en/jobs/r-568242/senior-software-engineer/
WELLS_FARGO,R-570305,Personal Banker Parmer & Scofield,Risk and Compliance,Austin,TX,United States,unknown,Full time,2026-08-21 17:57:25.050621,2026-08-21 00:00:00,https://www.wellsfargojobs.com/en/jobs/r-570305/personal-banker-parmer-scofield/
WELLS_FARGO,R-565043,"Associate, Sponsors Portfolio Management",Risk and Compliance,New York,NY,United States,unknown,Full time,2026-08-21 17:57:25.070685,2026-08-21 00:00:00,https://www.wellsfargojobs.com/en/jobs/r-565043/associate-sponsors-portfolio-management/
