company,source_job_id,title,role_family,city,state,country,workplace_type,employment_type,first_seen_at,source_posted_at,posting_url
MORGAN_STANLEY,549797651089,"Institutional Equity Division – Associate, Quantitative Investment Strategies/Structured Sales (New York)",Sales and Relationship Management,New York,NY,United States,onsite,,2026-08-21 17:40:27.705418,2026-08-21 00:00:00,https://morganstanley.eightfold.ai/careers/job/549797651089
MORGAN_STANLEY,549797890839,Registered Client Service Associate,Risk and Compliance,Carlsbad,CA,United States,onsite,,2026-08-21 17:40:28.711957,2026-08-21 00:00:00,https://morganstanley.eightfold.ai/careers/job/549797890839
MORGAN_STANLEY,549799343901,"Institutional Equity Division – Vice President, Electronic Trading Risk - Core Institutional Equity (New York)",Risk and Compliance,New York,NY,United States,onsite,,2026-08-21 17:40:29.818954,2026-08-21 00:00:00,https://morganstanley.eightfold.ai/careers/job/549799343901
MORGAN_STANLEY,549799569757,Investment Analyst - Parametric,Operations,Westport,CT,United States,onsite,,2026-08-21 17:40:30.907650,2026-08-21 00:00:00,https://morganstanley.eightfold.ai/careers/job/549799569757
MORGAN_STANLEY,549799810919,"Hedge Fund Portfolio Manager, Outsourced Chief Investment Office (OCIO) - Vice President",Risk and Compliance,New York,NY,United States,onsite,,2026-08-21 17:40:31.894881,2026-08-21 00:00:00,https://morganstanley.eightfold.ai/careers/job/549799810919
MORGAN_STANLEY,549799350192,Registered Client Service Associate,Risk and Compliance,Atlanta,GA,United States,onsite,,2026-08-21 18:34:31.427849,2026-08-21 00:00:00,https://morganstanley.eightfold.ai/careers/job/549799350192
MORGAN_STANLEY,549798099973,"ISG Management – Vice President, Institutional Securities Strategic Consulting & Transformation - Business Solutions Group (New York)",Risk and Compliance,New York,NY,United States,onsite,,2026-08-21 18:34:34.495020,2026-08-21 00:00:00,https://morganstanley.eightfold.ai/careers/job/549798099973
MORGAN_STANLEY,549799626191,"Institutional Equity Division – Associate, Morgan Stanley Electronic Trading Night Coverage (New York)",Risk and Compliance,New York,NY,United States,onsite,,2026-08-21 18:34:37.510222,2026-08-21 00:00:00,https://morganstanley.eightfold.ai/careers/job/549799626191
MORGAN_STANLEY,549799749125,"Institutional Equity Division – Associate/Vice President, Securities Lending Trader (New York)",Risk and Compliance,New York,NY,United States,onsite,,2026-08-21 18:34:38.433558,2026-08-21 00:00:00,https://morganstanley.eightfold.ai/careers/job/549799749125
MORGAN_STANLEY,549799862624,Mortgage Consultant,Risk and Compliance,Dallas,TX,United States,onsite,,2026-08-21 18:34:40.537140,2026-08-21 00:00:00,https://morganstanley.eightfold.ai/careers/job/549799862624
MORGAN_STANLEY,549799862625,Mortgage Specialist,Risk and Compliance,Dallas,TX,United States,onsite,,2026-08-21 18:34:42.912988,2026-08-21 00:00:00,https://morganstanley.eightfold.ai/careers/job/549799862625
MORGAN_STANLEY,549799869588,Global Capital Markets Leveraged Finance Associate – New York,Risk and Compliance,New York,NY,United States,onsite,,2026-08-21 18:34:43.641040,2026-08-21 00:00:00,https://morganstanley.eightfold.ai/careers/job/549799869588
MORGAN_STANLEY,549795724588,"Institutional Equity Division – Associate, ETF Quant Strategist (New York)",Software Engineering,New York,NY,United States,onsite,,2026-08-21 18:34:44.577283,2026-08-21 00:00:00,https://morganstanley.eightfold.ai/careers/job/549795724588
MORGAN_STANLEY,549799756118,Registered Client Service Associate,Risk and Compliance,Scottsdale,AZ,United States,onsite,,2026-08-21 18:34:45.595539,2026-08-21 00:00:00,https://morganstanley.eightfold.ai/careers/job/549799756118
MORGAN_STANLEY,549799718947,PWM Client Service Associate,Risk and Compliance,Boston,MA,United States,onsite,,2026-08-21 18:34:46.625899,2026-08-20 00:00:00,https://morganstanley.eightfold.ai/careers/job/549799718947
MORGAN_STANLEY,549798596213,Private Wealth Management Investment Consultant,Risk and Compliance,Morristown,NJ,United States,onsite,,2026-08-21 18:34:47.536774,2026-08-20 00:00:00,https://morganstanley.eightfold.ai/careers/job/549798596213
MORGAN_STANLEY,549799719514,PWM Business Service Officer,Risk and Compliance,New York,NY,United States,onsite,,2026-08-21 18:34:48.453547,2026-08-20 00:00:00,https://morganstanley.eightfold.ai/careers/job/549799719514
MORGAN_STANLEY,549799688509,"VP, CTIS Risk Oversight Lead",Risk and Compliance,Baltimore,MD,United States,onsite,,2026-08-21 18:34:49.490380,2026-08-20 00:00:00,https://morganstanley.eightfold.ai/careers/job/549799688509
MORGAN_STANLEY,549799715105,"Order Room Trading Support, Assistant Vice President",Risk and Compliance,Harrison,NY,United States,onsite,,2026-08-21 18:34:50.520770,2026-08-20 00:00:00,https://morganstanley.eightfold.ai/careers/job/549799715105
MORGAN_STANLEY,549799607290,Product Owner - AVP,Product Management,Harrison,NY,United States,onsite,,2026-08-21 18:34:51.524215,2026-08-20 00:00:00,https://morganstanley.eightfold.ai/careers/job/549799607290
MORGAN_STANLEY,549799607433,Associate - Client Onboarding and Regulatory Data Services Operations,Risk and Compliance,Baltimore,MD,United States,onsite,,2026-08-21 18:34:53.597416,2026-08-20 00:00:00,https://morganstanley.eightfold.ai/careers/job/549799607433
MORGAN_STANLEY,549799642741,Employment Law Paralegal - Director,Legal,Harrison,NY,United States,onsite,,2026-08-21 18:34:54.599880,2026-08-20 00:00:00,https://morganstanley.eightfold.ai/careers/job/549799642741
MORGAN_STANLEY,549799410140,"National Advisor Recruiting Manager, VP",Risk and Compliance,Harrison,NY,United States,onsite,,2026-08-21 18:34:55.619780,2026-08-20 00:00:00,https://morganstanley.eightfold.ai/careers/job/549799410140
MORGAN_STANLEY,549799519552,Technical Program Manager - Vice President,Risk and Compliance,New York,NY,United States,onsite,,2026-08-21 18:34:56.613305,2026-08-20 00:00:00,https://morganstanley.eightfold.ai/careers/job/549799519552
MORGAN_STANLEY,549799642681,Registered Client Service Associate,Risk and Compliance,Houston,TX,United States,onsite,,2026-08-21 18:34:57.586864,2026-08-20 00:00:00,https://morganstanley.eightfold.ai/careers/job/549799642681
MORGAN_STANLEY,549799688446,Americas Market Conduct Vice President,Risk and Compliance,Dallas,TX,United States,onsite,,2026-08-21 18:34:58.630808,2026-08-20 00:00:00,https://morganstanley.eightfold.ai/careers/job/549799688446
MORGAN_STANLEY,549799740755,Investment Consultant - Relationship Manager,Sales and Relationship Management,New York,NY,United States,onsite,,2026-08-21 18:34:59.626165,2026-08-20 00:00:00,https://morganstanley.eightfold.ai/careers/job/549799740755
MORGAN_STANLEY,549799750223,Senior Registered Client Service Associate,Risk and Compliance,Fort Lauderdale,FL,United States,onsite,,2026-08-21 18:35:00.670327,2026-08-20 00:00:00,https://morganstanley.eightfold.ai/careers/job/549799750223
MORGAN_STANLEY,549798263710,Client Service Associate,Operations,Columbia,SC,United States,onsite,,2026-08-21 18:35:01.672458,2026-08-20 00:00:00,https://morganstanley.eightfold.ai/careers/job/549798263710
MORGAN_STANLEY,549798957858,Path to Advice Business Control Unit AVP – Client Segment Risk,Risk and Compliance,New York,NY,United States,onsite,,2026-08-21 18:35:02.620437,2026-08-20 00:00:00,https://morganstanley.eightfold.ai/careers/job/549798957858
MORGAN_STANLEY,549797992735,Registered Client Service Associate,Risk and Compliance,San Francisco,CA,United States,onsite,,2026-08-21 18:35:04.655412,2026-08-20 00:00:00,https://morganstanley.eightfold.ai/careers/job/549797992735
MORGAN_STANLEY,549798625605,Registered Client Service Associate,Risk and Compliance,Atlanta,GA,United States,onsite,,2026-08-21 18:35:05.550470,2026-08-20 00:00:00,https://morganstanley.eightfold.ai/careers/job/549798625605
MORGAN_STANLEY,549798842898,"Non-Qualified Deferred Compensation Administration, Associate/AVP",Risk and Compliance,Alpharetta,GA,United States,onsite,,2026-08-21 18:35:06.690404,2026-08-20 00:00:00,https://morganstanley.eightfold.ai/careers/job/549798842898
MORGAN_STANLEY,549798949053,Client Relationship Analyst,Operations,Wayzata,MN,United States,onsite,,2026-08-21 18:35:07.571472,2026-08-20 00:00:00,https://morganstanley.eightfold.ai/careers/job/549798949053
MORGAN_STANLEY,549798418567,Documentation Negotiator - Institutional Equity Division - Vice President,Legal,New York,NY,United States,onsite,,2026-08-21 18:35:08.741457,2026-08-20 00:00:00,https://morganstanley.eightfold.ai/careers/job/549798418567
MORGAN_STANLEY,549799745104,Registered Client Service Associate,Risk and Compliance,Kingston,NY,United States,onsite,,2026-08-21 18:35:09.534699,2026-08-20 00:00:00,https://morganstanley.eightfold.ai/careers/job/549799745104
MORGAN_STANLEY,549799688397,Americas Market Conduct Non-Officer Director,Risk and Compliance,Dallas,TX,United States,onsite,,2026-08-21 18:35:10.570353,2026-08-21 00:00:00,https://morganstanley.eightfold.ai/careers/job/549799688397
MORGAN_STANLEY,549799688410,Americas Market Conduct Non-Officer Director,Risk and Compliance,Dallas,TX,United States,onsite,,2026-08-21 18:35:11.696351,2026-08-20 00:00:00,https://morganstanley.eightfold.ai/careers/job/549799688410
MORGAN_STANLEY,549799688433,Americas Prudential Vice President,Risk and Compliance,Dallas,TX,United States,onsite,,2026-08-21 18:35:12.677433,2026-08-20 00:00:00,https://morganstanley.eightfold.ai/careers/job/549799688433
MORGAN_STANLEY,549799688460,Americas Prudential Non-Officer Director,Risk and Compliance,Dallas,TX,United States,onsite,,2026-08-21 18:35:13.684294,2026-08-20 00:00:00,https://morganstanley.eightfold.ai/careers/job/549799688460
MORGAN_STANLEY,549799690521,Americas Market Conduct Paralegal,Legal,Dallas,TX,United States,onsite,,2026-08-21 18:35:15.710381,2026-08-20 00:00:00,https://morganstanley.eightfold.ai/careers/job/549799690521
MORGAN_STANLEY,549799714552,"Order Room Trading Support, Assistant Vice President",Risk and Compliance,Harrison,NY,United States,onsite,,2026-08-21 18:35:16.605516,2026-08-20 00:00:00,https://morganstanley.eightfold.ai/careers/job/549799714552
MORGAN_STANLEY,549799719738,Client Service Associate,Risk and Compliance,Denver,CO,United States,onsite,,2026-08-21 18:35:17.688427,2026-08-20 00:00:00,https://morganstanley.eightfold.ai/careers/job/549799719738
MORGAN_STANLEY,549799757587,Client Relationship Analyst,Operations,Louisville,KY,United States,onsite,,2026-08-21 18:35:18.741554,2026-08-20 00:00:00,https://morganstanley.eightfold.ai/careers/job/549799757587
MORGAN_STANLEY,549799780166,Private Wealth Management Analyst,Sales and Relationship Management,West Conshohocken,PA,United States,onsite,,2026-08-21 18:35:19.760375,2026-08-20 00:00:00,https://morganstanley.eightfold.ai/careers/job/549799780166
MORGAN_STANLEY,549799783336,"VP, Operations & Strategic Advisory Counsel",Operations,Dallas,TX,United States,onsite,,2026-08-21 18:35:20.807410,2026-08-20 00:00:00,https://morganstanley.eightfold.ai/careers/job/549799783336
MORGAN_STANLEY,549799799137,"Business Solutions Group (BSG), Analyst",Risk and Compliance,New York,NY,United States,onsite,,2026-08-21 18:35:21.783622,2026-08-20 00:00:00,https://morganstanley.eightfold.ai/careers/job/549799799137
MORGAN_STANLEY,549795567096,Site Reliability Engineer,Cloud and Infrastructure,Alpharetta,GA,United States,onsite,,2026-08-21 18:35:22.823682,2026-08-20 00:00:00,https://morganstanley.eightfold.ai/careers/job/549795567096
MORGAN_STANLEY,549796918075,Application Support,Cloud and Infrastructure,New York,NY,United States,onsite,,2026-08-21 18:35:23.843989,2026-08-20 00:00:00,https://morganstanley.eightfold.ai/careers/job/549796918075
MORGAN_STANLEY,549799086082,Investment Consultant - Portfolio Management Specialist,Risk and Compliance,Newport Beach,CA,United States,onsite,,2026-08-21 18:35:24.834738,2026-08-19 00:00:00,https://morganstanley.eightfold.ai/careers/job/549799086082
MORGAN_STANLEY,549799566316,Lead Equity Flow Derivatives Java Dev - Vice President,Software Engineering,New York,NY,United States,onsite,,2026-08-21 18:35:26.880094,2026-08-19 00:00:00,https://morganstanley.eightfold.ai/careers/job/549799566316
MORGAN_STANLEY,549799751033,Registered Client Service Associate,Risk and Compliance,Birmingham,AL,United States,onsite,,2026-08-21 18:35:27.877714,2026-08-19 00:00:00,https://morganstanley.eightfold.ai/careers/job/549799751033
MORGAN_STANLEY,549795916098,Global Financial Crimes KYC Controls Associate,Risk and Compliance,Dallas,TX,United States,onsite,,2026-08-21 18:35:31.904252,2026-08-19 00:00:00,https://morganstanley.eightfold.ai/careers/job/549795916098
MORGAN_STANLEY,549799679295,Business Service Officer,Risk and Compliance,New York,NY,United States,onsite,,2026-08-21 18:35:32.403588,2026-08-19 00:00:00,https://morganstanley.eightfold.ai/careers/job/549799679295
MORGAN_STANLEY,549799200958,"HR Business Partner, Wealth Management",Risk and Compliance,Harrison,NY,United States,hybrid,,2026-08-21 18:35:33.428036,2026-08-19 00:00:00,https://morganstanley.eightfold.ai/careers/job/549799200958
MORGAN_STANLEY,549799631162,Operations Associate - Parametric,Operations,Boston,MA,United States,onsite,,2026-08-21 18:35:34.325792,2026-08-19 00:00:00,https://morganstanley.eightfold.ai/careers/job/549799631162
MORGAN_STANLEY,549798122104,Internal Audit Associate - Wealth Management Operations,Audit,Baltimore,MD,United States,onsite,,2026-08-21 18:35:35.475162,2026-08-19 00:00:00,https://morganstanley.eightfold.ai/careers/job/549798122104
MORGAN_STANLEY,549798643526,AI Full Stack Engineer (Prime Brokerage Technology),Software Engineering,New York,NY,United States,onsite,,2026-08-21 18:35:36.359220,2026-08-19 00:00:00,https://morganstanley.eightfold.ai/careers/job/549798643526
MORGAN_STANLEY,549796316381,Director (AVP) - Prime Brokerage Client Operations,Operations,South Jordan,UT,United States,onsite,,2026-08-21 18:35:37.243408,2026-08-19 00:00:00,https://morganstanley.eightfold.ai/careers/job/549796316381
MORGAN_STANLEY,549799683298,"Client Success Manager, VP",Risk and Compliance,Sandy,UT,United States,onsite,,2026-08-21 18:35:38.409630,2026-08-19 00:00:00,https://morganstanley.eightfold.ai/careers/job/549799683298
MORGAN_STANLEY,549799639870,Program Manager - Applied AI Enablement,Project and Program Management,New York,NY,United States,onsite,,2026-08-21 18:35:40.390856,2026-08-19 00:00:00,https://morganstanley.eightfold.ai/careers/job/549799639870
MORGAN_STANLEY,549798725806,Senior Registered Client Service Associate,Risk and Compliance,Atlanta,GA,United States,onsite,,2026-08-21 18:35:41.406881,2026-08-19 00:00:00,https://morganstanley.eightfold.ai/careers/job/549798725806
MORGAN_STANLEY,549799723457,Registered Client Service Associate,Risk and Compliance,New York,NY,United States,onsite,,2026-08-21 18:35:42.536735,2026-08-19 00:00:00,https://morganstanley.eightfold.ai/careers/job/549799723457
MORGAN_STANLEY,549799641020,Service Associate - Part-Time,Risk and Compliance,Denver,CO,United States,onsite,,2026-08-21 18:35:43.350791,2026-08-19 00:00:00,https://morganstanley.eightfold.ai/careers/job/549799641020
MORGAN_STANLEY,549799689772,Registered Client Service Associate,Risk and Compliance,Northfield,NJ,United States,onsite,,2026-08-21 18:35:44.481948,2026-08-19 00:00:00,https://morganstanley.eightfold.ai/careers/job/549799689772
MORGAN_STANLEY,549799740920,Private Wealth Management Wealth Management Associate,Sales and Relationship Management,Washington,DC,United States,onsite,,2026-08-21 18:35:45.439001,2026-08-19 00:00:00,https://morganstanley.eightfold.ai/careers/job/549799740920
MORGAN_STANLEY,549797574798,Registered Client Service Associate,Risk and Compliance,San Francisco,CA,United States,onsite,,2026-08-21 18:35:46.539934,2026-08-19 00:00:00,https://morganstanley.eightfold.ai/careers/job/549797574798
MORGAN_STANLEY,549799627551,Client Service Associate,Operations,Baton Rouge,LA,United States,onsite,,2026-08-21 18:35:47.344925,2026-08-18 00:00:00,https://morganstanley.eightfold.ai/careers/job/549799627551
MORGAN_STANLEY,549799506850,International Private Banker,Sales and Relationship Management,Pasadena,CA,United States,onsite,,2026-08-21 18:35:48.584209,2026-08-18 00:00:00,https://morganstanley.eightfold.ai/careers/job/549799506850
MORGAN_STANLEY,549799688490,Client Service Associate,Operations,Los Angeles,CA,United States,onsite,,2026-08-21 18:35:49.453637,2026-08-18 00:00:00,https://morganstanley.eightfold.ai/careers/job/549799688490
MORGAN_STANLEY,549799711120,Investment Banking Technology Analyst - New York OR Menlo Park,Other,New York,NY,United States,onsite,,2026-08-21 18:35:51.532968,2026-08-18 00:00:00,https://morganstanley.eightfold.ai/careers/job/549799711120
MORGAN_STANLEY,549799681840,Client Relationship Analyst,Operations,Tulsa,OK,United States,onsite,,2026-08-21 18:35:52.518620,2026-08-18 00:00:00,https://morganstanley.eightfold.ai/careers/job/549799681840
MORGAN_STANLEY,549799719122,Intern,Sales and Relationship Management,Jackson,TN,United States,onsite,,2026-08-21 18:35:53.479509,2026-08-18 00:00:00,https://morganstanley.eightfold.ai/careers/job/549799719122
MORGAN_STANLEY,549799609879,Director (AVP) - Alternative Investment Services Hedge Fund Portfolio Accounting Operations,Risk and Compliance,West Conshohocken,PA,United States,onsite,,2026-08-21 18:35:54.481194,2026-08-18 00:00:00,https://morganstanley.eightfold.ai/careers/job/549799609879
MORGAN_STANLEY,549798656553,MSIM Growth & Innovation  - Vice President,Risk and Compliance,New York,NY,United States,onsite,,2026-08-21 18:35:55.539599,2026-08-18 00:00:00,https://morganstanley.eightfold.ai/careers/job/549798656553
MORGAN_STANLEY,549798799143,Wealth Management Associate,Sales and Relationship Management,Charlotte,NC,United States,onsite,,2026-08-21 18:35:56.551560,2026-08-18 00:00:00,https://morganstanley.eightfold.ai/careers/job/549798799143
MORGAN_STANLEY,549797503658,"Vice President, Financial Planning Director (Southeast Region)",Risk and Compliance,Washington,DC,United States,onsite,,2026-08-21 18:35:57.495530,2026-08-18 00:00:00,https://morganstanley.eightfold.ai/careers/job/549797503658
MORGAN_STANLEY,549799559161,Vice President Compliance Program Oversight,Risk and Compliance,Boston,MA,United States,onsite,,2026-08-21 18:35:58.592487,2026-08-18 00:00:00,https://morganstanley.eightfold.ai/careers/job/549799559161
MORGAN_STANLEY,549799706611,Intern,Sales and Relationship Management,Atlanta,GA,United States,onsite,,2026-08-21 18:35:59.507295,2026-08-18 00:00:00,https://morganstanley.eightfold.ai/careers/job/549799706611
MORGAN_STANLEY,549799721949,Associate Market Manager,Risk and Compliance,Boston,MA,United States,onsite,,2026-08-21 18:36:00.558989,2026-08-18 00:00:00,https://morganstanley.eightfold.ai/careers/job/549799721949
MORGAN_STANLEY,549793762088,"Branch Manager, Non-Producing",Risk and Compliance,Alexandria,VA,United States,onsite,,2026-08-21 18:36:02.599715,2026-08-18 00:00:00,https://morganstanley.eightfold.ai/careers/job/549793762088
MORGAN_STANLEY,549798932146,AI Integration Software Engineer - Associate,Software Engineering,New York,NY,United States,onsite,,2026-08-21 18:36:03.825978,2026-08-18 00:00:00,https://morganstanley.eightfold.ai/careers/job/549798932146
MORGAN_STANLEY,549796521223,"IBD Desk Strat - Associate, Vice President",Risk and Compliance,New York,NY,United States,onsite,,2026-08-21 18:36:04.662729,2026-08-18 00:00:00,https://morganstanley.eightfold.ai/careers/job/549796521223
MORGAN_STANLEY,549797996925,Investment Engineer - Parametric,Risk and Compliance,Minneapolis,MN,United States,onsite,,2026-08-21 18:36:05.640373,2026-08-18 00:00:00,https://morganstanley.eightfold.ai/careers/job/549797996925
MORGAN_STANLEY,549797821058,IBD/Capital Markets Product Controller (Lending) - Non Officer,Finance and Accounting,New York,NY,United States,onsite,,2026-08-21 18:36:06.599067,2026-08-17 00:00:00,https://morganstanley.eightfold.ai/careers/job/549797821058
MORGAN_STANLEY,549799387415,"Internal Audit, Vice President - Institutional Securities, Technology",Audit,New York,NY,United States,hybrid,,2026-08-21 18:36:07.598857,2026-08-17 00:00:00,https://morganstanley.eightfold.ai/careers/job/549799387415
MORGAN_STANLEY,549799632611,Legal Entity Controller,Risk and Compliance,New York,NY,United States,onsite,,2026-08-21 18:36:08.508556,2026-08-17 00:00:00,https://morganstanley.eightfold.ai/careers/job/549799632611
MORGAN_STANLEY,549799678654,Investment Banking Mergers and Acquisitions Analyst - New York,Other,New York,NY,United States,onsite,,2026-08-21 18:36:09.669650,2026-08-17 00:00:00,https://morganstanley.eightfold.ai/careers/job/549799678654
MORGAN_STANLEY,549799532142,Global Financial Crimes Anti Bribery Corruption Officer - Vice President,Risk and Compliance,Dallas,TX,United States,onsite,,2026-08-21 18:36:10.562295,2026-08-17 00:00:00,https://morganstanley.eightfold.ai/careers/job/549799532142
MORGAN_STANLEY,549799588194,Private Wealth Management Client Relationship Analyst,Operations,Chesterfield,MO,United States,onsite,,2026-08-21 18:36:11.575472,2026-08-17 00:00:00,https://morganstanley.eightfold.ai/careers/job/549799588194
MORGAN_STANLEY,549799609052,Global Financial Crimes Change Management Director (AVP),Risk and Compliance,Dallas,TX,United States,onsite,,2026-08-21 18:36:13.450559,2026-08-17 00:00:00,https://morganstanley.eightfold.ai/careers/job/549799609052
MORGAN_STANLEY,549799677687,Client Relationship Analyst,Operations,Farmington Hills,MI,United States,onsite,,2026-08-21 18:36:14.598864,2026-08-17 00:00:00,https://morganstanley.eightfold.ai/careers/job/549799677687
MORGAN_STANLEY,549799498177,Digital Assets - Vice President,Risk and Compliance,Harrison,NY,United States,onsite,,2026-08-21 18:36:15.519039,2026-08-17 00:00:00,https://morganstanley.eightfold.ai/careers/job/549799498177
MORGAN_STANLEY,549799630620,Business Service Officer,Risk and Compliance,Fort Worth,TX,United States,onsite,,2026-08-21 18:36:16.533645,2026-08-17 00:00:00,https://morganstanley.eightfold.ai/careers/job/549799630620
MORGAN_STANLEY,549799635594,"Capital Planning and Analytics, AVP/Director",Risk and Compliance,New York,NY,United States,onsite,,2026-08-21 18:36:17.629111,2026-08-17 00:00:00,https://morganstanley.eightfold.ai/careers/job/549799635594
MORGAN_STANLEY,549799678451,Intern,Sales and Relationship Management,Columbus,OH,United States,onsite,,2026-08-21 18:36:18.657118,2026-08-17 00:00:00,https://morganstanley.eightfold.ai/careers/job/549799678451
MORGAN_STANLEY,549799678727,Registered Client Service Associate,Risk and Compliance,Paramus,NJ,United States,onsite,,2026-08-21 18:36:19.507377,2026-08-17 00:00:00,https://morganstanley.eightfold.ai/careers/job/549799678727
MORGAN_STANLEY,549799679484,Vice President - Money Market Funds Operations,Risk and Compliance,New York,NY,United States,onsite,,2026-08-21 18:36:20.634221,2026-08-17 00:00:00,https://morganstanley.eightfold.ai/careers/job/549799679484
MORGAN_STANLEY,549799132129,"Vice President, Vendor Enablement Lead",Risk and Compliance,Dallas,TX,United States,onsite,,2026-08-21 18:36:21.596640,2026-08-17 00:00:00,https://morganstanley.eightfold.ai/careers/job/549799132129
MORGAN_STANLEY,549799132209,Vice President - Software Sourcing and Procurement,Operations,Dallas,TX,United States,onsite,,2026-08-21 18:36:22.518947,2026-08-17 00:00:00,https://morganstanley.eightfold.ai/careers/job/549799132209
MORGAN_STANLEY,549797702024,Global Financial Crimes Investigations Vice President,Risk and Compliance,Dallas,TX,United States,onsite,,2026-08-21 18:36:24.726841,2026-08-17 00:00:00,https://morganstanley.eightfold.ai/careers/job/549797702024
MORGAN_STANLEY,549785625644,"Vice President, Quality Assurance Lead",Data and AI,New York,NY,United States,onsite,,2026-08-21 18:36:25.645096,2026-08-17 00:00:00,https://morganstanley.eightfold.ai/careers/job/549785625644
MORGAN_STANLEY,549799412684,Business Information Analytics Manager,Sales and Relationship Management,Dallas,TX,United States,onsite,,2026-08-21 18:36:26.613888,2026-08-17 00:00:00,https://morganstanley.eightfold.ai/careers/job/549799412684
MORGAN_STANLEY,549799463704,Insurance Risk Associate,Risk and Compliance,Dallas,TX,United States,onsite,,2026-08-21 18:36:27.590624,2026-08-17 00:00:00,https://morganstanley.eightfold.ai/careers/job/549799463704
MORGAN_STANLEY,549799132132,"Vice President, Risk Framework, Governance and Regulatory Engagement Lead",Risk and Compliance,Dallas,TX,United States,onsite,,2026-08-21 18:36:28.585864,2026-08-17 00:00:00,https://morganstanley.eightfold.ai/careers/job/549799132132
MORGAN_STANLEY,549799132173,"Vice President, Procurement Operations",Risk and Compliance,Dallas,TX,United States,onsite,,2026-08-21 18:36:29.627770,2026-08-17 00:00:00,https://morganstanley.eightfold.ai/careers/job/549799132173
MORGAN_STANLEY,549799133340,"Director, Third Party Risk Management",Risk and Compliance,Dallas,TX,United States,onsite,,2026-08-21 18:36:30.564862,2026-08-17 00:00:00,https://morganstanley.eightfold.ai/careers/job/549799133340
MORGAN_STANLEY,549799133342,"Vice President, Third Party Risk Management",Risk and Compliance,Dallas,TX,United States,onsite,,2026-08-21 18:36:31.643741,2026-08-17 00:00:00,https://morganstanley.eightfold.ai/careers/job/549799133342
MORGAN_STANLEY,549799133404,Business Unit Relationship Sourcing Manager,Risk and Compliance,Dallas,TX,United States,onsite,,2026-08-21 18:36:32.599890,2026-08-17 00:00:00,https://morganstanley.eightfold.ai/careers/job/549799133404
MORGAN_STANLEY,549799344423,Client Relationship Analyst,Operations,Chicago,IL,United States,onsite,,2026-08-21 18:36:33.634424,2026-08-17 00:00:00,https://morganstanley.eightfold.ai/careers/job/549799344423
MORGAN_STANLEY,549799631920,Marketing & Communications Risk Assistant Vice President,Risk and Compliance,New York,NY,United States,onsite,,2026-08-21 18:36:35.654189,2026-08-17 00:00:00,https://morganstanley.eightfold.ai/careers/job/549799631920
MORGAN_STANLEY,549799677155,Investment Management Finance New Products Associate,Finance and Accounting,Baltimore,MD,United States,onsite,,2026-08-21 18:36:36.712971,2026-08-17 00:00:00,https://morganstanley.eightfold.ai/careers/job/549799677155
MORGAN_STANLEY,549799680895,"Equity Research – Associate, Softlines/Apparel/Footwear (New York)",Risk and Compliance,New York,NY,United States,onsite,,2026-08-21 18:36:37.723265,2026-08-21 00:00:00,https://morganstanley.eightfold.ai/careers/job/549799680895
MORGAN_STANLEY,549797702044,Global Financial Crimes Investigations Director,Risk and Compliance,Dallas,TX,United States,onsite,,2026-08-21 18:36:38.746971,2026-08-17 00:00:00,https://morganstanley.eightfold.ai/careers/job/549797702044
MORGAN_STANLEY,549798077475,"Vice President, Human Resources Strat/Engineer",Human Resources,New York,NY,United States,onsite,,2026-08-21 18:36:39.595770,2026-08-17 00:00:00,https://morganstanley.eightfold.ai/careers/job/549798077475
MORGAN_STANLEY,549799627952,"ED, Alternative Investments Attorney",Legal,Harrison,NY,United States,onsite,,2026-08-21 18:36:40.571995,2026-08-16 00:00:00,https://morganstanley.eightfold.ai/careers/job/549799627952
MORGAN_STANLEY,549799570264,Senior RACF Engineer - Director,Risk and Compliance,Atlanta,GA,United States,onsite,,2026-08-21 18:36:41.721719,2026-08-14 00:00:00,https://morganstanley.eightfold.ai/careers/job/549799570264
MORGAN_STANLEY,549798869753,Vice President LCD Innovation - Non-Financial Risk (NFR) Transformation,Risk and Compliance,Dallas,TX,United States,onsite,,2026-08-21 18:36:42.634580,2026-08-14 00:00:00,https://morganstanley.eightfold.ai/careers/job/549798869753
MORGAN_STANLEY,549797755415,"Vice President, Wealth Management Investigations Attorney",Legal,Dallas,TX,United States,onsite,,2026-08-21 18:36:43.715309,2026-08-14 00:00:00,https://morganstanley.eightfold.ai/careers/job/549797755415
MORGAN_STANLEY,549799387424,"Internal Audit Director - Wealth Management, Technology",Audit,Baltimore,MD,United States,hybrid,,2026-08-21 18:36:44.795948,2026-08-14 00:00:00,https://morganstanley.eightfold.ai/careers/job/549799387424
MORGAN_STANLEY,549799639506,"OCIO Pension Portfolio Manager, Vice President",Risk and Compliance,Harrison,NY,United States,onsite,,2026-08-21 18:36:46.693403,2026-08-14 00:00:00,https://morganstanley.eightfold.ai/careers/job/549799639506
MORGAN_STANLEY,549799639921,Vice President – Financial Crimes Risk Officer – Client Advisory (Wealth Management and U.S. Banks Financial Crimes Risk),Risk and Compliance,Houston,TX,United States,onsite,,2026-08-21 18:36:47.781623,2026-08-14 00:00:00,https://morganstanley.eightfold.ai/careers/job/549799639921
MORGAN_STANLEY,549799478220,Senior Java Software Engineer - Vice President,Software Engineering,New York,NY,United States,onsite,,2026-08-21 18:36:48.790188,2026-08-14 00:00:00,https://morganstanley.eightfold.ai/careers/job/549799478220
MORGAN_STANLEY,549798155084,Senior Java Developer - Rates Derivatives Algo & E-Trading,Software Engineering,New York,NY,United States,onsite,,2026-08-21 18:36:49.595168,2026-08-14 00:00:00,https://morganstanley.eightfold.ai/careers/job/549798155084
MORGAN_STANLEY,549797755418,"Executive Director, Senior Wealth Mangement Investigations Attorney",Legal,Dallas,TX,United States,onsite,,2026-08-21 18:36:50.848333,2026-08-14 00:00:00,https://morganstanley.eightfold.ai/careers/job/549797755418
MORGAN_STANLEY,549798625588,"VP, Cyber, Technology and Information Security Risk - Digital Assets",Cybersecurity,Dallas,TX,United States,onsite,,2026-08-21 18:36:51.737388,2026-08-14 00:00:00,https://morganstanley.eightfold.ai/careers/job/549798625588
MORGAN_STANLEY,549798688257,"Vice President, Data Quality Governance",Risk and Compliance,Dallas,TX,United States,onsite,,2026-08-21 18:36:52.894247,2026-08-14 00:00:00,https://morganstanley.eightfold.ai/careers/job/549798688257
MORGAN_STANLEY,549799132283,"Director, Software Sourcing and Procurement",Risk and Compliance,Dallas,TX,United States,onsite,,2026-08-21 18:36:53.906988,2026-08-14 00:00:00,https://morganstanley.eightfold.ai/careers/job/549799132283
MORGAN_STANLEY,549796836071,"VP, AI Compliance Officer",Risk and Compliance,Dallas,TX,United States,onsite,,2026-08-21 18:36:54.830759,2026-08-14 00:00:00,https://morganstanley.eightfold.ai/careers/job/549796836071
MORGAN_STANLEY,549797039832,"Regulatory Inquiries Professional, Director",Risk and Compliance,Baltimore,MD,United States,onsite,,2026-08-21 18:36:55.861365,2026-08-14 00:00:00,https://morganstanley.eightfold.ai/careers/job/549797039832
MORGAN_STANLEY,549795582662,Senior Data Scientist (NLP and GenAI Specialist),Data and AI,Dallas,TX,United States,hybrid,,2026-08-21 18:36:57.985673,2026-08-14 00:00:00,https://morganstanley.eightfold.ai/careers/job/549795582662
MORGAN_STANLEY,549795891061,"Analyst, Data Governance & Quality",Risk and Compliance,Dallas,TX,United States,onsite,,2026-08-21 18:36:58.858345,2026-08-14 00:00:00,https://morganstanley.eightfold.ai/careers/job/549795891061
MORGAN_STANLEY,549798639620,WM Field Advisory Coverage Director,Risk and Compliance,Dallas,TX,United States,onsite,,2026-08-21 18:36:59.711322,2026-08-14 00:00:00,https://morganstanley.eightfold.ai/careers/job/549798639620
MORGAN_STANLEY,549798688264,Data Governance Control Oversight Manager,Risk and Compliance,Dallas,TX,United States,onsite,,2026-08-21 18:37:00.958441,2026-08-14 00:00:00,https://morganstanley.eightfold.ai/careers/job/549798688264
MORGAN_STANLEY,549798743260,Junior Data Analyst,Risk and Compliance,Dallas,TX,United States,onsite,,2026-08-21 18:37:01.871194,2026-08-14 00:00:00,https://morganstanley.eightfold.ai/careers/job/549798743260
MORGAN_STANLEY,549799200737,Data Scientist (NLP and GenAI Specialist),Data and AI,Dallas,TX,United States,onsite,,2026-08-21 18:37:02.917797,2026-08-14 00:00:00,https://morganstanley.eightfold.ai/careers/job/549799200737
MORGAN_STANLEY,549799009322,"Associate, Program Governance and Execution",Risk and Compliance,Dallas,TX,United States,onsite,,2026-08-21 18:37:03.940376,2026-08-14 00:00:00,https://morganstanley.eightfold.ai/careers/job/549799009322
MORGAN_STANLEY,549799424948,"Principal, Technical Business Analyst",Risk and Compliance,New York,NY,United States,hybrid,,2026-08-21 18:37:04.969013,2026-08-14 00:00:00,https://morganstanley.eightfold.ai/careers/job/549799424948
MORGAN_STANLEY,549797755685,Wealth Management Investigations Paralegal,Legal,Dallas,TX,United States,onsite,,2026-08-21 18:37:05.989323,2026-08-14 00:00:00,https://morganstanley.eightfold.ai/careers/job/549797755685
MORGAN_STANLEY,549798118211,Transaction Monitoring Crypto Coverage Assessment and Transformation Support Director (AVP),Risk and Compliance,Dallas,TX,United States,onsite,,2026-08-21 18:37:06.909893,2026-08-13 00:00:00,https://morganstanley.eightfold.ai/careers/job/549798118211
MORGAN_STANLEY,549799626099,Director of Business Strategy,Sales and Relationship Management,Houston,TX,United States,onsite,,2026-08-21 18:37:08.927675,2026-08-13 00:00:00,https://morganstanley.eightfold.ai/careers/job/549799626099
MORGAN_STANLEY,549799565611,"Global Financial Crimes: Data Testing Lead, Vice President",Risk and Compliance,Dallas,TX,United States,onsite,,2026-08-21 18:37:09.904718,2026-08-13 00:00:00,https://morganstanley.eightfold.ai/careers/job/549799565611
MORGAN_STANLEY,549784023606,Fund Services - Hedge Fund Accounting Manager,Finance and Accounting,New York,NY,United States,onsite,,2026-08-21 18:37:10.962921,2026-08-13 00:00:00,https://morganstanley.eightfold.ai/careers/job/549784023606
MORGAN_STANLEY,549799441346,Cloud Security Engineer,Cloud and Infrastructure,Alpharetta,GA,United States,hybrid,,2026-08-21 18:37:11.960564,2026-08-13 00:00:00,https://morganstanley.eightfold.ai/careers/job/549799441346
MORGAN_STANLEY,549799630780,Registered Client Service Associate,Risk and Compliance,Plano,TX,United States,onsite,,2026-08-21 18:37:12.951129,2026-08-13 00:00:00,https://morganstanley.eightfold.ai/careers/job/549799630780
MORGAN_STANLEY,549797302608,Private Wealth Management Wealth Management Analyst,Sales and Relationship Management,Miami Beach,FL,United States,onsite,,2026-08-21 18:37:13.879794,2026-08-13 00:00:00,https://morganstanley.eightfold.ai/careers/job/549797302608
MORGAN_STANLEY,549799610283,Client Relationship Analyst,Operations,Chicago,IL,United States,onsite,,2026-08-21 18:37:15.009083,2026-08-13 00:00:00,https://morganstanley.eightfold.ai/careers/job/549799610283
MORGAN_STANLEY,549799346418,"Senior Consulting Manager, Financial Reporting Solutions (VP level)",Finance and Accounting,Alpharetta,GA,United States,onsite,,2026-08-21 18:37:15.951293,2026-08-13 00:00:00,https://morganstanley.eightfold.ai/careers/job/549799346418
MORGAN_STANLEY,549797727856,Engineering Lead | Equities Derivatives Technology | Executive Director,Cloud and Infrastructure,New York,NY,United States,hybrid,,2026-08-21 18:37:16.938353,2026-08-13 00:00:00,https://morganstanley.eightfold.ai/careers/job/549797727856
MORGAN_STANLEY,549786046001,Active Trader Relationship Manager,Sales and Relationship Management,Chicago,IL,United States,onsite,,2026-08-21 18:37:17.854130,2026-08-13 00:00:00,https://morganstanley.eightfold.ai/careers/job/549786046001
MORGAN_STANLEY,549794752570,Platinum Relationship Manager,Sales and Relationship Management,Alpharetta,GA,United States,onsite,,2026-08-21 18:37:19.939182,2026-08-13 00:00:00,https://morganstanley.eightfold.ai/careers/job/549794752570
MORGAN_STANLEY,549797933734,Global Financial Crimes Firco Continuity Director (AVP),Risk and Compliance,Dallas,TX,United States,onsite,,2026-08-21 18:37:21.039600,2026-08-13 00:00:00,https://morganstanley.eightfold.ai/careers/job/549797933734
MORGAN_STANLEY,549797889249,Registered Client Relationship Analyst,Risk and Compliance,Oak Brook,IL,United States,onsite,,2026-08-21 18:37:22.064661,2026-08-12 00:00:00,https://morganstanley.eightfold.ai/careers/job/549797889249
MORGAN_STANLEY,549799405019,"Vice President, Liquidity & Fixed Income Trade Support",Risk and Compliance,New York,NY,United States,onsite,,2026-08-21 18:37:23.002962,2026-08-12 00:00:00,https://morganstanley.eightfold.ai/careers/job/549799405019
MORGAN_STANLEY,549797574513,PWM Field Engagement Associate,Risk and Compliance,New York,NY,United States,onsite,,2026-08-21 18:37:24.021377,2026-08-12 00:00:00,https://morganstanley.eightfold.ai/careers/job/549797574513
MORGAN_STANLEY,549799590846,Client Service Associate,Operations,Jacksonville,FL,United States,onsite,,2026-08-21 18:37:24.987432,2026-08-12 00:00:00,https://morganstanley.eightfold.ai/careers/job/549799590846
MORGAN_STANLEY,549799439038,Front Office Java Developer - Vice President,Software Engineering,New York,NY,United States,onsite,,2026-08-21 18:37:25.869857,2026-08-12 00:00:00,https://morganstanley.eightfold.ai/careers/job/549799439038
MORGAN_STANLEY,549784066410,Platinum Relationship Manager,Sales and Relationship Management,Alpharetta,GA,United States,onsite,,2026-08-21 18:37:27.097706,2026-08-12 00:00:00,https://morganstanley.eightfold.ai/careers/job/549784066410
MORGAN_STANLEY,549799504062,Senior Investment Analyst - Parametric,Risk and Compliance,Minneapolis,MN,United States,onsite,,2026-08-21 18:37:28.012310,2026-08-12 00:00:00,https://morganstanley.eightfold.ai/careers/job/549799504062
MORGAN_STANLEY,549799536455,"Product Manager and Project Lead – Analytics and Data, Executive Director",Risk and Compliance,New York,NY,United States,onsite,,2026-08-21 18:37:29.011661,2026-08-12 00:00:00,https://morganstanley.eightfold.ai/careers/job/549799536455
MORGAN_STANLEY,549799603108,Insured Solutions Sales Desk Analyst,Sales and Relationship Management,New York,NY,United States,onsite,,2026-08-21 18:37:31.043146,2026-08-12 00:00:00,https://morganstanley.eightfold.ai/careers/job/549799603108
MORGAN_STANLEY,549799037270,Governance & Delivery Lead (Data & Analytics) – Director,Risk and Compliance,Baltimore,MD,United States,onsite,,2026-08-21 18:37:32.094173,2026-08-12 00:00:00,https://morganstanley.eightfold.ai/careers/job/549799037270
MORGAN_STANLEY,549798626747,Technical Project Manager - Parametric,Project and Program Management,Alpharetta,GA,United States,onsite,,2026-08-21 18:37:33.070828,2026-08-12 00:00:00,https://morganstanley.eightfold.ai/careers/job/549798626747
MORGAN_STANLEY,549799343060,Cross-Asset Risk - Investment Management - Vice President,Risk and Compliance,New York,NY,United States,onsite,,2026-08-21 18:37:33.938873,2026-08-12 00:00:00,https://morganstanley.eightfold.ai/careers/job/549799343060
MORGAN_STANLEY,549799505121,Office Manager - Parametric,Risk and Compliance,New York,NY,United States,onsite,,2026-08-21 18:37:34.958756,2026-08-12 00:00:00,https://morganstanley.eightfold.ai/careers/job/549799505121
MORGAN_STANLEY,549799536450,"Strategy & Analytics Analyst, Assistant Vice President",Data and AI,New York,NY,United States,onsite,,2026-08-21 18:37:36.098056,2026-08-12 00:00:00,https://morganstanley.eightfold.ai/careers/job/549799536450
MORGAN_STANLEY,549799603104,Alternative Investments Sales Associate,Sales and Relationship Management,New York,NY,United States,onsite,,2026-08-21 18:37:37.222551,2026-08-12 00:00:00,https://morganstanley.eightfold.ai/careers/job/549799603104
MORGAN_STANLEY,549799604334,Registered Client Relationship Analyst,Risk and Compliance,Pittsburgh,PA,United States,onsite,,2026-08-21 18:37:38.120405,2026-08-12 00:00:00,https://morganstanley.eightfold.ai/careers/job/549799604334
MORGAN_STANLEY,549799413185,Business Service Officer,Risk and Compliance,Cleveland,OH,United States,onsite,,2026-08-21 18:37:39.164281,2026-08-12 00:00:00,https://morganstanley.eightfold.ai/careers/job/549799413185
MORGAN_STANLEY,549796610947,Client Service Associate,Operations,Ridgeland,MS,United States,onsite,,2026-08-21 18:37:40.158716,2026-08-12 00:00:00,https://morganstanley.eightfold.ai/careers/job/549796610947
MORGAN_STANLEY,549799460938,Technical Program Manager - CISO Office,Risk and Compliance,Baltimore,MD,United States,onsite,,2026-08-21 18:37:42.366835,2026-08-12 00:00:00,https://morganstanley.eightfold.ai/careers/job/549799460938
MORGAN_STANLEY,549797934231,"Team Manager, Premier Relationship Management",Risk and Compliance,Gilbert,AZ,United States,onsite,,2026-08-21 18:37:43.125237,2026-08-12 00:00:00,https://morganstanley.eightfold.ai/careers/job/549797934231
MORGAN_STANLEY,549799585651,Registered Client Service Associate,Risk and Compliance,Newtown Square,PA,United States,onsite,,2026-08-21 18:37:44.174360,2026-08-11 00:00:00,https://morganstanley.eightfold.ai/careers/job/549799585651
MORGAN_STANLEY,549799586791,Chief of Staff,Operations,New York,NY,United States,onsite,,2026-08-21 18:37:45.349867,2026-08-11 00:00:00,https://morganstanley.eightfold.ai/careers/job/549799586791
MORGAN_STANLEY,549799587379,Part-Time Client Service Associate,Operations,Fort Worth,TX,United States,onsite,,2026-08-21 18:37:46.202396,2026-08-11 00:00:00,https://morganstanley.eightfold.ai/careers/job/549799587379
MORGAN_STANLEY,549799589080,"Field Advisory Risk, Vice President",Risk and Compliance,Harrison,NY,United States,onsite,,2026-08-21 18:37:47.260095,2026-08-11 00:00:00,https://morganstanley.eightfold.ai/careers/job/549799589080
MORGAN_STANLEY,549797758708,Credit Review Manager,Risk and Compliance,New York,NY,United States,hybrid,,2026-08-21 18:37:48.113230,2026-08-11 00:00:00,https://morganstanley.eightfold.ai/careers/job/549797758708
MORGAN_STANLEY,549799522866,Vice President - Bank Holding Company - Regulatory Controller,Risk and Compliance,New York,NY,United States,onsite,,2026-08-21 18:37:49.253320,2026-08-11 00:00:00,https://morganstanley.eightfold.ai/careers/job/549799522866
MORGAN_STANLEY,549799534529,Associate Portfolio Manager - Parametric,Finance and Accounting,Seattle,WA,United States,onsite,,2026-08-21 18:37:50.283767,2026-08-11 00:00:00,https://morganstanley.eightfold.ai/careers/job/549799534529
MORGAN_STANLEY,549799346826,"Participation Education Consultant, AVP",Risk and Compliance,Alpharetta,GA,United States,onsite,,2026-08-21 18:37:51.257612,2026-08-11 00:00:00,https://morganstanley.eightfold.ai/careers/job/549799346826
MORGAN_STANLEY,549799500905,Registered Client Service Associate,Risk and Compliance,New York,NY,United States,onsite,,2026-08-21 18:37:53.152010,2026-08-11 00:00:00,https://morganstanley.eightfold.ai/careers/job/549799500905
MORGAN_STANLEY,549799112653,"Relationship Manager, VP",Sales and Relationship Management,Alpharetta,GA,United States,onsite,,2026-08-21 18:37:54.348783,2026-08-11 00:00:00,https://morganstanley.eightfold.ai/careers/job/549799112653
MORGAN_STANLEY,549799533416,Business Service Officer,Risk and Compliance,Charleston,WV,United States,onsite,,2026-08-21 18:37:55.221452,2026-08-11 00:00:00,https://morganstanley.eightfold.ai/careers/job/549799533416
MORGAN_STANLEY,549799569525,Fixed Income Research – Securitized Products Strategist  Analyst,Sales and Relationship Management,New York,NY,United States,onsite,,2026-08-21 18:37:56.473850,2026-08-21 00:00:00,https://morganstanley.eightfold.ai/careers/job/549799569525
MORGAN_STANLEY,549799585514,Private Wealth Management Financial Planning Analyst,Other,New York,NY,United States,onsite,,2026-08-21 18:37:57.314460,2026-08-11 00:00:00,https://morganstanley.eightfold.ai/careers/job/549799585514
MORGAN_STANLEY,549799585655,Registered Client Service Associate,Risk and Compliance,Fresno,CA,United States,onsite,,2026-08-21 18:37:58.332773,2026-08-11 00:00:00,https://morganstanley.eightfold.ai/careers/job/549799585655
MORGAN_STANLEY,549799586867,Institutional Risk Vice President,Risk and Compliance,Harrison,NY,United States,onsite,,2026-08-21 18:37:59.281163,2026-08-11 00:00:00,https://morganstanley.eightfold.ai/careers/job/549799586867
MORGAN_STANLEY,549799589014,Private Wealth Management Registered Client Service Associate,Risk and Compliance,New Orleans,LA,United States,onsite,,2026-08-21 18:38:00.269512,2026-08-11 00:00:00,https://morganstanley.eightfold.ai/careers/job/549799589014
MORGAN_STANLEY,549799346720,"Executive Services Specialist, Associate",Risk and Compliance,Alpharetta,GA,United States,onsite,,2026-08-21 18:38:01.248568,2026-08-11 00:00:00,https://morganstanley.eightfold.ai/careers/job/549799346720
MORGAN_STANLEY,549796795478,"Credit Risk: ISG Counterparty, Hedge Funds : Job Level - Vice President",Risk and Compliance,New York,NY,United States,onsite,,2026-08-21 18:38:02.354866,2026-08-11 00:00:00,https://morganstanley.eightfold.ai/careers/job/549796795478
MORGAN_STANLEY,549798738459,Client Service Associate,Operations,Waco,TX,United States,onsite,,2026-08-21 18:38:04.354910,2026-08-11 00:00:00,https://morganstanley.eightfold.ai/careers/job/549798738459
MORGAN_STANLEY,549799413287,Real Estate Investment Group - Financial Analyst,Finance and Accounting,Boston,MA,United States,onsite,,2026-08-21 18:38:05.357654,2026-08-11 00:00:00,https://morganstanley.eightfold.ai/careers/job/549799413287
MORGAN_STANLEY,549799497286,Calvert Responsible Investment Specialist - Associate,Sales and Relationship Management,New York,NY,United States,onsite,,2026-08-21 18:38:06.459706,2026-08-11 00:00:00,https://morganstanley.eightfold.ai/careers/job/549799497286
MORGAN_STANLEY,549799565195,Registered Client Service Associate,Risk and Compliance,Palm Beach Gardens,FL,United States,onsite,,2026-08-21 18:38:07.403369,2026-08-11 00:00:00,https://morganstanley.eightfold.ai/careers/job/549799565195
MORGAN_STANLEY,549799039384,AI Engagement Engineer - Vice President,Software Engineering,New York,NY,United States,onsite,,2026-08-21 18:38:08.360365,2026-08-11 00:00:00,https://morganstanley.eightfold.ai/careers/job/549799039384
MORGAN_STANLEY,549797077342,Global Capital Markets Strat - Associate / Vice President,Risk and Compliance,New York,NY,United States,onsite,,2026-08-21 18:38:09.250372,2026-08-11 00:00:00,https://morganstanley.eightfold.ai/careers/job/549797077342
MORGAN_STANLEY,549797434806,Central Review Unit Risk Officer - Wealth Management Client Segment,Risk and Compliance,South Jordan,UT,United States,onsite,,2026-08-21 18:38:10.452982,2026-08-11 00:00:00,https://morganstanley.eightfold.ai/careers/job/549797434806
MORGAN_STANLEY,549797206556,Commodities Document Negotiator - Fixed Income Division - Associate or Vice President,Risk and Compliance,New York,NY,United States,onsite,,2026-08-21 18:38:11.399303,2026-08-11 00:00:00,https://morganstanley.eightfold.ai/careers/job/549797206556
MORGAN_STANLEY,549799537340,Branch Administrator,Risk and Compliance,Ponte Vedra Beach,FL,United States,onsite,,2026-08-21 18:38:12.401999,2026-08-10 00:00:00,https://morganstanley.eightfold.ai/careers/job/549799537340
MORGAN_STANLEY,549799569405,Registered Client Service Associate,Risk and Compliance,Potomac,MD,United States,onsite,,2026-08-21 18:38:13.482372,2026-08-10 00:00:00,https://morganstanley.eightfold.ai/careers/job/549799569405
MORGAN_STANLEY,549799569412,Equity Sales and Products Associate,Sales and Relationship Management,New York,NY,United States,onsite,,2026-08-21 18:38:15.272078,2026-08-10 00:00:00,https://morganstanley.eightfold.ai/careers/job/549799569412
MORGAN_STANLEY,549799570210,Registered Client Service Associate,Risk and Compliance,Scottsdale,AZ,United States,onsite,,2026-08-21 18:38:16.394416,2026-08-10 00:00:00,https://morganstanley.eightfold.ai/careers/job/549799570210
MORGAN_STANLEY,549798867116,Registered Client Service Associate,Risk and Compliance,Dallas,TX,United States,onsite,,2026-08-21 18:38:17.469337,2026-08-10 00:00:00,https://morganstanley.eightfold.ai/careers/job/549798867116
MORGAN_STANLEY,549799505922,Cyber Exercise Planner Associate,Cybersecurity,Baltimore,MD,United States,onsite,,2026-08-21 18:38:18.297668,2026-08-10 00:00:00,https://morganstanley.eightfold.ai/careers/job/549799505922
MORGAN_STANLEY,549799565681,"Associate, Wealth Management Finance (Advisor Channel)",Finance and Accounting,Harrison,NY,United States,onsite,,2026-08-21 18:38:19.305564,2026-08-10 00:00:00,https://morganstanley.eightfold.ai/careers/job/549799565681
MORGAN_STANLEY,549799513744,Wealth Management Analyst,Sales and Relationship Management,Menlo Park,CA,United States,onsite,,2026-08-21 18:38:20.501255,2026-08-10 00:00:00,https://morganstanley.eightfold.ai/careers/job/549799513744
MORGAN_STANLEY,549799036644,SRE/Production Support Lead,Cloud and Infrastructure,Alpharetta,GA,United States,onsite,,2026-08-21 18:38:21.447460,2026-08-10 00:00:00,https://morganstanley.eightfold.ai/careers/job/549799036644
MORGAN_STANLEY,549798642839,Registered Client Relationship Analyst,Risk and Compliance,Houston,TX,United States,onsite,,2026-08-21 18:38:22.513718,2026-08-10 00:00:00,https://morganstanley.eightfold.ai/careers/job/549798642839
MORGAN_STANLEY,549799390129,E*TRADE Fixed Income Specialist,Operations,New York,NY,United States,onsite,,2026-08-21 18:38:23.496620,2026-08-10 00:00:00,https://morganstanley.eightfold.ai/careers/job/549799390129
MORGAN_STANLEY,549799568955,US Interest Rate Swaps Algo Trading Strategist - Fixed Income - Associate / Vice President,Data and AI,New York,NY,United States,onsite,,2026-08-21 18:38:24.533599,2026-08-10 00:00:00,https://morganstanley.eightfold.ai/careers/job/549799568955
MORGAN_STANLEY,549799569669,Client Relationship Analyst,Operations,Duncan,OK,United States,onsite,,2026-08-21 18:38:26.482904,2026-08-10 00:00:00,https://morganstanley.eightfold.ai/careers/job/549799569669
MORGAN_STANLEY,549799570144,Investment Banking Healthcare Associate – New York,Other,New York,NY,United States,onsite,,2026-08-21 18:38:27.607785,2026-08-10 00:00:00,https://morganstanley.eightfold.ai/careers/job/549799570144
MORGAN_STANLEY,549799346486,"AI Adoption, Training & Communications Analyst",Sales and Relationship Management,Alpharetta,GA,United States,onsite,,2026-08-21 18:38:28.325871,2026-08-10 00:00:00,https://morganstanley.eightfold.ai/careers/job/549799346486
MORGAN_STANLEY,549799389614,Marketing & Communications Risk Vice President,Risk and Compliance,Harrison,NY,United States,onsite,,2026-08-21 18:38:29.552011,2026-08-10 00:00:00,https://morganstanley.eightfold.ai/careers/job/549799389614
MORGAN_STANLEY,549786088659,VEA - Team Manager,Sales and Relationship Management,Dallas,TX,United States,onsite,,2026-08-21 18:38:30.581094,2026-08-10 00:00:00,https://morganstanley.eightfold.ai/careers/job/549786088659
MORGAN_STANLEY,549796606065,Cloud & Storage Engineer VP,Risk and Compliance,Alpharetta,GA,United States,onsite,,2026-08-21 18:38:31.473489,2026-08-10 00:00:00,https://morganstanley.eightfold.ai/careers/job/549796606065
MORGAN_STANLEY,549799427494,Desk Analyst (West Power) - Fixed Income - Associate,Risk and Compliance,New York,NY,United States,onsite,,2026-08-21 18:38:32.493262,2026-08-10 00:00:00,https://morganstanley.eightfold.ai/careers/job/549799427494
MORGAN_STANLEY,549799439156,Mainframe CICS Systems Engineer,Cloud and Infrastructure,Alpharetta,GA,United States,onsite,,2026-08-21 18:38:33.560749,2026-08-10 00:00:00,https://morganstanley.eightfold.ai/careers/job/549799439156
MORGAN_STANLEY,549799515611,Registered Client Service Associate,Risk and Compliance,West Palm Beach,FL,United States,onsite,,2026-08-21 18:38:34.484807,2026-08-10 00:00:00,https://morganstanley.eightfold.ai/careers/job/549799515611
MORGAN_STANLEY,549796979749,Client Service Associate,Risk and Compliance,Dallas,TX,United States,onsite,,2026-08-21 18:38:35.382550,2026-08-10 00:00:00,https://morganstanley.eightfold.ai/careers/job/549796979749
MORGAN_STANLEY,549797759124,Real Assets Sustainability US - Investment Management - Associate / Senior Associate,Risk and Compliance,New York,NY,United States,onsite,,2026-08-21 18:38:37.659350,2026-08-10 00:00:00,https://morganstanley.eightfold.ai/careers/job/549797759124
MORGAN_STANLEY,549797595814,Executive Director – Site Reliability Engineering – WM Technology,Cloud and Infrastructure,New York,NY,United States,onsite,,2026-08-21 18:38:38.566226,2026-08-10 00:00:00,https://morganstanley.eightfold.ai/careers/job/549797595814
MORGAN_STANLEY,549799537015,"Ultra-High Net-Worth Planning – Senior Equity Compensation Planner, Vice President",Finance and Accounting,Greenwood Village,CO,United States,onsite,,2026-08-21 18:38:39.507851,2026-08-08 00:00:00,https://morganstanley.eightfold.ai/careers/job/549799537015
MORGAN_STANLEY,549797803003,Registered Client Service Associate,Risk and Compliance,Washington,DC,United States,onsite,,2026-08-21 18:38:40.418868,2026-08-07 00:00:00,https://morganstanley.eightfold.ai/careers/job/549797803003
MORGAN_STANLEY,549798322116,Investment Consultant - Relationship Manager,Sales and Relationship Management,Scottsdale,AZ,United States,onsite,,2026-08-21 18:38:41.535752,2026-08-07 00:00:00,https://morganstanley.eightfold.ai/careers/job/549798322116
MORGAN_STANLEY,549799513464,"WM Philanthropy Management, Vice President",Risk and Compliance,New York,NY,United States,onsite,,2026-08-21 18:38:42.585549,2026-08-07 00:00:00,https://morganstanley.eightfold.ai/careers/job/549799513464
MORGAN_STANLEY,549795010109,Public Finance Investment Banking - Fixed Income Division - Associate,Risk and Compliance,New York,NY,United States,onsite,,2026-08-21 18:38:43.574174,2026-08-07 00:00:00,https://morganstanley.eightfold.ai/careers/job/549795010109
MORGAN_STANLEY,549784949888,Path to Advice - Associate/AVP (Strategy),Operations,Harrison,NY,United States,onsite,,2026-08-21 18:38:44.519873,2026-08-07 00:00:00,https://morganstanley.eightfold.ai/careers/job/549784949888
MORGAN_STANLEY,549799504019,Home Loans – Platforms & Client Experience - Executive Director,Risk and Compliance,Dallas,TX,United States,hybrid,,2026-08-21 18:38:45.643837,2026-08-07 00:00:00,https://morganstanley.eightfold.ai/careers/job/549799504019
MORGAN_STANLEY,549799533725,NFR Framework Policies Professional,Risk and Compliance,Baltimore,MD,United States,onsite,,2026-08-21 18:38:46.648287,2026-08-07 00:00:00,https://morganstanley.eightfold.ai/careers/job/549799533725
MORGAN_STANLEY,549799496830,Quantitative Risk & Portfolio Analytics - Associate,Risk and Compliance,New York,NY,United States,onsite,,2026-08-21 18:38:48.707867,2026-08-07 00:00:00,https://morganstanley.eightfold.ai/careers/job/549799496830
MORGAN_STANLEY,549799502000,Business Service Officer,Risk and Compliance,Boca Raton,FL,United States,onsite,,2026-08-21 18:38:49.522536,2026-08-07 00:00:00,https://morganstanley.eightfold.ai/careers/job/549799502000
MORGAN_STANLEY,549799532674,Wealth Management Associate,Risk and Compliance,West Des Moines,IA,United States,onsite,,2026-08-21 18:38:50.644922,2026-08-07 00:00:00,https://morganstanley.eightfold.ai/careers/job/549799532674
MORGAN_STANLEY,549799532759,Investment Consultant - Relationship Manager,Sales and Relationship Management,Chicago,IL,United States,onsite,,2026-08-21 18:38:51.567446,2026-08-07 00:00:00,https://morganstanley.eightfold.ai/careers/job/549799532759
MORGAN_STANLEY,549799110843,Technology Project Manager- Risk & Controls,Risk and Compliance,New York,NY,United States,hybrid,,2026-08-21 18:38:52.598380,2026-08-07 00:00:00,https://morganstanley.eightfold.ai/careers/job/549799110843
MORGAN_STANLEY,549798955216,Registered Client Service Associate,Risk and Compliance,Latham,NY,United States,onsite,,2026-08-21 18:38:53.672739,2026-08-07 00:00:00,https://morganstanley.eightfold.ai/careers/job/549798955216
MORGAN_STANLEY,549799390087,Global Lead Security Control Engineer,Risk and Compliance,Alpharetta,GA,United States,hybrid,,2026-08-21 18:38:54.538271,2026-08-07 00:00:00,https://morganstanley.eightfold.ai/careers/job/549799390087
MORGAN_STANLEY,549799521918,Senior Registered Service Associate,Risk and Compliance,Louisville,KY,United States,onsite,,2026-08-21 18:38:55.645021,2026-08-07 00:00:00,https://morganstanley.eightfold.ai/careers/job/549799521918
MORGAN_STANLEY,549797660872,"Director, Tax & Advisory",Finance and Accounting,New York,NY,United States,onsite,,2026-08-21 18:38:56.542049,2026-08-07 00:00:00,https://morganstanley.eightfold.ai/careers/job/549797660872
MORGAN_STANLEY,549797642644,"Estate Planning Strategist, Vice President",Finance and Accounting,Atlanta,GA,United States,onsite,,2026-08-21 18:38:57.598316,2026-08-07 00:00:00,https://morganstanley.eightfold.ai/careers/job/549797642644
MORGAN_STANLEY,549799412958,Sr. Registered Client Service Associate,Risk and Compliance,Fort Lauderdale,FL,United States,onsite,,2026-08-21 18:38:59.722098,2026-08-07 00:00:00,https://morganstanley.eightfold.ai/careers/job/549799412958
MORGAN_STANLEY,549799536270,"Associate, Acquisition",Finance and Accounting,New York,NY,United States,onsite,,2026-08-21 18:39:00.784552,2026-08-07 00:00:00,https://morganstanley.eightfold.ai/careers/job/549799536270
MORGAN_STANLEY,549799409227,"Manager, Cyber Security Engineering",Cybersecurity,Alpharetta,GA,United States,hybrid,,2026-08-21 18:39:01.783377,2026-08-07 00:00:00,https://morganstanley.eightfold.ai/careers/job/549799409227
MORGAN_STANLEY,549797660772,"Director, Corporate Controllers, Reporting & Accounting",Finance and Accounting,New York,NY,United States,onsite,,2026-08-21 18:39:03.049083,2026-08-07 00:00:00,https://morganstanley.eightfold.ai/careers/job/549797660772
MORGAN_STANLEY,549797038963,Associate Research,Data and AI,New York,NY,United States,onsite,,2026-08-21 18:39:03.742348,2026-08-06 00:00:00,https://morganstanley.eightfold.ai/careers/job/549797038963
MORGAN_STANLEY,549797910842,Relationship Marketing Manager - MSIM Digital Marketing - Vice President,Risk and Compliance,New York,NY,United States,onsite,,2026-08-21 18:39:04.770215,2026-08-06 00:00:00,https://morganstanley.eightfold.ai/careers/job/549797910842
MORGAN_STANLEY,549799513446,"Vice President, Technology",Risk and Compliance,New York,NY,United States,onsite,,2026-08-21 18:39:05.678713,2026-08-06 00:00:00,https://morganstanley.eightfold.ai/careers/job/549799513446
MORGAN_STANLEY,549799505564,"Global Investment Office - Institutional Portfolio & Risk Analytics, Vice President",Risk and Compliance,New York,NY,United States,onsite,,2026-08-21 18:39:06.939737,2026-08-06 00:00:00,https://morganstanley.eightfold.ai/careers/job/549799505564
MORGAN_STANLEY,549799500644,Senior Administrative Assistant,Cloud and Infrastructure,Portland,OR,United States,onsite,,2026-08-21 18:39:07.707659,2026-08-06 00:00:00,https://morganstanley.eightfold.ai/careers/job/549799500644
MORGAN_STANLEY,549798977464,Fraud Link Analysis Strategy & Operations,Risk and Compliance,Alpharetta,GA,United States,onsite,,2026-08-21 18:39:08.793057,2026-08-06 00:00:00,https://morganstanley.eightfold.ai/careers/job/549798977464
MORGAN_STANLEY,549799036646,Principal AI App Dev Engineer - Vice President,Software Engineering,Alpharetta,GA,United States,onsite,,2026-08-21 18:39:10.770437,2026-08-06 00:00:00,https://morganstanley.eightfold.ai/careers/job/549799036646
MORGAN_STANLEY,549794753137,Senior Digital Asset Advisory Compliance Officer,Risk and Compliance,Dallas,TX,United States,onsite,,2026-08-21 18:39:11.762984,2026-08-06 00:00:00,https://morganstanley.eightfold.ai/careers/job/549794753137
MORGAN_STANLEY,549799200936,"Executive Director, Employee Relations Specialist",Human Resources,Alpharetta,GA,United States,onsite,,2026-08-21 18:39:12.771690,2026-08-06 00:00:00,https://morganstanley.eightfold.ai/careers/job/549799200936
MORGAN_STANLEY,549799514995,Investment Banking Executive Assistant - Houston,Other,Houston,TX,United States,onsite,,2026-08-21 18:39:13.883430,2026-08-06 00:00:00,https://morganstanley.eightfold.ai/careers/job/549799514995
MORGAN_STANLEY,549799516938,Client Service Associate,Operations,Newport News,VA,United States,onsite,,2026-08-21 18:39:14.814413,2026-08-06 00:00:00,https://morganstanley.eightfold.ai/careers/job/549799516938
MORGAN_STANLEY,549798616652,Private Wealth Management Registered Client Service Associate,Operations,New York,NY,United States,onsite,,2026-08-21 18:39:15.943239,2026-08-06 00:00:00,https://morganstanley.eightfold.ai/careers/job/549798616652
MORGAN_STANLEY,549796479391,"Vice President, Strats",Data and AI,New York,NY,United States,onsite,,2026-08-21 18:39:16.857011,2026-08-06 00:00:00,https://morganstanley.eightfold.ai/careers/job/549796479391
MORGAN_STANLEY,549796629732,Registered Client Service Associate,Risk and Compliance,Bethesda,MD,United States,onsite,,2026-08-21 18:39:17.996322,2026-08-06 00:00:00,https://morganstanley.eightfold.ai/careers/job/549796629732
MORGAN_STANLEY,549798644113,Model Risk (Risk Management) : Job Level - Vice President,Risk and Compliance,New York,NY,United States,onsite,,2026-08-21 18:39:18.737509,2026-08-06 00:00:00,https://morganstanley.eightfold.ai/careers/job/549798644113
MORGAN_STANLEY,549798861248,Registered Client Relationship Analyst,Risk and Compliance,Kansas City,MO,United States,onsite,,2026-08-21 18:39:19.692095,2026-08-06 00:00:00,https://morganstanley.eightfold.ai/careers/job/549798861248
MORGAN_STANLEY,549798303606,Private Wealth Management Business Development Director - Bilingual: Spanish/English,Sales and Relationship Management,Miami,FL,United States,onsite,,2026-08-21 18:39:21.885186,2026-08-06 00:00:00,https://morganstanley.eightfold.ai/careers/job/549798303606
MORGAN_STANLEY,549797076762,"Associate, Trading",Risk and Compliance,New York,NY,United States,onsite,,2026-08-21 18:39:22.903555,2026-08-06 00:00:00,https://morganstanley.eightfold.ai/careers/job/549797076762
MORGAN_STANLEY,549797103341,"Vice President, Lead Business Analysis",Business Analysis,Boston,MA,United States,onsite,,2026-08-21 18:39:23.926425,2026-08-06 00:00:00,https://morganstanley.eightfold.ai/careers/job/549797103341
MORGAN_STANLEY,549797660994,"Vice President, Risk/ Policy Mgmt",Risk and Compliance,New York,NY,United States,onsite,,2026-08-21 18:39:24.956728,2026-08-06 00:00:00,https://morganstanley.eightfold.ai/careers/job/549797660994
MORGAN_STANLEY,549798011228,"Vice President, Strats",Operations,New York,NY,United States,onsite,,2026-08-21 18:39:25.847960,2026-08-06 00:00:00,https://morganstanley.eightfold.ai/careers/job/549798011228
MORGAN_STANLEY,549799018606,"MSIM Infrastructure Partners, Pre-MBA Associate (2026 Program)",Cloud and Infrastructure,New York,NY,United States,onsite,,2026-08-21 18:39:26.954512,2026-08-05 00:00:00,https://morganstanley.eightfold.ai/careers/job/549799018606
MORGAN_STANLEY,549795934492,"Vice President, Sales",Sales and Relationship Management,New York,NY,United States,onsite,,2026-08-21 18:39:27.911721,2026-08-05 00:00:00,https://morganstanley.eightfold.ai/careers/job/549795934492
MORGAN_STANLEY,549797671481,"Associate, Banking",Risk and Compliance,New York,NY,United States,onsite,,2026-08-21 18:39:28.851245,2026-08-05 00:00:00,https://morganstanley.eightfold.ai/careers/job/549797671481
MORGAN_STANLEY,549797703474,AI Engineer,Data and AI,New York,NY,United States,onsite,,2026-08-21 18:39:29.907466,2026-08-05 00:00:00,https://morganstanley.eightfold.ai/careers/job/549797703474
MORGAN_STANLEY,549797103162,"Director, Software Engineer",Software Engineering,Alpharetta,GA,United States,onsite,,2026-08-21 18:39:30.873705,2026-08-05 00:00:00,https://morganstanley.eightfold.ai/careers/job/549797103162
MORGAN_STANLEY,549798011302,"Vice President, Lead Software Engineer",Software Engineering,New York,NY,United States,onsite,,2026-08-21 18:39:32.882042,2026-08-05 00:00:00,https://morganstanley.eightfold.ai/careers/job/549798011302
MORGAN_STANLEY,549799501420,Sr AI Engineer,Data and AI,New York,NY,United States,onsite,,2026-08-21 18:39:34.061517,2026-08-05 00:00:00,https://morganstanley.eightfold.ai/careers/job/549799501420
MORGAN_STANLEY,549798213582,Lead Low Latency Network Operations and Analytics - Vice President,Operations,New York,NY,United States,onsite,,2026-08-21 18:39:34.957364,2026-08-05 00:00:00,https://morganstanley.eightfold.ai/careers/job/549798213582
MORGAN_STANLEY,549799437627,Client Service Associate,Sales and Relationship Management,Seattle,WA,United States,onsite,,2026-08-21 18:39:35.888530,2026-08-05 00:00:00,https://morganstanley.eightfold.ai/careers/job/549799437627
MORGAN_STANLEY,549799502979,"MSIM Infrastructure Partners, Acquisitions Associate",Cloud and Infrastructure,New York,NY,United States,onsite,,2026-08-21 18:39:36.917794,2026-08-05 00:00:00,https://morganstanley.eightfold.ai/careers/job/549799502979
MORGAN_STANLEY,549799460658,Alternative Investments Sales Associate,Sales and Relationship Management,New York,NY,United States,onsite,,2026-08-21 18:39:37.928559,2026-08-05 00:00:00,https://morganstanley.eightfold.ai/careers/job/549799460658
MORGAN_STANLEY,549799502338,Registered Client Service Associate,Risk and Compliance,San Diego,CA,United States,onsite,,2026-08-21 18:39:39.009289,2026-08-05 00:00:00,https://morganstanley.eightfold.ai/careers/job/549799502338
MORGAN_STANLEY,549798982794,Service Associate,Risk and Compliance,Charlotte,NC,United States,onsite,,2026-08-21 18:39:40.101122,2026-08-05 00:00:00,https://morganstanley.eightfold.ai/careers/job/549798982794
MORGAN_STANLEY,549799393709,"Investment Management & Wealth Management Model Validation, Executive Director",Risk and Compliance,New York,NY,United States,onsite,,2026-08-21 18:39:41.014704,2026-08-05 00:00:00,https://morganstanley.eightfold.ai/careers/job/549799393709
MORGAN_STANLEY,549799481736,"Practice Strategy, Associate/AVP",Risk and Compliance,Harrison,NY,United States,onsite,,2026-08-21 18:39:42.032616,2026-08-05 00:00:00,https://morganstanley.eightfold.ai/careers/job/549799481736
MORGAN_STANLEY,549799388181,Generative AI & Machine Learning Engineer,Data and AI,New York,NY,United States,onsite,,2026-08-21 18:39:44.010315,2026-08-05 00:00:00,https://morganstanley.eightfold.ai/careers/job/549799388181
MORGAN_STANLEY,549799350076,Associate Service Manager,Risk and Compliance,Washington,DC,United States,onsite,,2026-08-21 18:39:45.032381,2026-08-05 00:00:00,https://morganstanley.eightfold.ai/careers/job/549799350076
MORGAN_STANLEY,549796522434,"Vice President, Lead Software Engineer",Software Engineering,Alpharetta,GA,United States,onsite,,2026-08-21 18:39:46.084132,2026-08-05 00:00:00,https://morganstanley.eightfold.ai/careers/job/549796522434
MORGAN_STANLEY,549796794690,ALM Accounting Specialist - Fixed Income - Executive Director,Finance and Accounting,New York,NY,United States,onsite,,2026-08-21 18:39:46.951565,2026-08-05 00:00:00,https://morganstanley.eightfold.ai/careers/job/549796794690
MORGAN_STANLEY,549799484064,Registered Client Relationship Analyst,Risk and Compliance,Garden City,NY,United States,onsite,,2026-08-21 18:39:48.110545,2026-08-05 00:00:00,https://morganstanley.eightfold.ai/careers/job/549799484064
MORGAN_STANLEY,549799367418,Private Bank Ultra High Net Worth Lending Transactor – Alternatives  - Associate/Analyst,Risk and Compliance,Chicago,IL,United States,hybrid,,2026-08-21 18:39:49.135612,2026-08-05 00:00:00,https://morganstanley.eightfold.ai/careers/job/549799367418
MORGAN_STANLEY,549799439310,Credit Market Data & Risk Developer - VP,Risk and Compliance,New York,NY,United States,onsite,,2026-08-21 18:39:50.139227,2026-08-05 00:00:00,https://morganstanley.eightfold.ai/careers/job/549799439310
MORGAN_STANLEY,549799478270,Business Service Officer,Risk and Compliance,Frederick,MD,United States,onsite,,2026-08-21 18:39:51.177787,2026-08-05 00:00:00,https://morganstanley.eightfold.ai/careers/job/549799478270
MORGAN_STANLEY,549799478432,Registered Client Service Associate,Risk and Compliance,Washington,DC,United States,onsite,,2026-08-21 18:39:52.067765,2026-08-05 00:00:00,https://morganstanley.eightfold.ai/careers/job/549799478432
MORGAN_STANLEY,549796877708,"MSIM - Broad Markets Fixed Income, Portfolio Management - Vice President",Risk and Compliance,New York,NY,United States,onsite,,2026-08-21 18:39:53.051771,2026-08-05 00:00:00,https://morganstanley.eightfold.ai/careers/job/549796877708
MORGAN_STANLEY,549796897503,"Executive Director - Market Risk Manager, Head of XVA Coverage, US (Risk Management)",Risk and Compliance,New York,NY,United States,onsite,,2026-08-21 18:39:55.062275,2026-08-05 00:00:00,https://morganstanley.eightfold.ai/careers/job/549796897503
MORGAN_STANLEY,549798388312,Registered Client Service Associate,Operations,Red Bank,NJ,United States,onsite,,2026-08-21 18:39:56.067288,2026-08-04 00:00:00,https://morganstanley.eightfold.ai/careers/job/549798388312
MORGAN_STANLEY,549798395891,"Complex Products Risk Officer (CPRO) – Listed Derivatives & FX Forwards, Assistant Vice President",Risk and Compliance,Harrison,NY,United States,onsite,,2026-08-21 18:39:57.073360,2026-08-04 00:00:00,https://morganstanley.eightfold.ai/careers/job/549798395891
MORGAN_STANLEY,549798391896,"Senior Manager, Premier Relationship Management",Risk and Compliance,Gilbert,AZ,United States,onsite,,2026-08-21 18:39:58.054478,2026-08-04 00:00:00,https://morganstanley.eightfold.ai/careers/job/549798391896
MORGAN_STANLEY,549783672036,Business Service Officer,Risk and Compliance,New York,NY,United States,onsite,,2026-08-21 18:39:59.149903,2026-08-04 00:00:00,https://morganstanley.eightfold.ai/careers/job/549783672036
MORGAN_STANLEY,549799484066,MSIM - Private Equity Solutions - Secondaries Associate,Sales and Relationship Management,New York,NY,United States,onsite,,2026-08-21 18:40:00.196511,2026-08-04 00:00:00,https://morganstanley.eightfold.ai/careers/job/549799484066
MORGAN_STANLEY,549799425858,Registered Client Service Associate,Risk and Compliance,Kahului,HI,United States,onsite,,2026-08-21 18:40:01.174366,2026-08-04 00:00:00,https://morganstanley.eightfold.ai/careers/job/549799425858
MORGAN_STANLEY,549799464691,Wealth Management Operational Risk - Non-Financial Risk Assessment Assistant Vice President,Risk and Compliance,Baltimore,MD,United States,onsite,,2026-08-21 18:40:02.163935,2026-08-04 00:00:00,https://morganstanley.eightfold.ai/careers/job/549799464691
MORGAN_STANLEY,549799481746,"VP, Operations COO, Transformation, Metrics & Analytics",Operations,New York,NY,United States,onsite,,2026-08-21 18:40:03.208325,2026-08-04 00:00:00,https://morganstanley.eightfold.ai/careers/job/549799481746
MORGAN_STANLEY,549798982638,Lead Application Security Eng,Cybersecurity,Alpharetta,GA,United States,onsite,,2026-08-21 18:40:04.165245,2026-08-04 00:00:00,https://morganstanley.eightfold.ai/careers/job/549798982638
MORGAN_STANLEY,549797353324,Registered Client Service Associate,Risk and Compliance,Atlanta,GA,United States,onsite,,2026-08-21 18:40:06.191376,2026-08-04 00:00:00,https://morganstanley.eightfold.ai/careers/job/549797353324
MORGAN_STANLEY,549799346259,"Onboarding Project Manager, AVP",Project and Program Management,Sandy,UT,United States,onsite,,2026-08-21 18:40:07.192994,2026-08-04 00:00:00,https://morganstanley.eightfold.ai/careers/job/549799346259
MORGAN_STANLEY,549799484549,Private Wealth Management Investment Consultant,Sales and Relationship Management,New York,NY,United States,onsite,,2026-08-21 18:40:08.197106,2026-08-04 00:00:00,https://morganstanley.eightfold.ai/careers/job/549799484549
MORGAN_STANLEY,549799480907,Portfolio Management Associate Director,Risk and Compliance,Red Bank,NJ,United States,onsite,,2026-08-21 18:40:09.254517,2026-08-04 00:00:00,https://morganstanley.eightfold.ai/careers/job/549799480907
MORGAN_STANLEY,549799478540,Registered Client Service Associate,Risk and Compliance,Irvine,CA,United States,onsite,,2026-08-21 18:40:10.355387,2026-08-04 00:00:00,https://morganstanley.eightfold.ai/careers/job/549799478540
MORGAN_STANLEY,549796886399,IED Sr Product Manager – Client Intelligence Systems & Analytics,Risk and Compliance,New York,NY,United States,onsite,,2026-08-21 18:40:11.346447,2026-08-04 00:00:00,https://morganstanley.eightfold.ai/careers/job/549796886399
MORGAN_STANLEY,549797040458,Digital Asset Cyber and Fraud Risk Specialist -  Vice President,Risk and Compliance,New York,NY,United States,onsite,,2026-08-21 18:40:12.332006,2026-08-04 00:00:00,https://morganstanley.eightfold.ai/careers/job/549797040458
MORGAN_STANLEY,549799426091,Investment Consultant - Relationship Manager,Sales and Relationship Management,Tuscaloosa,AL,United States,onsite,,2026-08-21 18:40:13.268499,2026-08-04 00:00:00,https://morganstanley.eightfold.ai/careers/job/549799426091
MORGAN_STANLEY,549798060429,Business Service Officer,Risk and Compliance,Red Bank,NJ,United States,onsite,,2026-08-21 18:40:14.316715,2026-08-04 00:00:00,https://morganstanley.eightfold.ai/careers/job/549798060429
MORGAN_STANLEY,549798141949,Vice President – Financial Crimes Risk Intelligence & Assessment Office,Risk and Compliance,Harrison,NY,United States,onsite,,2026-08-21 18:40:15.386017,2026-08-03 00:00:00,https://morganstanley.eightfold.ai/careers/job/549798141949
MORGAN_STANLEY,549798419943,"Global Investment Office, OCIO – Endowments & Foundations Portfolio Manager, Vice President",Operations,New York,NY,United States,onsite,,2026-08-21 18:40:17.265650,2026-08-03 00:00:00,https://morganstanley.eightfold.ai/careers/job/549798419943
MORGAN_STANLEY,549785753055,"Associate, Risk/Policy Management",Risk and Compliance,New York,NY,United States,onsite,,2026-08-21 18:40:18.408334,2026-08-03 00:00:00,https://morganstanley.eightfold.ai/careers/job/549785753055
MORGAN_STANLEY,549799441236,Fund Services - Portfolio Analytics - Associate/Director,Risk and Compliance,New York,NY,United States,onsite,,2026-08-21 18:40:19.318457,2026-08-03 00:00:00,https://morganstanley.eightfold.ai/careers/job/549799441236
MORGAN_STANLEY,549799432334,"Corporate Treasury, Recovery and Resolution Planning Modeling - Vice President",Finance and Accounting,New York,NY,United States,onsite,,2026-08-21 18:40:20.353907,2026-08-03 00:00:00,https://morganstanley.eightfold.ai/careers/job/549799432334
MORGAN_STANLEY,549793876979,"Associate, Private Real Estate Fund Marketing Specialist",Risk and Compliance,New York,NY,United States,onsite,,2026-08-21 18:40:21.476956,2026-08-03 00:00:00,https://morganstanley.eightfold.ai/careers/job/549793876979
MORGAN_STANLEY,549797205761,Mortgage Banker,Risk and Compliance,Dallas,TX,United States,onsite,,2026-08-21 18:40:22.414731,2026-08-03 00:00:00,https://morganstanley.eightfold.ai/careers/job/549797205761
MORGAN_STANLEY,549797366847,Registered Client Relationship Analyst,Risk and Compliance,Garden City,NY,United States,onsite,,2026-08-21 18:40:23.426245,2026-08-03 00:00:00,https://morganstanley.eightfold.ai/careers/job/549797366847
MORGAN_STANLEY,549799343638,"Associate, Capital Planning (CCAR)",Risk and Compliance,New York,NY,United States,onsite,,2026-08-21 18:40:24.448952,2026-08-03 00:00:00,https://morganstanley.eightfold.ai/careers/job/549799343638
MORGAN_STANLEY,549799412215,Registered Client Service Associate,Risk and Compliance,Newport Beach,CA,United States,onsite,,2026-08-21 18:40:25.474628,2026-08-03 00:00:00,https://morganstanley.eightfold.ai/careers/job/549799412215
MORGAN_STANLEY,549786595285,"Associate, Risk / Policy Management",Risk and Compliance,New York,NY,United States,onsite,,2026-08-21 18:40:26.372359,2026-08-03 00:00:00,https://morganstanley.eightfold.ai/careers/job/549786595285
MORGAN_STANLEY,549797103564,"Director, Lead Software Engineer",Software Engineering,Alpharetta,GA,United States,onsite,,2026-08-21 18:40:28.364380,2026-08-03 00:00:00,https://morganstanley.eightfold.ai/careers/job/549797103564
MORGAN_STANLEY,549798358881,Private Wealth Management Client Service Associate,Operations,Paramus,NJ,United States,onsite,,2026-08-21 18:40:29.396241,2026-08-03 00:00:00,https://morganstanley.eightfold.ai/careers/job/549798358881
MORGAN_STANLEY,549796561687,"Executive Director, Banking",Sales and Relationship Management,New York,NY,United States,onsite,,2026-08-21 18:40:30.484259,2026-08-03 00:00:00,https://morganstanley.eightfold.ai/careers/job/549796561687
MORGAN_STANLEY,549796695422,Vice President - Production Support Manager,Cloud and Infrastructure,South Jordan,UT,United States,onsite,,2026-08-21 18:40:31.421262,2026-08-03 00:00:00,https://morganstanley.eightfold.ai/careers/job/549796695422
MORGAN_STANLEY,549796852609,Registered Client Service Associate,Risk and Compliance,Santa Barbara,CA,United States,onsite,,2026-08-21 18:40:32.574548,2026-08-03 00:00:00,https://morganstanley.eightfold.ai/careers/job/549796852609
MORGAN_STANLEY,549796143304,Group Director,Operations,San Mateo,CA,United States,onsite,,2026-08-21 18:40:33.412931,2026-08-03 00:00:00,https://morganstanley.eightfold.ai/careers/job/549796143304
MORGAN_STANLEY,549797238596,On-desk Transaction Manager - Fixed Income Division - Associate or Vice President,Risk and Compliance,New York,NY,United States,onsite,,2026-08-21 18:40:34.571422,2026-08-03 00:00:00,https://morganstanley.eightfold.ai/careers/job/549797238596
MORGAN_STANLEY,549799412996,Investment Analyst - Parametric,Risk and Compliance,Minneapolis,MN,United States,onsite,,2026-08-21 18:40:35.426385,2026-08-03 00:00:00,https://morganstanley.eightfold.ai/careers/job/549799412996
MORGAN_STANLEY,549799420875,Channel Data and AI Implementation Senior Associate,Operations,Boston,MA,United States,onsite,,2026-08-21 18:40:36.439995,2026-08-03 00:00:00,https://morganstanley.eightfold.ai/careers/job/549799420875
MORGAN_STANLEY,549799425815,"Wealth Management Finance, Strategy & Initiatives - Vice President",Cloud and Infrastructure,New York,NY,United States,onsite,,2026-08-21 18:40:37.473728,2026-08-03 00:00:00,https://morganstanley.eightfold.ai/careers/job/549799425815
MORGAN_STANLEY,549799438801,"Associate, SEC Reporting",Risk and Compliance,New York,NY,United States,onsite,,2026-08-21 18:40:39.614480,2026-08-03 00:00:00,https://morganstanley.eightfold.ai/careers/job/549799438801
MORGAN_STANLEY,549799440741,Registered Client Service Associate,Risk and Compliance,Sarasota,FL,United States,onsite,,2026-08-21 18:40:40.510632,2026-08-03 00:00:00,https://morganstanley.eightfold.ai/careers/job/549799440741
MORGAN_STANLEY,549799459504,Branch Administrator,Risk and Compliance,Columbus,OH,United States,onsite,,2026-08-21 18:40:41.552140,2026-08-03 00:00:00,https://morganstanley.eightfold.ai/careers/job/549799459504
MORGAN_STANLEY,549798011234,"Director, Business Analysis",Business Analysis,New York,NY,United States,onsite,,2026-08-21 18:40:42.345181,2026-08-03 00:00:00,https://morganstanley.eightfold.ai/careers/job/549798011234
MORGAN_STANLEY,549798036768,Digital Banking Product Owner - Assistant Vice President,Product Management,Harrison,NY,United States,onsite,,2026-08-21 18:40:43.643375,2026-08-03 00:00:00,https://morganstanley.eightfold.ai/careers/job/549798036768
MORGAN_STANLEY,549798010248,Client Service Associate,Operations,Palm Beach Gardens,FL,United States,onsite,,2026-08-21 18:40:44.620867,2026-07-31 00:00:00,https://morganstanley.eightfold.ai/careers/job/549798010248
MORGAN_STANLEY,549799440733,Investment Banking Executive Assistant - Menlo Park,Other,Menlo Park,CA,United States,onsite,,2026-08-21 18:40:45.537116,2026-07-31 00:00:00,https://morganstanley.eightfold.ai/careers/job/549799440733
MORGAN_STANLEY,549799441719,Operations Analyst - Parametric,Operations,Seattle,WA,United States,onsite,,2026-08-21 18:40:46.595453,2026-07-31 00:00:00,https://morganstanley.eightfold.ai/careers/job/549799441719
MORGAN_STANLEY,549799423968,"Branch Manager, Producing",Risk and Compliance,Billings,MT,United States,onsite,,2026-08-21 18:40:47.603768,2026-07-31 00:00:00,https://morganstanley.eightfold.ai/careers/job/549799423968
MORGAN_STANLEY,549799423374,"Intermediary Channel Marketing, Senior Associate,",Risk and Compliance,New York,NY,United States,onsite,,2026-08-21 18:45:40.965153,2026-07-31 00:00:00,https://morganstanley.eightfold.ai/careers/job/549799423374
MORGAN_STANLEY,549799440591,"Client Segment Risk: MS at Work Risk, Assistant Vice President",Risk and Compliance,Sandy,UT,United States,onsite,,2026-08-21 18:45:42.252463,2026-07-31 00:00:00,https://morganstanley.eightfold.ai/careers/job/549799440591
MORGAN_STANLEY,549799423890,"Branch Manager, Producing",Risk and Compliance,Anchorage,AK,United States,onsite,,2026-08-21 18:45:43.298199,2026-07-31 00:00:00,https://morganstanley.eightfold.ai/careers/job/549799423890
MORGAN_STANLEY,549799407852,MSIM - Municipal Research - Analyst,Risk and Compliance,Boston,MA,United States,onsite,,2026-08-21 18:45:44.297490,2026-07-31 00:00:00,https://morganstanley.eightfold.ai/careers/job/549799407852
MORGAN_STANLEY,549799411293,Risk Management  - Executive Assistant,Risk and Compliance,New York,NY,United States,onsite,,2026-08-21 18:45:45.373356,2026-07-31 00:00:00,https://morganstanley.eightfold.ai/careers/job/549799411293
MORGAN_STANLEY,549799437322,Director (AVP) - Secured Lending Operations,Operations,Baltimore,MD,United States,onsite,,2026-08-21 18:45:47.416480,2026-07-31 00:00:00,https://morganstanley.eightfold.ai/careers/job/549799437322
MORGAN_STANLEY,549797040402,PWM Business Service Officer,Risk and Compliance,New York,NY,United States,onsite,,2026-08-21 18:45:48.494039,2026-07-31 00:00:00,https://morganstanley.eightfold.ai/careers/job/549797040402
MORGAN_STANLEY,549796287662,Lead Solution Manager (Platform Product Manager) - Parametric,Product Management,Seattle,WA,United States,onsite,,2026-08-21 18:45:49.477454,2026-07-31 00:00:00,https://morganstanley.eightfold.ai/careers/job/549796287662
MORGAN_STANLEY,549799393706,"Vice President, Credit Review",Risk and Compliance,New York,NY,United States,onsite,,2026-08-21 18:45:50.423182,2026-07-31 00:00:00,https://morganstanley.eightfold.ai/careers/job/549799393706
MORGAN_STANLEY,549799437568,TTRO Regulatory Reporting- Director,Risk and Compliance,New York,NY,United States,onsite,,2026-08-21 18:45:51.446640,2026-07-31 00:00:00,https://morganstanley.eightfold.ai/careers/job/549799437568
MORGAN_STANLEY,549798932539,MSIM - Senior Client Product Specialist - Mortgage & Securitized Fixed Income - Vice President/Executive Director,Risk and Compliance,New York,NY,United States,onsite,,2026-08-21 18:45:52.555570,2026-07-30 00:00:00,https://morganstanley.eightfold.ai/careers/job/549798932539
MORGAN_STANLEY,549797715388,"VP, Senior Product Manager-Data Products & Platforms",Product Management,New York,NY,United States,onsite,,2026-08-21 18:45:53.327571,2026-07-30 00:00:00,https://morganstanley.eightfold.ai/careers/job/549797715388
MORGAN_STANLEY,549799423151,Calvert Engagement and Proxy Voting – Associate,Risk and Compliance,New York,NY,United States,onsite,,2026-08-21 18:45:54.401260,2026-07-30 00:00:00,https://morganstanley.eightfold.ai/careers/job/549799423151
MORGAN_STANLEY,549799200266,Wealth Management Associate,Sales and Relationship Management,Charlotte,NC,United States,onsite,,2026-08-21 18:45:55.453583,2026-07-30 00:00:00,https://morganstanley.eightfold.ai/careers/job/549799200266
MORGAN_STANLEY,549794423864,Automation & Workflow Product Owner - Assistant Vice President,Product Management,Harrison,NY,United States,onsite,,2026-08-21 18:45:57.538976,2026-07-30 00:00:00,https://morganstanley.eightfold.ai/careers/job/549794423864
MORGAN_STANLEY,549794465373,Strategic Change Manager - Associate,Operations,Harrison,NY,United States,onsite,,2026-08-21 18:45:58.615925,2026-07-30 00:00:00,https://morganstanley.eightfold.ai/careers/job/549794465373
MORGAN_STANLEY,549799346424,Nonqualified Deferred Compensation - Plan Consultant,Risk and Compliance,Alpharetta,GA,United States,onsite,,2026-08-21 18:45:59.678338,2026-07-30 00:00:00,https://morganstanley.eightfold.ai/careers/job/549799346424
MORGAN_STANLEY,549799389795,Registered Clint Service Associate,Risk and Compliance,Charlotte,NC,United States,onsite,,2026-08-21 18:46:00.608402,2026-07-30 00:00:00,https://morganstanley.eightfold.ai/careers/job/549799389795
MORGAN_STANLEY,549799422397,Client Relationship Analyst,Operations,Bloomfield Hills,MI,United States,onsite,,2026-08-21 18:46:01.607495,2026-07-30 00:00:00,https://morganstanley.eightfold.ai/careers/job/549799422397
MORGAN_STANLEY,549799347565,Market Manager,Risk and Compliance,New York,NY,United States,onsite,,2026-08-21 18:46:02.578097,2026-07-30 00:00:00,https://morganstanley.eightfold.ai/careers/job/549799347565
MORGAN_STANLEY,549799352456,Solidity / Go Developer - Director / VP,Software Engineering,New York,NY,United States,onsite,,2026-08-21 18:46:03.518124,2026-07-30 00:00:00,https://morganstanley.eightfold.ai/careers/job/549799352456
MORGAN_STANLEY,549799412960,Associate Regional Originations Manager - Vice President,Risk and Compliance,Dallas,TX,United States,hybrid,,2026-08-21 18:46:04.618992,2026-07-30 00:00:00,https://morganstanley.eightfold.ai/careers/job/549799412960
MORGAN_STANLEY,549799012828,"Triparty Operations Director, Team Specialist",Operations,New York,NY,United States,hybrid,,2026-08-21 18:46:05.615960,2026-07-30 00:00:00,https://morganstanley.eightfold.ai/careers/job/549799012828
MORGAN_STANLEY,549799128788,Senior Mortgage Underwriter - Vice President,Risk and Compliance,Dallas,TX,United States,hybrid,,2026-08-21 18:46:06.562585,2026-07-30 00:00:00,https://morganstanley.eightfold.ai/careers/job/549799128788
MORGAN_STANLEY,549797674738,Vice President - Valuation Risk Controller,Risk and Compliance,New York,NY,United States,onsite,,2026-08-21 18:46:08.632153,2026-07-29 00:00:00,https://morganstanley.eightfold.ai/careers/job/549797674738
MORGAN_STANLEY,549797703731,Vice President - Treasury Control Production,Finance and Accounting,New York,NY,United States,onsite,,2026-08-21 18:46:09.630396,2026-07-29 00:00:00,https://morganstanley.eightfold.ai/careers/job/549797703731
MORGAN_STANLEY,549798658339,Business Development Associate,Sales and Relationship Management,Palo Alto,CA,United States,onsite,,2026-08-21 18:46:10.579805,2026-07-29 00:00:00,https://morganstanley.eightfold.ai/careers/job/549798658339
MORGAN_STANLEY,549793876963,"Associate, Country Risk",Risk and Compliance,New York,NY,United States,onsite,,2026-08-21 18:46:11.582873,2026-07-29 00:00:00,https://morganstanley.eightfold.ai/careers/job/549793876963
MORGAN_STANLEY,549799193834,FSL ABS Lending - Fixed Income Division - Vice President,Legal,New York,NY,United States,onsite,,2026-08-21 18:46:12.599925,2026-07-29 00:00:00,https://morganstanley.eightfold.ai/careers/job/549799193834
MORGAN_STANLEY,549799346524,"Automation Solutions Project Management, VP",Risk and Compliance,Sandy,UT,United States,onsite,,2026-08-21 18:46:13.614642,2026-07-29 00:00:00,https://morganstanley.eightfold.ai/careers/job/549799346524
MORGAN_STANLEY,549799392806,Private Wealth Management Analyst,Sales and Relationship Management,Denver,CO,United States,onsite,,2026-08-21 18:46:14.602307,2026-07-29 00:00:00,https://morganstanley.eightfold.ai/careers/job/549799392806
MORGAN_STANLEY,549799411871,Sales Support Analyst,Sales and Relationship Management,Boston,MA,United States,onsite,,2026-08-21 18:46:15.615732,2026-07-29 00:00:00,https://morganstanley.eightfold.ai/careers/job/549799411871
MORGAN_STANLEY,549797804536,"Executive Director, Risk/ Policy Management",Risk and Compliance,New York,NY,United States,onsite,,2026-08-21 18:46:16.627461,2026-07-29 00:00:00,https://morganstanley.eightfold.ai/careers/job/549797804536
MORGAN_STANLEY,549796978695,Private Wealth Management Institutional Consulting Relationship Manager,Sales and Relationship Management,New York,NY,United States,onsite,,2026-08-21 18:46:17.644404,2026-07-29 00:00:00,https://morganstanley.eightfold.ai/careers/job/549796978695
MORGAN_STANLEY,549799346616,"Automation Solutions Project Management, AVP",Risk and Compliance,Alpharetta,GA,United States,onsite,,2026-08-21 18:46:19.696874,2026-07-29 00:00:00,https://morganstanley.eightfold.ai/careers/job/549799346616
MORGAN_STANLEY,549796510847,"Lead Site Reliability Engineer, Vice President",Cloud and Infrastructure,New York,NY,United States,onsite,,2026-08-21 18:46:20.711433,2026-07-29 00:00:00,https://morganstanley.eightfold.ai/careers/job/549796510847
MORGAN_STANLEY,549795954587,Tax Provision Manager,Finance and Accounting,New York,NY,United States,onsite,,2026-08-21 18:46:21.768486,2026-07-29 00:00:00,https://morganstanley.eightfold.ai/careers/job/549795954587
MORGAN_STANLEY,549798884500,Regulatory Reporting Specialist,Risk and Compliance,New York,NY,United States,onsite,,2026-08-21 18:46:22.715039,2026-07-29 00:00:00,https://morganstanley.eightfold.ai/careers/job/549798884500
MORGAN_STANLEY,549798982297,Executive Director | Global Cyber and Intelligence Partnerships Lead,Cybersecurity,Baltimore,MD,United States,onsite,,2026-08-21 18:46:23.766815,2026-07-29 00:00:00,https://morganstanley.eightfold.ai/careers/job/549798982297
MORGAN_STANLEY,549799159129,Compensation Associate - Investment Banking & Global Capital Markets,Risk and Compliance,New York,NY,United States,hybrid,,2026-08-21 18:46:24.737231,2026-07-29 00:00:00,https://morganstanley.eightfold.ai/careers/job/549799159129
MORGAN_STANLEY,549797641923,State and Local Tax Vice President,Finance and Accounting,New York,NY,United States,onsite,,2026-08-21 18:46:25.799633,2026-07-29 00:00:00,https://morganstanley.eightfold.ai/careers/job/549797641923
MORGAN_STANLEY,549798058182,Consulting Group Analyst,Finance and Accounting,Laguna Niguel,CA,United States,onsite,,2026-08-21 18:46:26.744987,2026-07-28 00:00:00,https://morganstanley.eightfold.ai/careers/job/549798058182
MORGAN_STANLEY,549798864486,Risk Officer,Risk and Compliance,Beverly Hills,CA,United States,onsite,,2026-08-21 18:46:27.737675,2026-07-28 00:00:00,https://morganstanley.eightfold.ai/careers/job/549798864486
MORGAN_STANLEY,549798982639,Senior Security Architecture Specialist,Cloud and Infrastructure,Alpharetta,GA,United States,hybrid,,2026-08-21 18:46:28.825376,2026-07-28 00:00:00,https://morganstanley.eightfold.ai/careers/job/549798982639
MORGAN_STANLEY,549799343939,Branch Administrator,Risk and Compliance,Lisle,IL,United States,onsite,,2026-08-21 18:46:30.853864,2026-07-28 00:00:00,https://morganstanley.eightfold.ai/careers/job/549799343939
MORGAN_STANLEY,549799391268,Client Relationship Analyst,Operations,Columbus,OH,United States,onsite,,2026-08-21 18:46:31.700917,2026-07-28 00:00:00,https://morganstanley.eightfold.ai/careers/job/549799391268
MORGAN_STANLEY,549799164599,Senior Investment Analyst - Parametric,Risk and Compliance,Minneapolis,MN,United States,onsite,,2026-08-21 18:46:32.905446,2026-07-28 00:00:00,https://morganstanley.eightfold.ai/careers/job/549799164599
MORGAN_STANLEY,549799388247,Wealth Management Analyst,Sales and Relationship Management,Ponte Vedra Beach,FL,United States,onsite,,2026-08-21 18:46:33.807844,2026-07-28 00:00:00,https://morganstanley.eightfold.ai/careers/job/549799388247
MORGAN_STANLEY,549798113293,Senior Full Stack Software Engineer - Vice President,Software Engineering,New York,NY,United States,onsite,,2026-08-21 18:46:34.844404,2026-07-28 00:00:00,https://morganstanley.eightfold.ai/careers/job/549798113293
MORGAN_STANLEY,549799355881,Product Owner - Vice President,Product Management,Miami,FL,United States,onsite,,2026-08-21 18:46:35.965447,2026-07-28 00:00:00,https://morganstanley.eightfold.ai/careers/job/549799355881
MORGAN_STANLEY,549797204030,Registered Client Service Associate,Risk and Compliance,Santa Ana,CA,United States,onsite,,2026-08-21 18:46:36.884867,2026-07-28 00:00:00,https://morganstanley.eightfold.ai/careers/job/549797204030
MORGAN_STANLEY,549799346656,FXEM STIRT Strat - Fixed Income - Associate,Risk and Compliance,New York,NY,United States,onsite,,2026-08-21 18:46:37.931526,2026-07-28 00:00:00,https://morganstanley.eightfold.ai/careers/job/549799346656
MORGAN_STANLEY,549799356013,"Digital Trading and Investing Product Management, Vice President",Risk and Compliance,Harrison,NY,United States,onsite,,2026-08-21 18:46:39.033928,2026-07-28 00:00:00,https://morganstanley.eightfold.ai/careers/job/549799356013
MORGAN_STANLEY,549799114890,Performance Attribution Analyst - Parametric,Finance and Accounting,Seattle,WA,United States,onsite,,2026-08-21 18:46:39.963680,2026-07-28 00:00:00,https://morganstanley.eightfold.ai/careers/job/549799114890
MORGAN_STANLEY,549799201727,Registered Client Service Associate,Risk and Compliance,Scottsdale,AZ,United States,onsite,,2026-08-21 18:46:41.993680,2026-07-28 00:00:00,https://morganstanley.eightfold.ai/careers/job/549799201727
MORGAN_STANLEY,549798884812,Digital Lending Platforms Product Manager - Assistant Vice President,Risk and Compliance,New York,NY,United States,onsite,,2026-08-21 18:46:43.001682,2026-07-27 00:00:00,https://morganstanley.eightfold.ai/careers/job/549798884812
MORGAN_STANLEY,549799038203,Associate Investment Engineer - Parametric,Risk and Compliance,Minneapolis,MN,United States,onsite,,2026-08-21 18:46:44.072688,2026-07-27 00:00:00,https://morganstanley.eightfold.ai/careers/job/549799038203
MORGAN_STANLEY,549794465405,"Strategic Change Manager, Assistant Vice President",Operations,Harrison,NY,United States,onsite,,2026-08-21 18:46:45.080986,2026-07-27 00:00:00,https://morganstanley.eightfold.ai/careers/job/549794465405
MORGAN_STANLEY,549799103277,"Digital Email Marketing Operations SFMC, Assistant Vice President",Operations,New York,NY,United States,onsite,,2026-08-21 18:46:46.111997,2026-07-27 00:00:00,https://morganstanley.eightfold.ai/careers/job/549799103277
MORGAN_STANLEY,549799201560,Client Service Associate,Operations,Greenwich,CT,United States,onsite,,2026-08-21 18:46:47.131964,2026-07-27 00:00:00,https://morganstanley.eightfold.ai/careers/job/549799201560
MORGAN_STANLEY,549799224972,Registered Client Service Associate,Risk and Compliance,Palo Alto,CA,United States,onsite,,2026-08-21 18:46:48.048572,2026-07-27 00:00:00,https://morganstanley.eightfold.ai/careers/job/549799224972
MORGAN_STANLEY,549799184873,Registered Client Relationship Analyst,Risk and Compliance,Chicago,IL,United States,onsite,,2026-08-21 18:46:49.024630,2026-07-27 00:00:00,https://morganstanley.eightfold.ai/careers/job/549799184873
MORGAN_STANLEY,549795569965,"Real Estate Investing, Pre-MBA Associate (2027 Program)",Sales and Relationship Management,Los Angeles,CA,United States,onsite,,2026-08-21 18:46:50.089327,2026-07-27 00:00:00,https://morganstanley.eightfold.ai/careers/job/549795569965
MORGAN_STANLEY,549797072323,MSIM- Pricing & Valuation - Operations Associate,Risk and Compliance,Boston,MA,United States,onsite,,2026-08-21 18:46:51.037897,2026-07-27 00:00:00,https://morganstanley.eightfold.ai/careers/job/549797072323
MORGAN_STANLEY,549799341777,Registered Client Service Associate,Risk and Compliance,Sarasota,FL,United States,onsite,,2026-08-21 18:46:53.059118,2026-07-27 00:00:00,https://morganstanley.eightfold.ai/careers/job/549799341777
MORGAN_STANLEY,549798975579,Alternative Investments – Fund Engagement Associate,Operations,Harrison,NY,United States,onsite,,2026-08-21 18:46:54.096625,2026-07-27 00:00:00,https://morganstanley.eightfold.ai/careers/job/549798975579
MORGAN_STANLEY,549799150964,Data Governance and Data Quality - Institutional Securities Data Group - Vice President,Risk and Compliance,New York,NY,United States,onsite,,2026-08-21 18:46:55.119878,2026-07-27 00:00:00,https://morganstanley.eightfold.ai/careers/job/549799150964
MORGAN_STANLEY,549799164612,"Vice President, MSIM Financial Crimes Risk - Sanctions",Risk and Compliance,Harrison,NY,United States,onsite,,2026-08-21 18:46:56.114788,2026-07-27 00:00:00,https://morganstanley.eightfold.ai/careers/job/549799164612
MORGAN_STANLEY,549799201782,"Machine Learning, Assistant Vice President",Data and AI,New York,NY,United States,onsite,,2026-08-21 18:46:57.159336,2026-07-24 00:00:00,https://morganstanley.eightfold.ai/careers/job/549799201782
MORGAN_STANLEY,549799084169,"PWM Risk, Vice President",Risk and Compliance,Harrison,NY,United States,onsite,,2026-08-21 18:46:57.983705,2026-07-24 00:00:00,https://morganstanley.eightfold.ai/careers/job/549799084169
MORGAN_STANLEY,549799103092,Branch Administrator,Risk and Compliance,New York,NY,United States,onsite,,2026-08-21 18:46:59.154136,2026-07-24 00:00:00,https://morganstanley.eightfold.ai/careers/job/549799103092
MORGAN_STANLEY,549797412396,Global Financial Crimes Risk and Controls Assessment Director,Risk and Compliance,Dallas,TX,United States,onsite,,2026-08-21 18:47:00.834941,2026-07-24 00:00:00,https://morganstanley.eightfold.ai/careers/job/549797412396
MORGAN_STANLEY,549797574677,Registered Client Service Associate,Risk and Compliance,Garden City,NY,United States,onsite,,2026-08-21 18:47:01.352804,2026-07-24 00:00:00,https://morganstanley.eightfold.ai/careers/job/549797574677
MORGAN_STANLEY,549799090315,Affordable Housing Finance Product Manager - Executive Director,Risk and Compliance,New York,NY,United States,hybrid,,2026-08-21 18:47:02.288538,2026-07-24 00:00:00,https://morganstanley.eightfold.ai/careers/job/549799090315
MORGAN_STANLEY,549799201735,"Machine Learning, Vice President",Data and AI,New York,NY,United States,onsite,,2026-08-21 18:47:04.332573,2026-07-24 00:00:00,https://morganstanley.eightfold.ai/careers/job/549799201735
MORGAN_STANLEY,549799204108,ISG Management - Operational Risk & Resilience - VP,Risk and Compliance,New York,NY,United States,onsite,,2026-08-21 18:47:05.254917,2026-07-24 00:00:00,https://morganstanley.eightfold.ai/careers/job/549799204108
MORGAN_STANLEY,549799164516,Wealth Management Associate,Sales and Relationship Management,Harrison,NY,United States,onsite,,2026-08-21 18:47:06.373070,2026-07-24 00:00:00,https://morganstanley.eightfold.ai/careers/job/549799164516
MORGAN_STANLEY,549796948214,Service Associate,Risk and Compliance,Boston,MA,United States,onsite,,2026-08-21 18:47:07.291063,2026-07-24 00:00:00,https://morganstanley.eightfold.ai/careers/job/549796948214
MORGAN_STANLEY,549799157590,"Executive Director,  Real Estate - Asset Manager, Industrials",Cloud and Infrastructure,New York,NY,United States,onsite,,2026-08-21 18:47:08.430192,2026-07-24 00:00:00,https://morganstanley.eightfold.ai/careers/job/549799157590
MORGAN_STANLEY,549799115865,Fraud Alerting Associate,Risk and Compliance,South Jordan,UT,United States,onsite,,2026-08-21 18:47:09.348139,2026-07-24 00:00:00,https://morganstanley.eightfold.ai/careers/job/549799115865
MORGAN_STANLEY,549798040068,Registered Client Relationship Analyst,Operations,Chicago,IL,United States,onsite,,2026-08-21 18:47:10.479930,2026-07-23 00:00:00,https://morganstanley.eightfold.ai/careers/job/549798040068
MORGAN_STANLEY,549798932652,Risk Officer,Risk and Compliance,Kirkland,WA,United States,onsite,,2026-08-21 18:47:11.370018,2026-07-23 00:00:00,https://morganstanley.eightfold.ai/careers/job/549798932652
MORGAN_STANLEY,549798941212,"Portfolio Specialist Team, Senior Associate",Risk and Compliance,Boston,MA,United States,onsite,,2026-08-21 18:47:12.428954,2026-07-23 00:00:00,https://morganstanley.eightfold.ai/careers/job/549798941212
MORGAN_STANLEY,549799125173,"Assistant Vice President, Platforms - EquityZen",Risk and Compliance,New York,NY,United States,onsite,,2026-08-21 18:47:13.401966,2026-07-23 00:00:00,https://morganstanley.eightfold.ai/careers/job/549799125173
MORGAN_STANLEY,549799039627,Senior Research Software Engineer - Parametric,Software Engineering,Seattle,WA,United States,onsite,,2026-08-21 18:47:15.393812,2026-07-23 00:00:00,https://morganstanley.eightfold.ai/careers/job/549799039627
MORGAN_STANLEY,549799036665,"Mortgage Pricing & Analytics, Assistant Vice President",Risk and Compliance,New York,NY,United States,onsite,,2026-08-21 18:47:16.418195,2026-07-23 00:00:00,https://morganstanley.eightfold.ai/careers/job/549799036665
MORGAN_STANLEY,549799085640,Director (AVP) - Private Equity Accounting Operations,Risk and Compliance,West Conshohocken,PA,United States,onsite,,2026-08-21 18:47:17.377430,2026-07-23 00:00:00,https://morganstanley.eightfold.ai/careers/job/549799085640
MORGAN_STANLEY,549799131466,Home Loans Quality Assurance Team Manager- Vice President,Risk and Compliance,Dallas,TX,United States,hybrid,,2026-08-21 18:47:18.482344,2026-07-23 00:00:00,https://morganstanley.eightfold.ai/careers/job/549799131466
MORGAN_STANLEY,549799133238,Financial Crimes Risk: Quality Oversight UAT Coordinator,Risk and Compliance,Harrison,NY,United States,onsite,,2026-08-21 18:47:19.490739,2026-07-23 00:00:00,https://morganstanley.eightfold.ai/careers/job/549799133238
MORGAN_STANLEY,549799157599,"WM Global Investment Office, Investing with Impact Platform Growth & Distribution Lead, Vice President",Sales and Relationship Management,New York,NY,United States,onsite,,2026-08-21 18:47:20.274919,2026-07-23 00:00:00,https://morganstanley.eightfold.ai/careers/job/549799157599
MORGAN_STANLEY,549799159877,Private Wealth Management Chief of Staff,Sales and Relationship Management,New York,NY,United States,onsite,,2026-08-21 18:47:21.355283,2026-07-23 00:00:00,https://morganstanley.eightfold.ai/careers/job/549799159877
MORGAN_STANLEY,549799163428,Business Development Associate,Sales and Relationship Management,Deerfield,IL,United States,onsite,,2026-08-21 18:47:22.441256,2026-07-23 00:00:00,https://morganstanley.eightfold.ai/careers/job/549799163428
MORGAN_STANLEY,549799163478,E*TRADE  Risk Officer,Risk and Compliance,Sandy,UT,United States,onsite,,2026-08-21 18:47:23.429986,2026-07-23 00:00:00,https://morganstanley.eightfold.ai/careers/job/549799163478
MORGAN_STANLEY,549797487068,"VP, Operations & Finance Operational Risk Coverage Lead",Risk and Compliance,Dallas,TX,United States,onsite,,2026-08-21 18:47:24.498111,2026-07-23 00:00:00,https://morganstanley.eightfold.ai/careers/job/549797487068
MORGAN_STANLEY,549798412003,Global Head of Governance | Threat Hunt | Executive Director,Cybersecurity,Baltimore,MD,United States,onsite,,2026-08-21 18:47:26.642273,2026-07-22 00:00:00,https://morganstanley.eightfold.ai/careers/job/549798412003
MORGAN_STANLEY,549799017034,Business Process Manager - Parametric,Risk and Compliance,Minneapolis,MN,United States,onsite,,2026-08-21 18:47:27.393420,2026-07-22 00:00:00,https://morganstanley.eightfold.ai/careers/job/549799017034
MORGAN_STANLEY,549794340415,"Strategic Change Leader, Offshore Delivery Strategy and AI Testing – Vice President",Data and AI,Harrison,NY,United States,onsite,,2026-08-21 18:47:28.504866,2026-07-22 00:00:00,https://morganstanley.eightfold.ai/careers/job/549794340415
MORGAN_STANLEY,549799128777,Prime Brokerage Strat - Institutional Equity - Associate,Risk and Compliance,New York,NY,United States,onsite,,2026-08-21 18:47:29.513635,2026-07-22 00:00:00,https://morganstanley.eightfold.ai/careers/job/549799128777
MORGAN_STANLEY,549796993332,Business Service Officer,Risk and Compliance,Washington,DC,United States,onsite,,2026-08-21 18:47:30.539091,2026-07-22 00:00:00,https://morganstanley.eightfold.ai/careers/job/549796993332
MORGAN_STANLEY,549798595971,Wealth Management Associate,Sales and Relationship Management,Santa Monica,CA,United States,onsite,,2026-08-21 18:47:31.578108,2026-07-22 00:00:00,https://morganstanley.eightfold.ai/careers/job/549798595971
MORGAN_STANLEY,549798738858,Principal Program Manager - Parametric,Project and Program Management,Seattle,WA,United States,onsite,,2026-08-21 18:47:32.507028,2026-07-22 00:00:00,https://morganstanley.eightfold.ai/careers/job/549798738858
MORGAN_STANLEY,549799027981,Payroll Tech Lead,Risk and Compliance,Alpharetta,GA,United States,onsite,,2026-08-21 18:47:33.524744,2026-07-22 00:00:00,https://morganstanley.eightfold.ai/careers/job/549799027981
MORGAN_STANLEY,549799038995,Operations Senior Associate (Data Operations) - Parametric,Risk and Compliance,Seattle,WA,United States,onsite,,2026-08-21 18:47:34.529352,2026-07-22 00:00:00,https://morganstanley.eightfold.ai/careers/job/549799038995
MORGAN_STANLEY,549799085070,Direct and Workplace Banking Strategy - Vice President,Risk and Compliance,New York,NY,United States,hybrid,,2026-08-21 18:47:35.539249,2026-07-22 00:00:00,https://morganstanley.eightfold.ai/careers/job/549799085070
MORGAN_STANLEY,549799112880,WM Syndicate Associate,Risk and Compliance,New York,NY,United States,onsite,,2026-08-21 18:47:37.432106,2026-07-22 00:00:00,https://morganstanley.eightfold.ai/careers/job/549799112880
MORGAN_STANLEY,549797843389,"Team Manager, Executive Relationship Management",Risk and Compliance,Gilbert,AZ,United States,onsite,,2026-08-21 18:47:38.562884,2026-07-21 00:00:00,https://morganstanley.eightfold.ai/careers/job/549797843389
MORGAN_STANLEY,549798289707,Client Relationship Analyst,Operations,Middleton,MA,United States,onsite,,2026-08-21 18:47:39.577041,2026-07-21 00:00:00,https://morganstanley.eightfold.ai/careers/job/549798289707
MORGAN_STANLEY,549798884842,"Digital Assets Portfolio Enablement and Governance, Vice President",Risk and Compliance,Harrison,NY,United States,onsite,,2026-08-21 18:47:40.622749,2026-07-21 00:00:00,https://morganstanley.eightfold.ai/careers/job/549798884842
MORGAN_STANLEY,549799014444,"Senior Research Analyst, AVP",Cloud and Infrastructure,Greenwood Village,CO,United States,onsite,,2026-08-21 18:47:41.585487,2026-07-21 00:00:00,https://morganstanley.eightfold.ai/careers/job/549799014444
MORGAN_STANLEY,549799035908,Digital Banking Product Manager - Vice President,Product Management,Harrison,NY,United States,onsite,,2026-08-21 18:47:42.575703,2026-07-21 00:00:00,https://morganstanley.eightfold.ai/careers/job/549799035908
MORGAN_STANLEY,549799038683,Global Capital Markets - Infrastructure Capital Markets Associate - New York,Cloud and Infrastructure,New York,NY,United States,onsite,,2026-08-21 18:47:43.605619,2026-07-21 00:00:00,https://morganstanley.eightfold.ai/careers/job/549799038683
MORGAN_STANLEY,549799039162,"Associate, Institutional Business Development - Parametric",Sales and Relationship Management,Boston,MA,United States,onsite,,2026-08-21 18:47:44.683671,2026-07-21 00:00:00,https://morganstanley.eightfold.ai/careers/job/549799039162
MORGAN_STANLEY,549799105252,Private Wealth Management Client Service Associate,Risk and Compliance,Menlo Park,CA,United States,onsite,,2026-08-21 18:47:45.732306,2026-07-21 00:00:00,https://morganstanley.eightfold.ai/careers/job/549799105252
MORGAN_STANLEY,549799111573,Registered Client Service Associate,Risk and Compliance,Walnut Creek,CA,United States,onsite,,2026-08-21 18:47:46.486290,2026-07-21 00:00:00,https://morganstanley.eightfold.ai/careers/job/549799111573
MORGAN_STANLEY,549797639386,Chief of Staff,Operations,New York,NY,United States,onsite,,2026-08-21 18:47:48.571240,2026-07-21 00:00:00,https://morganstanley.eightfold.ai/careers/job/549797639386
MORGAN_STANLEY,549797251992,Registered Client Service Associate,Risk and Compliance,Laguna Niguel,CA,United States,onsite,,2026-08-21 18:47:49.605826,2026-07-21 00:00:00,https://morganstanley.eightfold.ai/careers/job/549797251992
MORGAN_STANLEY,549799089743,Client Relationship Analyst,Operations,Chicago,IL,United States,onsite,,2026-08-21 18:47:50.592716,2026-07-21 00:00:00,https://morganstanley.eightfold.ai/careers/job/549799089743
MORGAN_STANLEY,549796072713,Business Service Officer,Risk and Compliance,Houston,TX,United States,onsite,,2026-08-21 18:47:51.582630,2026-07-21 00:00:00,https://morganstanley.eightfold.ai/careers/job/549796072713
MORGAN_STANLEY,549798950565,Senior Network Engineer - Critical Infrastructure & Patch Deployment - Director,Cloud and Infrastructure,New York,NY,United States,onsite,,2026-08-21 18:47:52.565615,2026-07-21 00:00:00,https://morganstanley.eightfold.ai/careers/job/549798950565
MORGAN_STANLEY,549798865609,Internal Audit Director – Institution Securities Group (Financial Resources and Strategy),Audit,New York,NY,United States,onsite,,2026-08-21 18:47:53.619845,2026-07-21 00:00:00,https://morganstanley.eightfold.ai/careers/job/549798865609
MORGAN_STANLEY,549799036881,Latam and US Offshore Sales Associate,Sales and Relationship Management,New York,NY,United States,onsite,,2026-08-21 18:47:54.648923,2026-07-21 00:00:00,https://morganstanley.eightfold.ai/careers/job/549799036881
MORGAN_STANLEY,549799090035,"Client Segment Risk Conduct, Controls & Governance - Control Design - Vice President",Risk and Compliance,Harrison,NY,United States,onsite,,2026-08-21 18:47:55.656878,2026-07-21 00:00:00,https://morganstanley.eightfold.ai/careers/job/549799090035
MORGAN_STANLEY,549799090048,"Client Segment Risk Conduct, Controls & Governance Technology Enablement - Vice President",Risk and Compliance,Harrison,NY,United States,onsite,,2026-08-21 18:47:56.687689,2026-07-21 00:00:00,https://morganstanley.eightfold.ai/careers/job/549799090048
MORGAN_STANLEY,549799108151,Application and Infrastructure Security Specialist - Assistant Vice President,Cloud and Infrastructure,Harrison,NY,United States,onsite,,2026-08-21 18:47:57.689503,2026-07-21 00:00:00,https://morganstanley.eightfold.ai/careers/job/549799108151
MORGAN_STANLEY,549797203556,Private Wealth Management Registered Client Service Associate,Risk and Compliance,Los Angeles,CA,United States,onsite,,2026-08-21 18:47:59.716026,2026-07-21 00:00:00,https://morganstanley.eightfold.ai/careers/job/549797203556
MORGAN_STANLEY,549798979306,Principal Authentication Engineer (IAM) — Vice President,Risk and Compliance,New York,NY,United States,onsite,,2026-08-21 18:48:00.611968,2026-07-21 00:00:00,https://morganstanley.eightfold.ai/careers/job/549798979306
MORGAN_STANLEY,549798938547,Registered Client Service Associate,Risk and Compliance,Boca Raton,FL,United States,onsite,,2026-08-21 18:48:01.775581,2026-07-20 00:00:00,https://morganstanley.eightfold.ai/careers/job/549798938547
MORGAN_STANLEY,549797069902,Associate - Prime Brokerage Operations,Operations,South Jordan,UT,United States,onsite,,2026-08-21 18:48:02.822100,2026-07-20 00:00:00,https://morganstanley.eightfold.ai/careers/job/549797069902
MORGAN_STANLEY,549799008019,"OCIO Business Development – Endowments & Foundations, Vice President",Sales and Relationship Management,New York,NY,United States,onsite,,2026-08-21 18:48:03.795369,2026-07-20 00:00:00,https://morganstanley.eightfold.ai/careers/job/549799008019
MORGAN_STANLEY,549799012081,Counterparty Reporting Credit Associate,Risk and Compliance,New York,NY,United States,onsite,,2026-08-21 18:48:04.798669,2026-07-20 00:00:00,https://morganstanley.eightfold.ai/careers/job/549799012081
MORGAN_STANLEY,549799014447,"International Wealth Management (IWM) Strategy, Vice President",Operations,New York,NY,United States,hybrid,,2026-08-21 18:48:05.811243,2026-07-20 00:00:00,https://morganstanley.eightfold.ai/careers/job/549799014447
MORGAN_STANLEY,549799038289,Product Support Manager- Corporate Deposits - Vice President,Operations,New York,NY,United States,hybrid,,2026-08-21 18:48:06.790215,2026-07-20 00:00:00,https://morganstanley.eightfold.ai/careers/job/549799038289
MORGAN_STANLEY,549796952789,Cyber Threat Intelligence - Technical Analysis and Investigations Lead – VP,Cybersecurity,Baltimore,MD,United States,onsite,,2026-08-21 18:48:07.803534,2026-07-20 00:00:00,https://morganstanley.eightfold.ai/careers/job/549796952789
MORGAN_STANLEY,549797194998,FP&A Budgeting & Forecasting - Associate/AVP,Finance and Accounting,New York,NY,United States,onsite,,2026-08-21 18:48:08.832920,2026-07-20 00:00:00,https://morganstanley.eightfold.ai/careers/job/549797194998
MORGAN_STANLEY,549799085986,Registered Client Relationship Analyst,Risk and Compliance,Pittsburgh,PA,United States,onsite,,2026-08-21 18:48:10.894987,2026-07-20 00:00:00,https://morganstanley.eightfold.ai/careers/job/549799085986
MORGAN_STANLEY,549798973955,"Portfolio & Trading Solutions – Portfolio Management, Vice President",Risk and Compliance,New York,NY,United States,onsite,,2026-08-21 18:48:11.866748,2026-07-20 00:00:00,https://morganstanley.eightfold.ai/careers/job/549798973955
MORGAN_STANLEY,549798984123,Senior Platform Engineer - Parametric,Cloud and Infrastructure,Seattle,WA,United States,onsite,,2026-08-21 18:48:12.910646,2026-07-20 00:00:00,https://morganstanley.eightfold.ai/careers/job/549798984123
MORGAN_STANLEY,549799088423,Portfolio Management Associate,Sales and Relationship Management,Red Bank,NJ,United States,onsite,,2026-08-21 18:48:13.996124,2026-07-20 00:00:00,https://morganstanley.eightfold.ai/careers/job/549799088423
MORGAN_STANLEY,549799013627,Administrative Assistant,Risk and Compliance,Boston,MA,United States,onsite,,2026-08-21 18:48:14.867688,2026-07-17 00:00:00,https://morganstanley.eightfold.ai/careers/job/549799013627
MORGAN_STANLEY,549799013640,Registered Client Service Associate,Risk and Compliance,West Palm Beach,FL,United States,onsite,,2026-08-21 18:48:15.931730,2026-07-17 00:00:00,https://morganstanley.eightfold.ai/careers/job/549799013640
MORGAN_STANLEY,549799033391,Registered Client Service Associate,Risk and Compliance,Santa Barbara,CA,United States,onsite,,2026-08-21 18:48:19.881405,2026-07-17 00:00:00,https://morganstanley.eightfold.ai/careers/job/549799033391
MORGAN_STANLEY,549799038736,Registered Client Relationship Analyst,Risk and Compliance,Pittsburgh,PA,United States,onsite,,2026-08-21 18:48:20.314819,2026-07-17 00:00:00,https://morganstanley.eightfold.ai/careers/job/549799038736
MORGAN_STANLEY,549796953408,Institutional Client Billing - Morgan Stanley Investment Management - Vice President,Risk and Compliance,Boston,MA,United States,onsite,,2026-08-21 18:48:21.329342,2026-07-17 00:00:00,https://morganstanley.eightfold.ai/careers/job/549796953408
MORGAN_STANLEY,549799003453,Vice President - Wealth Management Field Recruiting Business Partner,Human Resources,Harrison,NY,United States,hybrid,,2026-08-21 18:48:22.285476,2026-07-17 00:00:00,https://morganstanley.eightfold.ai/careers/job/549799003453
MORGAN_STANLEY,549797336215,Public and Media Relations Vice President,Sales and Relationship Management,New York,NY,United States,onsite,,2026-08-21 18:48:24.408865,2026-07-17 00:00:00,https://morganstanley.eightfold.ai/careers/job/549797336215
MORGAN_STANLEY,549799017147,Fixed Income Product Controller,Finance and Accounting,Baltimore,MD,United States,onsite,,2026-08-21 18:48:25.283645,2026-07-17 00:00:00,https://morganstanley.eightfold.ai/careers/job/549799017147
MORGAN_STANLEY,549796646940,Client Service Associate,Operations,Harrison,NY,United States,onsite,,2026-08-21 18:48:26.345655,2026-07-17 00:00:00,https://morganstanley.eightfold.ai/careers/job/549796646940
MORGAN_STANLEY,549795904047,"Associate, Research",Risk and Compliance,New York,NY,United States,onsite,,2026-08-21 18:48:27.202078,2026-07-17 00:00:00,https://morganstanley.eightfold.ai/careers/job/549795904047
MORGAN_STANLEY,549798938432,Sr. UHNW Sales Specialist - Executive Director,Sales and Relationship Management,San Francisco,CA,United States,onsite,,2026-08-21 18:48:28.360773,2026-07-17 00:00:00,https://morganstanley.eightfold.ai/careers/job/549798938432
MORGAN_STANLEY,549799017346,Associate Private Banker,Sales and Relationship Management,Morristown,NJ,United States,onsite,,2026-08-21 18:48:29.343268,2026-07-17 00:00:00,https://morganstanley.eightfold.ai/careers/job/549799017346
MORGAN_STANLEY,549797673854,Institutional Securities Group (ISG) FP&A Associate - CCAR & Stress Testing,Finance and Accounting,Baltimore,MD,United States,onsite,,2026-08-21 18:48:30.363088,2026-07-17 00:00:00,https://morganstanley.eightfold.ai/careers/job/549797673854
MORGAN_STANLEY,549798559787,Principal AI Engineer - Vice President,Software Engineering,New York,NY,United States,onsite,,2026-08-21 18:48:31.386847,2026-07-16 00:00:00,https://morganstanley.eightfold.ai/careers/job/549798559787
MORGAN_STANLEY,549799005197,Registered Service Associate,Risk and Compliance,Atlanta,GA,United States,onsite,,2026-08-21 18:48:32.403405,2026-07-16 00:00:00,https://morganstanley.eightfold.ai/careers/job/549799005197
MORGAN_STANLEY,549799008321,Fraud Rules Data Science and Testing Specialist - Vice President,Cybersecurity,Harrison,NY,United States,onsite,,2026-08-21 18:48:33.491782,2026-07-16 00:00:00,https://morganstanley.eightfold.ai/careers/job/549799008321
MORGAN_STANLEY,549799013626,Client Relationship Analyst,Operations,Columbus,OH,United States,onsite,,2026-08-21 18:48:35.289388,2026-07-16 00:00:00,https://morganstanley.eightfold.ai/careers/job/549799013626
MORGAN_STANLEY,549799017077,Wealth Management Associate,Sales and Relationship Management,Middleton,MA,United States,onsite,,2026-08-21 18:48:36.504371,2026-07-16 00:00:00,https://morganstanley.eightfold.ai/careers/job/549799017077
MORGAN_STANLEY,549798632556,Vice President - Secured Lending Operations,Operations,Baltimore,MD,United States,onsite,,2026-08-21 18:48:37.470247,2026-07-16 00:00:00,https://morganstanley.eightfold.ai/careers/job/549798632556
MORGAN_STANLEY,549798674193,Wealth Management Associate,Sales and Relationship Management,New York,NY,United States,onsite,,2026-08-21 18:48:38.448469,2026-07-16 00:00:00,https://morganstanley.eightfold.ai/careers/job/549798674193
MORGAN_STANLEY,549794432326,Group Director,Operations,Garden City,NY,United States,onsite,,2026-08-21 18:48:39.452702,2026-07-16 00:00:00,https://morganstanley.eightfold.ai/careers/job/549794432326
MORGAN_STANLEY,549798040301,Private Wealth Management Associate - CPA,Sales and Relationship Management,Coral Gables,FL,United States,onsite,,2026-08-21 18:48:40.482874,2026-07-16 00:00:00,https://morganstanley.eightfold.ai/careers/job/549798040301
MORGAN_STANLEY,549799014396,Equity Research Associate - Medical Technology,Risk and Compliance,New York,NY,United States,onsite,,2026-08-21 18:48:41.777041,2026-07-16 00:00:00,https://morganstanley.eightfold.ai/careers/job/549799014396
MORGAN_STANLEY,549798954079,Senior Software Engineer - Parametric,Software Engineering,Minneapolis,MN,United States,onsite,,2026-08-21 18:48:42.535520,2026-07-16 00:00:00,https://morganstanley.eightfold.ai/careers/job/549798954079
MORGAN_STANLEY,549798642597,Database Engineer,Software Engineering,New York,NY,United States,onsite,,2026-08-21 18:48:43.298262,2026-07-16 00:00:00,https://morganstanley.eightfold.ai/careers/job/549798642597
MORGAN_STANLEY,549798886557,Operations Associate - Parametric,Operations,Boston,MA,United States,onsite,,2026-08-21 18:48:44.335050,2026-07-16 00:00:00,https://morganstanley.eightfold.ai/careers/job/549798886557
MORGAN_STANLEY,549798951798,Registered Client Service Associate,Risk and Compliance,Pasadena,CA,United States,onsite,,2026-08-21 18:48:46.333101,2026-07-16 00:00:00,https://morganstanley.eightfold.ai/careers/job/549798951798
MORGAN_STANLEY,549798877260,Director (AVP) - KYC Services Operations,Risk and Compliance,New York,NY,United States,onsite,,2026-08-21 18:48:47.668669,2026-07-15 00:00:00,https://morganstanley.eightfold.ai/careers/job/549798877260
MORGAN_STANLEY,549798884858,"Product Owner - Capital Markets, Syndicate/Structured Products, Vice President Wealth Management Platforms",Product Management,Harrison,NY,United States,onsite,,2026-08-21 18:48:48.485432,2026-07-15 00:00:00,https://morganstanley.eightfold.ai/careers/job/549798884858
MORGAN_STANLEY,549798973871,Registered Client Service Associate,Risk and Compliance,Phoenix,AZ,United States,onsite,,2026-08-21 18:48:49.348545,2026-07-15 00:00:00,https://morganstanley.eightfold.ai/careers/job/549798973871
MORGAN_STANLEY,549798885998,Client Relationship Analyst,Operations,Columbus,OH,United States,onsite,,2026-08-21 18:48:50.464793,2026-07-15 00:00:00,https://morganstanley.eightfold.ai/careers/job/549798885998
MORGAN_STANLEY,549798930005,Registered Client Service Associate - Bilingual Spanish/English,Risk and Compliance,Aventura,FL,United States,onsite,,2026-08-21 18:48:51.501095,2026-07-15 00:00:00,https://morganstanley.eightfold.ai/careers/job/549798930005
MORGAN_STANLEY,549798617247,"Internal Audit Director - First Line of Defense, Non-Financial Risk Audit Team",Audit,New York,NY,United States,hybrid,,2026-08-21 18:48:52.472489,2026-07-15 00:00:00,https://morganstanley.eightfold.ai/careers/job/549798617247
MORGAN_STANLEY,549798957325,FX Options Strat - Fixed Income - Vice President,Audit,New York,NY,United States,onsite,,2026-08-21 18:48:53.486079,2026-07-15 00:00:00,https://morganstanley.eightfold.ai/careers/job/549798957325
MORGAN_STANLEY,549798981758,Client Service Associate,Operations,Wellesley,MA,United States,onsite,,2026-08-21 18:48:54.483021,2026-07-15 00:00:00,https://morganstanley.eightfold.ai/careers/job/549798981758
MORGAN_STANLEY,549798668941,Client Service Associate,Operations,Roanoke,VA,United States,onsite,,2026-08-21 18:48:55.505457,2026-07-15 00:00:00,https://morganstanley.eightfold.ai/careers/job/549798668941
MORGAN_STANLEY,549798951623,International Registered CSA,Risk and Compliance,New York,NY,United States,onsite,,2026-08-21 18:48:57.576265,2026-07-15 00:00:00,https://morganstanley.eightfold.ai/careers/job/549798951623
MORGAN_STANLEY,549798078489,Registered Client Service Associate,Risk and Compliance,Los Angeles,CA,United States,onsite,,2026-08-21 18:48:58.522885,2026-07-15 00:00:00,https://morganstanley.eightfold.ai/careers/job/549798078489
MORGAN_STANLEY,549797846565,Wealth Management Associate,Risk and Compliance,Chicago,IL,United States,onsite,,2026-08-21 18:48:59.604199,2026-07-14 00:00:00,https://morganstanley.eightfold.ai/careers/job/549797846565
MORGAN_STANLEY,549798559285,Full Stack Java/Scala/DB2 Engineer - Vice President,Software Engineering,New York,NY,United States,onsite,,2026-08-21 18:49:00.548512,2026-07-14 00:00:00,https://morganstanley.eightfold.ai/careers/job/549798559285
MORGAN_STANLEY,549798950525,Client Relationship Analyst,Operations,Leawood,KS,United States,onsite,,2026-08-21 18:49:01.464346,2026-07-14 00:00:00,https://morganstanley.eightfold.ai/careers/job/549798950525
MORGAN_STANLEY,549798956118,Wealth Management Analyst,Sales and Relationship Management,New York,NY,United States,onsite,,2026-08-21 18:49:02.801206,2026-07-14 00:00:00,https://morganstanley.eightfold.ai/careers/job/549798956118
MORGAN_STANLEY,549798955081,Registered Client Service Associate,Risk and Compliance,Tucson,AZ,United States,onsite,,2026-08-21 18:49:03.643594,2026-07-14 00:00:00,https://morganstanley.eightfold.ai/careers/job/549798955081
MORGAN_STANLEY,549798955423,Wealth Management Associate,Sales and Relationship Management,Colchester,VT,United States,onsite,,2026-08-21 18:49:04.631125,2026-07-14 00:00:00,https://morganstanley.eightfold.ai/careers/job/549798955423
MORGAN_STANLEY,549796263601,Private Wealth Management Wealth Management Associate - Bilingual: Spanish/English,Sales and Relationship Management,Miami,FL,United States,onsite,,2026-08-21 18:49:05.652729,2026-07-14 00:00:00,https://morganstanley.eightfold.ai/careers/job/549796263601
MORGAN_STANLEY,549797627029,Business Development Associate,Sales and Relationship Management,Colorado Springs,CO,United States,onsite,,2026-08-21 18:49:06.685939,2026-07-14 00:00:00,https://morganstanley.eightfold.ai/careers/job/549797627029
MORGAN_STANLEY,549797846603,PWM Business Service Officer,Risk and Compliance,Menlo Park,CA,United States,onsite,,2026-08-21 18:49:08.548994,2026-07-14 00:00:00,https://morganstanley.eightfold.ai/careers/job/549797846603
MORGAN_STANLEY,549797922851,Registered Client Relationship Analyst,Risk and Compliance,Toms River,NJ,United States,onsite,,2026-08-21 18:49:09.662439,2026-07-14 00:00:00,https://morganstanley.eightfold.ai/careers/job/549797922851
MORGAN_STANLEY,549798952719,Service Associate,Risk and Compliance,Louisville,KY,United States,onsite,,2026-08-21 18:49:10.686928,2026-07-14 00:00:00,https://morganstanley.eightfold.ai/careers/job/549798952719
MORGAN_STANLEY,549798864581,Market Executive,Risk and Compliance,Rochester,NY,United States,onsite,,2026-08-21 18:49:11.657084,2026-07-14 00:00:00,https://morganstanley.eightfold.ai/careers/job/549798864581
MORGAN_STANLEY,549797624990,Investment Banking Industrials Associate / Vice President – New York,Other,New York,NY,United States,onsite,,2026-08-21 18:49:12.644938,2026-07-14 00:00:00,https://morganstanley.eightfold.ai/careers/job/549797624990
MORGAN_STANLEY,549797819366,Strategic Client Management - Senior Coverage Officer (Vice President/ Associate),Sales and Relationship Management,New York,NY,United States,onsite,,2026-08-21 18:49:13.634350,2026-07-14 00:00:00,https://morganstanley.eightfold.ai/careers/job/549797819366
MORGAN_STANLEY,549798493256,Regulatory Reporting Operations- Associate,Risk and Compliance,New York,NY,United States,onsite,,2026-08-21 18:49:14.687388,2026-07-13 00:00:00,https://morganstanley.eightfold.ai/careers/job/549798493256
MORGAN_STANLEY,549797904732,UHNW Senior Mortgage Consultant,Risk and Compliance,Dallas,TX,United States,onsite,,2026-08-21 18:49:15.703818,2026-07-13 00:00:00,https://morganstanley.eightfold.ai/careers/job/549797904732
MORGAN_STANLEY,549798886271,Product Management – Digital Client Experience - Assistant Vice President,Risk and Compliance,Harrison,NY,United States,onsite,,2026-08-21 18:49:16.730738,2026-07-13 00:00:00,https://morganstanley.eightfold.ai/careers/job/549798886271
MORGAN_STANLEY,549798931549,Registered Client Service Associate,Risk and Compliance,Newtown Square,PA,United States,onsite,,2026-08-21 18:49:17.677110,2026-07-13 00:00:00,https://morganstanley.eightfold.ai/careers/job/549798931549
MORGAN_STANLEY,549798941717,"Equity Research – Analyst/Associate, Software (New York)",Risk and Compliance,New York,NY,United States,onsite,,2026-08-21 18:49:19.713331,2026-08-21 00:00:00,https://morganstanley.eightfold.ai/careers/job/549798941717
MORGAN_STANLEY,549798932686,MSIM- Product Specialist- Mortgage & Securitized Associate,Risk and Compliance,New York,NY,United States,onsite,,2026-08-21 18:49:20.623946,2026-07-13 00:00:00,https://morganstanley.eightfold.ai/careers/job/549798932686
MORGAN_STANLEY,549798940854,Associate Service Manager,Risk and Compliance,Cincinnati,OH,United States,onsite,,2026-08-21 18:49:21.721104,2026-07-13 00:00:00,https://morganstanley.eightfold.ai/careers/job/549798940854
MORGAN_STANLEY,549797806164,Equities Trade Support- Director,Risk and Compliance,Boston,MA,United States,onsite,,2026-08-21 18:49:22.722743,2026-07-13 00:00:00,https://morganstanley.eightfold.ai/careers/job/549797806164
MORGAN_STANLEY,549798623800,Registered Client Service Associate,Risk and Compliance,Atlanta,GA,United States,onsite,,2026-08-21 18:49:23.726978,2026-07-13 00:00:00,https://morganstanley.eightfold.ai/careers/job/549798623800
MORGAN_STANLEY,549798623802,Client Relationship Analyst,Risk and Compliance,Atlanta,GA,United States,onsite,,2026-08-21 18:49:24.725328,2026-07-13 00:00:00,https://morganstanley.eightfold.ai/careers/job/549798623802
MORGAN_STANLEY,549798932730,Registered Service Associate,Risk and Compliance,Chicago,IL,United States,onsite,,2026-08-21 18:49:25.700658,2026-07-13 00:00:00,https://morganstanley.eightfold.ai/careers/job/549798932730
MORGAN_STANLEY,549798329027,Private Wealth Management Client Service Associate,Operations,New York,NY,United States,onsite,,2026-08-21 18:49:26.771806,2026-07-13 00:00:00,https://morganstanley.eightfold.ai/careers/job/549798329027
MORGAN_STANLEY,549798938436,Cash Management Specialist- Vice President,Sales and Relationship Management,Dallas,TX,United States,onsite,,2026-08-21 18:49:27.736258,2026-07-13 00:00:00,https://morganstanley.eightfold.ai/careers/job/549798938436
MORGAN_STANLEY,549796262282,"Strategy and Operations Specialist, Wealth Management Chief Data Office - Vice President",Operations,New York,NY,United States,onsite,,2026-08-21 18:49:28.739916,2026-07-13 00:00:00,https://morganstanley.eightfold.ai/careers/job/549796262282
MORGAN_STANLEY,549798879229,Private Wealth Management Registered Client Service Associate,Risk and Compliance,Washington,DC,United States,onsite,,2026-08-21 18:49:30.767335,2026-07-13 00:00:00,https://morganstanley.eightfold.ai/careers/job/549798879229
MORGAN_STANLEY,549798931483,Registered Client Service Associate,Risk and Compliance,Newtown Square,PA,United States,onsite,,2026-08-21 18:49:31.893568,2026-07-13 00:00:00,https://morganstanley.eightfold.ai/careers/job/549798931483
MORGAN_STANLEY,549798930630,ABS Structuring - Securitized Products Group - Fixed Income Division - Vice President / Executive Director,Legal,New York,NY,United States,onsite,,2026-08-21 18:49:32.808213,2026-07-13 00:00:00,https://morganstanley.eightfold.ai/careers/job/549798930630
MORGAN_STANLEY,549798885760,Client Service Associate,Operations,Huntsville,AL,United States,onsite,,2026-08-21 18:49:33.720544,2026-07-10 00:00:00,https://morganstanley.eightfold.ai/careers/job/549798885760
MORGAN_STANLEY,549798803879,Private Wealth Management Client Service Associate,Risk and Compliance,San Francisco,CA,United States,onsite,,2026-08-21 18:49:34.735784,2026-07-10 00:00:00,https://morganstanley.eightfold.ai/careers/job/549798803879
MORGAN_STANLEY,549798885231,Associate Market Manager,Risk and Compliance,Newport Beach,CA,United States,onsite,,2026-08-21 18:49:35.751890,2026-07-10 00:00:00,https://morganstanley.eightfold.ai/careers/job/549798885231
MORGAN_STANLEY,549796607947,"Director, Lead Software Engineer",Software Engineering,Alpharetta,GA,United States,onsite,,2026-08-21 18:49:36.732557,2026-07-10 00:00:00,https://morganstanley.eightfold.ai/careers/job/549796607947
MORGAN_STANLEY,549798648112,"Vice President, HR Process Optimization Lead",Risk and Compliance,New York,NY,United States,hybrid,,2026-08-21 18:49:37.753968,2026-07-10 00:00:00,https://morganstanley.eightfold.ai/careers/job/549798648112
MORGAN_STANLEY,549798869184,Registered Client Service Associate - Part Time,Risk and Compliance,Santa Monica,CA,United States,onsite,,2026-08-21 18:49:38.751454,2026-07-10 00:00:00,https://morganstanley.eightfold.ai/careers/job/549798869184
MORGAN_STANLEY,549798885523,Service Manager,Risk and Compliance,Clayton,MO,United States,onsite,,2026-08-21 18:49:39.765160,2026-07-10 00:00:00,https://morganstanley.eightfold.ai/careers/job/549798885523
MORGAN_STANLEY,549798885975,Senior Registered Client Service Associate,Risk and Compliance,Cincinnati,OH,United States,onsite,,2026-08-21 18:49:41.767593,2026-07-10 00:00:00,https://morganstanley.eightfold.ai/careers/job/549798885975
MORGAN_STANLEY,549798810865,First Line Credit Risk Analyst - Assistant Vice President,Risk and Compliance,Harrison,NY,United States,hybrid,,2026-08-21 18:49:42.880675,2026-07-10 00:00:00,https://morganstanley.eightfold.ai/careers/job/549798810865
MORGAN_STANLEY,549798139988,Registered Service Associate,Risk and Compliance,Morristown,NJ,United States,onsite,,2026-08-21 18:49:43.737690,2026-07-10 00:00:00,https://morganstanley.eightfold.ai/careers/job/549798139988
MORGAN_STANLEY,549798868488,Client Relationship Analyst,Operations,Columbus,OH,United States,onsite,,2026-08-21 18:49:44.818329,2026-07-09 00:00:00,https://morganstanley.eightfold.ai/careers/job/549798868488
MORGAN_STANLEY,549798861097,"MSIM - Portfolio Specialist, Fixed Income - Senior Associate",Sales and Relationship Management,New York,NY,United States,onsite,,2026-08-21 18:49:45.856806,2026-07-09 00:00:00,https://morganstanley.eightfold.ai/careers/job/549798861097
MORGAN_STANLEY,549798263500,Alternative Investments Product Development Associate,Operations,New York,NY,United States,onsite,,2026-08-21 18:49:46.810117,2026-07-09 00:00:00,https://morganstanley.eightfold.ai/careers/job/549798263500
MORGAN_STANLEY,549798651772,Registered Client Service Associate,Risk and Compliance,Colorado Springs,CO,United States,onsite,,2026-08-21 18:49:47.841673,2026-07-09 00:00:00,https://morganstanley.eightfold.ai/careers/job/549798651772
MORGAN_STANLEY,549798867091,Natural Gas Scheduler - Commodities - Fixed Income - Associate,Cloud and Infrastructure,Houston,TX,United States,onsite,,2026-08-21 18:49:48.808231,2026-07-09 00:00:00,https://morganstanley.eightfold.ai/careers/job/549798867091
MORGAN_STANLEY,549796705440,Global Capital Markets Roadshow Coordinator,Risk and Compliance,New York,NY,United States,onsite,,2026-08-21 18:49:49.827840,2026-07-09 00:00:00,https://morganstanley.eightfold.ai/careers/job/549796705440
MORGAN_STANLEY,549798864394,Client Relationship Analyst,Operations,Cincinnati,OH,United States,onsite,,2026-08-21 18:49:50.871621,2026-07-09 00:00:00,https://morganstanley.eightfold.ai/careers/job/549798864394
MORGAN_STANLEY,549797887785,"Executive Director, Institutional Securities Group Financial Crimes Advisory Program Execution Officer",Risk and Compliance,New York,NY,United States,onsite,,2026-08-21 18:49:52.829844,2026-07-08 00:00:00,https://morganstanley.eightfold.ai/careers/job/549797887785
MORGAN_STANLEY,549797900387,Sr. Registered Client Service Associate,Risk and Compliance,Fort Lauderdale,FL,United States,onsite,,2026-08-21 18:49:53.881284,2026-07-08 00:00:00,https://morganstanley.eightfold.ai/careers/job/549797900387
MORGAN_STANLEY,549797749923,"Morgan Stanley at Work Marketing, Assistant Vice President",Risk and Compliance,Harrison,NY,United States,onsite,,2026-08-21 18:49:54.895472,2026-07-08 00:00:00,https://morganstanley.eightfold.ai/careers/job/549797749923
MORGAN_STANLEY,549798742799,Multi-Asset & Alternatives Risk Associate,Risk and Compliance,New York,NY,United States,onsite,,2026-08-21 18:49:55.896715,2026-07-08 00:00:00,https://morganstanley.eightfold.ai/careers/job/549798742799
MORGAN_STANLEY,549798798976,Private Wealth Management International Registered Client Service Associate - Bilingual: Portuguese/English,Risk and Compliance,Miami,FL,United States,onsite,,2026-08-21 18:49:56.926834,2026-07-08 00:00:00,https://morganstanley.eightfold.ai/careers/job/549798798976
MORGAN_STANLEY,549798841531,"Regulatory Oversight and Management - Investment Management, Office of COO - Associate",Risk and Compliance,New York,NY,United States,onsite,,2026-08-21 18:49:57.901703,2026-07-08 00:00:00,https://morganstanley.eightfold.ai/careers/job/549798841531
MORGAN_STANLEY,549796950597,Business Service Officer,Risk and Compliance,Bellevue,WA,United States,onsite,,2026-08-21 18:49:58.907788,2026-07-08 00:00:00,https://morganstanley.eightfold.ai/careers/job/549796950597
MORGAN_STANLEY,549798738156,Business Development Associate,Sales and Relationship Management,McLean,VA,United States,onsite,,2026-08-21 18:49:59.904179,2026-07-08 00:00:00,https://morganstanley.eightfold.ai/careers/job/549798738156
MORGAN_STANLEY,549798743180,"Alternatives Risk Management, Senior Associate",Risk and Compliance,New York,NY,United States,onsite,,2026-08-21 18:50:00.962072,2026-07-08 00:00:00,https://morganstanley.eightfold.ai/careers/job/549798743180
MORGAN_STANLEY,549798842901,Investment Banking Operations Officer (Vice President / Executive Director) - New York,Risk and Compliance,New York,NY,United States,onsite,,2026-08-21 18:50:02.077765,2026-07-08 00:00:00,https://morganstanley.eightfold.ai/careers/job/549798842901
MORGAN_STANLEY,549797627279,Digital Assets Sanctions Screening Program Lead (Vice President),Risk and Compliance,Dallas,TX,United States,onsite,,2026-08-21 18:50:04.044835,2026-07-07 00:00:00,https://morganstanley.eightfold.ai/careers/job/549797627279
MORGAN_STANLEY,549798102206,Financial Crimes Sanctions Screening Coverage Director (AVP),Risk and Compliance,Dallas,TX,United States,onsite,,2026-08-21 18:50:05.060450,2026-07-07 00:00:00,https://morganstanley.eightfold.ai/careers/job/549798102206
MORGAN_STANLEY,549798796195,"WM Global Investment Office - Institutional Innovation Lead, Investing with Impact / Impact Private Markets, Executive Director",Risk and Compliance,New York,NY,United States,onsite,,2026-08-21 18:50:06.010200,2026-07-07 00:00:00,https://morganstanley.eightfold.ai/careers/job/549798796195
MORGAN_STANLEY,549798796533,Global Capital Markets Investment Grade Corporate Coverage Associate – New York,Risk and Compliance,New York,NY,United States,onsite,,2026-08-21 18:50:07.016553,2026-07-07 00:00:00,https://morganstanley.eightfold.ai/careers/job/549798796533
MORGAN_STANLEY,549796887007,Business Service Officer,Risk and Compliance,Baton Rouge,LA,United States,onsite,,2026-08-21 18:50:08.039054,2026-07-07 00:00:00,https://morganstanley.eightfold.ai/careers/job/549796887007
MORGAN_STANLEY,549798263570,Market Management Lead,Risk and Compliance,New York,NY,United States,onsite,,2026-08-21 18:50:08.961351,2026-07-07 00:00:00,https://morganstanley.eightfold.ai/careers/job/549798263570
MORGAN_STANLEY,549797057498,Wealth Management Analyst,Sales and Relationship Management,San Francisco,CA,United States,onsite,,2026-08-21 18:50:10.084772,2026-07-07 00:00:00,https://morganstanley.eightfold.ai/careers/job/549797057498
MORGAN_STANLEY,549795261151,"Executive Administrative Assistant, MSIM Real Assets",Cloud and Infrastructure,New York,NY,United States,onsite,,2026-08-21 18:50:11.014254,2026-07-07 00:00:00,https://morganstanley.eightfold.ai/careers/job/549795261151
MORGAN_STANLEY,549796568978,Registered Client Relationship Analyst,Risk and Compliance,Boston,MA,United States,onsite,,2026-08-21 18:50:12.050168,2026-07-07 00:00:00,https://morganstanley.eightfold.ai/careers/job/549796568978
MORGAN_STANLEY,549797675914,Private Wealth Management Portfolio Management Associate Director,Risk and Compliance,Beverly Hills,CA,United States,onsite,,2026-08-21 18:50:12.946965,2026-07-07 00:00:00,https://morganstanley.eightfold.ai/careers/job/549797675914
MORGAN_STANLEY,549798725016,Business Development Associate,Sales and Relationship Management,Newport,RI,United States,onsite,,2026-08-21 18:50:15.094403,2026-07-06 00:00:00,https://morganstanley.eightfold.ai/careers/job/549798725016
MORGAN_STANLEY,549798725788,Registered Client Service Associate,Risk and Compliance,Tallahassee,FL,United States,onsite,,2026-08-21 18:50:16.234416,2026-07-06 00:00:00,https://morganstanley.eightfold.ai/careers/job/549798725788
MORGAN_STANLEY,549796286714,Wealth Management Associate,Sales and Relationship Management,New York,NY,United States,onsite,,2026-08-21 18:50:17.096401,2026-07-06 00:00:00,https://morganstanley.eightfold.ai/careers/job/549796286714
MORGAN_STANLEY,549795127019,Institutional Reporting Specialist,Operations,Harrison,NY,United States,onsite,,2026-08-21 18:50:18.178890,2026-07-06 00:00:00,https://morganstanley.eightfold.ai/careers/job/549795127019
MORGAN_STANLEY,549797702031,Global Financial Crimes Crypto Investigations Vice President,Risk and Compliance,Dallas,TX,United States,onsite,,2026-08-21 18:50:19.091972,2026-07-06 00:00:00,https://morganstanley.eightfold.ai/careers/job/549797702031
MORGAN_STANLEY,549798418341,Senior RACF Architect - Vice President,Risk and Compliance,Alpharetta,GA,United States,onsite,,2026-08-21 18:50:20.331489,2026-07-06 00:00:00,https://morganstanley.eightfold.ai/careers/job/549798418341
MORGAN_STANLEY,549798642741,Registered Client Service Associate,Risk and Compliance,Los Angeles,CA,United States,onsite,,2026-08-21 18:50:21.145780,2026-07-02 00:00:00,https://morganstanley.eightfold.ai/careers/job/549798642741
MORGAN_STANLEY,549797414314,Wealth Management Associate,Sales and Relationship Management,Boston,MA,United States,onsite,,2026-08-21 18:50:22.176147,2026-07-02 00:00:00,https://morganstanley.eightfold.ai/careers/job/549797414314
MORGAN_STANLEY,549782979477,"Vice President, Lead Software Engineer",Software Engineering,New York,NY,United States,onsite,,2026-08-21 18:50:23.187294,2026-07-02 00:00:00,https://morganstanley.eightfold.ai/careers/job/549782979477
MORGAN_STANLEY,549798653642,"Relationship Manager, Global Equity - VP",Sales and Relationship Management,Alpharetta,GA,United States,onsite,,2026-08-21 18:50:24.132899,2026-07-02 00:00:00,https://morganstanley.eightfold.ai/careers/job/549798653642
MORGAN_STANLEY,549798658083,Registered Client Service Associate,Risk and Compliance,Las Vegas,NV,United States,onsite,,2026-08-21 18:50:26.157742,2026-07-02 00:00:00,https://morganstanley.eightfold.ai/careers/job/549798658083
MORGAN_STANLEY,549798673468,Registered Client Service Associate,Risk and Compliance,Oxnard,CA,United States,onsite,,2026-08-21 18:50:27.294443,2026-07-02 00:00:00,https://morganstanley.eightfold.ai/careers/job/549798673468
MORGAN_STANLEY,549798319294,"Credit Risk: ISG Counterparty, Financials – Associate",Risk and Compliance,New York,NY,United States,onsite,,2026-08-21 18:50:28.116304,2026-07-02 00:00:00,https://morganstanley.eightfold.ai/careers/job/549798319294
MORGAN_STANLEY,549798355783,Registered Client Service Associate,Risk and Compliance,McLean,VA,United States,onsite,,2026-08-21 18:50:29.238738,2026-07-02 00:00:00,https://morganstanley.eightfold.ai/careers/job/549798355783
MORGAN_STANLEY,549798671718,Client Service Associate,Risk and Compliance,Barnstable,MA,United States,onsite,,2026-08-21 18:50:30.257738,2026-07-02 00:00:00,https://morganstanley.eightfold.ai/careers/job/549798671718
MORGAN_STANLEY,549797058233,Registered Client Service Associate,Risk and Compliance,Ponte Vedra Beach,FL,United States,onsite,,2026-08-21 18:50:31.073473,2026-07-02 00:00:00,https://morganstanley.eightfold.ai/careers/job/549797058233
MORGAN_STANLEY,549798671401,Team Administrator,Operations,Roanoke,VA,United States,onsite,,2026-08-21 18:50:32.192651,2026-07-02 00:00:00,https://morganstanley.eightfold.ai/careers/job/549798671401
MORGAN_STANLEY,549797889219,Portfolio Management Associate,Risk and Compliance,Boston,MA,United States,onsite,,2026-08-21 18:50:33.233921,2026-07-02 00:00:00,https://morganstanley.eightfold.ai/careers/job/549797889219
MORGAN_STANLEY,549798666040,Investment Management Agreements Specialist - Vice President,Risk and Compliance,Boston,MA,United States,onsite,,2026-08-21 18:50:34.261160,2026-07-02 00:00:00,https://morganstanley.eightfold.ai/careers/job/549798666040
MORGAN_STANLEY,549798263208,Portfolio Management Associate Director,Other,Harrison,NY,United States,onsite,,2026-08-21 18:50:35.256507,2026-07-01 00:00:00,https://morganstanley.eightfold.ai/careers/job/549798263208
MORGAN_STANLEY,549798595769,"Vice President, Directed Share Programs (DSP) Execution Specialist",Risk and Compliance,New York,NY,United States,onsite,,2026-08-21 18:50:37.259148,2026-07-01 00:00:00,https://morganstanley.eightfold.ai/careers/job/549798595769
MORGAN_STANLEY,549798595955,Registered Client Relationship Analyst,Risk and Compliance,Orland Park,IL,United States,onsite,,2026-08-21 18:50:38.137223,2026-07-01 00:00:00,https://morganstanley.eightfold.ai/careers/job/549798595955
MORGAN_STANLEY,549798104272,Private Wealth Management Registered Client Service Associate,Risk and Compliance,New York,NY,United States,onsite,,2026-08-21 18:50:39.272697,2026-07-01 00:00:00,https://morganstanley.eightfold.ai/careers/job/549798104272
MORGAN_STANLEY,549798640730,Registered Client Service Associate - Bilingual Spanish/English,Risk and Compliance,Aventura,FL,United States,onsite,,2026-08-21 18:50:40.315846,2026-07-01 00:00:00,https://morganstanley.eightfold.ai/careers/job/549798640730
MORGAN_STANLEY,549798643411,"WM Administration - Strategy, Vice President",Finance and Accounting,Harrison,NY,United States,onsite,,2026-08-21 18:50:41.304500,2026-07-01 00:00:00,https://morganstanley.eightfold.ai/careers/job/549798643411
MORGAN_STANLEY,549798659027,Wealth Management Associate,Sales and Relationship Management,Glens Falls,NY,United States,onsite,,2026-08-21 18:50:42.378850,2026-07-01 00:00:00,https://morganstanley.eightfold.ai/careers/job/549798659027
MORGAN_STANLEY,549794382369,Resident Manager,Risk and Compliance,Charlottesville,VA,United States,onsite,,2026-08-21 18:50:43.380735,2026-07-01 00:00:00,https://morganstanley.eightfold.ai/careers/job/549794382369
MORGAN_STANLEY,549794751865,"Branch Manager, Producing",Risk and Compliance,Williamsburg,VA,United States,onsite,,2026-08-21 18:50:44.295214,2026-07-01 00:00:00,https://morganstanley.eightfold.ai/careers/job/549794751865
MORGAN_STANLEY,549795086495,Business Service Officer,Risk and Compliance,San Antonio,TX,United States,onsite,,2026-08-21 18:50:45.319739,2026-07-01 00:00:00,https://morganstanley.eightfold.ai/careers/job/549795086495
MORGAN_STANLEY,549798579392,Client Service Associate,Operations,Houston,TX,United States,onsite,,2026-08-21 18:50:46.337739,2026-07-01 00:00:00,https://morganstanley.eightfold.ai/careers/job/549798579392
MORGAN_STANLEY,549798390285,Risk Officer -  Vice President,Risk and Compliance,Sandy,UT,United States,onsite,,2026-08-21 18:50:48.279011,2026-07-01 00:00:00,https://morganstanley.eightfold.ai/careers/job/549798390285
MORGAN_STANLEY,549797890667,Private Wealth Management Analyst,Sales and Relationship Management,San Francisco,CA,United States,onsite,,2026-08-21 18:50:49.340901,2026-06-30 00:00:00,https://morganstanley.eightfold.ai/careers/job/549797890667
MORGAN_STANLEY,549798366203,"Equity and Fixed Income Research, Investment Banking, and Capital Markets Compliance Coverage Vice President",Risk and Compliance,New York,NY,United States,onsite,,2026-08-21 18:50:50.403168,2026-06-30 00:00:00,https://morganstanley.eightfold.ai/careers/job/549798366203
MORGAN_STANLEY,549798390274,Asset Movement Platforms Senior Product Lead - VP,Risk and Compliance,New York,NY,United States,onsite,,2026-08-21 18:50:51.429025,2026-06-30 00:00:00,https://morganstanley.eightfold.ai/careers/job/549798390274
MORGAN_STANLEY,549798593342,Business Service Officer,Risk and Compliance,Boston,MA,United States,onsite,,2026-08-21 18:50:52.385984,2026-06-30 00:00:00,https://morganstanley.eightfold.ai/careers/job/549798593342
MORGAN_STANLEY,549798639382,Client Relationship Analyst,Operations,Louisville,KY,United States,onsite,,2026-08-21 18:50:53.432209,2026-06-30 00:00:00,https://morganstanley.eightfold.ai/careers/job/549798639382
MORGAN_STANLEY,549798319898,"Credit Risk: ISG Lending, FSL Esoteric - Vice President",Risk and Compliance,New York,NY,United States,onsite,,2026-08-21 18:50:54.529645,2026-06-30 00:00:00,https://morganstanley.eightfold.ai/careers/job/549798319898
MORGAN_STANLEY,549796476634,AI Enablement Associate,Risk and Compliance,Harrison,NY,United States,onsite,,2026-08-21 18:50:55.502123,2026-06-30 00:00:00,https://morganstanley.eightfold.ai/careers/job/549796476634
MORGAN_STANLEY,549798639753,Registered Client Service Associate,Risk and Compliance,Alpharetta,GA,United States,onsite,,2026-08-21 18:50:56.457249,2026-06-30 00:00:00,https://morganstanley.eightfold.ai/careers/job/549798639753
MORGAN_STANLEY,549798499026,Investment Banking Real Estate and/or Digital and AI Infrastructure Associate / Vice President – New York,Cloud and Infrastructure,New York,NY,United States,onsite,,2026-08-21 18:50:57.483797,2026-06-29 00:00:00,https://morganstanley.eightfold.ai/careers/job/549798499026
MORGAN_STANLEY,549798556000,Private Wealth Management Director of Investments,Other,Charlotte,NC,United States,onsite,,2026-08-21 18:50:59.483641,2026-06-29 00:00:00,https://morganstanley.eightfold.ai/careers/job/549798556000
MORGAN_STANLEY,549798616786,Registered Client Service Associate,Risk and Compliance,Colorado Springs,CO,United States,onsite,,2026-08-21 18:51:00.774927,2026-06-29 00:00:00,https://morganstanley.eightfold.ai/careers/job/549798616786
MORGAN_STANLEY,549798617388,Transactional Deposits Product Manager - Assistant Vice President,Product Management,New York,NY,United States,hybrid,,2026-08-21 18:51:01.597985,2026-06-29 00:00:00,https://morganstanley.eightfold.ai/careers/job/549798617388
MORGAN_STANLEY,549797601139,Registered Client Service Associate,Risk and Compliance,Palo Alto,CA,United States,onsite,,2026-08-21 18:51:02.556532,2026-06-29 00:00:00,https://morganstanley.eightfold.ai/careers/job/549797601139
MORGAN_STANLEY,549796965310,"Global Financial Crimes Testing, Vice President (Digital Assets)",Risk and Compliance,Baltimore,MD,United States,onsite,,2026-08-21 18:51:03.608789,2026-06-29 00:00:00,https://morganstanley.eightfold.ai/careers/job/549796965310
MORGAN_STANLEY,549797649065,Private Wealth Management Registered Client Service Associate - Bilingual: Spanish/English,Risk and Compliance,Miami,FL,United States,onsite,,2026-08-21 18:51:04.565071,2026-06-29 00:00:00,https://morganstanley.eightfold.ai/careers/job/549797649065
MORGAN_STANLEY,549785672833,Business Service Officer,Risk and Compliance,San Mateo,CA,United States,onsite,,2026-08-21 18:51:05.587064,2026-06-29 00:00:00,https://morganstanley.eightfold.ai/careers/job/549785672833
MORGAN_STANLEY,549798579049,Client Service Associate,Operations,Buffalo,NY,United States,onsite,,2026-08-21 18:51:06.602034,2026-06-27 00:00:00,https://morganstanley.eightfold.ai/careers/job/549798579049
MORGAN_STANLEY,549798393578,Wealth Management Associate,Sales and Relationship Management,Atlanta,GA,United States,onsite,,2026-08-21 18:51:07.631547,2026-06-26 00:00:00,https://morganstanley.eightfold.ai/careers/job/549798393578
MORGAN_STANLEY,549798419986,"MSFO Investment Officer - Private Markets; Global Investment Office, Vice President",Risk and Compliance,New York,NY,United States,onsite,,2026-08-21 18:51:08.662170,2026-06-26 00:00:00,https://morganstanley.eightfold.ai/careers/job/549798419986
MORGAN_STANLEY,549798420023,"MSFO Investment Officer - Capital Markets; Global Investment Office, Vice President",Risk and Compliance,New York,NY,United States,onsite,,2026-08-21 18:51:10.506548,2026-06-26 00:00:00,https://morganstanley.eightfold.ai/careers/job/549798420023
MORGAN_STANLEY,549798592320,Corporate Treasury Forecasting & Planning - AVP/Director,Finance and Accounting,New York,NY,United States,onsite,,2026-08-21 18:51:11.642891,2026-06-26 00:00:00,https://morganstanley.eightfold.ai/careers/job/549798592320
MORGAN_STANLEY,549798419232,Investment Banking Executive Assistant - San Francisco,Risk and Compliance,San Francisco,CA,United States,onsite,,2026-08-21 18:51:12.659002,2026-06-25 00:00:00,https://morganstanley.eightfold.ai/careers/job/549798419232
MORGAN_STANLEY,549798154774,Rates eTrading Engineer (Vice President),Software Engineering,New York,NY,United States,onsite,,2026-08-21 18:51:13.647758,2026-06-25 00:00:00,https://morganstanley.eightfold.ai/careers/job/549798154774
MORGAN_STANLEY,549798286250,Registered Client Service Associate,Risk and Compliance,Fort Lauderdale,FL,United States,onsite,,2026-08-21 18:51:14.807542,2026-06-25 00:00:00,https://morganstanley.eightfold.ai/careers/job/549798286250
MORGAN_STANLEY,549798580234,MSIM- Private Credit- Fund Controller- VP,Finance and Accounting,New York,NY,United States,onsite,,2026-08-21 18:51:15.670157,2026-06-25 00:00:00,https://morganstanley.eightfold.ai/careers/job/549798580234
MORGAN_STANLEY,549797721085,"Product Manager-Client Platform Multi-Factor Authentication, Vice President",Risk and Compliance,New York,NY,United States,onsite,,2026-08-21 18:51:16.727887,2026-06-25 00:00:00,https://morganstanley.eightfold.ai/careers/job/549797721085
MORGAN_STANLEY,549795511352,Digital Assets VP- Wealth Management Operations Strategy,Risk and Compliance,New York,NY,United States,onsite,,2026-08-21 18:51:17.658685,2026-06-25 00:00:00,https://morganstanley.eightfold.ai/careers/job/549795511352
MORGAN_STANLEY,549796774596,Client Service Associate,Operations,Wellesley,MA,United States,onsite,,2026-08-21 18:51:18.694647,2026-06-25 00:00:00,https://morganstanley.eightfold.ai/careers/job/549796774596
MORGAN_STANLEY,549798287140,Intern,Sales and Relationship Management,Pasadena,CA,United States,onsite,,2026-08-21 18:51:19.738276,2026-06-24 00:00:00,https://morganstanley.eightfold.ai/careers/job/549798287140
MORGAN_STANLEY,549798413249,Fund Services Investor Services,Risk and Compliance,Harrison,NY,United States,onsite,,2026-08-21 18:51:21.730377,2026-06-24 00:00:00,https://morganstanley.eightfold.ai/careers/job/549798413249
MORGAN_STANLEY,549798287199,Intern - Bilingual Eglish/Mandarin,Sales and Relationship Management,Pasadena,CA,United States,onsite,,2026-08-21 18:51:22.781366,2026-06-24 00:00:00,https://morganstanley.eightfold.ai/careers/job/549798287199
MORGAN_STANLEY,549798287280,Intern - Bilingual English/Spanish,Sales and Relationship Management,Pasadena,CA,United States,onsite,,2026-08-21 18:51:23.752677,2026-06-24 00:00:00,https://morganstanley.eightfold.ai/careers/job/549798287280
MORGAN_STANLEY,549798391486,Client Success Manager,Operations,Harrison,NY,United States,onsite,,2026-08-21 18:51:24.701274,2026-06-24 00:00:00,https://morganstanley.eightfold.ai/careers/job/549798391486
MORGAN_STANLEY,549798420819,Associate Private Banker,Sales and Relationship Management,San Rafael,CA,United States,onsite,,2026-08-21 18:51:25.737132,2026-06-24 00:00:00,https://morganstanley.eightfold.ai/careers/job/549798420819
MORGAN_STANLEY,549798157889,Market Manager,Risk and Compliance,Cupertino,CA,United States,onsite,,2026-08-21 18:51:26.632831,2026-06-24 00:00:00,https://morganstanley.eightfold.ai/careers/job/549798157889
MORGAN_STANLEY,549796178018,Finance Process Optimization - Director/AVP,Risk and Compliance,New York,NY,United States,hybrid,,2026-08-21 18:51:27.855751,2026-06-24 00:00:00,https://morganstanley.eightfold.ai/careers/job/549796178018
MORGAN_STANLEY,549798388642,Global Capital Markets (Equity Capital Markets) COO – Associate/Vice President,Risk and Compliance,New York,NY,United States,onsite,,2026-08-21 18:51:28.775762,2026-06-23 00:00:00,https://morganstanley.eightfold.ai/careers/job/549798388642
MORGAN_STANLEY,549798122652,"Director, Internal Audit (Operational Risk Team)",Audit,New York,NY,United States,hybrid,,2026-08-21 18:51:29.733915,2026-06-23 00:00:00,https://morganstanley.eightfold.ai/careers/job/549798122652
MORGAN_STANLEY,549798302222,Deposits and Cash Management Product Associate,Risk and Compliance,Harrison,NY,United States,hybrid,,2026-08-21 18:51:30.834547,2026-06-23 00:00:00,https://morganstanley.eightfold.ai/careers/job/549798302222
MORGAN_STANLEY,549798391345,Client Success Manager,Risk and Compliance,Sandy,UT,United States,onsite,,2026-08-21 18:51:32.782734,2026-06-23 00:00:00,https://morganstanley.eightfold.ai/careers/job/549798391345
MORGAN_STANLEY,549798322289,Deposit Product Associate,Risk and Compliance,New York,NY,United States,hybrid,,2026-08-21 18:51:33.756510,2026-06-23 00:00:00,https://morganstanley.eightfold.ai/careers/job/549798322289
MORGAN_STANLEY,549798301464,"Head of Brand and Performance Marketing, EquityZen - Executive Director",Risk and Compliance,New York,NY,United States,onsite,,2026-08-21 18:51:34.973945,2026-06-23 00:00:00,https://morganstanley.eightfold.ai/careers/job/549798301464
MORGAN_STANLEY,549798301506,"Lifecycle and Performance Marketing, EquityZen - Vice President",Risk and Compliance,New York,NY,United States,onsite,,2026-08-21 18:51:35.692730,2026-06-23 00:00:00,https://morganstanley.eightfold.ai/careers/job/549798301506
MORGAN_STANLEY,549798301556,"Marketing Specialist, EquityZen - Vice President",Risk and Compliance,New York,NY,United States,onsite,,2026-08-21 18:51:36.878267,2026-06-23 00:00:00,https://morganstanley.eightfold.ai/careers/job/549798301556
MORGAN_STANLEY,549798391060,Registered Client Service Associate,Risk and Compliance,Glens Falls,NY,United States,onsite,,2026-08-21 18:51:37.830758,2026-06-23 00:00:00,https://morganstanley.eightfold.ai/careers/job/549798391060
MORGAN_STANLEY,549798377774,Investment Management Finance Product Controller,Risk and Compliance,Baltimore,MD,United States,onsite,,2026-08-21 18:51:38.754309,2026-06-23 00:00:00,https://morganstanley.eightfold.ai/careers/job/549798377774
MORGAN_STANLEY,549797704410,Real Estate Finance and Operations - Investment Management - Analyst,Operations,New York,NY,United States,onsite,,2026-08-21 18:51:39.860798,2026-06-23 00:00:00,https://morganstanley.eightfold.ai/careers/job/549797704410
MORGAN_STANLEY,549798021608,Wealth Management Finance FP&A - Director/AVP,Finance and Accounting,New York,NY,United States,onsite,,2026-08-21 18:51:40.863359,2026-06-23 00:00:00,https://morganstanley.eightfold.ai/careers/job/549798021608
MORGAN_STANLEY,549797803802,"Graduate Acquisitions & Divestitures Engineer – Houston, Texas",Software Engineering,Houston,TX,United States,onsite,,2026-08-21 18:51:41.864852,2026-06-22 00:00:00,https://morganstanley.eightfold.ai/careers/job/549797803802
MORGAN_STANLEY,549798076796,Private Banker,Sales and Relationship Management,Milwaukee,WI,United States,onsite,,2026-08-21 18:51:43.864395,2026-06-22 00:00:00,https://morganstanley.eightfold.ai/careers/job/549798076796
MORGAN_STANLEY,549798322295,UHNW Lending Portfolio Management - Liquid Products (SBL) - Assistant Vice President,Risk and Compliance,Salt Lake City,UT,United States,hybrid,,2026-08-21 18:51:44.804384,2026-06-22 00:00:00,https://morganstanley.eightfold.ai/careers/job/549798322295
MORGAN_STANLEY,549798321358,Client Relationship Analyst,Operations,New York,NY,United States,onsite,,2026-08-21 18:51:45.913724,2026-06-22 00:00:00,https://morganstanley.eightfold.ai/careers/job/549798321358
MORGAN_STANLEY,549798322365,Client Service Associate,Operations,Westborough,MA,United States,onsite,,2026-08-21 18:51:46.918939,2026-06-22 00:00:00,https://morganstanley.eightfold.ai/careers/job/549798322365
MORGAN_STANLEY,549786256451,"Vice President, Financial Planning Director - Northeast Region",Risk and Compliance,New York,NY,United States,onsite,,2026-08-21 18:51:47.882938,2026-06-22 00:00:00,https://morganstanley.eightfold.ai/careers/job/549786256451
MORGAN_STANLEY,549798223909,Lead Software Engineer - Parametric,Software Engineering,Minneapolis,MN,United States,onsite,,2026-08-21 18:51:48.831307,2026-06-18 00:00:00,https://morganstanley.eightfold.ai/careers/job/549798223909
MORGAN_STANLEY,549798255571,Registered Client Service Associate,Risk and Compliance,Palo Alto,CA,United States,onsite,,2026-08-21 18:51:49.932987,2026-06-18 00:00:00,https://morganstanley.eightfold.ai/careers/job/549798255571
MORGAN_STANLEY,549798285587,Human Resources US Policy Lead,Human Resources,Dallas,TX,United States,onsite,,2026-08-21 18:51:50.949436,2026-06-18 00:00:00,https://morganstanley.eightfold.ai/careers/job/549798285587
MORGAN_STANLEY,549797336247,Cybersecurity Engineer - Cryptography - Director,Cybersecurity,New York,NY,United States,onsite,,2026-08-21 18:51:51.879856,2026-06-18 00:00:00,https://morganstanley.eightfold.ai/careers/job/549797336247
MORGAN_STANLEY,549798305162,"Wealth Management, Real Estate Strategic Analyst - Assistant Vice President",Operations,New York,NY,United States,onsite,,2026-08-21 18:51:52.897322,2026-06-18 00:00:00,https://morganstanley.eightfold.ai/careers/job/549798305162
MORGAN_STANLEY,549798097424,Vice President - Advanced Operations Specialist CTB,Operations,Baltimore,MD,United States,onsite,,2026-08-21 18:51:55.065239,2026-06-17 00:00:00,https://morganstanley.eightfold.ai/careers/job/549798097424
MORGAN_STANLEY,549798009932,Registered Client Service Associate,Risk and Compliance,Palm Beach Gardens,FL,United States,onsite,,2026-08-21 18:51:56.074787,2026-06-17 00:00:00,https://morganstanley.eightfold.ai/careers/job/549798009932
MORGAN_STANLEY,549796199679,Private Wealth Management Registered Client Relationship Analyst,Risk and Compliance,Austin,TX,United States,onsite,,2026-08-21 18:51:57.000126,2026-06-17 00:00:00,https://morganstanley.eightfold.ai/careers/job/549796199679
MORGAN_STANLEY,549798224541,Model Risk (Risk Management) : Job Level - Associate,Risk and Compliance,New York,NY,United States,onsite,,2026-08-21 18:51:57.902102,2026-06-17 00:00:00,https://morganstanley.eightfold.ai/careers/job/549798224541
MORGAN_STANLEY,549798298516,Registered Client Service Associate,Risk and Compliance,Oakland,CA,United States,onsite,,2026-08-21 18:51:59.019250,2026-06-17 00:00:00,https://morganstanley.eightfold.ai/careers/job/549798298516
MORGAN_STANLEY,549798300545,Registered Client Service Associate,Risk and Compliance,Atlanta,GA,United States,onsite,,2026-08-21 18:51:59.955706,2026-06-17 00:00:00,https://morganstanley.eightfold.ai/careers/job/549798300545
MORGAN_STANLEY,549794989627,Registered Client Service Associate,Risk and Compliance,Baltimore,MD,United States,onsite,,2026-08-21 18:52:01.029646,2026-06-17 00:00:00,https://morganstanley.eightfold.ai/careers/job/549794989627
MORGAN_STANLEY,549797594832,Client Service Associate,Operations,Portland,ME,United States,onsite,,2026-08-21 18:52:02.008401,2026-06-17 00:00:00,https://morganstanley.eightfold.ai/careers/job/549797594832
MORGAN_STANLEY,549798287641,"Product Owner - Capital Markets, Fixed Income, Assistant Vice President",Product Management,Harrison,NY,United States,onsite,,2026-08-21 18:52:03.029367,2026-06-17 00:00:00,https://morganstanley.eightfold.ai/careers/job/549798287641
MORGAN_STANLEY,549798288773,Risk Management and Internal Controls – Investment Solutions Products,Risk and Compliance,Harrison,NY,United States,onsite,,2026-08-21 18:52:03.959707,2026-06-17 00:00:00,https://morganstanley.eightfold.ai/careers/job/549798288773
MORGAN_STANLEY,549798290024,IIS Market Solutions Associate/AVP,Risk and Compliance,Harrison,NY,United States,onsite,,2026-08-21 18:52:06.000943,2026-06-17 00:00:00,https://morganstanley.eightfold.ai/careers/job/549798290024
MORGAN_STANLEY,549798141697,US/NY CRE FSL Associate (Risk Management),Risk and Compliance,New York,NY,United States,onsite,,2026-08-21 18:52:07.055937,2026-06-17 00:00:00,https://morganstanley.eightfold.ai/careers/job/549798141697
MORGAN_STANLEY,549798156469,Cloud Security Controls Engineering - VP,Risk and Compliance,Alpharetta,GA,United States,onsite,,2026-08-21 18:52:08.162686,2026-06-17 00:00:00,https://morganstanley.eightfold.ai/careers/job/549798156469
MORGAN_STANLEY,549798286821,Registered Client Service Associate,Risk and Compliance,Atlanta,GA,United States,onsite,,2026-08-21 18:52:09.072778,2026-06-17 00:00:00,https://morganstanley.eightfold.ai/careers/job/549798286821
MORGAN_STANLEY,549798264132,Registered Client Service Associate,Risk and Compliance,Morristown,NJ,United States,onsite,,2026-08-21 18:52:10.380144,2026-06-17 00:00:00,https://morganstanley.eightfold.ai/careers/job/549798264132
MORGAN_STANLEY,549796265650,Wealth Management Associate,Sales and Relationship Management,Portland,ME,United States,onsite,,2026-08-21 18:52:10.988724,2026-06-17 00:00:00,https://morganstanley.eightfold.ai/careers/job/549796265650
MORGAN_STANLEY,549798072296,Applied Mathematician — Electronic Trading & Quantitative Finance,Software Engineering,New York,NY,United States,onsite,,2026-08-21 18:52:12.132095,2026-06-17 00:00:00,https://morganstanley.eightfold.ai/careers/job/549798072296
MORGAN_STANLEY,549798290082,Contractual Terms Risk Management - ISG Management - Associate/VP,Risk and Compliance,New York,NY,United States,onsite,,2026-08-21 18:52:13.178872,2026-06-16 00:00:00,https://morganstanley.eightfold.ai/careers/job/549798290082
MORGAN_STANLEY,549797766017,PWM Associate Service Manager,Risk and Compliance,New York,NY,United States,onsite,,2026-08-21 18:52:14.098413,2026-06-15 00:00:00,https://morganstanley.eightfold.ai/careers/job/549797766017
MORGAN_STANLEY,549798221099,"Insured Solutions Sales Desk - Hybrid, VP",Sales and Relationship Management,New York,NY,United States,onsite,,2026-08-21 18:52:15.221183,2026-06-15 00:00:00,https://morganstanley.eightfold.ai/careers/job/549798221099
MORGAN_STANLEY,549794086090,Registered Client Relationship Analyst,Risk and Compliance,Wayzata,MN,United States,onsite,,2026-08-21 18:52:17.198677,2026-06-15 00:00:00,https://morganstanley.eightfold.ai/careers/job/549794086090
MORGAN_STANLEY,549798077007,Private Banker,Sales and Relationship Management,Fort Lauderdale,FL,United States,onsite,,2026-08-21 18:52:18.194295,2026-06-15 00:00:00,https://morganstanley.eightfold.ai/careers/job/549798077007
MORGAN_STANLEY,549798138380,Lead Software Engineer - Parametric,Software Engineering,New York,NY,United States,onsite,,2026-08-21 18:52:19.201763,2026-06-15 00:00:00,https://morganstanley.eightfold.ai/careers/job/549798138380
MORGAN_STANLEY,549798161455,WM Equity Derivative Solutions Platform Transaction Associate,Risk and Compliance,New York,NY,United States,onsite,,2026-08-21 18:52:20.232356,2026-06-15 00:00:00,https://morganstanley.eightfold.ai/careers/job/549798161455
MORGAN_STANLEY,549798223862,US Banks Business Control Unit (BCU) Officer Bank Deposits Risk Coverage Vice President,Risk and Compliance,Harrison,NY,United States,hybrid,,2026-08-21 18:52:21.129948,2026-06-15 00:00:00,https://morganstanley.eightfold.ai/careers/job/549798223862
MORGAN_STANLEY,549798263723,Private Wealth Management Registered Client Service Associate,Risk and Compliance,Miami Beach,FL,United States,onsite,,2026-08-21 18:52:22.091862,2026-06-15 00:00:00,https://morganstanley.eightfold.ai/careers/job/549798263723
MORGAN_STANLEY,549797829763,"Senior RFP Specialist, Investment Proposals - Parametric",Risk and Compliance,Seattle,WA,United States,onsite,,2026-08-21 18:52:23.288750,2026-06-15 00:00:00,https://morganstanley.eightfold.ai/careers/job/549797829763
MORGAN_STANLEY,549798114328,Client Relationship Analyst,Operations,Birmingham,MI,United States,onsite,,2026-08-21 18:52:24.128660,2026-06-12 00:00:00,https://morganstanley.eightfold.ai/careers/job/549798114328
MORGAN_STANLEY,549798215031,"FSL ABS Lending, SPG - Fixed Income Division - Vice President",Legal,New York,NY,United States,onsite,,2026-08-21 18:52:25.248398,2026-06-12 00:00:00,https://morganstanley.eightfold.ai/careers/job/549798215031
MORGAN_STANLEY,549798160358,GIMA Operational Due Diligence (OpDD) Analyst – Vice President,Risk and Compliance,Harrison,NY,United States,onsite,,2026-08-21 18:52:26.254620,2026-06-12 00:00:00,https://morganstanley.eightfold.ai/careers/job/549798160358
MORGAN_STANLEY,549798162734,Investment Banking Healthcare Vice President - San Francisco,Other,San Francisco,CA,United States,onsite,,2026-08-21 18:52:28.247125,2026-06-12 00:00:00,https://morganstanley.eightfold.ai/careers/job/549798162734
MORGAN_STANLEY,549797213819,Registered Client Service Associate,Risk and Compliance,Walnut Creek,CA,United States,onsite,,2026-08-21 18:52:29.274706,2026-06-12 00:00:00,https://morganstanley.eightfold.ai/careers/job/549797213819
MORGAN_STANLEY,549798222496,Registered Client Service Associate,Risk and Compliance,Boca Raton,FL,United States,onsite,,2026-08-21 18:52:30.374181,2026-06-12 00:00:00,https://morganstanley.eightfold.ai/careers/job/549798222496
MORGAN_STANLEY,549798096464,Finance Change Business Analyst - Data Management Director,Risk and Compliance,Baltimore,MD,United States,onsite,,2026-08-21 18:52:31.200446,2026-06-11 00:00:00,https://morganstanley.eightfold.ai/careers/job/549798096464
MORGAN_STANLEY,549798076758,Business Development Associate - Vice President,Sales and Relationship Management,Harrison,NY,United States,hybrid,,2026-08-21 18:52:32.273197,2026-06-11 00:00:00,https://morganstanley.eightfold.ai/careers/job/549798076758
MORGAN_STANLEY,549798159448,Client Service Associate,Operations,Rochester,NY,United States,onsite,,2026-08-21 18:52:33.317744,2026-06-11 00:00:00,https://morganstanley.eightfold.ai/careers/job/549798159448
MORGAN_STANLEY,549795533777,Registered Client Service Associate,Risk and Compliance,Paramus,NJ,United States,onsite,,2026-08-21 18:52:34.272371,2026-06-11 00:00:00,https://morganstanley.eightfold.ai/careers/job/549795533777
MORGAN_STANLEY,549797538487,Credit Automated Trading Strat / Desk Strat - Fixed Income - Vice President,Risk and Compliance,New York,NY,United States,onsite,,2026-08-21 18:52:35.303537,2026-06-11 00:00:00,https://morganstanley.eightfold.ai/careers/job/549797538487
MORGAN_STANLEY,549797538491,Credit Automated Trading Strat / Quant Researcher - Fixed Income - Vice President,Data and AI,New York,NY,United States,onsite,,2026-08-21 18:52:36.421672,2026-06-11 00:00:00,https://morganstanley.eightfold.ai/careers/job/549797538491
MORGAN_STANLEY,549798142023,Equities - Electronic Trading Product Strategy  - Executive Director,Risk and Compliance,New York,NY,United States,onsite,,2026-08-21 18:52:37.403558,2026-06-11 00:00:00,https://morganstanley.eightfold.ai/careers/job/549798142023
MORGAN_STANLEY,549798035420,Registered Client Service Associate,Risk and Compliance,Washington,DC,United States,onsite,,2026-08-21 18:52:39.397833,2026-06-11 00:00:00,https://morganstanley.eightfold.ai/careers/job/549798035420
MORGAN_STANLEY,549798098937,Registered Client Service Associate,Risk and Compliance,Hagerstown,MD,United States,onsite,,2026-08-21 18:52:40.281202,2026-06-11 00:00:00,https://morganstanley.eightfold.ai/careers/job/549798098937
MORGAN_STANLEY,549797702019,Global Financial Crimes Crypto Investigations Director,Risk and Compliance,Dallas,TX,United States,onsite,,2026-08-21 18:52:41.383980,2026-06-10 00:00:00,https://morganstanley.eightfold.ai/careers/job/549797702019
MORGAN_STANLEY,549798118877,Private Wealth Management Associate,Sales and Relationship Management,New York,NY,United States,onsite,,2026-08-21 18:52:42.470671,2026-06-10 00:00:00,https://morganstanley.eightfold.ai/careers/job/549798118877
MORGAN_STANLEY,549798138798,Registered Client Service Associate,Operations,Mt Laurel Township,NJ,United States,onsite,,2026-08-21 18:52:43.516793,2026-06-10 00:00:00,https://morganstanley.eightfold.ai/careers/job/549798138798
MORGAN_STANLEY,549798139986,Registered Client Relationship Analyst,Risk and Compliance,Middleton,WI,United States,onsite,,2026-08-21 18:52:44.303358,2026-06-10 00:00:00,https://morganstanley.eightfold.ai/careers/job/549798139986
MORGAN_STANLEY,549797707704,Expense Strategy & Analytics - Director,Risk and Compliance,New York,NY,United States,hybrid,,2026-08-21 18:52:45.421127,2026-06-10 00:00:00,https://morganstanley.eightfold.ai/careers/job/549797707704
MORGAN_STANLEY,549786173651,Executive Assistant,Risk and Compliance,New York,NY,United States,onsite,,2026-08-21 18:52:46.460613,2026-06-10 00:00:00,https://morganstanley.eightfold.ai/careers/job/549786173651
MORGAN_STANLEY,549798101689,"Global Capital Markets – Equity Capital Markets, VP/ED",Risk and Compliance,New York,NY,United States,onsite,,2026-08-21 18:52:47.463544,2026-06-10 00:00:00,https://morganstanley.eightfold.ai/careers/job/549798101689
MORGAN_STANLEY,549798107126,PWM Investment Consultant - Relationship Manager,Sales and Relationship Management,Dallas,TX,United States,onsite,,2026-08-21 18:52:48.281252,2026-06-10 00:00:00,https://morganstanley.eightfold.ai/careers/job/549798107126
MORGAN_STANLEY,549797858897,Investment Banking Media & Communications Associate / Vice President - New York,Finance and Accounting,New York,NY,United States,onsite,,2026-08-21 18:52:50.542986,2026-06-09 00:00:00,https://morganstanley.eightfold.ai/careers/job/549797858897
MORGAN_STANLEY,549798120978,Private Banker,Sales and Relationship Management,Oak Brook,IL,United States,onsite,,2026-08-21 18:52:51.520964,2026-06-09 00:00:00,https://morganstanley.eightfold.ai/careers/job/549798120978
MORGAN_STANLEY,549795524205,Service Manager,Risk and Compliance,Garden City,NY,United States,onsite,,2026-08-21 18:52:52.329655,2026-06-09 00:00:00,https://morganstanley.eightfold.ai/careers/job/549795524205
MORGAN_STANLEY,549795516662,Investment Banking Associate / Vice President – New York,Other,New York,NY,United States,onsite,,2026-08-21 18:52:53.617447,2026-06-09 00:00:00,https://morganstanley.eightfold.ai/careers/job/549795516662
MORGAN_STANLEY,549798043123,HR Coverage/Content Divisions Manager – Corporate Communications – Director,Other,Alpharetta,GA,United States,onsite,,2026-08-21 18:52:54.382587,2026-06-09 00:00:00,https://morganstanley.eightfold.ai/careers/job/549798043123
MORGAN_STANLEY,549798043626,Senior Software Engineer (Java) - Parametric,Software Engineering,Alpharetta,GA,United States,onsite,,2026-08-21 18:52:55.494188,2026-06-09 00:00:00,https://morganstanley.eightfold.ai/careers/job/549798043626
MORGAN_STANLEY,549798103607,"Non Producing, Branch Manager",Risk and Compliance,Las Vegas,NV,United States,onsite,,2026-08-21 18:52:56.490986,2026-06-09 00:00:00,https://morganstanley.eightfold.ai/careers/job/549798103607
MORGAN_STANLEY,549798104238,Private Wealth Management Senior Client Relationship Analyst,Operations,Palo Alto,CA,United States,onsite,,2026-08-21 18:52:57.515498,2026-06-09 00:00:00,https://morganstanley.eightfold.ai/careers/job/549798104238
MORGAN_STANLEY,549796685241,"Counterparty Credit Underwriting - xVA, Fixed Income - VP/ED",Risk and Compliance,New York,NY,United States,onsite,,2026-08-21 18:52:58.383834,2026-06-09 00:00:00,https://morganstanley.eightfold.ai/careers/job/549796685241
MORGAN_STANLEY,549798078644,Client Service Associate,Risk and Compliance,Middleton,MA,United States,onsite,,2026-08-21 18:52:59.567093,2026-06-08 00:00:00,https://morganstanley.eightfold.ai/careers/job/549798078644
MORGAN_STANLEY,549797337497,Windows Infrastructure Engineer - Vice President,Cloud and Infrastructure,New York,NY,United States,onsite,,2026-08-21 18:53:01.605641,2026-06-08 00:00:00,https://morganstanley.eightfold.ai/careers/job/549797337497
MORGAN_STANLEY,549798076801,Associate Private Banker,Sales and Relationship Management,Omaha,NE,United States,onsite,,2026-08-21 18:53:02.727128,2026-06-08 00:00:00,https://morganstanley.eightfold.ai/careers/job/549798076801
MORGAN_STANLEY,549798078240,Registered Client Service Associate,Risk and Compliance,Jacksonville,FL,United States,onsite,,2026-08-21 18:53:03.521830,2026-06-08 00:00:00,https://morganstanley.eightfold.ai/careers/job/549798078240
MORGAN_STANLEY,549798103458,"Morgan Stanley Real Estate Investing – Associate, Acquisitions",Sales and Relationship Management,Los Angeles,CA,United States,onsite,,2026-08-21 18:53:04.559047,2026-06-08 00:00:00,https://morganstanley.eightfold.ai/careers/job/549798103458
MORGAN_STANLEY,549798078409,"Business Analyst – Offers Platform, Assistant Vice President",Risk and Compliance,Jersey City,NJ,United States,onsite,,2026-08-21 18:53:05.578053,2026-06-05 00:00:00,https://morganstanley.eightfold.ai/careers/job/549798078409
MORGAN_STANLEY,549798019231,Registered Client Service Associate,Risk and Compliance,Honolulu,HI,United States,onsite,,2026-08-21 18:53:06.605723,2026-06-05 00:00:00,https://morganstanley.eightfold.ai/careers/job/549798019231
MORGAN_STANLEY,549797846605,Investment Management Paralegal,Legal,Boston,MA,United States,onsite,,2026-08-21 18:53:07.627703,2026-06-05 00:00:00,https://morganstanley.eightfold.ai/careers/job/549797846605
MORGAN_STANLEY,549798013470,Risk Officer,Risk and Compliance,New York,NY,United States,onsite,,2026-08-21 18:53:08.643864,2026-06-05 00:00:00,https://morganstanley.eightfold.ai/careers/job/549798013470
MORGAN_STANLEY,549785443577,"Vice President, Financial Planning Director - Western Region",Risk and Compliance,Tempe,AZ,United States,onsite,,2026-08-21 18:53:09.687803,2026-06-05 00:00:00,https://morganstanley.eightfold.ai/careers/job/549785443577
MORGAN_STANLEY,549794900168,Client Service Associate,Operations,Portland,ME,United States,onsite,,2026-08-21 18:53:10.667302,2026-06-05 00:00:00,https://morganstanley.eightfold.ai/careers/job/549794900168
MORGAN_STANLEY,549797412651,Data Engineer - Financial Crimes - Associate,Software Engineering,New York,NY,United States,onsite,,2026-08-21 18:53:12.649693,2026-06-05 00:00:00,https://morganstanley.eightfold.ai/careers/job/549797412651
MORGAN_STANLEY,549798001397,General Ledger Technology - Executive Director,Data and AI,New York,NY,United States,onsite,,2026-08-21 18:53:13.633229,2026-06-05 00:00:00,https://morganstanley.eightfold.ai/careers/job/549798001397
MORGAN_STANLEY,549798064265,Wealth Management Strategic Solutions Product Owner/Business Analyst - Associate,Product Management,Harrison,NY,United States,onsite,,2026-08-21 18:53:14.937011,2026-06-05 00:00:00,https://morganstanley.eightfold.ai/careers/job/549798064265
MORGAN_STANLEY,549798074852,Non-Agency CMBS Trading - Fixed Income Division - Analyst/Associate,Risk and Compliance,New York,NY,United States,onsite,,2026-08-21 18:53:15.651865,2026-06-05 00:00:00,https://morganstanley.eightfold.ai/careers/job/549798074852
MORGAN_STANLEY,549798008549,"Global Capital Markets – Healthcare Equity Capital Markets, VP",Risk and Compliance,New York,NY,United States,onsite,,2026-08-21 18:53:16.687214,2026-06-04 00:00:00,https://morganstanley.eightfold.ai/careers/job/549798008549
MORGAN_STANLEY,549797920364,Registered Client Service Associate,Risk and Compliance,Albuquerque,NM,United States,onsite,,2026-08-21 18:53:17.712478,2026-06-04 00:00:00,https://morganstanley.eightfold.ai/careers/job/549797920364
MORGAN_STANLEY,549798013565,Risk Officer,Risk and Compliance,San Jose,CA,United States,onsite,,2026-08-21 18:53:18.602527,2026-06-04 00:00:00,https://morganstanley.eightfold.ai/careers/job/549798013565
MORGAN_STANLEY,549798039948,Bank Rails - Account Funding Product Owner - Vice President,Product Management,New York,NY,United States,onsite,,2026-08-21 18:53:19.718569,2026-06-04 00:00:00,https://morganstanley.eightfold.ai/careers/job/549798039948
MORGAN_STANLEY,549796459157,Registered Client Service Associate,Risk and Compliance,Houston,TX,United States,onsite,,2026-08-21 18:53:20.721233,2026-06-04 00:00:00,https://morganstanley.eightfold.ai/careers/job/549796459157
MORGAN_STANLEY,549795408804,Solidity / Go Developer –Director Level,Software Engineering,Menlo Park,CA,United States,onsite,,2026-08-21 18:53:21.706504,2026-06-04 00:00:00,https://morganstanley.eightfold.ai/careers/job/549795408804
MORGAN_STANLEY,549797892250,Senior Platform Engineer - Parametric,Cloud and Infrastructure,Seattle,WA,United States,hybrid,,2026-08-21 18:53:23.819625,2026-06-03 00:00:00,https://morganstanley.eightfold.ai/careers/job/549797892250
MORGAN_STANLEY,549797905010,Risk Analyst,Risk and Compliance,New York,NY,United States,onsite,,2026-08-21 18:53:24.642490,2026-06-03 00:00:00,https://morganstanley.eightfold.ai/careers/job/549797905010
MORGAN_STANLEY,549797765531,Investment Banking Media & Communications Senior Associate / Vice President – Los Angeles,Other,Los Angeles,CA,United States,onsite,,2026-08-21 18:53:25.652268,2026-06-03 00:00:00,https://morganstanley.eightfold.ai/careers/job/549797765531
MORGAN_STANLEY,549797369098,Registered Client Service Associate,Risk and Compliance,Greenwood Village,CO,United States,onsite,,2026-08-21 18:53:26.791130,2026-06-03 00:00:00,https://morganstanley.eightfold.ai/careers/job/549797369098
MORGAN_STANLEY,549796800440,Director Change Agent - US Banks External Reporting,Risk and Compliance,New York,NY,United States,hybrid,,2026-08-21 18:53:27.943014,2026-06-03 00:00:00,https://morganstanley.eightfold.ai/careers/job/549796800440
MORGAN_STANLEY,549795512350,Registered Client Service Associate,Risk and Compliance,Bethesda,MD,United States,onsite,,2026-08-21 18:53:28.759026,2026-06-03 00:00:00,https://morganstanley.eightfold.ai/careers/job/549795512350
MORGAN_STANLEY,549795934366,Wealth Management Associate,Sales and Relationship Management,Atlanta,GA,United States,onsite,,2026-08-21 18:53:29.889162,2026-06-03 00:00:00,https://morganstanley.eightfold.ai/careers/job/549795934366
MORGAN_STANLEY,549797662999,WM Escheatment Operations- Associate,Risk and Compliance,Baltimore,MD,United States,onsite,,2026-08-21 18:53:30.897565,2026-06-03 00:00:00,https://morganstanley.eightfold.ai/careers/job/549797662999
MORGAN_STANLEY,549797996204,Business Service Officer,Risk and Compliance,West Palm Beach,FL,United States,onsite,,2026-08-21 18:53:31.823195,2026-06-03 00:00:00,https://morganstanley.eightfold.ai/careers/job/549797996204
MORGAN_STANLEY,549798014316,"Credit Risk: ISG Lending, CRE – Vice President",Risk and Compliance,New York,NY,United States,onsite,,2026-08-21 18:53:32.736676,2026-06-03 00:00:00,https://morganstanley.eightfold.ai/careers/job/549798014316
MORGAN_STANLEY,549797995983,Registered Client Relationship Analyst,Risk and Compliance,Indianapolis,IN,United States,onsite,,2026-08-21 18:53:34.712507,2026-06-02 00:00:00,https://morganstanley.eightfold.ai/careers/job/549797995983
MORGAN_STANLEY,549797487031,"ED, Commodities Attorney",Legal,New York,NY,United States,onsite,,2026-08-21 18:53:35.727772,2026-06-01 00:00:00,https://morganstanley.eightfold.ai/careers/job/549797487031
MORGAN_STANLEY,549797933122,"Investment Banking Vice President – Latin America Coverage, New York",Other,New York,NY,United States,onsite,,2026-08-21 18:53:36.829543,2026-05-29 00:00:00,https://morganstanley.eightfold.ai/careers/job/549797933122
MORGAN_STANLEY,549797922868,Wealth Management Associate,Sales and Relationship Management,Toms River,NJ,United States,onsite,,2026-08-21 18:53:37.938245,2026-05-29 00:00:00,https://morganstanley.eightfold.ai/careers/job/549797922868
MORGAN_STANLEY,549797805343,Quantitative Desk Strategist - Fixed Income - Associate,Operations,New York,NY,United States,onsite,,2026-08-21 18:53:38.889706,2026-05-29 00:00:00,https://morganstanley.eightfold.ai/careers/job/549797805343
MORGAN_STANLEY,549797855371,Group Director,Other,San Francisco,CA,United States,onsite,,2026-08-21 18:53:39.906220,2026-05-29 00:00:00,https://morganstanley.eightfold.ai/careers/job/549797855371
MORGAN_STANLEY,549797930985,Client Relationship Analyst,Operations,Boston,MA,United States,onsite,,2026-08-21 18:53:40.831447,2026-05-29 00:00:00,https://morganstanley.eightfold.ai/careers/job/549797930985
MORGAN_STANLEY,549797929308,Head of Residential Mortgage and Consumer Portfolio Management - FID Secured Lending - Executive Director,Cloud and Infrastructure,New York,NY,United States,onsite,,2026-08-21 18:53:41.961926,2026-05-29 00:00:00,https://morganstanley.eightfold.ai/careers/job/549797929308
MORGAN_STANLEY,549797899719,PWM Registered Client Service Associate,Risk and Compliance,West Conshohocken,PA,United States,onsite,,2026-08-21 18:53:42.970587,2026-05-28 00:00:00,https://morganstanley.eightfold.ai/careers/job/549797899719
MORGAN_STANLEY,549797921687,Registered Client Service Associate,Risk and Compliance,Shrewsbury,NJ,United States,onsite,,2026-08-21 18:53:44.021581,2026-05-28 00:00:00,https://morganstanley.eightfold.ai/careers/job/549797921687
MORGAN_STANLEY,549797803719,Client Service Associate,Operations,San Jose,CA,United States,onsite,,2026-08-21 18:53:46.048868,2026-05-28 00:00:00,https://morganstanley.eightfold.ai/careers/job/549797803719
MORGAN_STANLEY,549797541899,Lead Solution Manager - Parametric,Project and Program Management,Seattle,WA,United States,onsite,,2026-08-21 18:53:46.998174,2026-05-27 00:00:00,https://morganstanley.eightfold.ai/careers/job/549797541899
MORGAN_STANLEY,549797802584,Product Owner Crypto - Assistant Vice President,Risk and Compliance,Harrison,NY,United States,onsite,,2026-08-21 18:53:47.913239,2026-05-27 00:00:00,https://morganstanley.eightfold.ai/careers/job/549797802584
MORGAN_STANLEY,549797890655,Ultra High Net Worth Executive Financial Services Rule 10b5-1 Strategy Associate,Risk and Compliance,Sandy,UT,United States,onsite,,2026-08-21 18:53:48.921355,2026-05-27 00:00:00,https://morganstanley.eightfold.ai/careers/job/549797890655
MORGAN_STANLEY,549797740183,Smart Buildings Engineer - Corporate Real Estate - Director,Risk and Compliance,New York,NY,United States,onsite,,2026-08-21 18:53:50.033410,2026-05-27 00:00:00,https://morganstanley.eightfold.ai/careers/job/549797740183
MORGAN_STANLEY,549797887690,Product Owner Advisory Platforms - Vice President,Risk and Compliance,Harrison,NY,United States,onsite,,2026-08-21 18:53:50.871484,2026-05-26 00:00:00,https://morganstanley.eightfold.ai/careers/job/549797887690
MORGAN_STANLEY,549797858439,Digital Assets Vendor & Fiduciary Oversight Associate,Risk and Compliance,Dallas,TX,United States,onsite,,2026-08-21 18:53:52.081421,2026-05-26 00:00:00,https://morganstanley.eightfold.ai/careers/job/549797858439
MORGAN_STANLEY,549797059365,Associate Market Manager,Risk and Compliance,West Conshohocken,PA,United States,onsite,,2026-08-21 18:53:53.116171,2026-05-26 00:00:00,https://morganstanley.eightfold.ai/careers/job/549797059365
MORGAN_STANLEY,549797858414,Digital Assets Vendor and Fiduciary Oversight Director (AVP),Risk and Compliance,Dallas,TX,United States,onsite,,2026-08-21 18:53:54.019836,2026-05-26 00:00:00,https://morganstanley.eightfold.ai/careers/job/549797858414
MORGAN_STANLEY,549796786245,Finance Governance Manager,Risk and Compliance,New York,NY,United States,onsite,,2026-08-21 18:53:55.021194,2026-05-26 00:00:00,https://morganstanley.eightfold.ai/careers/job/549796786245
MORGAN_STANLEY,549797858406,Private Wealth Management Investment Consultant Team Chief Operating Officer,Sales and Relationship Management,Beverly Hills,CA,United States,onsite,,2026-08-21 18:53:57.018249,2026-05-26 00:00:00,https://morganstanley.eightfold.ai/careers/job/549797858406
MORGAN_STANLEY,549797815118,PBG UX Designer Lead - Executive Director,Audit,Harrison,NY,United States,onsite,,2026-08-21 18:53:58.088580,2026-05-25 00:00:00,https://morganstanley.eightfold.ai/careers/job/549797815118
MORGAN_STANLEY,549797718399,"Vice President, Client Services (Operations Manager) - Parametric",Operations,Boston,MA,United States,onsite,,2026-08-21 18:53:59.160828,2026-05-22 00:00:00,https://morganstanley.eightfold.ai/careers/job/549797718399
MORGAN_STANLEY,549797500629,AVP- CAO/COO- Wealth Management Operations- TEMCO,Risk and Compliance,New York,NY,United States,onsite,,2026-08-21 18:54:00.189285,2026-05-21 00:00:00,https://morganstanley.eightfold.ai/careers/job/549797500629
MORGAN_STANLEY,549786351747,Client Service Associate,Operations,Syracuse,NY,United States,onsite,,2026-08-21 18:54:01.197404,2026-05-21 00:00:00,https://morganstanley.eightfold.ai/careers/job/549786351747
MORGAN_STANLEY,549797792160,Wealth Management Branch Examiner,Risk and Compliance,Houston,TX,United States,onsite,,2026-08-21 18:54:02.233313,2026-05-20 00:00:00,https://morganstanley.eightfold.ai/careers/job/549797792160
MORGAN_STANLEY,549797638897,Client Reporting Product Owner - Vice President,Product Management,Harrison,NY,United States,onsite,,2026-08-21 18:54:03.200830,2026-05-20 00:00:00,https://morganstanley.eightfold.ai/careers/job/549797638897
MORGAN_STANLEY,549797713788,Registered Client Relationship Analyst,Risk and Compliance,Pittsburgh,PA,United States,onsite,,2026-08-21 18:54:04.111739,2026-05-20 00:00:00,https://morganstanley.eightfold.ai/careers/job/549797713788
MORGAN_STANLEY,549797733364,Registered Client Service Associate,Risk and Compliance,Lafayette,LA,United States,onsite,,2026-08-21 18:54:05.121144,2026-05-20 00:00:00,https://morganstanley.eightfold.ai/careers/job/549797733364
MORGAN_STANLEY,549797801780,"Product Owner, Quotes & Research (QNR) - Assistant Vice President",Risk and Compliance,Harrison,NY,United States,onsite,,2026-08-21 18:54:06.173155,2026-05-20 00:00:00,https://morganstanley.eightfold.ai/careers/job/549797801780
MORGAN_STANLEY,549797759254,Principal Data Engineer - Parametric,Data and AI,Seattle,WA,United States,onsite,,2026-08-21 18:54:08.177724,2026-05-19 00:00:00,https://morganstanley.eightfold.ai/careers/job/549797759254
MORGAN_STANLEY,549797638856,Asset Movement Platforms Product Owner - Assistant Vice President,Risk and Compliance,Harrison,NY,United States,onsite,,2026-08-21 18:54:09.042417,2026-05-19 00:00:00,https://morganstanley.eightfold.ai/careers/job/549797638856
MORGAN_STANLEY,549797758711,Client Relationship Analyst,Operations,Utica,NY,United States,onsite,,2026-08-21 18:54:10.068625,2026-05-19 00:00:00,https://morganstanley.eightfold.ai/careers/job/549797758711
MORGAN_STANLEY,549797542285,Registered Client Service Associate,Risk and Compliance,New Orleans,LA,United States,onsite,,2026-08-21 18:54:11.271665,2026-05-19 00:00:00,https://morganstanley.eightfold.ai/careers/job/549797542285
MORGAN_STANLEY,549797769585,Portfolio Specialist – Client Strategy,Sales and Relationship Management,New York,NY,United States,onsite,,2026-08-21 18:54:12.198448,2026-05-18 00:00:00,https://morganstanley.eightfold.ai/careers/job/549797769585
MORGAN_STANLEY,549797787115,"CLO Warehouse Lending, Securitized Products Group, Fixed Income Division - Analyst/Associate",Risk and Compliance,New York,NY,United States,onsite,,2026-08-21 18:54:13.203297,2026-05-18 00:00:00,https://morganstanley.eightfold.ai/careers/job/549797787115
MORGAN_STANLEY,549797319751,Business Development Manager - Soundview,Sales and Relationship Management,Harrison,NY,United States,onsite,,2026-08-21 18:54:14.179517,2026-05-18 00:00:00,https://morganstanley.eightfold.ai/careers/job/549797319751
MORGAN_STANLEY,549797675418,"VP - Cyber, Technology, and Information Risk Manager",Risk and Compliance,Alpharetta,GA,United States,onsite,,2026-08-21 18:54:15.131060,2026-05-18 00:00:00,https://morganstanley.eightfold.ai/careers/job/549797675418
MORGAN_STANLEY,549797737821,Service Associate,Risk and Compliance,Pepper Pike,OH,United States,onsite,,2026-08-21 18:54:16.212799,2026-05-18 00:00:00,https://morganstanley.eightfold.ai/careers/job/549797737821
MORGAN_STANLEY,549795332163,Associate Service Manager,Risk and Compliance,Colchester,VT,United States,onsite,,2026-08-21 18:54:17.281282,2026-05-15 00:00:00,https://morganstanley.eightfold.ai/careers/job/549795332163
MORGAN_STANLEY,549785443576,"Vice President, Financial Planning Director - Mid America Region",Risk and Compliance,Chicago,IL,United States,onsite,,2026-08-21 18:54:19.271739,2026-05-14 00:00:00,https://morganstanley.eightfold.ai/careers/job/549785443576
MORGAN_STANLEY,549797488521,"Morgan Stanley at Work, UX Designer – Vice President",Data and AI,Harrison,NY,United States,onsite,,2026-08-21 18:54:20.296597,2026-05-14 00:00:00,https://morganstanley.eightfold.ai/careers/job/549797488521
MORGAN_STANLEY,549797700639,"Digital Direct Individual Retirement Product, AVP",Risk and Compliance,Sandy,UT,United States,onsite,,2026-08-21 18:54:21.140407,2026-05-14 00:00:00,https://morganstanley.eightfold.ai/careers/job/549797700639
MORGAN_STANLEY,549797713895,"VP, WM Litigation Attorney",Legal,St. Petersburg,FL,United States,onsite,,2026-08-21 18:54:22.410043,2026-05-13 00:00:00,https://morganstanley.eightfold.ai/careers/job/549797713895
MORGAN_STANLEY,549795946919,"Institutional Client Specialist, Associate/AVP - Arizona",Risk and Compliance,Tempe,AZ,United States,onsite,,2026-08-21 18:54:23.289163,2026-05-13 00:00:00,https://morganstanley.eightfold.ai/careers/job/549795946919
MORGAN_STANLEY,549796892785,Risk Officer,Risk and Compliance,Nashville,TN,United States,onsite,,2026-08-21 18:54:24.351306,2026-05-13 00:00:00,https://morganstanley.eightfold.ai/careers/job/549796892785
MORGAN_STANLEY,549783183194,"Institutional Client Specialist, Associate/AVP - Utah",Risk and Compliance,Tempe,AZ,United States,onsite,,2026-08-21 18:54:25.299804,2026-05-13 00:00:00,https://morganstanley.eightfold.ai/careers/job/549783183194
MORGAN_STANLEY,549797713192,Registered Client Relationship Analyst,Operations,Indianapolis,IN,United States,onsite,,2026-08-21 18:54:26.251974,2026-05-13 00:00:00,https://morganstanley.eightfold.ai/careers/job/549797713192
MORGAN_STANLEY,549797739457,Associate Market Manager,Risk and Compliance,Birmingham,MI,United States,onsite,,2026-08-21 18:54:27.298786,2026-05-13 00:00:00,https://morganstanley.eightfold.ai/careers/job/549797739457
MORGAN_STANLEY,549797638889,Corporate Lending associate,Risk and Compliance,New York,NY,United States,onsite,,2026-08-21 18:54:28.332959,2026-05-12 00:00:00,https://morganstanley.eightfold.ai/careers/job/549797638889
MORGAN_STANLEY,549797628522,Electronic Trading Risk Management Associate,Risk and Compliance,New York,NY,United States,onsite,,2026-08-21 18:54:30.328813,2026-05-12 00:00:00,https://morganstanley.eightfold.ai/careers/job/549797628522
MORGAN_STANLEY,549797703412,Associate Market Manager,Risk and Compliance,New York,NY,United States,onsite,,2026-08-21 18:54:31.357369,2026-05-11 00:00:00,https://morganstanley.eightfold.ai/careers/job/549797703412
MORGAN_STANLEY,549797060572,Client Relationship Analyst,Operations,Worcester,MA,United States,onsite,,2026-08-21 18:54:32.340838,2026-05-11 00:00:00,https://morganstanley.eightfold.ai/careers/job/549797060572
MORGAN_STANLEY,549797666470,Deposit Product- Associate,Risk and Compliance,New York,NY,United States,hybrid,,2026-08-21 18:54:33.367695,2026-05-11 00:00:00,https://morganstanley.eightfold.ai/careers/job/549797666470
MORGAN_STANLEY,549797588238,Public Markets Middle Office- Equity Investment Team Director (AVP),Operations,Boston,MA,United States,onsite,,2026-08-21 18:54:34.376391,2026-05-08 00:00:00,https://morganstanley.eightfold.ai/careers/job/549797588238
MORGAN_STANLEY,549782979227,"Financial Services Representative - SIE (Chicago, IL)",Risk and Compliance,Chicago,IL,United States,onsite,,2026-08-21 18:54:35.401786,2026-05-08 00:00:00,https://morganstanley.eightfold.ai/careers/job/549782979227
MORGAN_STANLEY,549797639411,Client Relationship Analyst,Operations,Garden City,NY,United States,onsite,,2026-08-21 18:54:36.407377,2026-05-08 00:00:00,https://morganstanley.eightfold.ai/careers/job/549797639411
MORGAN_STANLEY,549797675693,Document Negotiator - Fixed Income Division -  Associate or Vice President,Legal,New York,NY,United States,onsite,,2026-08-21 18:54:37.462867,2026-05-08 00:00:00,https://morganstanley.eightfold.ai/careers/job/549797675693
MORGAN_STANLEY,549797674576,Registered Client Relationship Analyst,Operations,Hudson,OH,United States,onsite,,2026-08-21 18:54:38.407368,2026-05-08 00:00:00,https://morganstanley.eightfold.ai/careers/job/549797674576
MORGAN_STANLEY,549797675625,IED - Prime Brokerage - Client Services,Operations,New York,NY,United States,onsite,,2026-08-21 18:54:39.451666,2026-05-08 00:00:00,https://morganstanley.eightfold.ai/careers/job/549797675625
MORGAN_STANLEY,549797565675,xVA Trading - Fixed Income Division - Associate or Vice President,Risk and Compliance,New York,NY,United States,onsite,,2026-08-21 18:54:41.422957,2026-05-07 00:00:00,https://morganstanley.eightfold.ai/careers/job/549797565675
MORGAN_STANLEY,549797661760,"Strategy and Execution, AVP",Risk and Compliance,Harrison,NY,United States,onsite,,2026-08-21 18:54:42.470887,2026-05-07 00:00:00,https://morganstanley.eightfold.ai/careers/job/549797661760
MORGAN_STANLEY,549797565648,Senior AI Engineer,Data and AI,New York,NY,United States,onsite,,2026-08-21 18:54:43.513700,2026-05-06 00:00:00,https://morganstanley.eightfold.ai/careers/job/549797565648
MORGAN_STANLEY,549796263350,Network Engineer,Risk and Compliance,New York,NY,United States,onsite,,2026-08-21 18:54:44.458333,2026-05-06 00:00:00,https://morganstanley.eightfold.ai/careers/job/549796263350
MORGAN_STANLEY,549797651097,Derivatives Quantitative Strategist - Institutional Equity - Associate / Vice President,Software Engineering,New York,NY,United States,onsite,,2026-08-21 18:54:45.456469,2026-05-06 00:00:00,https://morganstanley.eightfold.ai/careers/job/549797651097
MORGAN_STANLEY,549797562957,Model Risk Control Specialist,Risk and Compliance,Baltimore,MD,United States,onsite,,2026-08-21 18:54:46.672931,2026-05-05 00:00:00,https://morganstanley.eightfold.ai/careers/job/549797562957
MORGAN_STANLEY,549797638778,Digital Assets Product Owner - Vice President,Risk and Compliance,Harrison,NY,United States,onsite,,2026-08-21 18:54:47.621382,2026-05-05 00:00:00,https://morganstanley.eightfold.ai/careers/job/549797638778
MORGAN_STANLEY,549797638787,"MSIM - Passport Equity Investment Analyst, VP",Risk and Compliance,New York,NY,United States,onsite,,2026-08-21 18:54:48.416282,2026-05-05 00:00:00,https://morganstanley.eightfold.ai/careers/job/549797638787
MORGAN_STANLEY,549794957563,"Director, Software Engineer",Software Engineering,Chicago,IL,United States,onsite,,2026-08-21 18:54:49.501634,2026-05-04 00:00:00,https://morganstanley.eightfold.ai/careers/job/549794957563
MORGAN_STANLEY,549797577777,Investment Management Attorney,Legal,New York,NY,United States,onsite,,2026-08-21 18:54:50.548300,2026-05-04 00:00:00,https://morganstanley.eightfold.ai/careers/job/549797577777
MORGAN_STANLEY,549797577859,"VP, Public Markets Attorney",Risk and Compliance,New York,NY,United States,onsite,,2026-08-21 18:54:52.513362,2026-05-04 00:00:00,https://morganstanley.eightfold.ai/careers/job/549797577859
MORGAN_STANLEY,549797577879,"VP, Private Markets Attorney",Legal,New York,NY,United States,onsite,,2026-08-21 18:54:53.547283,2026-05-04 00:00:00,https://morganstanley.eightfold.ai/careers/job/549797577879
MORGAN_STANLEY,549786235302,"Financial Planning Service Desk, Analyst/Associate, Global Investment Office",Other,Baltimore,MD,United States,onsite,,2026-08-21 18:54:54.572753,2026-05-01 00:00:00,https://morganstanley.eightfold.ai/careers/job/549786235302
MORGAN_STANLEY,549795125489,Lead Cyber Security Engineer,Cybersecurity,Alpharetta,GA,United States,hybrid,,2026-08-21 18:54:55.568426,2026-05-01 00:00:00,https://morganstanley.eightfold.ai/careers/job/549795125489
MORGAN_STANLEY,549797336723,Internal Communications Associate - Wealth Management Corporate Communications,Risk and Compliance,Harrison,NY,United States,onsite,,2026-08-21 18:54:56.612707,2026-04-30 00:00:00,https://morganstanley.eightfold.ai/careers/job/549797336723
MORGAN_STANLEY,549797574992,MSIM - Private Credit- Finance Associate,Operations,New York,NY,United States,onsite,,2026-08-21 18:54:57.636681,2026-04-30 00:00:00,https://morganstanley.eightfold.ai/careers/job/549797574992
MORGAN_STANLEY,549797499269,Senior Cloud Engineer (AWS / Azure / GCP) - VP,Cloud and Infrastructure,New York,NY,United States,onsite,,2026-08-21 18:54:58.657617,2026-04-29 00:00:00,https://morganstanley.eightfold.ai/careers/job/549797499269
MORGAN_STANLEY,549797444227,Education Specialist - Vice President,Risk and Compliance,Alpharetta,GA,United States,onsite,,2026-08-21 18:54:59.643791,2026-04-29 00:00:00,https://morganstanley.eightfold.ai/careers/job/549797444227
MORGAN_STANLEY,549797574357,Art Director - Investment Management Global Marketing Strategy - Vice President,Risk and Compliance,Seattle,WA,United States,onsite,,2026-08-21 18:55:00.640658,2026-04-29 00:00:00,https://morganstanley.eightfold.ai/careers/job/549797574357
MORGAN_STANLEY,549795550617,Registered Client Service Associate,Risk and Compliance,Riverside,CA,United States,onsite,,2026-08-21 18:55:01.904217,2026-04-28 00:00:00,https://morganstanley.eightfold.ai/careers/job/549795550617
MORGAN_STANLEY,549795560019,Firm Market Risk Technology – Lead Engineer (Vice President),Risk and Compliance,New York,NY,United States,onsite,,2026-08-21 18:55:03.650842,2026-04-28 00:00:00,https://morganstanley.eightfold.ai/careers/job/549795560019
MORGAN_STANLEY,549794556243,Associate Market Manager,Risk and Compliance,Harrison,NY,United States,onsite,,2026-08-21 18:55:04.694008,2026-04-27 00:00:00,https://morganstanley.eightfold.ai/careers/job/549794556243
MORGAN_STANLEY,549797266784,Vice President - Fixed Income/Municipal Securities Software Engineer,Software Engineering,New York,NY,United States,onsite,,2026-08-21 18:55:05.646720,2026-04-27 00:00:00,https://morganstanley.eightfold.ai/careers/job/549797266784
MORGAN_STANLEY,549797475956,Principal Technical Program Manager - Parametric,Project and Program Management,Alpharetta,GA,United States,hybrid,,2026-08-21 18:55:06.668681,2026-04-27 00:00:00,https://morganstanley.eightfold.ai/careers/job/549797475956
MORGAN_STANLEY,549797542970,Investment Banking Insurance Associate / Vice President - New York,Sales and Relationship Management,New York,NY,United States,onsite,,2026-08-21 18:55:07.690124,2026-04-27 00:00:00,https://morganstanley.eightfold.ai/careers/job/549797542970
MORGAN_STANLEY,549796794272,Associate UX Designer – Client Platform,Risk and Compliance,Harrison,NY,United States,onsite,,2026-08-21 18:55:08.700808,2026-04-27 00:00:00,https://morganstanley.eightfold.ai/careers/job/549796794272
MORGAN_STANLEY,549797365990,"VP, Digital Assets Operational Risk",Risk and Compliance,Dallas,TX,United States,onsite,,2026-08-21 18:55:09.685903,2026-04-24 00:00:00,https://morganstanley.eightfold.ai/careers/job/549797365990
MORGAN_STANLEY,549796919234,Operations Associate - Parametric,Operations,Seattle,WA,United States,onsite,,2026-08-21 18:55:10.732076,2026-04-24 00:00:00,https://morganstanley.eightfold.ai/careers/job/549796919234
MORGAN_STANLEY,549797390675,"Product Manager, Digital Lending Platforms – Vice President",Risk and Compliance,Harrison,NY,United States,onsite,,2026-08-21 18:55:11.742993,2026-04-24 00:00:00,https://morganstanley.eightfold.ai/careers/job/549797390675
MORGAN_STANLEY,549797317698,"Client Engagement Analytics, Vice President",Operations,Jersey City,NJ,United States,onsite,,2026-08-21 18:55:12.736362,2026-04-23 00:00:00,https://morganstanley.eightfold.ai/careers/job/549797317698
MORGAN_STANLEY,549797486986,Registered Client Service Associate,Risk and Compliance,Boca Raton,FL,United States,onsite,,2026-08-21 18:55:14.730459,2026-04-23 00:00:00,https://morganstanley.eightfold.ai/careers/job/549797486986
MORGAN_STANLEY,549797487977,Investment Consultant - Relationship Manager,Sales and Relationship Management,San Francisco,CA,United States,onsite,,2026-08-21 18:55:15.733055,2026-04-23 00:00:00,https://morganstanley.eightfold.ai/careers/job/549797487977
MORGAN_STANLEY,549797390687,Registered Client Service Associate,Risk and Compliance,Pleasanton,CA,United States,onsite,,2026-08-21 18:55:16.736563,2026-04-22 00:00:00,https://morganstanley.eightfold.ai/careers/job/549797390687
MORGAN_STANLEY,549797213670,Site Reliability Engineer (SRE) - AI Platform & Cloud,Cloud and Infrastructure,Alpharetta,GA,United States,onsite,,2026-08-21 18:55:17.794360,2026-04-21 00:00:00,https://morganstanley.eightfold.ai/careers/job/549797213670
MORGAN_STANLEY,549797368451,"ED, Regional Compliance Officer (Northeast)",Risk and Compliance,Harrison,NY,United States,onsite,,2026-08-21 18:55:18.793606,2026-04-21 00:00:00,https://morganstanley.eightfold.ai/careers/job/549797368451
MORGAN_STANLEY,549795907156,Capital Planning - Associate (CCAR Governance),Risk and Compliance,New York,NY,United States,onsite,,2026-08-21 18:55:19.738431,2026-04-21 00:00:00,https://morganstanley.eightfold.ai/careers/job/549795907156
MORGAN_STANLEY,549796873006,Complex Trade Support Client Relationship Manager,Sales and Relationship Management,Chicago,IL,United States,onsite,,2026-08-21 18:55:20.746377,2026-04-21 00:00:00,https://morganstanley.eightfold.ai/careers/job/549796873006
MORGAN_STANLEY,549795500399,Investment Banking M&A Associate – New York,Finance and Accounting,New York,NY,United States,onsite,,2026-08-21 18:55:22.157011,2026-04-21 00:00:00,https://morganstanley.eightfold.ai/careers/job/549795500399
MORGAN_STANLEY,549797380951,Private Wealth Management Team Administrator,Operations,Chesterfield,MO,United States,onsite,,2026-08-21 18:55:22.744543,2026-04-21 00:00:00,https://morganstanley.eightfold.ai/careers/job/549797380951
MORGAN_STANLEY,549794587142,VP Change Agent - US Banks Performance Reporting,Risk and Compliance,New York,NY,United States,hybrid,,2026-08-21 18:55:23.788743,2026-04-20 00:00:00,https://morganstanley.eightfold.ai/careers/job/549794587142
MORGAN_STANLEY,549797337941,Investment Due Diligence Analyst,Risk and Compliance,Harrison,NY,United States,onsite,,2026-08-21 18:55:25.789889,2026-04-20 00:00:00,https://morganstanley.eightfold.ai/careers/job/549797337941
MORGAN_STANLEY,549797368096,"Investment Consultant, Estate Planning Specialist",Risk and Compliance,Knoxville,TN,United States,onsite,,2026-08-21 18:55:26.808676,2026-04-20 00:00:00,https://morganstanley.eightfold.ai/careers/job/549797368096
MORGAN_STANLEY,549793619152,"Director, Lead Software Engineer",Software Engineering,New York,NY,United States,onsite,,2026-08-21 18:55:27.833846,2026-04-17 00:00:00,https://morganstanley.eightfold.ai/careers/job/549793619152
MORGAN_STANLEY,549797058139,"VP, Muni Capital Markets Coverage Attorney",Legal,New York,NY,United States,onsite,,2026-08-21 18:55:28.807947,2026-04-16 00:00:00,https://morganstanley.eightfold.ai/careers/job/549797058139
MORGAN_STANLEY,549796962581,Internal Sales Associate,Sales and Relationship Management,Boston,MA,United States,onsite,,2026-08-21 18:55:29.679500,2026-04-16 00:00:00,https://morganstanley.eightfold.ai/careers/job/549796962581
MORGAN_STANLEY,549797058160,"ED, Fixed Income and Securitization Attorney",Legal,New York,NY,United States,onsite,,2026-08-21 18:55:30.807012,2026-04-16 00:00:00,https://morganstanley.eightfold.ai/careers/job/549797058160
MORGAN_STANLEY,549797321054,Portfolio Management Associate,Other,Harrison,NY,United States,onsite,,2026-08-21 18:55:31.793829,2026-04-16 00:00:00,https://morganstanley.eightfold.ai/careers/job/549797321054
MORGAN_STANLEY,549797310792,MSIM- Emerging Markets Debt- Transaction Counsel,Legal,Boston,MA,United States,onsite,,2026-08-21 18:55:32.943719,2026-04-15 00:00:00,https://morganstanley.eightfold.ai/careers/job/549797310792
MORGAN_STANLEY,549796856133,Quantitative AI and Data Analyst - Executive Director,Data and AI,New York,NY,United States,onsite,,2026-08-21 18:55:33.819879,2026-04-15 00:00:00,https://morganstanley.eightfold.ai/careers/job/549796856133
MORGAN_STANLEY,549797060144,Registered Client Service Associate,Operations,San Jose,CA,United States,onsite,,2026-08-21 18:55:34.859321,2026-04-13 00:00:00,https://morganstanley.eightfold.ai/careers/job/549797060144
MORGAN_STANLEY,549797204851,Risk Officer,Risk and Compliance,Los Angeles,CA,United States,onsite,,2026-08-21 18:55:36.949776,2026-04-10 00:00:00,https://morganstanley.eightfold.ai/careers/job/549797204851
MORGAN_STANLEY,549797060587,Wealth Management Associate,Sales and Relationship Management,Worcester,MA,United States,onsite,,2026-08-21 18:55:37.971395,2026-04-09 00:00:00,https://morganstanley.eightfold.ai/careers/job/549797060587
MORGAN_STANLEY,549796871327,Director (AVP) - Investment Management Operations,Operations,New York,NY,United States,onsite,,2026-08-21 18:55:38.885785,2026-04-08 00:00:00,https://morganstanley.eightfold.ai/careers/job/549796871327
MORGAN_STANLEY,549796875880,Private Banker - First Vice President,Sales and Relationship Management,Dallas,TX,United States,onsite,,2026-08-21 18:55:39.914906,2026-04-08 00:00:00,https://morganstanley.eightfold.ai/careers/job/549796875880
MORGAN_STANLEY,549796967073,Capital Markets / Private Markets Attorney,Legal,Harrison,NY,United States,onsite,,2026-08-21 18:55:40.935668,2026-04-07 00:00:00,https://morganstanley.eightfold.ai/careers/job/549796967073
MORGAN_STANLEY,549796996827,Digital Assets Strategy - Fixed Income Division - Vice President,Risk and Compliance,New York,NY,United States,onsite,,2026-08-21 18:55:41.922212,2026-04-02 00:00:00,https://morganstanley.eightfold.ai/careers/job/549796996827
MORGAN_STANLEY,549796919473,"ED, Senior Wealth Management Litigation Attorney",Legal,New York,NY,United States,onsite,,2026-08-21 18:55:42.802063,2026-03-31 00:00:00,https://morganstanley.eightfold.ai/careers/job/549796919473
MORGAN_STANLEY,549795237715,C++ Developer,Software Engineering,New York,NY,United States,onsite,,2026-08-21 18:55:43.991507,2026-03-30 00:00:00,https://morganstanley.eightfold.ai/careers/job/549795237715
MORGAN_STANLEY,549796650328,"Product Owner, FA Desktop AI Experience, Executive Director",Risk and Compliance,Harrison,NY,United States,onsite,,2026-08-21 18:55:45.017552,2026-03-30 00:00:00,https://morganstanley.eightfold.ai/careers/job/549796650328
MORGAN_STANLEY,549796917671,Portfolio Associate,Risk and Compliance,Harrison,NY,United States,onsite,,2026-08-21 18:55:45.798773,2026-03-27 00:00:00,https://morganstanley.eightfold.ai/careers/job/549796917671
MORGAN_STANLEY,549796887481,"Branch Manager, Non-Producing",Risk and Compliance,Rockville,MD,United States,onsite,,2026-08-21 18:55:48.023452,2026-03-26 00:00:00,https://morganstanley.eightfold.ai/careers/job/549796887481
MORGAN_STANLEY,549796793192,Executive Director: Finance Audit & Control Oversight Lead,Risk and Compliance,New York,NY,United States,onsite,,2026-08-21 18:55:49.120473,2026-03-25 00:00:00,https://morganstanley.eightfold.ai/careers/job/549796793192
MORGAN_STANLEY,549796842461,Consulting Group Analyst,Sales and Relationship Management,Indianapolis,IN,United States,onsite,,2026-08-21 18:55:49.855257,2026-03-24 00:00:00,https://morganstanley.eightfold.ai/careers/job/549796842461
MORGAN_STANLEY,549796835121,Mortgage Specialist,Risk and Compliance,Dallas,TX,United States,onsite,,2026-08-21 18:55:50.836540,2026-03-23 00:00:00,https://morganstanley.eightfold.ai/careers/job/549796835121
MORGAN_STANLEY,549796611456,Registered Client Service Associate,Risk and Compliance,Morristown,NJ,United States,onsite,,2026-08-21 18:55:52.017609,2026-03-20 00:00:00,https://morganstanley.eightfold.ai/careers/job/549796611456
MORGAN_STANLEY,549796649615,Lead Software Engineer,Software Engineering,New York,NY,United States,onsite,,2026-08-21 18:55:52.931225,2026-03-19 00:00:00,https://morganstanley.eightfold.ai/careers/job/549796649615
MORGAN_STANLEY,549796776090,Market Manager,Risk and Compliance,San Antonio,TX,United States,onsite,,2026-08-21 18:55:53.953869,2026-03-19 00:00:00,https://morganstanley.eightfold.ai/careers/job/549796776090
MORGAN_STANLEY,549786688527,Mortgage Consultant,Risk and Compliance,Dallas,TX,United States,onsite,,2026-08-21 18:55:55.077575,2026-03-18 00:00:00,https://morganstanley.eightfold.ai/careers/job/549786688527
MORGAN_STANLEY,549796476503,Finance Associate,Finance and Accounting,Baltimore,MD,United States,onsite,,2026-08-21 18:55:56.004616,2026-03-18 00:00:00,https://morganstanley.eightfold.ai/careers/job/549796476503
MORGAN_STANLEY,549796621722,"Corporate Treasury Capital Markets, Unsecured Funding - Vice President",Finance and Accounting,New York,NY,United States,onsite,,2026-08-21 18:55:56.923507,2026-03-16 00:00:00,https://morganstanley.eightfold.ai/careers/job/549796621722
MORGAN_STANLEY,549796651482,U.S. Banks Financial Planning & Analysis - Director,Finance and Accounting,New York,NY,United States,onsite,,2026-08-21 18:55:58.994547,2026-03-16 00:00:00,https://morganstanley.eightfold.ai/careers/job/549796651482
MORGAN_STANLEY,549796311108,"Product Owner - Advisory Platforms, VP",Product Management,Harrison,NY,United States,onsite,,2026-08-21 18:56:00.018761,2026-03-11 00:00:00,https://morganstanley.eightfold.ai/careers/job/549796311108
MORGAN_STANLEY,549796588899,Registered Client Relationship Analyst,Risk and Compliance,West Des Moines,IA,United States,onsite,,2026-08-21 18:56:01.018207,2026-03-11 00:00:00,https://morganstanley.eightfold.ai/careers/job/549796588899
MORGAN_STANLEY,549796332211,Lead GenAI Java Developer - VP,Software Engineering,New York,NY,United States,onsite,,2026-08-21 18:56:02.062873,2026-03-10 00:00:00,https://morganstanley.eightfold.ai/careers/job/549796332211
MORGAN_STANLEY,549796500071,Registered Client Service Associate,Risk and Compliance,Palo Alto,CA,United States,onsite,,2026-08-21 18:56:03.059128,2026-03-09 00:00:00,https://morganstanley.eightfold.ai/careers/job/549796500071
MORGAN_STANLEY,549785451300,Executive Relationship Manager,Sales and Relationship Management,Alpharetta,GA,United States,onsite,,2026-08-21 18:56:04.113691,2026-03-05 00:00:00,https://morganstanley.eightfold.ai/careers/job/549785451300
MORGAN_STANLEY,549786046130,Premier Relationship Manager,Sales and Relationship Management,Sandy,UT,United States,onsite,,2026-08-21 18:56:05.055488,2026-03-05 00:00:00,https://morganstanley.eightfold.ai/careers/job/549786046130
MORGAN_STANLEY,549794303674,Client Service Associate,Operations,Colchester,VT,United States,onsite,,2026-08-21 18:56:06.021587,2026-03-04 00:00:00,https://morganstanley.eightfold.ai/careers/job/549794303674
MORGAN_STANLEY,549796455826,"Family Office Resources Generalist, Executive Director",Finance and Accounting,Chicago,IL,United States,onsite,,2026-08-21 18:56:07.049044,2026-03-04 00:00:00,https://morganstanley.eightfold.ai/careers/job/549796455826
MORGAN_STANLEY,549796311101,"UX Designer, Assistant Vice President",Risk and Compliance,Harrison,NY,United States,onsite,,2026-08-21 18:56:08.098134,2026-03-02 00:00:00,https://morganstanley.eightfold.ai/careers/job/549796311101
MORGAN_STANLEY,549796311107,"Digital Banking Product Owner, Vice President",Product Management,New York,NY,United States,onsite,,2026-08-21 18:56:10.123787,2026-02-27 00:00:00,https://morganstanley.eightfold.ai/careers/job/549796311107
MORGAN_STANLEY,549796310124,Vice President - Senior KYC Advisory Officer,Risk and Compliance,Dallas,TX,United States,onsite,,2026-08-21 18:56:11.045089,2026-02-26 00:00:00,https://morganstanley.eightfold.ai/careers/job/549796310124
MORGAN_STANLEY,549795260306,Director of Investments,Other,Harrison,NY,United States,onsite,,2026-08-21 18:56:12.156460,2026-02-13 00:00:00,https://morganstanley.eightfold.ai/careers/job/549795260306
MORGAN_STANLEY,549796044297,Associate Market Manager,Risk and Compliance,Rochester,NY,United States,onsite,,2026-08-21 18:56:13.062268,2026-02-13 00:00:00,https://morganstanley.eightfold.ai/careers/job/549796044297
MORGAN_STANLEY,549783928208,Wealth Management Associate,Sales and Relationship Management,Boston,MA,United States,onsite,,2026-08-21 18:56:14.144178,2026-02-12 00:00:00,https://morganstanley.eightfold.ai/careers/job/549783928208
MORGAN_STANLEY,549795934097,Registered Client Service Associate,Risk and Compliance,Atlanta,GA,United States,onsite,,2026-08-21 18:56:15.108166,2026-02-11 00:00:00,https://morganstanley.eightfold.ai/careers/job/549795934097
MORGAN_STANLEY,549795758541,PWM Client Relationship Analyst,Operations,Boston,MA,United States,onsite,,2026-08-21 18:56:16.179235,2026-02-10 00:00:00,https://morganstanley.eightfold.ai/careers/job/549795758541
MORGAN_STANLEY,549795915290,Private Wealth Management Analyst,Sales and Relationship Management,Seattle,WA,United States,onsite,,2026-08-21 18:56:17.200768,2026-02-10 00:00:00,https://morganstanley.eightfold.ai/careers/job/549795915290
MORGAN_STANLEY,549795938189,PWM Client Service Associate,Risk and Compliance,Boston,MA,United States,onsite,,2026-08-21 18:56:18.229776,2026-02-10 00:00:00,https://morganstanley.eightfold.ai/careers/job/549795938189
MORGAN_STANLEY,549783618899,"Operations - Analyst, Senior Analyst, Associate Client Service - Parametric",Operations,Boston,MA,United States,onsite,,2026-08-21 18:56:19.142368,2026-02-04 00:00:00,https://morganstanley.eightfold.ai/careers/job/549783618899
MORGAN_STANLEY,549783972418,SRU Accounts Team Specialist,Risk and Compliance,South Jordan,UT,United States,hybrid,,2026-08-21 18:56:21.262151,2026-02-03 00:00:00,https://morganstanley.eightfold.ai/careers/job/549783972418
MORGAN_STANLEY,549783972450,SRU Accounts Team Specialist,Risk and Compliance,Columbus,OH,United States,onsite,,2026-08-21 18:56:22.207758,2026-02-03 00:00:00,https://morganstanley.eightfold.ai/careers/job/549783972450
MORGAN_STANLEY,549794974709,Sr Software Developer,Software Engineering,New York,NY,United States,onsite,,2026-08-21 18:56:23.259744,2026-01-29 00:00:00,https://morganstanley.eightfold.ai/careers/job/549794974709
MORGAN_STANLEY,549795531630,"MSIM Tactical Value, Acquisitions Associate (2027 Program)",Cloud and Infrastructure,New York,NY,United States,onsite,,2026-08-21 18:56:24.155811,2026-01-23 00:00:00,https://morganstanley.eightfold.ai/careers/job/549795531630
MORGAN_STANLEY,549795512351,Registered Client Service Associate,Risk and Compliance,San Francisco,CA,United States,onsite,,2026-08-21 18:56:25.185293,2026-01-22 00:00:00,https://morganstanley.eightfold.ai/careers/job/549795512351
MORGAN_STANLEY,549782979343,"Financial Services Representative (Tampa, FL)",Risk and Compliance,Tampa,FL,United States,hybrid,,2026-08-21 18:56:26.272144,2026-01-22 00:00:00,https://morganstanley.eightfold.ai/careers/job/549782979343
MORGAN_STANLEY,549794699430,Private Wealth Management Registered Client Service Associate,Risk and Compliance,Boston,MA,United States,onsite,,2026-08-21 18:56:27.233723,2025-12-08 00:00:00,https://morganstanley.eightfold.ai/careers/job/549794699430
MORGAN_STANLEY,549794900490,Registered Client Service Associate,Risk and Compliance,Toms River,NJ,United States,onsite,,2026-08-21 18:56:28.265465,2025-12-05 00:00:00,https://morganstanley.eightfold.ai/careers/job/549794900490
MORGAN_STANLEY,549794303664,Registered Client Service Associate,Risk and Compliance,Colchester,VT,United States,onsite,,2026-08-21 18:56:29.283854,2025-12-03 00:00:00,https://morganstanley.eightfold.ai/careers/job/549794303664
MORGAN_STANLEY,549794699473,Private Wealth Management Wealth Management Associate,Sales and Relationship Management,Boston,MA,United States,onsite,,2026-08-21 18:56:30.309069,2025-11-18 00:00:00,https://morganstanley.eightfold.ai/careers/job/549794699473
MORGAN_STANLEY,549794515319,"Branch Manager, Producing",Risk and Compliance,Lexington,KY,United States,onsite,,2026-08-21 18:56:32.206653,2025-11-03 00:00:00,https://morganstanley.eightfold.ai/careers/job/549794515319
MORGAN_STANLEY,549794515322,Resident Manager,Risk and Compliance,Kingsport,TN,United States,onsite,,2026-08-21 18:56:33.219036,2025-11-03 00:00:00,https://morganstanley.eightfold.ai/careers/job/549794515322
MORGAN_STANLEY,549794515329,"Branch Manager, Producing",Risk and Compliance,Bowling Green,KY,United States,onsite,,2026-08-21 18:56:34.228547,2025-11-03 00:00:00,https://morganstanley.eightfold.ai/careers/job/549794515329
MORGAN_STANLEY,549783940044,Wealth Management Associate,Risk and Compliance,Menlo Park,CA,United States,onsite,,2026-08-21 18:56:35.209877,2025-10-30 00:00:00,https://morganstanley.eightfold.ai/careers/job/549783940044
MORGAN_STANLEY,549783940073,Client Service Associate,Operations,Menlo Park,CA,United States,onsite,,2026-08-21 18:56:36.162716,2025-10-30 00:00:00,https://morganstanley.eightfold.ai/careers/job/549783940073
MORGAN_STANLEY,549782996030,Associate Portfolio Manager - Parametric,Finance and Accounting,Alpharetta,GA,United States,onsite,,2026-08-21 18:56:37.221898,2025-10-21 00:00:00,https://morganstanley.eightfold.ai/careers/job/549782996030
MORGAN_STANLEY,549786605658,Global Financial Crimes: Senior KYC Advisory Officer,Risk and Compliance,Dallas,TX,United States,onsite,,2026-08-21 18:56:38.269891,2025-08-22 00:00:00,https://morganstanley.eightfold.ai/careers/job/549786605658
MORGAN_STANLEY,549786547724,Market Manager,Risk and Compliance,Boston,MA,United States,onsite,,2026-08-21 18:56:39.289977,2025-08-13 00:00:00,https://morganstanley.eightfold.ai/careers/job/549786547724
MORGAN_STANLEY,549786051387,Associate Market Manager,Risk and Compliance,Seattle,WA,United States,onsite,,2026-08-21 18:56:40.264236,2025-07-14 00:00:00,https://morganstanley.eightfold.ai/careers/job/549786051387
MORGAN_STANLEY,549783531836,Machine Learning Researcher,Data and AI,New York,NY,United States,onsite,,2026-08-21 18:56:41.284986,2025-03-12 00:00:00,https://morganstanley.eightfold.ai/careers/job/549783531836
