company,source_job_id,title,role_family,city,state,country,workplace_type,employment_type,first_seen_at,source_posted_at,posting_url
BNY,73320,"Associate, Client Processing I",Operations,Lake Mary,FL,United States,unknown,Full time,2026-07-20 19:37:13.092816,2026-07-20 00:00:00,https://eofe.fa.us2.oraclecloud.com/hcmUI/CandidateExperience/en/sites/BNY-Careers/job/73320
BNY,78275,"Senior Vice President, Forward Deployed Engineer",Software Engineering,Pittsburgh,PA,United States,unknown,Full time,2026-07-20 19:37:13.931571,2026-07-20 00:00:00,https://eofe.fa.us2.oraclecloud.com/hcmUI/CandidateExperience/en/sites/BNY-Careers/job/78275
BNY,78304,"Senior Specialist, Client Service",Risk and Compliance,,,United States,unknown,Full time,2026-07-20 19:37:14.825590,2026-07-20 00:00:00,https://eofe.fa.us2.oraclecloud.com/hcmUI/CandidateExperience/en/sites/BNY-Careers/job/78304
BNY,78688,"Vice President, Fund Reporting",Risk and Compliance,Westborough,MA,United States,unknown,Full time,2026-07-20 19:37:15.850591,2026-07-20 00:00:00,https://eofe.fa.us2.oraclecloud.com/hcmUI/CandidateExperience/en/sites/BNY-Careers/job/78688
BNY,78791,"Senior Specialist, Fund/Client Accounting",Finance and Accounting,Boston,MA,United States,unknown,Full time,2026-07-20 19:37:16.948878,2026-07-20 00:00:00,https://eofe.fa.us2.oraclecloud.com/hcmUI/CandidateExperience/en/sites/BNY-Careers/job/78791
BNY,78795,"Senior Specialist, Investor Services Operations",Operations,Boston,MA,United States,unknown,Full time,2026-07-20 19:37:17.905888,2026-07-20 00:00:00,https://eofe.fa.us2.oraclecloud.com/hcmUI/CandidateExperience/en/sites/BNY-Careers/job/78795
BNY,78801,"Vice President, Corporate Actions, Operations - Fund & Investor Solutions",Operations,Pittsburgh,PA,United States,unknown,Full time,2026-07-20 19:37:18.920198,2026-08-10 00:00:00,https://eofe.fa.us2.oraclecloud.com/hcmUI/CandidateExperience/en/sites/BNY-Careers/job/78801
BNY,78802,"Senior Vice President, Fund/Client Accounting Manager",Finance and Accounting,Lake Mary,FL,United States,unknown,Full time,2026-07-20 19:37:20.120585,2026-07-20 00:00:00,https://eofe.fa.us2.oraclecloud.com/hcmUI/CandidateExperience/en/sites/BNY-Careers/job/78802
BNY,78805,"Vice President, Fund/Client Accounting Manager",Finance and Accounting,Lake Mary,FL,United States,unknown,Full time,2026-07-20 19:37:20.908847,2026-07-20 00:00:00,https://eofe.fa.us2.oraclecloud.com/hcmUI/CandidateExperience/en/sites/BNY-Careers/job/78805
BNY,78844,"Senior Specialist, Fund/Client Accounting",Finance and Accounting,Lake Mary,FL,United States,unknown,Full time,2026-07-20 19:37:22.171895,2026-07-20 00:00:00,https://eofe.fa.us2.oraclecloud.com/hcmUI/CandidateExperience/en/sites/BNY-Careers/job/78844
BNY,78846,"Senior Specialist, Fund/Client Accounting",Finance and Accounting,Lake Mary,FL,United States,unknown,Full time,2026-07-20 19:37:22.965935,2026-07-20 00:00:00,https://eofe.fa.us2.oraclecloud.com/hcmUI/CandidateExperience/en/sites/BNY-Careers/job/78846
BNY,79081,"Vice President, FX Platform Sales",Sales and Relationship Management,New York,NY,United States,hybrid,Full time,2026-07-20 19:37:23.959638,2026-07-20 00:00:00,https://eofe.fa.us2.oraclecloud.com/hcmUI/CandidateExperience/en/sites/BNY-Careers/job/79081
BNY,79086,"Specialist, FX Platform Sales",Sales and Relationship Management,New York,NY,United States,hybrid,Full time,2026-07-20 19:37:26.247046,2026-07-20 00:00:00,https://eofe.fa.us2.oraclecloud.com/hcmUI/CandidateExperience/en/sites/BNY-Careers/job/79086
BNY,79182,"Vice President, Information Security",Cybersecurity,Pittsburgh,PA,United States,unknown,Full time,2026-07-20 19:37:26.924205,2026-07-20 00:00:00,https://eofe.fa.us2.oraclecloud.com/hcmUI/CandidateExperience/en/sites/BNY-Careers/job/79182
BNY,79222,"Vice President, Data Transfer, Integration & Quality Manager",Risk and Compliance,New York,NY,United States,hybrid,Full time,2026-07-20 19:37:27.999163,2026-07-20 00:00:00,https://eofe.fa.us2.oraclecloud.com/hcmUI/CandidateExperience/en/sites/BNY-Careers/job/79222
BNY,79242,"Vice President, Fund/Client Accounting Manager",Finance and Accounting,Lake Mary,FL,United States,unknown,Full time,2026-07-20 19:37:29.069835,2026-07-20 00:00:00,https://eofe.fa.us2.oraclecloud.com/hcmUI/CandidateExperience/en/sites/BNY-Careers/job/79242
BNY,79241,"Senior Vice President, Fund/Client Accounting Manager",Finance and Accounting,Lake Mary,FL,United States,unknown,Full time,2026-07-20 19:37:29.974195,2026-07-20 00:00:00,https://eofe.fa.us2.oraclecloud.com/hcmUI/CandidateExperience/en/sites/BNY-Careers/job/79241
BNY,79246,"Vice President, Fund/Client Accounting Manager",Finance and Accounting,Lake Mary,FL,United States,unknown,Full time,2026-07-20 19:37:31.071093,2026-07-20 00:00:00,https://eofe.fa.us2.oraclecloud.com/hcmUI/CandidateExperience/en/sites/BNY-Careers/job/79246
BNY,79247,"Senior Specialist, Fund/Client Accounting",Finance and Accounting,Lake Mary,FL,United States,unknown,Full time,2026-07-20 19:37:31.906177,2026-07-20 00:00:00,https://eofe.fa.us2.oraclecloud.com/hcmUI/CandidateExperience/en/sites/BNY-Careers/job/79247
BNY,79244,"Vice President, Fund/Client Accounting Manager",Finance and Accounting,Lake Mary,FL,United States,unknown,Full time,2026-07-20 19:37:33.016168,2026-07-20 00:00:00,https://eofe.fa.us2.oraclecloud.com/hcmUI/CandidateExperience/en/sites/BNY-Careers/job/79244
BNY,75725,"Director, Fund/Client Accounting",Finance and Accounting,Lake Mary,FL,United States,unknown,Full time,2026-07-20 20:31:28.719658,2026-07-20 00:00:00,https://eofe.fa.us2.oraclecloud.com/hcmUI/CandidateExperience/en/sites/BNY-Careers/job/75725
BNY,79248,"Senior Specialist, Fund/Client Accounting",Finance and Accounting,Lake Mary,FL,United States,unknown,Full time,2026-07-20 21:39:20.661038,2026-07-20 00:00:00,https://eofe.fa.us2.oraclecloud.com/hcmUI/CandidateExperience/en/sites/BNY-Careers/job/79248
BNY,79249,"Senior Specialist, Fund/Client Accounting",Finance and Accounting,Lake Mary,FL,United States,unknown,Full time,2026-07-20 21:39:21.916419,2026-07-20 00:00:00,https://eofe.fa.us2.oraclecloud.com/hcmUI/CandidateExperience/en/sites/BNY-Careers/job/79249
BNY,79336,"Senior Specialist, Client Service Management",Risk and Compliance,Pittsburgh,PA,United States,unknown,Full time,2026-07-20 21:39:22.651811,2026-07-20 00:00:00,https://eofe.fa.us2.oraclecloud.com/hcmUI/CandidateExperience/en/sites/BNY-Careers/job/79336
BNY,79341,"Senior Specialist, Private Banking Team Lead",Risk and Compliance,New York,NY,United States,unknown,Full time,2026-07-20 21:39:23.713144,2026-07-20 00:00:00,https://eofe.fa.us2.oraclecloud.com/hcmUI/CandidateExperience/en/sites/BNY-Careers/job/79341
BNY,79344,"Specialist, Client Processing Representative",Operations,Pittsburgh,PA,United States,hybrid,Full time,2026-07-20 21:39:24.782393,2026-08-06 00:00:00,https://eofe.fa.us2.oraclecloud.com/hcmUI/CandidateExperience/en/sites/BNY-Careers/job/79344
BNY,79345,"Specialist, Cash Processing/Funds Transfer",Operations,Pittsburgh,PA,United States,unknown,Full time,2026-07-20 21:39:25.673781,2026-07-20 00:00:00,https://eofe.fa.us2.oraclecloud.com/hcmUI/CandidateExperience/en/sites/BNY-Careers/job/79345
BNY,79347,"Senior Specialist, IWM Portfolio Analyst",Risk and Compliance,Philadelphia,PA,United States,unknown,Full time,2026-07-20 21:39:26.887861,2026-07-20 00:00:00,https://eofe.fa.us2.oraclecloud.com/hcmUI/CandidateExperience/en/sites/BNY-Careers/job/79347
BNY,79346,"Specialist, Client Processing Representative",Operations,Pittsburgh,PA,United States,hybrid,Full time,2026-07-20 21:39:27.731398,2026-07-20 00:00:00,https://eofe.fa.us2.oraclecloud.com/hcmUI/CandidateExperience/en/sites/BNY-Careers/job/79346
BNY,79350,"Specialist, Client Service Management",Other,Houston,TX,United States,unknown,Full time,2026-07-20 21:39:28.835242,2026-07-20 00:00:00,https://eofe.fa.us2.oraclecloud.com/hcmUI/CandidateExperience/en/sites/BNY-Careers/job/79350
BNY,79380,"Vice President, Fiduciary",Risk and Compliance,Boston,MA,United States,unknown,Full time,2026-07-20 21:39:29.799016,2026-07-20 00:00:00,https://eofe.fa.us2.oraclecloud.com/hcmUI/CandidateExperience/en/sites/BNY-Careers/job/79380
BNY,79384,"Senior Specialist, Fiduciary",Risk and Compliance,New York,NY,United States,unknown,Full time,2026-07-20 21:39:30.898308,2026-07-20 00:00:00,https://eofe.fa.us2.oraclecloud.com/hcmUI/CandidateExperience/en/sites/BNY-Careers/job/79384
BNY,79386,"Vice President, IWM Portfolio Management",Risk and Compliance,San Francisco,CA,United States,unknown,Full time,2026-07-20 21:39:31.810885,2026-07-20 00:00:00,https://eofe.fa.us2.oraclecloud.com/hcmUI/CandidateExperience/en/sites/BNY-Careers/job/79386
BNY,79387,"Specialist, Client Service II",Operations,Pittsburgh,PA,United States,hybrid,Full time,2026-07-20 21:39:32.844742,2026-07-20 00:00:00,https://eofe.fa.us2.oraclecloud.com/hcmUI/CandidateExperience/en/sites/BNY-Careers/job/79387
BNY,79388,"Specialist, OPS Control II",Risk and Compliance,Pittsburgh,PA,United States,hybrid,Full time,2026-07-20 21:39:33.724566,2026-07-20 00:00:00,https://eofe.fa.us2.oraclecloud.com/hcmUI/CandidateExperience/en/sites/BNY-Careers/job/79388
BNY,79390,"Estate Settlement Specialist, Client Service II",Legal,Philadelphia,PA,United States,unknown,Full time,2026-07-20 21:39:34.677678,2026-08-20 00:00:00,https://eofe.fa.us2.oraclecloud.com/hcmUI/CandidateExperience/en/sites/BNY-Careers/job/79390
BNY,79427,"Specialist, Client Service II",Risk and Compliance,Boston,MA,United States,unknown,Full time,2026-07-20 21:39:35.679633,2026-07-20 00:00:00,https://eofe.fa.us2.oraclecloud.com/hcmUI/CandidateExperience/en/sites/BNY-Careers/job/79427
BNY,79478,"Specialist, Tax Reporting & Compliance",Risk and Compliance,Pittsburgh,PA,United States,unknown,Full time,2026-07-20 21:39:37.762436,2026-07-20 00:00:00,https://eofe.fa.us2.oraclecloud.com/hcmUI/CandidateExperience/en/sites/BNY-Careers/job/79478
BNY,79653,"Senior Specialist, Client Processing",Operations,New York,NY,United States,unknown,Full time,2026-07-20 21:39:38.717667,2026-07-20 00:00:00,https://eofe.fa.us2.oraclecloud.com/hcmUI/CandidateExperience/en/sites/BNY-Careers/job/79653
BNY,79654,"Senior Specialist, Client Processing",Operations,New York,NY,United States,unknown,Full time,2026-07-20 21:39:39.783722,2026-07-20 00:00:00,https://eofe.fa.us2.oraclecloud.com/hcmUI/CandidateExperience/en/sites/BNY-Careers/job/79654
BNY,79876,"Specialist, Client Service Management II",Risk and Compliance,Pittsburgh,PA,United States,unknown,Full time,2026-07-20 21:39:40.733504,2026-07-20 00:00:00,https://eofe.fa.us2.oraclecloud.com/hcmUI/CandidateExperience/en/sites/BNY-Careers/job/79876
BNY,80058,"Vice President, Production Services Application Support",Operations,New York,NY,United States,hybrid,Full time,2026-07-20 21:39:41.747283,2026-07-20 00:00:00,https://eofe.fa.us2.oraclecloud.com/hcmUI/CandidateExperience/en/sites/BNY-Careers/job/80058
BNY,80152,"Senior Vice President, Client Success",Finance and Accounting,Boston,MA,United States,unknown,Full time,2026-07-20 21:39:42.861299,2026-07-20 00:00:00,https://eofe.fa.us2.oraclecloud.com/hcmUI/CandidateExperience/en/sites/BNY-Careers/job/80152
BNY,77693,"Director, Full-Stack Engineer",Risk and Compliance,New York,NY,United States,unknown,Full time,2026-07-20 21:39:43.778804,2026-07-19 00:00:00,https://eofe.fa.us2.oraclecloud.com/hcmUI/CandidateExperience/en/sites/BNY-Careers/job/77693
BNY,70446,"Vice President, Full-Stack Engineer",Data and AI,Pittsburgh,PA,United States,hybrid,Full time,2026-07-20 21:39:44.813039,2026-07-17 00:00:00,https://eofe.fa.us2.oraclecloud.com/hcmUI/CandidateExperience/en/sites/BNY-Careers/job/70446
BNY,72880,"Senior Vice President, Custody Product",Cloud and Infrastructure,New York,NY,United States,hybrid,Full time,2026-07-20 21:39:45.721161,2026-07-17 00:00:00,https://eofe.fa.us2.oraclecloud.com/hcmUI/CandidateExperience/en/sites/BNY-Careers/job/72880
BNY,73541,"Specialist, Client Processing",Operations,Houston,TX,United States,unknown,Full time,2026-07-20 21:39:46.855595,2026-07-17 00:00:00,https://eofe.fa.us2.oraclecloud.com/hcmUI/CandidateExperience/en/sites/BNY-Careers/job/73541
BNY,76607,"Senior Specialist, Credit Services Administration",Operations,New York,NY,United States,unknown,Full time,2026-07-20 21:39:47.840306,2026-07-17 00:00:00,https://eofe.fa.us2.oraclecloud.com/hcmUI/CandidateExperience/en/sites/BNY-Careers/job/76607
BNY,76733,"Specialist, Client Processing II",Operations,Houston,TX,United States,unknown,Full time,2026-07-20 21:39:48.930404,2026-07-17 00:00:00,https://eofe.fa.us2.oraclecloud.com/hcmUI/CandidateExperience/en/sites/BNY-Careers/job/76733
BNY,77711,"Senior Vice President, Full-Stack Engineer",Software Engineering,Jersey City,NJ,United States,unknown,Full time,2026-07-20 21:39:49.996117,2026-07-17 00:00:00,https://eofe.fa.us2.oraclecloud.com/hcmUI/CandidateExperience/en/sites/BNY-Careers/job/77711
BNY,78127,Cryptography Platform and Services Technologist Lead,Cybersecurity,Pittsburgh,PA,United States,unknown,Full time,2026-07-20 21:39:50.911548,2026-07-17 00:00:00,https://eofe.fa.us2.oraclecloud.com/hcmUI/CandidateExperience/en/sites/BNY-Careers/job/78127
BNY,78259,"Senior Specialist, Control",Risk and Compliance,Lake Mary,FL,United States,unknown,Full time,2026-07-20 21:39:51.845953,2026-07-17 00:00:00,https://eofe.fa.us2.oraclecloud.com/hcmUI/CandidateExperience/en/sites/BNY-Careers/job/78259
BNY,78338,"Vice President, Audio Visual Engineering Manager",Risk and Compliance,New York,NY,United States,unknown,Full time,2026-07-20 21:39:52.889880,2026-07-17 00:00:00,https://eofe.fa.us2.oraclecloud.com/hcmUI/CandidateExperience/en/sites/BNY-Careers/job/78338
BNY,78678,"Specialist, Client Processing Representative II",Operations,Houston,TX,United States,unknown,Full time,2026-07-20 21:39:54.271951,2026-07-17 00:00:00,https://eofe.fa.us2.oraclecloud.com/hcmUI/CandidateExperience/en/sites/BNY-Careers/job/78678
BNY,78682,"Specialist, Client Processing Representative II",Operations,Houston,TX,United States,unknown,Full time,2026-07-20 21:39:54.874272,2026-07-17 00:00:00,https://eofe.fa.us2.oraclecloud.com/hcmUI/CandidateExperience/en/sites/BNY-Careers/job/78682
BNY,78679,"Specialist, Client Processing Representative II",Operations,Houston,TX,United States,unknown,Full time,2026-07-20 21:39:55.908490,2026-07-17 00:00:00,https://eofe.fa.us2.oraclecloud.com/hcmUI/CandidateExperience/en/sites/BNY-Careers/job/78679
BNY,78687,"Specialist, Client Processing Representative II",Operations,Houston,TX,United States,unknown,Full time,2026-07-20 21:39:57.050360,2026-07-17 00:00:00,https://eofe.fa.us2.oraclecloud.com/hcmUI/CandidateExperience/en/sites/BNY-Careers/job/78687
BNY,78700,"Specialist, Client Processing Representative II",Operations,Pittsburgh,PA,United States,unknown,Full time,2026-07-20 21:39:59.026031,2026-07-17 00:00:00,https://eofe.fa.us2.oraclecloud.com/hcmUI/CandidateExperience/en/sites/BNY-Careers/job/78700
BNY,78703,"Specialist, Client Processing Representative II",Operations,Pittsburgh,PA,United States,unknown,Full time,2026-07-20 21:40:00.146210,2026-07-17 00:00:00,https://eofe.fa.us2.oraclecloud.com/hcmUI/CandidateExperience/en/sites/BNY-Careers/job/78703
BNY,78722,"Specialist, Client Processing Representative II",Operations,Houston,TX,United States,unknown,Full time,2026-07-20 21:40:01.302316,2026-07-17 00:00:00,https://eofe.fa.us2.oraclecloud.com/hcmUI/CandidateExperience/en/sites/BNY-Careers/job/78722
BNY,78723,"Specialist, Client Processing Representative II",Operations,Houston,TX,United States,unknown,Full time,2026-07-20 21:40:01.952716,2026-07-17 00:00:00,https://eofe.fa.us2.oraclecloud.com/hcmUI/CandidateExperience/en/sites/BNY-Careers/job/78723
BNY,78728,"Vice President, Full-Stack Engineer",Software Engineering,Jersey City,NJ,United States,unknown,Full time,2026-07-20 21:40:02.930460,2026-07-17 00:00:00,https://eofe.fa.us2.oraclecloud.com/hcmUI/CandidateExperience/en/sites/BNY-Careers/job/78728
BNY,78730,"Vice President, Full-Stack Engineer",Software Engineering,Jersey City,NJ,United States,unknown,Full time,2026-07-20 21:40:03.922558,2026-07-17 00:00:00,https://eofe.fa.us2.oraclecloud.com/hcmUI/CandidateExperience/en/sites/BNY-Careers/job/78730
BNY,78733,"Vice President, Full-Stack Engineer",Software Engineering,Lake Mary,FL,United States,unknown,Full time,2026-07-20 21:40:04.907258,2026-07-17 00:00:00,https://eofe.fa.us2.oraclecloud.com/hcmUI/CandidateExperience/en/sites/BNY-Careers/job/78733
BNY,78959,"Vice President, POM Product Owner",Product Management,New York,NY,United States,unknown,Full time,2026-07-20 21:40:05.926306,2026-07-17 00:00:00,https://eofe.fa.us2.oraclecloud.com/hcmUI/CandidateExperience/en/sites/BNY-Careers/job/78959
BNY,78968,"Senior Vice President, Technology Control Management",Risk and Compliance,Pittsburgh,PA,United States,onsite,Full time,2026-07-20 21:40:06.932844,2026-07-17 00:00:00,https://eofe.fa.us2.oraclecloud.com/hcmUI/CandidateExperience/en/sites/BNY-Careers/job/78968
BNY,79176,"Senior Specialist, Business Planning and Analysis",Risk and Compliance,Berwyn,PA,United States,unknown,Full time,2026-07-20 21:40:07.955056,2026-07-17 00:00:00,https://eofe.fa.us2.oraclecloud.com/hcmUI/CandidateExperience/en/sites/BNY-Careers/job/79176
BNY,79356,"Vice President, Product Governance (Global Collateral Controls)",Risk and Compliance,New York,NY,United States,hybrid,Full time,2026-07-20 21:40:08.943003,2026-07-17 00:00:00,https://eofe.fa.us2.oraclecloud.com/hcmUI/CandidateExperience/en/sites/BNY-Careers/job/79356
BNY,79513,"Senior Vice President, POM Product Management",Product Management,Washington,DC,United States,hybrid,Full time,2026-07-20 21:40:09.933766,2026-07-17 00:00:00,https://eofe.fa.us2.oraclecloud.com/hcmUI/CandidateExperience/en/sites/BNY-Careers/job/79513
BNY,79828,"Senior Director, Organizational Effectiveness",Human Resources,New York,NY,United States,unknown,Full time,2026-07-20 21:40:10.956624,2026-07-28 00:00:00,https://eofe.fa.us2.oraclecloud.com/hcmUI/CandidateExperience/en/sites/BNY-Careers/job/79828
BNY,79892,"Director, Solution Architect",Operations,Jersey City,NJ,United States,hybrid,Full time,2026-07-20 21:40:11.909180,2026-07-17 00:00:00,https://eofe.fa.us2.oraclecloud.com/hcmUI/CandidateExperience/en/sites/BNY-Careers/job/79892
BNY,80031,"Senior Vice President, Corporate Tax",Finance and Accounting,Jersey City,NJ,United States,unknown,Full time,2026-07-20 21:40:12.950178,2026-07-17 00:00:00,https://eofe.fa.us2.oraclecloud.com/hcmUI/CandidateExperience/en/sites/BNY-Careers/job/80031
BNY,80113,"Director, Application Development Manager",Risk and Compliance,New York,NY,United States,unknown,Full time,2026-07-20 21:40:13.952411,2026-07-17 00:00:00,https://eofe.fa.us2.oraclecloud.com/hcmUI/CandidateExperience/en/sites/BNY-Careers/job/80113
BNY,80139,"Vice President, Private Banking",Risk and Compliance,San Francisco,CA,United States,hybrid,Full time,2026-07-20 21:40:14.936712,2026-07-17 00:00:00,https://eofe.fa.us2.oraclecloud.com/hcmUI/CandidateExperience/en/sites/BNY-Careers/job/80139
BNY,80140,"Vice President, Private Banking",Risk and Compliance,San Francisco,CA,United States,hybrid,Full time,2026-07-20 21:40:15.914340,2026-07-17 00:00:00,https://eofe.fa.us2.oraclecloud.com/hcmUI/CandidateExperience/en/sites/BNY-Careers/job/80140
BNY,73488,"Senior Specialist, Client Operations",Operations,Los Angeles,CA,United States,unknown,Full time,2026-07-20 21:40:16.960575,2026-07-16 00:00:00,https://eofe.fa.us2.oraclecloud.com/hcmUI/CandidateExperience/en/sites/BNY-Careers/job/73488
BNY,74851,"Managing Director, Client Executive Manager – Global Payments & Trade",Risk and Compliance,New York,NY,United States,unknown,Full time,2026-07-20 21:40:17.956960,2026-07-16 00:00:00,https://eofe.fa.us2.oraclecloud.com/hcmUI/CandidateExperience/en/sites/BNY-Careers/job/74851
BNY,76715,"Vice President, Client Operations",Operations,Lake Mary,FL,United States,unknown,Full time,2026-07-20 21:40:18.983508,2026-07-16 00:00:00,https://eofe.fa.us2.oraclecloud.com/hcmUI/CandidateExperience/en/sites/BNY-Careers/job/76715
BNY,77371,Cloud Engineer,Cloud and Infrastructure,Jersey City,NJ,United States,hybrid,Full time,2026-07-20 21:40:21.028451,2026-07-16 00:00:00,https://eofe.fa.us2.oraclecloud.com/hcmUI/CandidateExperience/en/sites/BNY-Careers/job/77371
BNY,77407,"Senior Vice President, POM Product Management",Product Management,Pittsburgh,PA,United States,hybrid,Full time,2026-07-20 21:40:22.019109,2026-07-16 00:00:00,https://eofe.fa.us2.oraclecloud.com/hcmUI/CandidateExperience/en/sites/BNY-Careers/job/77407
BNY,78049,"Vice President, Client Operations",Risk and Compliance,Lake Mary,FL,United States,unknown,Full time,2026-07-20 21:40:22.980675,2026-07-16 00:00:00,https://eofe.fa.us2.oraclecloud.com/hcmUI/CandidateExperience/en/sites/BNY-Careers/job/78049
BNY,78231,"Senior Specialist, Client Operations - CLO Reporting",Operations,Houston,TX,United States,unknown,Full time,2026-07-20 21:40:24.048532,2026-07-16 00:00:00,https://eofe.fa.us2.oraclecloud.com/hcmUI/CandidateExperience/en/sites/BNY-Careers/job/78231
BNY,78501,"Director, Client Service Executive",Operations,Jersey City,NJ,United States,unknown,Full time,2026-07-20 21:40:25.015630,2026-07-16 00:00:00,https://eofe.fa.us2.oraclecloud.com/hcmUI/CandidateExperience/en/sites/BNY-Careers/job/78501
BNY,79074,"Vice President,  ETF Trading",Risk and Compliance,New York,NY,United States,hybrid,Full time,2026-07-20 21:40:26.081153,2026-07-29 00:00:00,https://eofe.fa.us2.oraclecloud.com/hcmUI/CandidateExperience/en/sites/BNY-Careers/job/79074
BNY,79657,Senior Operational Due Diligence Analyst (Vice President/Senior Vice President),Risk and Compliance,New York,NY,United States,unknown,Full time,2026-07-20 21:40:27.102475,2026-07-16 00:00:00,https://eofe.fa.us2.oraclecloud.com/hcmUI/CandidateExperience/en/sites/BNY-Careers/job/79657
BNY,79720,"Director, Broker-Dealer ALM",Risk and Compliance,New York,NY,United States,unknown,Full time,2026-07-20 21:40:28.273351,2026-07-16 00:00:00,https://eofe.fa.us2.oraclecloud.com/hcmUI/CandidateExperience/en/sites/BNY-Careers/job/79720
BNY,74619,"Director, Investor Servicing Operations",Operations,New York,NY,United States,unknown,Full time,2026-07-20 21:40:29.168918,2026-07-15 00:00:00,https://eofe.fa.us2.oraclecloud.com/hcmUI/CandidateExperience/en/sites/BNY-Careers/job/74619
BNY,75663,"Vice President, Client Coverage",Risk and Compliance,New York,NY,United States,unknown,Full time,2026-07-20 21:40:30.220436,2026-08-15 00:00:00,https://eofe.fa.us2.oraclecloud.com/hcmUI/CandidateExperience/en/sites/BNY-Careers/job/75663
BNY,77178,"Vice President, Derivative Support",Operations,Lake Mary,FL,United States,unknown,Full time,2026-07-20 21:40:31.214128,2026-07-15 00:00:00,https://eofe.fa.us2.oraclecloud.com/hcmUI/CandidateExperience/en/sites/BNY-Careers/job/77178
BNY,77533,"Vice President, Client Service Management",Operations,Berwyn,PA,United States,unknown,Full time,2026-07-20 21:40:32.087048,2026-07-15 00:00:00,https://eofe.fa.us2.oraclecloud.com/hcmUI/CandidateExperience/en/sites/BNY-Careers/job/77533
BNY,77642,"Vice President, Client Operations - CLO Reporting",Operations,Houston,TX,United States,unknown,Full time,2026-07-20 21:40:34.253182,2026-07-15 00:00:00,https://eofe.fa.us2.oraclecloud.com/hcmUI/CandidateExperience/en/sites/BNY-Careers/job/77642
BNY,77643,"Vice President, Client Operations - CLO Reporting",Operations,Houston,TX,United States,unknown,Full time,2026-07-20 21:40:35.112259,2026-07-15 00:00:00,https://eofe.fa.us2.oraclecloud.com/hcmUI/CandidateExperience/en/sites/BNY-Careers/job/77643
BNY,78232,"Senior Specialist, Client Operations - CLO Reporting",Operations,Pittsburgh,PA,United States,unknown,Full time,2026-07-20 21:40:36.136454,2026-07-15 00:00:00,https://eofe.fa.us2.oraclecloud.com/hcmUI/CandidateExperience/en/sites/BNY-Careers/job/78232
BNY,78273,"Director, Data Leader - Product & Innovation",Risk and Compliance,New York,NY,United States,unknown,Full time,2026-07-20 21:40:37.160118,2026-07-15 00:00:00,https://eofe.fa.us2.oraclecloud.com/hcmUI/CandidateExperience/en/sites/BNY-Careers/job/78273
BNY,78302,"Vice President, POM Product Owner, AI Hub",Product Management,Pittsburgh,PA,United States,unknown,Full time,2026-07-20 21:40:38.126908,2026-07-15 00:00:00,https://eofe.fa.us2.oraclecloud.com/hcmUI/CandidateExperience/en/sites/BNY-Careers/job/78302
BNY,78485,"Senior Specialist, Client Operations - CLO Reporting",Operations,Houston,TX,United States,hybrid,Full time,2026-07-20 21:40:39.177235,2026-07-15 00:00:00,https://eofe.fa.us2.oraclecloud.com/hcmUI/CandidateExperience/en/sites/BNY-Careers/job/78485
BNY,78601,"Senior Specialist, Client Operations - CLO Reporting",Operations,Pittsburgh,PA,United States,unknown,Full time,2026-07-20 21:40:40.107518,2026-07-15 00:00:00,https://eofe.fa.us2.oraclecloud.com/hcmUI/CandidateExperience/en/sites/BNY-Careers/job/78601
BNY,78812,"Senior Specialist, Business Process Improvements/Best Practice",Operations,Lake Mary,FL,United States,unknown,Full time,2026-07-20 21:40:41.110955,2026-07-15 00:00:00,https://eofe.fa.us2.oraclecloud.com/hcmUI/CandidateExperience/en/sites/BNY-Careers/job/78812
BNY,79262,"Senior Vice President, Securities Finance Product Manager",Risk and Compliance,Pittsburgh,PA,United States,hybrid,Full time,2026-07-20 21:40:42.140700,2026-07-15 00:00:00,https://eofe.fa.us2.oraclecloud.com/hcmUI/CandidateExperience/en/sites/BNY-Careers/job/79262
BNY,79273,"Vice President, Securities Finance Product Manager",Risk and Compliance,Lake Mary,FL,United States,hybrid,Full time,2026-07-20 21:40:43.124296,2026-07-15 00:00:00,https://eofe.fa.us2.oraclecloud.com/hcmUI/CandidateExperience/en/sites/BNY-Careers/job/79273
BNY,79531,"Senior Specialist, Client Processing Team Lead",Operations,Lake Mary,FL,United States,unknown,Full time,2026-07-20 21:40:44.077911,2026-07-15 00:00:00,https://eofe.fa.us2.oraclecloud.com/hcmUI/CandidateExperience/en/sites/BNY-Careers/job/79531
BNY,79585,"Director, POM Product Management Manager",Risk and Compliance,Jersey City,NJ,United States,unknown,Full time,2026-07-20 21:40:45.130521,2026-07-15 00:00:00,https://eofe.fa.us2.oraclecloud.com/hcmUI/CandidateExperience/en/sites/BNY-Careers/job/79585
BNY,79589,"Vice President, POM Product Management",Risk and Compliance,New York,NY,United States,unknown,Full time,2026-07-20 21:40:46.106333,2026-07-29 00:00:00,https://eofe.fa.us2.oraclecloud.com/hcmUI/CandidateExperience/en/sites/BNY-Careers/job/79589
BNY,79782,"Vice President, Control",Risk and Compliance,Lake Mary,FL,United States,unknown,Full time,2026-07-20 21:40:47.153358,2026-07-15 00:00:00,https://eofe.fa.us2.oraclecloud.com/hcmUI/CandidateExperience/en/sites/BNY-Careers/job/79782
BNY,71383,"Director, Operations Group Manager - Global Clearing Operations",Operations,Lake Mary,FL,United States,hybrid,Full time,2026-07-20 21:40:49.285892,2026-07-14 00:00:00,https://eofe.fa.us2.oraclecloud.com/hcmUI/CandidateExperience/en/sites/BNY-Careers/job/71383
BNY,72286,"Specialist, Client Processing",Operations,Pittsburgh,PA,United States,hybrid,Full time,2026-07-20 21:40:50.161253,2026-07-14 00:00:00,https://eofe.fa.us2.oraclecloud.com/hcmUI/CandidateExperience/en/sites/BNY-Careers/job/72286
BNY,74665,"Specialist, Client Processing I",Operations,Houston,TX,United States,unknown,Full time,2026-07-20 21:40:51.141747,2026-07-14 00:00:00,https://eofe.fa.us2.oraclecloud.com/hcmUI/CandidateExperience/en/sites/BNY-Careers/job/74665
BNY,75073,Senior Database Engineer - Eagle Platform (Oracle/PLSQL),Risk and Compliance,Pittsburgh,PA,United States,unknown,Full time,2026-07-20 21:40:52.182601,2026-07-14 00:00:00,https://eofe.fa.us2.oraclecloud.com/hcmUI/CandidateExperience/en/sites/BNY-Careers/job/75073
BNY,75317,"Vice President, Full-Stack Engineer",Risk and Compliance,Pittsburgh,PA,United States,unknown,Full time,2026-07-20 21:40:53.165354,2026-08-11 00:00:00,https://eofe.fa.us2.oraclecloud.com/hcmUI/CandidateExperience/en/sites/BNY-Careers/job/75317
BNY,75349,"Director, Client Executive",Operations,Boston,MA,United States,unknown,Full time,2026-07-20 21:40:54.245772,2026-07-22 00:00:00,https://eofe.fa.us2.oraclecloud.com/hcmUI/CandidateExperience/en/sites/BNY-Careers/job/75349
BNY,75391,"Vice President, Full-Stack Engineer",Software Engineering,Pittsburgh,PA,United States,unknown,Full time,2026-07-20 21:40:55.201393,2026-07-14 00:00:00,https://eofe.fa.us2.oraclecloud.com/hcmUI/CandidateExperience/en/sites/BNY-Careers/job/75391
BNY,76110,"Senior Vice President, POM Product Management",Operations,Pittsburgh,PA,United States,unknown,Full time,2026-07-20 21:40:56.355070,2026-07-14 00:00:00,https://eofe.fa.us2.oraclecloud.com/hcmUI/CandidateExperience/en/sites/BNY-Careers/job/76110
BNY,76120,"Senior Vice President, Product Enablement — Product Practice",Risk and Compliance,New York,NY,United States,unknown,Full time,2026-07-20 21:40:57.157034,2026-07-14 00:00:00,https://eofe.fa.us2.oraclecloud.com/hcmUI/CandidateExperience/en/sites/BNY-Careers/job/76120
BNY,76420,"Senior Specialist, Corporate Actions Team Lead",Operations,Pittsburgh,PA,United States,unknown,Full time,2026-07-20 21:40:58.157463,2026-07-14 00:00:00,https://eofe.fa.us2.oraclecloud.com/hcmUI/CandidateExperience/en/sites/BNY-Careers/job/76420
BNY,76765,"Senior Specialist, Middle Office",Operations,Pittsburgh,PA,United States,unknown,Full time,2026-07-20 21:40:59.213265,2026-07-14 00:00:00,https://eofe.fa.us2.oraclecloud.com/hcmUI/CandidateExperience/en/sites/BNY-Careers/job/76765
BNY,76807,"Director, Operational Risk Coverage (Fund & Investor Solutions)",Risk and Compliance,New York,NY,United States,unknown,Full time,2026-07-20 21:41:00.164040,2026-08-04 00:00:00,https://eofe.fa.us2.oraclecloud.com/hcmUI/CandidateExperience/en/sites/BNY-Careers/job/76807
BNY,76902,"Specialist, Fund/Client Accounting Representative",Finance and Accounting,Lake Mary,FL,United States,unknown,Full time,2026-07-20 21:41:01.310260,2026-07-14 00:00:00,https://eofe.fa.us2.oraclecloud.com/hcmUI/CandidateExperience/en/sites/BNY-Careers/job/76902
BNY,76919,"Vice President, Compliance & Control (Ethics Office)",Risk and Compliance,Pittsburgh,PA,United States,unknown,Full time,2026-07-20 21:41:02.158705,2026-07-14 00:00:00,https://eofe.fa.us2.oraclecloud.com/hcmUI/CandidateExperience/en/sites/BNY-Careers/job/76919
BNY,76957,"Senior Specialist, Fund/Client Accounting",Finance and Accounting,New York,NY,United States,unknown,Full time,2026-07-20 21:41:03.204348,2026-07-14 00:00:00,https://eofe.fa.us2.oraclecloud.com/hcmUI/CandidateExperience/en/sites/BNY-Careers/job/76957
BNY,77731,"Senior Director, Client Executive Manager",Risk and Compliance,New York,NY,United States,unknown,Full time,2026-07-20 21:41:04.249082,2026-07-14 00:00:00,https://eofe.fa.us2.oraclecloud.com/hcmUI/CandidateExperience/en/sites/BNY-Careers/job/77731
BNY,77794,"Vice President, Full-Stack Engineer",Software Engineering,Pittsburgh,PA,United States,unknown,Full time,2026-07-20 21:41:05.359904,2026-07-14 00:00:00,https://eofe.fa.us2.oraclecloud.com/hcmUI/CandidateExperience/en/sites/BNY-Careers/job/77794
BNY,77856,"Senior Vice President, Third Party Application Engineering",Software Engineering,Boston,MA,United States,unknown,Full time,2026-07-20 21:41:06.371934,2026-07-14 00:00:00,https://eofe.fa.us2.oraclecloud.com/hcmUI/CandidateExperience/en/sites/BNY-Careers/job/77856
BNY,78226,"Senior Specialist, Client Operations",Operations,Houston,TX,United States,unknown,Full time,2026-07-20 21:41:07.222549,2026-07-14 00:00:00,https://eofe.fa.us2.oraclecloud.com/hcmUI/CandidateExperience/en/sites/BNY-Careers/job/78226
BNY,78233,"Senior Specialist, Client Operations - CLO Reporting",Operations,Houston,TX,United States,unknown,Full time,2026-07-20 21:41:08.247990,2026-07-14 00:00:00,https://eofe.fa.us2.oraclecloud.com/hcmUI/CandidateExperience/en/sites/BNY-Careers/job/78233
BNY,78488,"Specialist, Investor Services Operations II",Operations,Lake Mary,FL,United States,hybrid,Full time,2026-07-20 21:41:09.278146,2026-07-14 00:00:00,https://eofe.fa.us2.oraclecloud.com/hcmUI/CandidateExperience/en/sites/BNY-Careers/job/78488
BNY,78490,"Senior Specialist, Middle Office Team Lead",Operations,Lake Mary,FL,United States,hybrid,Full time,2026-07-20 21:41:10.281770,2026-07-14 00:00:00,https://eofe.fa.us2.oraclecloud.com/hcmUI/CandidateExperience/en/sites/BNY-Careers/job/78490
BNY,78505,"Specialist, Middle Office Representative II",Operations,Lake Mary,FL,United States,hybrid,Full time,2026-07-20 21:41:12.281302,2026-07-14 00:00:00,https://eofe.fa.us2.oraclecloud.com/hcmUI/CandidateExperience/en/sites/BNY-Careers/job/78505
BNY,78611,"Vice President, Middle Office",Operations,New York,NY,United States,hybrid,Full time,2026-07-20 21:41:13.291787,2026-07-14 00:00:00,https://eofe.fa.us2.oraclecloud.com/hcmUI/CandidateExperience/en/sites/BNY-Careers/job/78611
BNY,78614,"Specialist, Middle Office II",Operations,Pittsburgh,PA,United States,hybrid,Full time,2026-07-20 21:41:14.342107,2026-07-14 00:00:00,https://eofe.fa.us2.oraclecloud.com/hcmUI/CandidateExperience/en/sites/BNY-Careers/job/78614
BNY,78616,"Specialist, Middle Office II",Operations,Pittsburgh,PA,United States,hybrid,Full time,2026-07-20 21:41:15.303282,2026-07-14 00:00:00,https://eofe.fa.us2.oraclecloud.com/hcmUI/CandidateExperience/en/sites/BNY-Careers/job/78616
BNY,78659,"Director, Client Executive",Operations,New York,NY,United States,hybrid,Full time,2026-07-20 21:41:16.441821,2026-07-14 00:00:00,https://eofe.fa.us2.oraclecloud.com/hcmUI/CandidateExperience/en/sites/BNY-Careers/job/78659
BNY,78987,"Specialist, OPS Data Transfer, Integration & Quality II",Risk and Compliance,Lake Mary,FL,United States,unknown,Full time,2026-07-20 21:41:17.417811,2026-07-14 00:00:00,https://eofe.fa.us2.oraclecloud.com/hcmUI/CandidateExperience/en/sites/BNY-Careers/job/78987
BNY,79004,"ETF - Senior Vice President, Client Operations Manager",Operations,Boston,MA,United States,unknown,Full time,2026-07-20 21:41:18.327614,2026-07-14 00:00:00,https://eofe.fa.us2.oraclecloud.com/hcmUI/CandidateExperience/en/sites/BNY-Careers/job/79004
BNY,79005,"Vice President, Client Operations Manager",Risk and Compliance,New York,NY,United States,unknown,Full time,2026-07-20 21:41:19.570780,2026-07-14 00:00:00,https://eofe.fa.us2.oraclecloud.com/hcmUI/CandidateExperience/en/sites/BNY-Careers/job/79005
BNY,79204,"Vice President, Client Operations Manager",Risk and Compliance,Boston,MA,United States,unknown,Full time,2026-07-20 21:41:20.391895,2026-07-14 00:00:00,https://eofe.fa.us2.oraclecloud.com/hcmUI/CandidateExperience/en/sites/BNY-Careers/job/79204
BNY,79205,"Vice President, Client Operations Manager",Risk and Compliance,Boston,MA,United States,unknown,Full time,2026-07-20 21:41:21.438930,2026-07-14 00:00:00,https://eofe.fa.us2.oraclecloud.com/hcmUI/CandidateExperience/en/sites/BNY-Careers/job/79205
BNY,79206,"Vice President, Client Operations Manager",Risk and Compliance,Boston,MA,United States,unknown,Full time,2026-07-20 21:41:22.372706,2026-07-14 00:00:00,https://eofe.fa.us2.oraclecloud.com/hcmUI/CandidateExperience/en/sites/BNY-Careers/job/79206
BNY,79208,"Vice President, Client Operations Manager",Risk and Compliance,New York,NY,United States,unknown,Full time,2026-07-20 21:41:23.314060,2026-07-14 00:00:00,https://eofe.fa.us2.oraclecloud.com/hcmUI/CandidateExperience/en/sites/BNY-Careers/job/79208
BNY,79460,"Specialist, Production Services Application Support Analyst",Operations,Pittsburgh,PA,United States,unknown,Full time,2026-07-20 21:41:24.329323,2026-07-14 00:00:00,https://eofe.fa.us2.oraclecloud.com/hcmUI/CandidateExperience/en/sites/BNY-Careers/job/79460
BNY,79635,"Vice President, Client Coverage",Risk and Compliance,New York,NY,United States,hybrid,Full time,2026-07-20 21:41:25.500676,2026-07-14 00:00:00,https://eofe.fa.us2.oraclecloud.com/hcmUI/CandidateExperience/en/sites/BNY-Careers/job/79635
BNY,79642,"Vice President, Client Coverage",Risk and Compliance,Lake Mary,FL,United States,hybrid,Full time,2026-07-20 21:41:26.378872,2026-07-14 00:00:00,https://eofe.fa.us2.oraclecloud.com/hcmUI/CandidateExperience/en/sites/BNY-Careers/job/79642
BNY,79639,"Vice President, Cross-Functional Client Coverage and Business Development",Risk and Compliance,New York,NY,United States,hybrid,Full time,2026-07-20 21:41:27.551697,2026-07-14 00:00:00,https://eofe.fa.us2.oraclecloud.com/hcmUI/CandidateExperience/en/sites/BNY-Careers/job/79639
BNY,79766,"Senior Specialist, Treasury",Finance and Accounting,New York,NY,United States,unknown,Full time,2026-07-20 21:41:28.330413,2026-07-14 00:00:00,https://eofe.fa.us2.oraclecloud.com/hcmUI/CandidateExperience/en/sites/BNY-Careers/job/79766
BNY,79799,"Vice President, Client Service Manager",Risk and Compliance,Pittsburgh,PA,United States,unknown,Full time,2026-07-20 21:41:29.300562,2026-07-14 00:00:00,https://eofe.fa.us2.oraclecloud.com/hcmUI/CandidateExperience/en/sites/BNY-Careers/job/79799
BNY,79800,"Vice President, Client Service Manager",Risk and Compliance,Pittsburgh,PA,United States,unknown,Full time,2026-07-20 21:41:30.347447,2026-07-14 00:00:00,https://eofe.fa.us2.oraclecloud.com/hcmUI/CandidateExperience/en/sites/BNY-Careers/job/79800
BNY,71910,"Specialist, Client Processing",Operations,Pittsburgh,PA,United States,hybrid,Full time,2026-07-20 21:41:32.365566,2026-07-13 00:00:00,https://eofe.fa.us2.oraclecloud.com/hcmUI/CandidateExperience/en/sites/BNY-Careers/job/71910
BNY,72004,"Senior Director, Fellow, Enterprise Architect",Risk and Compliance,New York,NY,United States,hybrid,Full time,2026-07-20 21:41:33.422532,2026-07-13 00:00:00,https://eofe.fa.us2.oraclecloud.com/hcmUI/CandidateExperience/en/sites/BNY-Careers/job/72004
BNY,75674,"Senior Vice President, Payments Product Manager",Product Management,New York,NY,United States,unknown,Full time,2026-07-20 21:41:34.334037,2026-07-13 00:00:00,https://eofe.fa.us2.oraclecloud.com/hcmUI/CandidateExperience/en/sites/BNY-Careers/job/75674
BNY,77270,"Senior Vice President, Entra ID Service",Risk and Compliance,New York,NY,United States,unknown,Full time,2026-07-20 21:41:35.333881,2026-07-13 00:00:00,https://eofe.fa.us2.oraclecloud.com/hcmUI/CandidateExperience/en/sites/BNY-Careers/job/77270
BNY,77614,"Vice President, POM Product Management",Risk and Compliance,Boston,MA,United States,unknown,Full time,2026-07-20 21:41:36.578844,2026-07-13 00:00:00,https://eofe.fa.us2.oraclecloud.com/hcmUI/CandidateExperience/en/sites/BNY-Careers/job/77614
BNY,78045,"Senior Specialist, Fund/Client Accounting",Finance and Accounting,Lake Mary,FL,United States,unknown,Full time,2026-07-20 21:41:37.493354,2026-07-13 00:00:00,https://eofe.fa.us2.oraclecloud.com/hcmUI/CandidateExperience/en/sites/BNY-Careers/job/78045
BNY,78203,"Senior Vice President, Full-Stack Engineer",Software Engineering,Pittsburgh,PA,United States,unknown,Full time,2026-07-20 21:41:38.497042,2026-07-13 00:00:00,https://eofe.fa.us2.oraclecloud.com/hcmUI/CandidateExperience/en/sites/BNY-Careers/job/78203
BNY,78235,"Vice President, Client Operations - CLO Reporting",Operations,Houston,TX,United States,unknown,Full time,2026-07-20 21:41:39.454007,2026-07-13 00:00:00,https://eofe.fa.us2.oraclecloud.com/hcmUI/CandidateExperience/en/sites/BNY-Careers/job/78235
BNY,78334,"Senior Vice President, POM Product Management",Risk and Compliance,New York,NY,United States,unknown,Full time,2026-07-20 21:41:40.411783,2026-07-13 00:00:00,https://eofe.fa.us2.oraclecloud.com/hcmUI/CandidateExperience/en/sites/BNY-Careers/job/78334
BNY,78497,"Vice President, Client Processing",Operations,Dallas,TX,United States,hybrid,Full time,2026-07-20 21:41:41.450367,2026-07-13 00:00:00,https://eofe.fa.us2.oraclecloud.com/hcmUI/CandidateExperience/en/sites/BNY-Careers/job/78497
BNY,78602,"Vice President, Client Operations - CLO Reporting",Operations,Houston,TX,United States,unknown,Full time,2026-07-20 21:41:42.506965,2026-07-13 00:00:00,https://eofe.fa.us2.oraclecloud.com/hcmUI/CandidateExperience/en/sites/BNY-Careers/job/78602
BNY,78928,"Vice President, POM Product Management",Risk and Compliance,New York,NY,United States,hybrid,Full time,2026-07-20 21:41:44.444419,2026-07-13 00:00:00,https://eofe.fa.us2.oraclecloud.com/hcmUI/CandidateExperience/en/sites/BNY-Careers/job/78928
BNY,78985,"Specialist, Middle Office Representative",Operations,Pittsburgh,PA,United States,unknown,Full time,2026-07-20 21:41:45.466717,2026-07-13 00:00:00,https://eofe.fa.us2.oraclecloud.com/hcmUI/CandidateExperience/en/sites/BNY-Careers/job/78985
BNY,79016,"Senior Vice President, Client Service Executive",Sales and Relationship Management,Boston,MA,United States,unknown,Full time,2026-07-20 21:41:46.473497,2026-07-13 00:00:00,https://eofe.fa.us2.oraclecloud.com/hcmUI/CandidateExperience/en/sites/BNY-Careers/job/79016
BNY,79975,Corporate Security Engineering – Lead Engineer Role,Cybersecurity,Pittsburgh,PA,United States,unknown,Full time,2026-07-20 21:41:47.491362,2026-07-13 00:00:00,https://eofe.fa.us2.oraclecloud.com/hcmUI/CandidateExperience/en/sites/BNY-Careers/job/79975
BNY,70911,"Vice President, Fiduciary",Operations,Pittsburgh,PA,United States,unknown,Full time,2026-07-20 21:41:48.668309,2026-07-10 00:00:00,https://eofe.fa.us2.oraclecloud.com/hcmUI/CandidateExperience/en/sites/BNY-Careers/job/70911
BNY,75514,"Senior Vice President, Product Management",Operations,Pittsburgh,PA,United States,unknown,Full time,2026-07-20 21:41:49.621513,2026-08-11 00:00:00,https://eofe.fa.us2.oraclecloud.com/hcmUI/CandidateExperience/en/sites/BNY-Careers/job/75514
BNY,77847,"Senior Vice President, DMZ Network Engineer",Cloud and Infrastructure,Pittsburgh,PA,United States,unknown,Full time,2026-07-20 21:41:50.540036,2026-07-10 00:00:00,https://eofe.fa.us2.oraclecloud.com/hcmUI/CandidateExperience/en/sites/BNY-Careers/job/77847
BNY,78684,"Vice President, Fund Reporting",Risk and Compliance,Lake Mary,FL,United States,unknown,Full time,2026-07-20 21:41:52.484231,2026-07-10 00:00:00,https://eofe.fa.us2.oraclecloud.com/hcmUI/CandidateExperience/en/sites/BNY-Careers/job/78684
BNY,78948,"Vice President, Product Design",Operations,Pittsburgh,PA,United States,unknown,Full time,2026-07-20 21:41:53.494824,2026-07-10 00:00:00,https://eofe.fa.us2.oraclecloud.com/hcmUI/CandidateExperience/en/sites/BNY-Careers/job/78948
BNY,79433,"Specialist, Credit Risk",Risk and Compliance,New York,NY,United States,hybrid,Full time,2026-07-20 21:41:54.568516,2026-07-10 00:00:00,https://eofe.fa.us2.oraclecloud.com/hcmUI/CandidateExperience/en/sites/BNY-Careers/job/79433
BNY,79434,"Specialist, Credit Risk",Risk and Compliance,New York,NY,United States,unknown,Full time,2026-07-20 21:41:55.585185,2026-07-10 00:00:00,https://eofe.fa.us2.oraclecloud.com/hcmUI/CandidateExperience/en/sites/BNY-Careers/job/79434
BNY,79435,"Specialist, Credit Risk",Risk and Compliance,New York,NY,United States,hybrid,Full time,2026-07-20 21:41:56.480457,2026-07-10 00:00:00,https://eofe.fa.us2.oraclecloud.com/hcmUI/CandidateExperience/en/sites/BNY-Careers/job/79435
BNY,79470,"Director, POM Technical Product Management",Product Management,New York,NY,United States,unknown,Full time,2026-07-20 21:41:57.514978,2026-07-10 00:00:00,https://eofe.fa.us2.oraclecloud.com/hcmUI/CandidateExperience/en/sites/BNY-Careers/job/79470
BNY,79536,"Senior Vice President, Accounting",Finance and Accounting,Pittsburgh,PA,United States,unknown,Full time,2026-07-20 21:41:58.483852,2026-07-10 00:00:00,https://eofe.fa.us2.oraclecloud.com/hcmUI/CandidateExperience/en/sites/BNY-Careers/job/79536
BNY,79539,"Senior Specialist, Accounting",Finance and Accounting,Pittsburgh,PA,United States,unknown,Full time,2026-07-20 21:41:59.613557,2026-07-10 00:00:00,https://eofe.fa.us2.oraclecloud.com/hcmUI/CandidateExperience/en/sites/BNY-Careers/job/79539
BNY,79781,"Senior Specialist, IWM Portfolio Analyst",Risk and Compliance,New York,NY,United States,unknown,Full time,2026-07-20 21:42:00.454575,2026-07-10 00:00:00,https://eofe.fa.us2.oraclecloud.com/hcmUI/CandidateExperience/en/sites/BNY-Careers/job/79781
BNY,67783,"Senior Vice President, Private Equity Fund Accounting",Finance and Accounting,New York,NY,United States,unknown,Full time,2026-07-20 21:42:01.524430,2026-07-09 00:00:00,https://eofe.fa.us2.oraclecloud.com/hcmUI/CandidateExperience/en/sites/BNY-Careers/job/67783
BNY,72289,"Senior Vice President, Production Services, Problem Management",Risk and Compliance,Jersey City,NJ,United States,unknown,Full time,2026-07-20 21:42:02.498014,2026-07-09 00:00:00,https://eofe.fa.us2.oraclecloud.com/hcmUI/CandidateExperience/en/sites/BNY-Careers/job/72289
BNY,72301,"Vice President, Fund/Client Accounting Manager",Finance and Accounting,Los Angeles,CA,United States,unknown,Full time,2026-07-20 21:42:03.485723,2026-07-09 00:00:00,https://eofe.fa.us2.oraclecloud.com/hcmUI/CandidateExperience/en/sites/BNY-Careers/job/72301
BNY,72324,"Director, Operations Group Manager - Loans Enablement",Operations,Houston,TX,United States,hybrid,Full time,2026-07-20 21:42:04.557490,2026-07-09 00:00:00,https://eofe.fa.us2.oraclecloud.com/hcmUI/CandidateExperience/en/sites/BNY-Careers/job/72324
BNY,74426,"Vice President, Client Implementations Manager",Risk and Compliance,Lake Mary,FL,United States,unknown,Full time,2026-07-20 21:42:05.591148,2026-08-19 00:00:00,https://eofe.fa.us2.oraclecloud.com/hcmUI/CandidateExperience/en/sites/BNY-Careers/job/74426
BNY,74668,"Specialist, Client Processing I",Operations,Houston,TX,United States,unknown,Full time,2026-07-20 21:42:06.548268,2026-07-09 00:00:00,https://eofe.fa.us2.oraclecloud.com/hcmUI/CandidateExperience/en/sites/BNY-Careers/job/74668
BNY,75137,"Vice President, Client Operations",Risk and Compliance,Los Angeles,CA,United States,unknown,Full time,2026-07-20 21:42:07.641484,2026-07-09 00:00:00,https://eofe.fa.us2.oraclecloud.com/hcmUI/CandidateExperience/en/sites/BNY-Careers/job/75137
BNY,75138,"Vice President, Client Operations",Risk and Compliance,Los Angeles,CA,United States,unknown,Full time,2026-07-20 21:42:09.550771,2026-07-09 00:00:00,https://eofe.fa.us2.oraclecloud.com/hcmUI/CandidateExperience/en/sites/BNY-Careers/job/75138
BNY,75139,"Vice President, Client Operations",Risk and Compliance,Los Angeles,CA,United States,unknown,Full time,2026-07-20 21:42:10.672121,2026-07-09 00:00:00,https://eofe.fa.us2.oraclecloud.com/hcmUI/CandidateExperience/en/sites/BNY-Careers/job/75139
BNY,75279,"Vice President, Full Stack Engineer",Software Engineering,Berwyn,PA,United States,unknown,Full time,2026-07-20 21:42:11.560232,2026-07-09 00:00:00,https://eofe.fa.us2.oraclecloud.com/hcmUI/CandidateExperience/en/sites/BNY-Careers/job/75279
BNY,76965,"Vice President, POM Product Management",Risk and Compliance,Jersey City,NJ,United States,unknown,Full time,2026-07-20 21:42:12.713131,2026-08-11 00:00:00,https://eofe.fa.us2.oraclecloud.com/hcmUI/CandidateExperience/en/sites/BNY-Careers/job/76965
BNY,77849,"Vice President, Production Services Infrastructure Support",Cloud and Infrastructure,Lake Mary,FL,United States,unknown,Full time,2026-07-20 21:42:13.813180,2026-07-09 00:00:00,https://eofe.fa.us2.oraclecloud.com/hcmUI/CandidateExperience/en/sites/BNY-Careers/job/77849
BNY,78035,"Vice President, Fund/Client Accounting Manager",Finance and Accounting,New York,NY,United States,unknown,Full time,2026-07-20 21:42:14.629771,2026-07-09 00:00:00,https://eofe.fa.us2.oraclecloud.com/hcmUI/CandidateExperience/en/sites/BNY-Careers/job/78035
BNY,78210,"Vice President, Data Analyst & BI",Data and AI,Pittsburgh,PA,United States,unknown,Full time,2026-07-20 21:42:15.735281,2026-07-09 00:00:00,https://eofe.fa.us2.oraclecloud.com/hcmUI/CandidateExperience/en/sites/BNY-Careers/job/78210
BNY,78211,"Senior Vice President, Data Analyst & BI",Risk and Compliance,Pittsburgh,PA,United States,unknown,Full time,2026-07-20 21:42:16.644689,2026-07-09 00:00:00,https://eofe.fa.us2.oraclecloud.com/hcmUI/CandidateExperience/en/sites/BNY-Careers/job/78211
BNY,78258,"Vice President, Client Service Management",Operations,Jersey City,NJ,United States,unknown,Full time,2026-07-20 21:42:17.678548,2026-07-09 00:00:00,https://eofe.fa.us2.oraclecloud.com/hcmUI/CandidateExperience/en/sites/BNY-Careers/job/78258
BNY,78318,"Senior Vice President, Business & Function Finance",Cloud and Infrastructure,Pittsburgh,PA,United States,unknown,Full time,2026-07-20 21:42:18.734884,2026-07-09 00:00:00,https://eofe.fa.us2.oraclecloud.com/hcmUI/CandidateExperience/en/sites/BNY-Careers/job/78318
BNY,78320,"Director, Business & Function Finance Manager",Risk and Compliance,Pittsburgh,PA,United States,unknown,Full time,2026-07-20 21:42:19.782246,2026-07-09 00:00:00,https://eofe.fa.us2.oraclecloud.com/hcmUI/CandidateExperience/en/sites/BNY-Careers/job/78320
BNY,78299,"Senior Specialist, OPS Data Transfer, Integration & Quality",Other,Houston,TX,United States,hybrid,Full time,2026-07-20 21:42:20.642736,2026-07-09 00:00:00,https://eofe.fa.us2.oraclecloud.com/hcmUI/CandidateExperience/en/sites/BNY-Careers/job/78299
BNY,78460,"Senior Vice President, Deal Management",Risk and Compliance,Boston,MA,United States,unknown,Full time,2026-07-20 21:42:21.724662,2026-07-09 00:00:00,https://eofe.fa.us2.oraclecloud.com/hcmUI/CandidateExperience/en/sites/BNY-Careers/job/78460
BNY,78550,"Senior Vice President, Client Service Executive",Operations,Lake Mary,FL,United States,hybrid,Full time,2026-07-20 21:42:22.702831,2026-07-09 00:00:00,https://eofe.fa.us2.oraclecloud.com/hcmUI/CandidateExperience/en/sites/BNY-Careers/job/78550
BNY,78870,"Senior Specialist, Client Porcessing",Risk and Compliance,Lake Mary,FL,United States,unknown,Full time,2026-07-20 21:42:23.741169,2026-07-09 00:00:00,https://eofe.fa.us2.oraclecloud.com/hcmUI/CandidateExperience/en/sites/BNY-Careers/job/78870
BNY,78984,"Specialist, Middle Office Representative",Operations,Pittsburgh,PA,United States,unknown,Full time,2026-07-20 21:42:24.594514,2026-07-09 00:00:00,https://eofe.fa.us2.oraclecloud.com/hcmUI/CandidateExperience/en/sites/BNY-Careers/job/78984
BNY,79464,"Director, AI / Machine Learning Data Engineer",Data and AI,New York,NY,United States,unknown,Full time,2026-07-20 21:42:25.629823,2026-07-09 00:00:00,https://eofe.fa.us2.oraclecloud.com/hcmUI/CandidateExperience/en/sites/BNY-Careers/job/79464
BNY,79469,"Senior Specialist, Trading (Dreyfus)",Risk and Compliance,New York,NY,United States,unknown,Full time,2026-07-20 21:42:26.790961,2026-07-09 00:00:00,https://eofe.fa.us2.oraclecloud.com/hcmUI/CandidateExperience/en/sites/BNY-Careers/job/79469
BNY,79532,"Vice President, Accounting",Finance and Accounting,Pittsburgh,PA,United States,unknown,Full time,2026-07-20 21:42:27.658297,2026-07-09 00:00:00,https://eofe.fa.us2.oraclecloud.com/hcmUI/CandidateExperience/en/sites/BNY-Careers/job/79532
BNY,79578,"Vice President, POM Product Owner",Product Management,Jersey City,NJ,United States,unknown,Full time,2026-07-20 21:42:28.641132,2026-07-09 00:00:00,https://eofe.fa.us2.oraclecloud.com/hcmUI/CandidateExperience/en/sites/BNY-Careers/job/79578
BNY,72386,"Senior Specialist, Client Processing - Loans Enablement",Operations,Pittsburgh,PA,United States,hybrid,Full time,2026-07-20 21:42:30.659127,2026-07-08 00:00:00,https://eofe.fa.us2.oraclecloud.com/hcmUI/CandidateExperience/en/sites/BNY-Careers/job/72386
BNY,72387,"Senior Specialist, Client Processing",Operations,Pittsburgh,PA,United States,hybrid,Full time,2026-07-20 21:42:31.808246,2026-07-08 00:00:00,https://eofe.fa.us2.oraclecloud.com/hcmUI/CandidateExperience/en/sites/BNY-Careers/job/72387
BNY,72875,"Vice President, Scrum Leader",Product Management,New York,NY,United States,unknown,Full time,2026-07-20 21:42:32.767868,2026-07-08 00:00:00,https://eofe.fa.us2.oraclecloud.com/hcmUI/CandidateExperience/en/sites/BNY-Careers/job/72875
BNY,73198,"Specialist, Client Processing Representative II",Operations,Pittsburgh,PA,United States,unknown,Full time,2026-07-20 21:42:33.714231,2026-07-08 00:00:00,https://eofe.fa.us2.oraclecloud.com/hcmUI/CandidateExperience/en/sites/BNY-Careers/job/73198
BNY,74662,"Vice President, Client Processing",Operations,Houston,TX,United States,unknown,Full time,2026-07-20 21:42:34.818569,2026-07-08 00:00:00,https://eofe.fa.us2.oraclecloud.com/hcmUI/CandidateExperience/en/sites/BNY-Careers/job/74662
BNY,74869,"Senior Vice President, Technology Strategist",Risk and Compliance,Pittsburgh,PA,United States,unknown,Full time,2026-07-20 21:42:35.652531,2026-08-14 00:00:00,https://eofe.fa.us2.oraclecloud.com/hcmUI/CandidateExperience/en/sites/BNY-Careers/job/74869
BNY,76177,"Vice President, Strategic Planning",Risk and Compliance,Jersey City,NJ,United States,unknown,Full time,2026-07-20 21:42:36.645301,2026-07-08 00:00:00,https://eofe.fa.us2.oraclecloud.com/hcmUI/CandidateExperience/en/sites/BNY-Careers/job/76177
BNY,77459,"Vice President, Data Governance (Global Markets)",Risk and Compliance,Pittsburgh,PA,United States,unknown,Full time,2026-07-20 21:42:37.688413,2026-07-08 00:00:00,https://eofe.fa.us2.oraclecloud.com/hcmUI/CandidateExperience/en/sites/BNY-Careers/job/77459
BNY,77653,"Vice President, Client Operations",Operations,Lake Mary,FL,United States,unknown,Full time,2026-07-20 21:42:38.697705,2026-07-08 00:00:00,https://eofe.fa.us2.oraclecloud.com/hcmUI/CandidateExperience/en/sites/BNY-Careers/job/77653
BNY,78175,"Senior Specialist, Client Processing",Risk and Compliance,Berwyn,PA,United States,unknown,Full time,2026-07-20 21:42:39.713619,2026-07-08 00:00:00,https://eofe.fa.us2.oraclecloud.com/hcmUI/CandidateExperience/en/sites/BNY-Careers/job/78175
BNY,78395,"Specialist, Client Processing II",Operations,Pittsburgh,PA,United States,hybrid,Full time,2026-07-20 21:42:40.774080,2026-07-08 00:00:00,https://eofe.fa.us2.oraclecloud.com/hcmUI/CandidateExperience/en/sites/BNY-Careers/job/78395
BNY,78397,"Specialist, Client Operations II",Operations,Pittsburgh,PA,United States,hybrid,Full time,2026-07-20 21:42:41.776758,2026-07-08 00:00:00,https://eofe.fa.us2.oraclecloud.com/hcmUI/CandidateExperience/en/sites/BNY-Careers/job/78397
BNY,78398,"Senior Specialist, Client Processing",Operations,Pittsburgh,PA,United States,hybrid,Full time,2026-07-20 21:42:42.728366,2026-07-08 00:00:00,https://eofe.fa.us2.oraclecloud.com/hcmUI/CandidateExperience/en/sites/BNY-Careers/job/78398
BNY,78599,"Vice President, Client Processing Manager",Operations,Pittsburgh,PA,United States,unknown,Full time,2026-07-20 21:42:43.752669,2026-07-08 00:00:00,https://eofe.fa.us2.oraclecloud.com/hcmUI/CandidateExperience/en/sites/BNY-Careers/job/78599
BNY,78674,"Specialist, Client Processing Representative II",Operations,Pittsburgh,PA,United States,unknown,Full time,2026-07-20 21:42:44.746809,2026-07-08 00:00:00,https://eofe.fa.us2.oraclecloud.com/hcmUI/CandidateExperience/en/sites/BNY-Careers/job/78674
BNY,78676,"Specialist, Client Processing Representative II",Operations,Pittsburgh,PA,United States,unknown,Full time,2026-07-20 21:42:45.734707,2026-07-08 00:00:00,https://eofe.fa.us2.oraclecloud.com/hcmUI/CandidateExperience/en/sites/BNY-Careers/job/78676
BNY,78704,"Specialist, Client Processing Representative II",Operations,Pittsburgh,PA,United States,unknown,Full time,2026-07-20 21:42:46.750560,2026-07-08 00:00:00,https://eofe.fa.us2.oraclecloud.com/hcmUI/CandidateExperience/en/sites/BNY-Careers/job/78704
BNY,79049,"Senior Specialist, Product Designer",Operations,New York,NY,United States,unknown,Full time,2026-07-20 21:42:48.863296,2026-07-08 00:00:00,https://eofe.fa.us2.oraclecloud.com/hcmUI/CandidateExperience/en/sites/BNY-Careers/job/79049
BNY,79075,"Vice President, Fixed Income Trading",Risk and Compliance,Boston,MA,United States,hybrid,Full time,2026-07-20 21:42:49.838617,2026-07-08 00:00:00,https://eofe.fa.us2.oraclecloud.com/hcmUI/CandidateExperience/en/sites/BNY-Careers/job/79075
BNY,79183,"Vice President, Tax Reporting & Compliance",Risk and Compliance,Pittsburgh,PA,United States,unknown,Full time,2026-07-20 21:42:50.772631,2026-07-08 00:00:00,https://eofe.fa.us2.oraclecloud.com/hcmUI/CandidateExperience/en/sites/BNY-Careers/job/79183
BNY,79423,"Senior Specialist, Treasury and ALM",Finance and Accounting,New York,NY,United States,unknown,Full time,2026-07-20 21:42:51.819424,2026-07-21 00:00:00,https://eofe.fa.us2.oraclecloud.com/hcmUI/CandidateExperience/en/sites/BNY-Careers/job/79423
BNY,79430,"Director, Accounting",Finance and Accounting,Pittsburgh,PA,United States,unknown,Full time,2026-07-20 21:42:52.795808,2026-07-08 00:00:00,https://eofe.fa.us2.oraclecloud.com/hcmUI/CandidateExperience/en/sites/BNY-Careers/job/79430
BNY,79540,Senior Vice President - Hedge Fund Credit & Alternative Asset,Risk and Compliance,New York,NY,United States,hybrid,Full time,2026-07-20 21:42:53.788147,2026-07-08 00:00:00,https://eofe.fa.us2.oraclecloud.com/hcmUI/CandidateExperience/en/sites/BNY-Careers/job/79540
BNY,75027,"Vice President, Full-Stack Engineer",Software Engineering,Boston,MA,United States,unknown,Full time,2026-07-20 21:42:54.830238,2026-07-07 00:00:00,https://eofe.fa.us2.oraclecloud.com/hcmUI/CandidateExperience/en/sites/BNY-Careers/job/75027
BNY,75292,"Vice President, Digital Asset Operations",Operations,New York,NY,United States,unknown,Full time,2026-07-20 21:42:55.814751,2026-07-07 00:00:00,https://eofe.fa.us2.oraclecloud.com/hcmUI/CandidateExperience/en/sites/BNY-Careers/job/75292
BNY,76319,"Specialist, Client Processing",Operations,Pittsburgh,PA,United States,unknown,Full time,2026-07-20 21:42:56.826077,2026-07-07 00:00:00,https://eofe.fa.us2.oraclecloud.com/hcmUI/CandidateExperience/en/sites/BNY-Careers/job/76319
BNY,77115,"Vice President, Product Manager",Product Management,Pittsburgh,PA,United States,unknown,Full time,2026-07-20 21:42:57.811081,2026-07-07 00:00:00,https://eofe.fa.us2.oraclecloud.com/hcmUI/CandidateExperience/en/sites/BNY-Careers/job/77115
BNY,77848,"Senior Vice President, Infrastructure Engineer",Cloud and Infrastructure,New York,NY,United States,unknown,Full time,2026-07-20 21:42:58.882898,2026-07-07 00:00:00,https://eofe.fa.us2.oraclecloud.com/hcmUI/CandidateExperience/en/sites/BNY-Careers/job/77848
BNY,78105,"Vice President, POM Product Management",Risk and Compliance,Lake Mary,FL,United States,unknown,Full time,2026-07-20 21:43:00.845914,2026-08-05 00:00:00,https://eofe.fa.us2.oraclecloud.com/hcmUI/CandidateExperience/en/sites/BNY-Careers/job/78105
BNY,78319,"Senior Vice President, DevOps Production Services",Cloud and Infrastructure,Lake Mary,FL,United States,unknown,Full time,2026-07-20 21:43:01.975633,2026-07-07 00:00:00,https://eofe.fa.us2.oraclecloud.com/hcmUI/CandidateExperience/en/sites/BNY-Careers/job/78319
BNY,78322,"Vice President, DevOps Production Services",Cloud and Infrastructure,New York,NY,United States,unknown,Full time,2026-07-20 21:43:02.833235,2026-07-07 00:00:00,https://eofe.fa.us2.oraclecloud.com/hcmUI/CandidateExperience/en/sites/BNY-Careers/job/78322
BNY,78890,"Senior Vice President, Infrastructure Engineer",Cloud and Infrastructure,Lake Mary,FL,United States,unknown,Full time,2026-07-20 21:43:03.876989,2026-07-07 00:00:00,https://eofe.fa.us2.oraclecloud.com/hcmUI/CandidateExperience/en/sites/BNY-Careers/job/78890
BNY,79067,"Vice President, Client Service Management (Global Collateral Platform)",Operations,Lake Mary,FL,United States,hybrid,Full time,2026-07-20 21:43:04.909482,2026-07-07 00:00:00,https://eofe.fa.us2.oraclecloud.com/hcmUI/CandidateExperience/en/sites/BNY-Careers/job/79067
BNY,79137,"Vice President, Cash Processing/Funds Transfer Manager",Operations,Pittsburgh,PA,United States,unknown,Full time,2026-07-20 21:43:05.871103,2026-07-07 00:00:00,https://eofe.fa.us2.oraclecloud.com/hcmUI/CandidateExperience/en/sites/BNY-Careers/job/79137
BNY,79227,"Senior Vice President, Client Executive (Securities Finance)",Risk and Compliance,New York,NY,United States,hybrid,Full time,2026-07-20 21:43:06.971758,2026-07-07 00:00:00,https://eofe.fa.us2.oraclecloud.com/hcmUI/CandidateExperience/en/sites/BNY-Careers/job/79227
BNY,79425,"Senior Vice President, SOX Control & Compliance Manager",Risk and Compliance,Pittsburgh,PA,United States,unknown,Full time,2026-07-20 21:43:07.979200,2026-07-07 00:00:00,https://eofe.fa.us2.oraclecloud.com/hcmUI/CandidateExperience/en/sites/BNY-Careers/job/79425
BNY,79502,"Vice President, SOX Control & Compliance",Risk and Compliance,Pittsburgh,PA,United States,unknown,Full time,2026-07-20 21:43:08.999354,2026-07-07 00:00:00,https://eofe.fa.us2.oraclecloud.com/hcmUI/CandidateExperience/en/sites/BNY-Careers/job/79502
BNY,79504,"Vice President, SOX Control & Compliance",Risk and Compliance,New York,NY,United States,unknown,Full time,2026-07-20 21:43:10.016164,2026-07-07 00:00:00,https://eofe.fa.us2.oraclecloud.com/hcmUI/CandidateExperience/en/sites/BNY-Careers/job/79504
BNY,79594,"Senior Specialist, Product Management",Data and AI,New York,NY,United States,unknown,Full time,2026-07-20 21:43:10.986082,2026-07-07 00:00:00,https://eofe.fa.us2.oraclecloud.com/hcmUI/CandidateExperience/en/sites/BNY-Careers/job/79594
BNY,79604,"Vice President, Sourcing & Resiliency Coordinator - Product & Innovation (Digital Assets Business)",Risk and Compliance,New York,NY,United States,unknown,Full time,2026-07-20 21:43:11.876248,2026-07-07 00:00:00,https://eofe.fa.us2.oraclecloud.com/hcmUI/CandidateExperience/en/sites/BNY-Careers/job/79604
BNY,79738,"Senior Director, Senior Managing Counsel- Fixed Income and Equities (FIEQ)",Legal,New York,NY,United States,hybrid,Full time,2026-07-20 21:43:12.938670,2026-07-07 00:00:00,https://eofe.fa.us2.oraclecloud.com/hcmUI/CandidateExperience/en/sites/BNY-Careers/job/79738
BNY,74165,"Senior Specialist, Control",Risk and Compliance,Lake Mary,FL,United States,unknown,Full time,2026-07-20 21:43:14.091789,2026-07-06 00:00:00,https://eofe.fa.us2.oraclecloud.com/hcmUI/CandidateExperience/en/sites/BNY-Careers/job/74165
BNY,74301,"Senior Vice President, Client Service Executive",Other,Everett,MA,United States,unknown,Full time,2026-07-20 21:43:14.938541,2026-08-12 00:00:00,https://eofe.fa.us2.oraclecloud.com/hcmUI/CandidateExperience/en/sites/BNY-Careers/job/74301
BNY,75643,"Specialist, Client Processing Representative",Operations,Jersey City,NJ,United States,unknown,Full time,2026-07-20 21:43:16.125338,2026-07-06 00:00:00,https://eofe.fa.us2.oraclecloud.com/hcmUI/CandidateExperience/en/sites/BNY-Careers/job/75643
BNY,76351,"Specialist, Client Processing",Operations,Lake Mary,FL,United States,unknown,Full time,2026-07-20 21:43:17.982872,2026-07-06 00:00:00,https://eofe.fa.us2.oraclecloud.com/hcmUI/CandidateExperience/en/sites/BNY-Careers/job/76351
BNY,76352,"Specialist, Client Processing",Operations,Lake Mary,FL,United States,unknown,Full time,2026-07-20 21:43:19.003799,2026-07-06 00:00:00,https://eofe.fa.us2.oraclecloud.com/hcmUI/CandidateExperience/en/sites/BNY-Careers/job/76352
BNY,76918,"Director, Compliance & Control (Fixed Income and Buy-side Trading Solutions)",Risk and Compliance,New York,NY,United States,unknown,Full time,2026-07-20 21:43:20.048418,2026-07-06 00:00:00,https://eofe.fa.us2.oraclecloud.com/hcmUI/CandidateExperience/en/sites/BNY-Careers/job/76918
BNY,77057,"Senior Director, Product Lead – Data Strategy Group, Integrated Middle Office",Operations,New York,NY,United States,unknown,Full time,2026-07-20 21:43:21.091353,2026-07-06 00:00:00,https://eofe.fa.us2.oraclecloud.com/hcmUI/CandidateExperience/en/sites/BNY-Careers/job/77057
BNY,77528,"Vice President, Client Service Management",Risk and Compliance,Lake Mary,FL,United States,unknown,Full time,2026-07-20 21:43:22.141347,2026-07-06 00:00:00,https://eofe.fa.us2.oraclecloud.com/hcmUI/CandidateExperience/en/sites/BNY-Careers/job/77528
BNY,78240,"Senior Specialist, Client Operations",Operations,Pittsburgh,PA,United States,unknown,Full time,2026-07-20 21:43:23.121579,2026-07-06 00:00:00,https://eofe.fa.us2.oraclecloud.com/hcmUI/CandidateExperience/en/sites/BNY-Careers/job/78240
BNY,78419,"Specialist, Client Processing",Operations,Lake Mary,FL,United States,hybrid,Full time,2026-07-20 21:43:24.125902,2026-07-06 00:00:00,https://eofe.fa.us2.oraclecloud.com/hcmUI/CandidateExperience/en/sites/BNY-Careers/job/78419
BNY,78420,"Specialist, Client Processing",Operations,Lake Mary,FL,United States,hybrid,Full time,2026-07-20 21:43:25.375391,2026-07-06 00:00:00,https://eofe.fa.us2.oraclecloud.com/hcmUI/CandidateExperience/en/sites/BNY-Careers/job/78420
BNY,78705,"Specialist, Client Processing Representative II",Operations,Pittsburgh,PA,United States,unknown,Full time,2026-07-20 21:43:26.061030,2026-07-06 00:00:00,https://eofe.fa.us2.oraclecloud.com/hcmUI/CandidateExperience/en/sites/BNY-Careers/job/78705
BNY,78966,"Senior Specialist, Alternative Funds Lending",Risk and Compliance,New York,NY,United States,hybrid,Full time,2026-07-20 21:43:27.160900,2026-07-06 00:00:00,https://eofe.fa.us2.oraclecloud.com/hcmUI/CandidateExperience/en/sites/BNY-Careers/job/78966
BNY,79321,"Vice President, Full-Stack Engineer",Risk and Compliance,Pittsburgh,PA,United States,unknown,Full time,2026-07-20 21:43:28.147796,2026-07-06 00:00:00,https://eofe.fa.us2.oraclecloud.com/hcmUI/CandidateExperience/en/sites/BNY-Careers/job/79321
BNY,79667,"Director, Payments Product Management",Risk and Compliance,New York,NY,United States,unknown,Full time,2026-07-20 21:43:30.275169,2026-07-06 00:00:00,https://eofe.fa.us2.oraclecloud.com/hcmUI/CandidateExperience/en/sites/BNY-Careers/job/79667
BNY,76789,"Senior Director, Fellow, Solution Architect",Operations,Jersey City,NJ,United States,unknown,Full time,2026-07-20 21:43:31.071295,2026-07-03 00:00:00,https://eofe.fa.us2.oraclecloud.com/hcmUI/CandidateExperience/en/sites/BNY-Careers/job/76789
BNY,74408,"Vice President, Client Implementations Manager",Risk and Compliance,Pittsburgh,PA,United States,unknown,Full time,2026-07-20 21:43:32.121826,2026-07-02 00:00:00,https://eofe.fa.us2.oraclecloud.com/hcmUI/CandidateExperience/en/sites/BNY-Careers/job/74408
BNY,75269,"Vice President, Database Management",Risk and Compliance,Berwyn,PA,United States,unknown,Full time,2026-07-20 21:43:33.123498,2026-07-02 00:00:00,https://eofe.fa.us2.oraclecloud.com/hcmUI/CandidateExperience/en/sites/BNY-Careers/job/75269
BNY,77362,"Director, Fund Tax Product Management",Finance and Accounting,Boston,MA,United States,unknown,Full time,2026-07-20 21:43:34.209856,2026-07-24 00:00:00,https://eofe.fa.us2.oraclecloud.com/hcmUI/CandidateExperience/en/sites/BNY-Careers/job/77362
BNY,77517,"Vice President, Client Service Management",Operations,New York,NY,United States,unknown,Full time,2026-07-20 21:43:35.324050,2026-07-02 00:00:00,https://eofe.fa.us2.oraclecloud.com/hcmUI/CandidateExperience/en/sites/BNY-Careers/job/77517
BNY,77660,"Specialist, Client Processing Representative",Operations,New York,NY,United States,unknown,Full time,2026-07-20 21:43:36.173030,2026-07-02 00:00:00,https://eofe.fa.us2.oraclecloud.com/hcmUI/CandidateExperience/en/sites/BNY-Careers/job/77660
BNY,77844,"Vice President, Production Services Infrastructure Support",Cloud and Infrastructure,Pittsburgh,PA,United States,unknown,Full time,2026-07-20 21:43:37.257949,2026-07-02 00:00:00,https://eofe.fa.us2.oraclecloud.com/hcmUI/CandidateExperience/en/sites/BNY-Careers/job/77844
BNY,77913,"Senior Director, FX Product Management Manager",Risk and Compliance,New York,NY,United States,unknown,Full time,2026-07-20 21:43:38.154284,2026-07-02 00:00:00,https://eofe.fa.us2.oraclecloud.com/hcmUI/CandidateExperience/en/sites/BNY-Careers/job/77913
BNY,78955,"Vice President, Product Design",Software Engineering,New York,NY,United States,unknown,Full time,2026-07-20 21:43:39.160159,2026-07-02 00:00:00,https://eofe.fa.us2.oraclecloud.com/hcmUI/CandidateExperience/en/sites/BNY-Careers/job/78955
BNY,79044,Internal Investment Consultant - BNY Investments,Operations,New York,NY,United States,unknown,Full time,2026-07-20 21:43:41.155473,2026-07-02 00:00:00,https://eofe.fa.us2.oraclecloud.com/hcmUI/CandidateExperience/en/sites/BNY-Careers/job/79044
BNY,79186,"Specialist, Client Service Management",Other,Philadelphia,PA,United States,unknown,Full time,2026-07-20 21:43:42.181671,2026-07-02 00:00:00,https://eofe.fa.us2.oraclecloud.com/hcmUI/CandidateExperience/en/sites/BNY-Careers/job/79186
BNY,79184,"Specialist, Client Processing",Operations,Pittsburgh,PA,United States,unknown,Full time,2026-07-20 21:43:43.140620,2026-07-02 00:00:00,https://eofe.fa.us2.oraclecloud.com/hcmUI/CandidateExperience/en/sites/BNY-Careers/job/79184
BNY,79291,"Senior Specialist, Control (Global Collateral Platform)",Risk and Compliance,Lake Mary,FL,United States,hybrid,Full time,2026-07-20 21:43:44.138780,2026-07-02 00:00:00,https://eofe.fa.us2.oraclecloud.com/hcmUI/CandidateExperience/en/sites/BNY-Careers/job/79291
BNY,79485,"Vice President, Information Security",Cybersecurity,Nashville,TN,United States,unknown,Full time,2026-07-20 21:43:45.172843,2026-07-02 00:00:00,https://eofe.fa.us2.oraclecloud.com/hcmUI/CandidateExperience/en/sites/BNY-Careers/job/79485
BNY,79492,"Vice President, Financial Planning & Analysis",Risk and Compliance,Pittsburgh,PA,United States,unknown,Full time,2026-07-20 21:43:46.256987,2026-07-02 00:00:00,https://eofe.fa.us2.oraclecloud.com/hcmUI/CandidateExperience/en/sites/BNY-Careers/job/79492
BNY,74347,Strategic Accounts Relationship Manager - Vice President - BNY Investments,Sales and Relationship Management,New York,NY,United States,unknown,Full time,2026-07-20 21:43:47.259375,2026-07-01 00:00:00,https://eofe.fa.us2.oraclecloud.com/hcmUI/CandidateExperience/en/sites/BNY-Careers/job/74347
BNY,75114,"Vice President, Full-Stack Engineer",Risk and Compliance,Pittsburgh,PA,United States,unknown,Full time,2026-07-20 21:43:48.212275,2026-08-17 00:00:00,https://eofe.fa.us2.oraclecloud.com/hcmUI/CandidateExperience/en/sites/BNY-Careers/job/75114
BNY,77139,"Specialist, Investor Services Operations Representative",Operations,Lake Mary,FL,United States,unknown,Full time,2026-07-20 21:43:49.217626,2026-07-01 00:00:00,https://eofe.fa.us2.oraclecloud.com/hcmUI/CandidateExperience/en/sites/BNY-Careers/job/77139
BNY,77346,"Senior Vice President, POM Product Management",Product Management,Pittsburgh,PA,United States,unknown,Full time,2026-07-20 21:43:50.208509,2026-07-01 00:00:00,https://eofe.fa.us2.oraclecloud.com/hcmUI/CandidateExperience/en/sites/BNY-Careers/job/77346
BNY,77382,"Senior Director, POM Product Management Manager",Risk and Compliance,New York,NY,United States,unknown,Full time,2026-07-20 21:43:51.204447,2026-07-01 00:00:00,https://eofe.fa.us2.oraclecloud.com/hcmUI/CandidateExperience/en/sites/BNY-Careers/job/77382
BNY,77649,"Specialist, Client Processing Representative",Operations,New York,NY,United States,unknown,Full time,2026-07-20 21:43:52.212410,2026-07-01 00:00:00,https://eofe.fa.us2.oraclecloud.com/hcmUI/CandidateExperience/en/sites/BNY-Careers/job/77649
BNY,77943,"Director, Client Executive",Operations,New York,NY,United States,unknown,Full time,2026-07-20 21:43:53.281879,2026-07-01 00:00:00,https://eofe.fa.us2.oraclecloud.com/hcmUI/CandidateExperience/en/sites/BNY-Careers/job/77943
BNY,78201,"Senior Vice President, Forward Deployed Engineer",Software Engineering,New York,NY,United States,unknown,Full time,2026-07-20 21:43:54.263524,2026-07-01 00:00:00,https://eofe.fa.us2.oraclecloud.com/hcmUI/CandidateExperience/en/sites/BNY-Careers/job/78201
BNY,78301,"Director, POM Product Management",Risk and Compliance,New York,NY,United States,unknown,Full time,2026-07-20 21:43:56.360884,2026-07-01 00:00:00,https://eofe.fa.us2.oraclecloud.com/hcmUI/CandidateExperience/en/sites/BNY-Careers/job/78301
BNY,78657,"Senior Legal Specialist, Data Analyst/AI Specialist - Commercial Law Group",Legal,Lake Mary,FL,United States,unknown,Full time,2026-07-20 21:43:57.372567,2026-07-01 00:00:00,https://eofe.fa.us2.oraclecloud.com/hcmUI/CandidateExperience/en/sites/BNY-Careers/job/78657
BNY,79072,"Director, Equity Sales",Sales and Relationship Management,New York,NY,United States,hybrid,Full time,2026-07-20 21:43:58.278746,2026-07-01 00:00:00,https://eofe.fa.us2.oraclecloud.com/hcmUI/CandidateExperience/en/sites/BNY-Careers/job/79072
BNY,79418,"Senior Vice President, Head of Paid Media",Risk and Compliance,New York,NY,United States,hybrid,Full time,2026-07-20 21:43:59.327825,2026-07-01 00:00:00,https://eofe.fa.us2.oraclecloud.com/hcmUI/CandidateExperience/en/sites/BNY-Careers/job/79418
BNY,79421,"Vice President, Private Banking - Business Banker",Sales and Relationship Management,New York,NY,United States,unknown,Full time,2026-07-20 21:44:00.537468,2026-07-01 00:00:00,https://eofe.fa.us2.oraclecloud.com/hcmUI/CandidateExperience/en/sites/BNY-Careers/job/79421
BNY,79426,"Director, Business & Function Finance Manager",Finance and Accounting,New York,NY,United States,unknown,Full time,2026-07-20 21:44:01.330972,2026-07-01 00:00:00,https://eofe.fa.us2.oraclecloud.com/hcmUI/CandidateExperience/en/sites/BNY-Careers/job/79426
BNY,79466,"Senior Vice President,  AI / Machine Learning Data Engineer",Data and AI,New York,NY,United States,unknown,Full time,2026-07-20 21:44:02.305294,2026-07-01 00:00:00,https://eofe.fa.us2.oraclecloud.com/hcmUI/CandidateExperience/en/sites/BNY-Careers/job/79466
BNY,79509,"Senior Specialist, Treasury and ALM",Finance and Accounting,New York,NY,United States,unknown,,2026-07-20 21:44:03.344765,2026-07-01 00:00:00,https://eofe.fa.us2.oraclecloud.com/hcmUI/CandidateExperience/en/sites/BNY-Careers/job/79509
BNY,79583,"Senior Director, POM Product Management Manager",Operations,Dallas,TX,United States,hybrid,Full time,2026-07-20 21:44:04.547817,2026-07-01 00:00:00,https://eofe.fa.us2.oraclecloud.com/hcmUI/CandidateExperience/en/sites/BNY-Careers/job/79583
BNY,79591,"Senior Director - Global Head Of Enterprise Marketing Technology, AI & Data",Data and AI,New York,NY,United States,hybrid,Full time,2026-07-20 21:44:05.327890,2026-07-01 00:00:00,https://eofe.fa.us2.oraclecloud.com/hcmUI/CandidateExperience/en/sites/BNY-Careers/job/79591
BNY,75404,"Senior Vice President, Full-Stack Engineer",Software Engineering,New York,NY,United States,unknown,Full time,2026-07-20 21:44:06.306772,2026-06-30 00:00:00,https://eofe.fa.us2.oraclecloud.com/hcmUI/CandidateExperience/en/sites/BNY-Careers/job/75404
BNY,76692,"Specialist, Anti Money Laundering/Prevention/KYC Representative II",Risk and Compliance,Pittsburgh,PA,United States,unknown,Full time,2026-07-20 21:44:07.456841,2026-06-30 00:00:00,https://eofe.fa.us2.oraclecloud.com/hcmUI/CandidateExperience/en/sites/BNY-Careers/job/76692
BNY,77791,"Senior Vice President, Infrastructure Engineer",Cloud and Infrastructure,Jersey City,NJ,United States,unknown,Full time,2026-07-20 21:44:09.381205,2026-06-30 00:00:00,https://eofe.fa.us2.oraclecloud.com/hcmUI/CandidateExperience/en/sites/BNY-Careers/job/77791
BNY,78472,"Senior Vice President, Product Manager - Document Custody & eCustody Solutions",Product Management,New York,NY,United States,hybrid,Full time,2026-07-20 21:44:10.615459,2026-06-30 00:00:00,https://eofe.fa.us2.oraclecloud.com/hcmUI/CandidateExperience/en/sites/BNY-Careers/job/78472
BNY,78474,"Senior Director, POM Product Management Manager",Risk and Compliance,New York,NY,United States,hybrid,Full time,2026-07-20 21:44:11.486744,2026-06-30 00:00:00,https://eofe.fa.us2.oraclecloud.com/hcmUI/CandidateExperience/en/sites/BNY-Careers/job/78474
BNY,78574,"Senior Specialist, Client Operations",Operations,Berwyn,PA,United States,unknown,Full time,2026-07-20 21:44:12.326926,2026-06-30 00:00:00,https://eofe.fa.us2.oraclecloud.com/hcmUI/CandidateExperience/en/sites/BNY-Careers/job/78574
BNY,78610,"Vice President, Middle Office",Operations,New York,NY,United States,unknown,Full time,2026-07-20 21:44:13.595954,2026-06-30 00:00:00,https://eofe.fa.us2.oraclecloud.com/hcmUI/CandidateExperience/en/sites/BNY-Careers/job/78610
BNY,79121,"Senior Vice President, Resiliency Lead",Cloud and Infrastructure,New York,NY,United States,unknown,Full time,2026-07-20 21:44:14.480318,2026-06-30 00:00:00,https://eofe.fa.us2.oraclecloud.com/hcmUI/CandidateExperience/en/sites/BNY-Careers/job/79121
BNY,79554,"Senior Director, Client Executive Manager",Other,Boston,MA,United States,onsite,Full time,2026-07-20 21:44:15.495444,2026-06-30 00:00:00,https://eofe.fa.us2.oraclecloud.com/hcmUI/CandidateExperience/en/sites/BNY-Careers/job/79554
BNY,79568,Full-Stack Engineer,Software Engineering,New York,NY,United States,unknown,Full time,2026-07-20 21:44:16.414326,2026-08-21 00:00:00,https://eofe.fa.us2.oraclecloud.com/hcmUI/CandidateExperience/en/sites/BNY-Careers/job/79568
BNY,70899,"Specialist, Real Estate Asset Management II",Audit,New York,NY,United States,unknown,Full time,2026-07-20 21:44:17.430055,2026-06-29 00:00:00,https://eofe.fa.us2.oraclecloud.com/hcmUI/CandidateExperience/en/sites/BNY-Careers/job/70899
BNY,74494,"Vice President, Operational Risk Coverage",Risk and Compliance,New York,NY,United States,unknown,Full time,2026-07-20 21:44:18.391161,2026-06-29 00:00:00,https://eofe.fa.us2.oraclecloud.com/hcmUI/CandidateExperience/en/sites/BNY-Careers/job/74494
BNY,74608,"Vice President, Full-Stack Engineer",Cloud and Infrastructure,Lake Mary,FL,United States,unknown,Full time,2026-07-20 21:44:19.473168,2026-06-29 00:00:00,https://eofe.fa.us2.oraclecloud.com/hcmUI/CandidateExperience/en/sites/BNY-Careers/job/74608
BNY,74644,"Vice President, Client Operations Manager",Operations,Pittsburgh,PA,United States,unknown,Full time,2026-07-20 21:44:20.509182,2026-06-29 00:00:00,https://eofe.fa.us2.oraclecloud.com/hcmUI/CandidateExperience/en/sites/BNY-Careers/job/74644
BNY,75086,"Vice President, Scrum Leader",Product Management,Pittsburgh,PA,United States,unknown,Full time,2026-07-20 21:44:21.460538,2026-06-29 00:00:00,https://eofe.fa.us2.oraclecloud.com/hcmUI/CandidateExperience/en/sites/BNY-Careers/job/75086
BNY,76048,"Vice President, Full Stack Engineer",Software Engineering,Berwyn,PA,United States,unknown,Full time,2026-07-20 21:44:22.395680,2026-06-29 00:00:00,https://eofe.fa.us2.oraclecloud.com/hcmUI/CandidateExperience/en/sites/BNY-Careers/job/76048
BNY,76716,"Specialist, Client Coverage",Operations,Lake Mary,FL,United States,unknown,Full time,2026-07-20 21:44:46.100219,2026-06-29 00:00:00,https://eofe.fa.us2.oraclecloud.com/hcmUI/CandidateExperience/en/sites/BNY-Careers/job/76716
BNY,77181,"Vice President, Client Operations",Operations,Pittsburgh,PA,United States,unknown,Full time,2026-07-20 21:44:46.967687,2026-06-29 00:00:00,https://eofe.fa.us2.oraclecloud.com/hcmUI/CandidateExperience/en/sites/BNY-Careers/job/77181
BNY,77272,"Senior Vice President, Full-Stack Engineer",Software Engineering,New York,NY,United States,unknown,Full time,2026-07-20 21:44:47.474799,2026-06-29 00:00:00,https://eofe.fa.us2.oraclecloud.com/hcmUI/CandidateExperience/en/sites/BNY-Careers/job/77272
BNY,77319,"Director, Product Management Manager - Government Solutions",Risk and Compliance,Washington,DC,United States,unknown,Full time,2026-07-20 21:44:50.830114,2026-06-29 00:00:00,https://eofe.fa.us2.oraclecloud.com/hcmUI/CandidateExperience/en/sites/BNY-Careers/job/77319
BNY,77472,"Senior Vice President, Release Train Engineer",Cloud and Infrastructure,Jersey City,NJ,United States,unknown,Full time,2026-07-20 21:45:00.291001,2026-06-29 00:00:00,https://eofe.fa.us2.oraclecloud.com/hcmUI/CandidateExperience/en/sites/BNY-Careers/job/77472
BNY,77504,"Senior Specialist, Full-Stack Engineer",Software Engineering,Pittsburgh,PA,United States,unknown,Full time,2026-07-20 21:45:01.509246,2026-06-29 00:00:00,https://eofe.fa.us2.oraclecloud.com/hcmUI/CandidateExperience/en/sites/BNY-Careers/job/77504
BNY,77652,"Specialist, Client Operations",Operations,Lake Mary,FL,United States,unknown,Full time,2026-07-20 21:45:02.274969,2026-06-29 00:00:00,https://eofe.fa.us2.oraclecloud.com/hcmUI/CandidateExperience/en/sites/BNY-Careers/job/77652
BNY,77662,"Senior Specialist, Client Processing",Operations,Lake Mary,FL,United States,unknown,Full time,2026-07-20 21:45:04.570715,2026-06-29 00:00:00,https://eofe.fa.us2.oraclecloud.com/hcmUI/CandidateExperience/en/sites/BNY-Careers/job/77662
BNY,77855,"Senior Specialist, Client Processing",Operations,Lake Mary,FL,United States,unknown,Full time,2026-07-20 21:45:05.037911,2026-06-29 00:00:00,https://eofe.fa.us2.oraclecloud.com/hcmUI/CandidateExperience/en/sites/BNY-Careers/job/77855
BNY,77871,"Vice President, Third Party Application Engineering",Software Engineering,Boston,MA,United States,unknown,Full time,2026-07-20 21:45:13.300632,2026-06-29 00:00:00,https://eofe.fa.us2.oraclecloud.com/hcmUI/CandidateExperience/en/sites/BNY-Careers/job/77871
BNY,77994,"Specialist, Fund/Client Accounting Representative",Finance and Accounting,New York,NY,United States,unknown,Full time,2026-07-20 21:45:13.846807,2026-06-29 00:00:00,https://eofe.fa.us2.oraclecloud.com/hcmUI/CandidateExperience/en/sites/BNY-Careers/job/77994
BNY,77973,"Specialist, Fund Reporting",Audit,Boston,MA,United States,unknown,Full time,2026-07-20 21:45:22.362040,2026-06-29 00:00:00,https://eofe.fa.us2.oraclecloud.com/hcmUI/CandidateExperience/en/sites/BNY-Careers/job/77973
BNY,77974,"Vice President, Fund Reporting Manager",Risk and Compliance,Boston,MA,United States,unknown,Full time,2026-07-20 21:45:22.862905,2026-06-29 00:00:00,https://eofe.fa.us2.oraclecloud.com/hcmUI/CandidateExperience/en/sites/BNY-Careers/job/77974
BNY,77975,"Senior Specialist, Fund Reporting",Risk and Compliance,Boston,MA,United States,unknown,Full time,2026-07-20 21:45:24.694222,2026-06-29 00:00:00,https://eofe.fa.us2.oraclecloud.com/hcmUI/CandidateExperience/en/sites/BNY-Careers/job/77975
BNY,77982,"Specialist, Fund Reporting Representative",Risk and Compliance,Boston,MA,United States,unknown,Full time,2026-07-20 21:45:25.534639,2026-06-29 00:00:00,https://eofe.fa.us2.oraclecloud.com/hcmUI/CandidateExperience/en/sites/BNY-Careers/job/77982
BNY,78374,"Director, POM Experience Designer - Digital Channels",Product Management,New York,NY,United States,unknown,Full time,2026-07-20 21:45:26.741878,2026-06-29 00:00:00,https://eofe.fa.us2.oraclecloud.com/hcmUI/CandidateExperience/en/sites/BNY-Careers/job/78374
BNY,78479,"Senior Vice President, Client Executive",Risk and Compliance,New York,NY,United States,hybrid,Full time,2026-07-20 21:45:31.368624,2026-06-29 00:00:00,https://eofe.fa.us2.oraclecloud.com/hcmUI/CandidateExperience/en/sites/BNY-Careers/job/78479
BNY,78554,"Director, Client Executive",Risk and Compliance,New York,NY,United States,unknown,Full time,2026-07-20 21:45:32.820189,2026-06-29 00:00:00,https://eofe.fa.us2.oraclecloud.com/hcmUI/CandidateExperience/en/sites/BNY-Careers/job/78554
BNY,70827,"Senior Vice President, Research - IM",Risk and Compliance,Pittsburgh,PA,United States,hybrid,Full time,2026-07-20 21:45:33.141073,2026-06-26 00:00:00,https://eofe.fa.us2.oraclecloud.com/hcmUI/CandidateExperience/en/sites/BNY-Careers/job/70827
BNY,72548,"Vice President, Client Processing Manager",Operations,Pittsburgh,PA,United States,unknown,Full time,2026-07-20 21:45:34.154569,2026-06-26 00:00:00,https://eofe.fa.us2.oraclecloud.com/hcmUI/CandidateExperience/en/sites/BNY-Careers/job/72548
BNY,75098,"Vice President, Full-Stack Engineer",Software Engineering,Boston,MA,United States,unknown,Full time,2026-07-20 21:45:36.232219,2026-06-26 00:00:00,https://eofe.fa.us2.oraclecloud.com/hcmUI/CandidateExperience/en/sites/BNY-Careers/job/75098
BNY,75099,"Senior Vice President, Full-Stack Engineer",Cloud and Infrastructure,Boston,MA,United States,unknown,Full time,2026-07-20 21:45:37.217196,2026-06-26 00:00:00,https://eofe.fa.us2.oraclecloud.com/hcmUI/CandidateExperience/en/sites/BNY-Careers/job/75099
BNY,75209,"Senior Vice President, Full-Stack Engineer",Cloud and Infrastructure,Pittsburgh,PA,United States,unknown,Full time,2026-07-20 21:45:38.263366,2026-06-26 00:00:00,https://eofe.fa.us2.oraclecloud.com/hcmUI/CandidateExperience/en/sites/BNY-Careers/job/75209
BNY,75593,"Senior Vice President, Infrastructure Engineer",Cloud and Infrastructure,New York,NY,United States,unknown,Full time,2026-07-20 21:45:39.327733,2026-06-26 00:00:00,https://eofe.fa.us2.oraclecloud.com/hcmUI/CandidateExperience/en/sites/BNY-Careers/job/75593
BNY,76101,"Director, Client Operations Manager",Operations,New York,NY,United States,unknown,Full time,2026-07-20 21:45:40.219024,2026-06-26 00:00:00,https://eofe.fa.us2.oraclecloud.com/hcmUI/CandidateExperience/en/sites/BNY-Careers/job/76101
BNY,76568,"Specialist, Client Operations Representative",Operations,Berwyn,PA,United States,unknown,Full time,2026-07-20 21:45:41.173407,2026-06-26 00:00:00,https://eofe.fa.us2.oraclecloud.com/hcmUI/CandidateExperience/en/sites/BNY-Careers/job/76568
BNY,77232,"Vice President, Full-Stack Engineer",Software Engineering,Jersey City,NJ,United States,unknown,Full time,2026-07-20 21:45:42.209055,2026-06-26 00:00:00,https://eofe.fa.us2.oraclecloud.com/hcmUI/CandidateExperience/en/sites/BNY-Careers/job/77232
BNY,77841,"Senior Specialist, Full-Stack Engineer",Risk and Compliance,Pittsburgh,PA,United States,unknown,Full time,2026-07-20 21:45:43.242890,2026-06-26 00:00:00,https://eofe.fa.us2.oraclecloud.com/hcmUI/CandidateExperience/en/sites/BNY-Careers/job/77841
BNY,78228,Sr. Executive Assistant to the Deputy Chief Audit Executive and Chief Administrative Officer for Internal Audit,Audit,New York,NY,United States,unknown,Full time,2026-07-20 21:45:45.171913,2026-06-26 00:00:00,https://eofe.fa.us2.oraclecloud.com/hcmUI/CandidateExperience/en/sites/BNY-Careers/job/78228
BNY,78340,"Senior Specialist, POM Product Owner",Data and AI,Pittsburgh,PA,United States,unknown,Full time,2026-07-20 21:45:46.225815,2026-06-26 00:00:00,https://eofe.fa.us2.oraclecloud.com/hcmUI/CandidateExperience/en/sites/BNY-Careers/job/78340
BNY,78384,"Vice President, Full-Stack Engineer",Cloud and Infrastructure,New York,NY,United States,unknown,Full time,2026-07-20 21:45:47.214208,2026-06-26 00:00:00,https://eofe.fa.us2.oraclecloud.com/hcmUI/CandidateExperience/en/sites/BNY-Careers/job/78384
BNY,67275,"Vice President, Senior SOC Analyst- Tuesday- Saturday",Cybersecurity,Pittsburgh,PA,United States,hybrid,Full time,2026-07-20 21:45:48.221592,2026-06-25 00:00:00,https://eofe.fa.us2.oraclecloud.com/hcmUI/CandidateExperience/en/sites/BNY-Careers/job/67275
BNY,73880,"Specialist, Client Processing Representative",Operations,Pittsburgh,PA,United States,unknown,Full time,2026-07-20 21:45:49.257297,2026-06-25 00:00:00,https://eofe.fa.us2.oraclecloud.com/hcmUI/CandidateExperience/en/sites/BNY-Careers/job/73880
BNY,73882,"Specialist, Client Processing Representative",Operations,Pittsburgh,PA,United States,unknown,Full time,2026-07-20 21:45:50.269594,2026-06-25 00:00:00,https://eofe.fa.us2.oraclecloud.com/hcmUI/CandidateExperience/en/sites/BNY-Careers/job/73882
BNY,73884,"Specialist, Client Processing Representative II",Operations,Pittsburgh,PA,United States,unknown,Full time,2026-07-20 21:45:51.274291,2026-06-25 00:00:00,https://eofe.fa.us2.oraclecloud.com/hcmUI/CandidateExperience/en/sites/BNY-Careers/job/73884
BNY,73885,"Specialist, Client Processing",Operations,Pittsburgh,PA,United States,unknown,Full time,2026-07-20 21:45:52.350385,2026-06-25 00:00:00,https://eofe.fa.us2.oraclecloud.com/hcmUI/CandidateExperience/en/sites/BNY-Careers/job/73885
BNY,76056,"Vice President, Production Services Infrastructure Support",Cloud and Infrastructure,Boston,MA,United States,unknown,Full time,2026-07-20 21:45:53.347057,2026-06-25 00:00:00,https://eofe.fa.us2.oraclecloud.com/hcmUI/CandidateExperience/en/sites/BNY-Careers/job/76056
BNY,76058,"Senior Specialist, Production Services Infrastructure Support Analyst",Cloud and Infrastructure,Boston,MA,United States,unknown,Full time,2026-07-20 21:45:54.332606,2026-06-25 00:00:00,https://eofe.fa.us2.oraclecloud.com/hcmUI/CandidateExperience/en/sites/BNY-Careers/job/76058
BNY,76619,"Vice President, Full-Stack Engineer II",Software Engineering,Jersey City,NJ,United States,unknown,Full time,2026-07-20 21:45:56.390955,2026-06-25 00:00:00,https://eofe.fa.us2.oraclecloud.com/hcmUI/CandidateExperience/en/sites/BNY-Careers/job/76619
BNY,76851,"Senior Vice President, Infrastructure Engineer",Cloud and Infrastructure,Pittsburgh,PA,United States,unknown,Full time,2026-07-20 21:45:57.293018,2026-06-25 00:00:00,https://eofe.fa.us2.oraclecloud.com/hcmUI/CandidateExperience/en/sites/BNY-Careers/job/76851
BNY,76915,"Senior Specialist, Client Success",Other,Lake Mary,FL,United States,unknown,Full time,2026-07-20 21:45:58.330607,2026-06-25 00:00:00,https://eofe.fa.us2.oraclecloud.com/hcmUI/CandidateExperience/en/sites/BNY-Careers/job/76915
BNY,77450,"Senior Vice President, Full-Stack Engineer",Risk and Compliance,Jersey City,NJ,United States,unknown,Full time,2026-07-20 21:45:59.314296,2026-06-25 00:00:00,https://eofe.fa.us2.oraclecloud.com/hcmUI/CandidateExperience/en/sites/BNY-Careers/job/77450
BNY,77696,"Senior Vice President, Entra ID Service",Cybersecurity,Pittsburgh,PA,United States,unknown,Full time,2026-07-20 21:46:00.348714,2026-06-25 00:00:00,https://eofe.fa.us2.oraclecloud.com/hcmUI/CandidateExperience/en/sites/BNY-Careers/job/77696
BNY,77789,"Senior Specialist, Production Services Infrastructure Support Analyst",Cloud and Infrastructure,Nashville,TN,United States,unknown,Full time,2026-07-20 21:46:01.314150,2026-06-25 00:00:00,https://eofe.fa.us2.oraclecloud.com/hcmUI/CandidateExperience/en/sites/BNY-Careers/job/77789
BNY,77790,"Senior Specialist, Production Services Infrastructure Support Analyst",Cloud and Infrastructure,Nashville,TN,United States,unknown,Full time,2026-07-20 21:46:02.298061,2026-06-25 00:00:00,https://eofe.fa.us2.oraclecloud.com/hcmUI/CandidateExperience/en/sites/BNY-Careers/job/77790
BNY,77845,"Vice President, Production Services Infrastructure Support",Cloud and Infrastructure,Pittsburgh,PA,United States,unknown,Full time,2026-07-20 21:46:03.435296,2026-06-25 00:00:00,https://eofe.fa.us2.oraclecloud.com/hcmUI/CandidateExperience/en/sites/BNY-Careers/job/77845
BNY,77977,"Senior Specialist, Fund Reporting",Audit,Lake Mary,FL,United States,unknown,Full time,2026-07-20 21:46:04.365882,2026-06-25 00:00:00,https://eofe.fa.us2.oraclecloud.com/hcmUI/CandidateExperience/en/sites/BNY-Careers/job/77977
BNY,78967,"Director, Group Delivery Lead Manager",Risk and Compliance,New York,NY,United States,unknown,Full time,2026-07-20 21:46:05.371127,2026-06-25 00:00:00,https://eofe.fa.us2.oraclecloud.com/hcmUI/CandidateExperience/en/sites/BNY-Careers/job/78967
BNY,70936,"Vice President, Full-Stack Engineer",Data and AI,Lake Mary,FL,United States,unknown,Full time,2026-07-20 21:46:06.378865,2026-06-24 00:00:00,https://eofe.fa.us2.oraclecloud.com/hcmUI/CandidateExperience/en/sites/BNY-Careers/job/70936
BNY,72322,"Specialist, Client Processing I",Operations,Pittsburgh,PA,United States,hybrid,Full time,2026-07-20 21:46:07.422188,2026-06-24 00:00:00,https://eofe.fa.us2.oraclecloud.com/hcmUI/CandidateExperience/en/sites/BNY-Careers/job/72322
BNY,73508,"Specialist, Client Processing",Operations,Pittsburgh,PA,United States,unknown,Full time,2026-07-20 21:46:08.408601,2026-06-24 00:00:00,https://eofe.fa.us2.oraclecloud.com/hcmUI/CandidateExperience/en/sites/BNY-Careers/job/73508
BNY,73509,"Specialist, Client Processing",Operations,Pittsburgh,PA,United States,unknown,Full time,2026-07-20 21:46:10.438503,2026-06-24 00:00:00,https://eofe.fa.us2.oraclecloud.com/hcmUI/CandidateExperience/en/sites/BNY-Careers/job/73509
BNY,73510,"Specialist, Client Processing",Operations,Pittsburgh,PA,United States,unknown,Full time,2026-07-20 21:46:11.398280,2026-06-24 00:00:00,https://eofe.fa.us2.oraclecloud.com/hcmUI/CandidateExperience/en/sites/BNY-Careers/job/73510
BNY,73511,"Specialist, Client Processing II",Operations,Pittsburgh,PA,United States,unknown,Full time,2026-07-20 21:46:12.584320,2026-06-24 00:00:00,https://eofe.fa.us2.oraclecloud.com/hcmUI/CandidateExperience/en/sites/BNY-Careers/job/73511
BNY,73757,"Vice President, POM Product Management",Risk and Compliance,Lake Mary,FL,United States,unknown,Full time,2026-07-20 21:46:13.388146,2026-06-24 00:00:00,https://eofe.fa.us2.oraclecloud.com/hcmUI/CandidateExperience/en/sites/BNY-Careers/job/73757
BNY,75713,"Senior Vice President, Front-End Engineer",Software Engineering,New York,NY,United States,unknown,Full time,2026-07-20 21:46:14.371095,2026-06-24 00:00:00,https://eofe.fa.us2.oraclecloud.com/hcmUI/CandidateExperience/en/sites/BNY-Careers/job/75713
BNY,75827,"Senior Specialist, OPS Business Technology Liaison",Operations,Lake Mary,FL,United States,unknown,Full time,2026-07-20 21:46:15.400547,2026-06-24 00:00:00,https://eofe.fa.us2.oraclecloud.com/hcmUI/CandidateExperience/en/sites/BNY-Careers/job/75827
BNY,75938,"Senior Vice President, Back-End Engineer",Software Engineering,New York,NY,United States,unknown,Full time,2026-07-20 21:46:16.445812,2026-06-24 00:00:00,https://eofe.fa.us2.oraclecloud.com/hcmUI/CandidateExperience/en/sites/BNY-Careers/job/75938
BNY,75953,"Vice President, Database Engineer",Risk and Compliance,Boston,MA,United States,unknown,Full time,2026-07-20 21:46:17.430071,2026-06-24 00:00:00,https://eofe.fa.us2.oraclecloud.com/hcmUI/CandidateExperience/en/sites/BNY-Careers/job/75953
BNY,76795,"Senior Director, Information Security Manager (IAM)",Cybersecurity,Pittsburgh,PA,United States,unknown,Full time,2026-07-20 21:46:18.585083,2026-06-24 00:00:00,https://eofe.fa.us2.oraclecloud.com/hcmUI/CandidateExperience/en/sites/BNY-Careers/job/76795
BNY,76927,"Vice President, Client Implementations Manager",Risk and Compliance,Lake Mary,FL,United States,unknown,Full time,2026-07-20 21:46:19.510418,2026-06-24 00:00:00,https://eofe.fa.us2.oraclecloud.com/hcmUI/CandidateExperience/en/sites/BNY-Careers/job/76927
BNY,77384,"Director, POM Product Management",Other,New York,NY,United States,unknown,Full time,2026-07-20 21:46:20.507774,2026-06-24 00:00:00,https://eofe.fa.us2.oraclecloud.com/hcmUI/CandidateExperience/en/sites/BNY-Careers/job/77384
BNY,78241,"Senior Specialist, Syndicated Loans / Agency Specialist",Operations,Houston,TX,United States,unknown,Full time,2026-07-20 21:46:21.454847,2026-06-24 00:00:00,https://eofe.fa.us2.oraclecloud.com/hcmUI/CandidateExperience/en/sites/BNY-Careers/job/78241
BNY,78546,"Senior Vice President, Consumer Compliance Officer (Global Payments & Trade)",Risk and Compliance,New York,NY,United States,unknown,,2026-07-20 21:46:22.632219,2026-06-24 00:00:00,https://eofe.fa.us2.oraclecloud.com/hcmUI/CandidateExperience/en/sites/BNY-Careers/job/78546
BNY,78849,"Senior Specialist, Corporate Actions",Operations,Lake Mary,FL,United States,unknown,Full time,2026-07-20 21:46:23.604525,2026-06-24 00:00:00,https://eofe.fa.us2.oraclecloud.com/hcmUI/CandidateExperience/en/sites/BNY-Careers/job/78849
BNY,78856,"Senior Specialist, Corporate Actions",Operations,Jersey City,NJ,United States,unknown,Full time,2026-07-20 21:46:24.470199,2026-06-24 00:00:00,https://eofe.fa.us2.oraclecloud.com/hcmUI/CandidateExperience/en/sites/BNY-Careers/job/78856
BNY,78858,"Vice President, Corporate Actions",Risk and Compliance,Jersey City,NJ,United States,unknown,Full time,2026-07-20 21:46:25.501567,2026-06-24 00:00:00,https://eofe.fa.us2.oraclecloud.com/hcmUI/CandidateExperience/en/sites/BNY-Careers/job/78858
BNY,78860,"Senior Specialist, Corporate Actions",Operations,Jersey City,NJ,United States,unknown,Full time,2026-07-20 21:46:26.505810,2026-06-24 00:00:00,https://eofe.fa.us2.oraclecloud.com/hcmUI/CandidateExperience/en/sites/BNY-Careers/job/78860
BNY,79313,"Vice President, Full-Stack Engineer",Software Engineering,Pittsburgh,PA,United States,unknown,Full time,2026-07-20 21:46:28.516002,2026-06-24 00:00:00,https://eofe.fa.us2.oraclecloud.com/hcmUI/CandidateExperience/en/sites/BNY-Careers/job/79313
BNY,79381,"Director, Digital Asset 1st Line Compliance & Financial Crimes Lead",Risk and Compliance,New York,NY,United States,unknown,Full time,2026-07-20 21:46:29.479956,2026-06-24 00:00:00,https://eofe.fa.us2.oraclecloud.com/hcmUI/CandidateExperience/en/sites/BNY-Careers/job/79381
BNY,79417,"Vice President, Full-Stack Engineer",Software Engineering,Pittsburgh,PA,United States,unknown,Full time,2026-07-20 21:46:30.578222,2026-08-18 00:00:00,https://eofe.fa.us2.oraclecloud.com/hcmUI/CandidateExperience/en/sites/BNY-Careers/job/79417
BNY,75452,"Vice President, Full-Stack Engineer",Software Engineering,New York,NY,United States,unknown,Full time,2026-07-20 21:46:31.519270,2026-06-23 00:00:00,https://eofe.fa.us2.oraclecloud.com/hcmUI/CandidateExperience/en/sites/BNY-Careers/job/75452
BNY,76606,"Senior Specialist, Fund Accounting",Finance and Accounting,Lake Mary,FL,United States,unknown,Full time,2026-07-20 21:46:32.556694,2026-06-23 00:00:00,https://eofe.fa.us2.oraclecloud.com/hcmUI/CandidateExperience/en/sites/BNY-Careers/job/76606
BNY,76791,"Senior Specialist, Talent Acquisition",Human Resources,New York,NY,United States,unknown,Full time,2026-07-20 21:46:33.516236,2026-06-23 00:00:00,https://eofe.fa.us2.oraclecloud.com/hcmUI/CandidateExperience/en/sites/BNY-Careers/job/76791
BNY,76831,"Vice President, Financial Planning & Analysis",Finance and Accounting,New York,NY,United States,unknown,Full time,2026-07-20 21:46:34.472534,2026-06-23 00:00:00,https://eofe.fa.us2.oraclecloud.com/hcmUI/CandidateExperience/en/sites/BNY-Careers/job/76831
BNY,77304,"Vice President, AI/ML Software Engineer",Software Engineering,New York,NY,United States,unknown,Full time,2026-07-20 21:46:35.601007,2026-06-23 00:00:00,https://eofe.fa.us2.oraclecloud.com/hcmUI/CandidateExperience/en/sites/BNY-Careers/job/77304
BNY,77305,"Senior Vice President, AI/ML Software Engineer",Software Engineering,New York,NY,United States,unknown,Full time,2026-07-20 21:46:36.672137,2026-06-23 00:00:00,https://eofe.fa.us2.oraclecloud.com/hcmUI/CandidateExperience/en/sites/BNY-Careers/job/77305
BNY,77580,"Vice President, Infrastructure Services",Cloud and Infrastructure,New York,NY,United States,unknown,Full time,2026-07-20 21:46:37.676436,2026-06-23 00:00:00,https://eofe.fa.us2.oraclecloud.com/hcmUI/CandidateExperience/en/sites/BNY-Careers/job/77580
BNY,77764,"Senior Vice President, Full Stack Engineer",Software Engineering,Pittsburgh,PA,United States,unknown,Full time,2026-07-20 21:46:38.840421,2026-06-23 00:00:00,https://eofe.fa.us2.oraclecloud.com/hcmUI/CandidateExperience/en/sites/BNY-Careers/job/77764
BNY,77792,"Specialist, Infrastructure Operations Analyst II (Production Control/Batch Scheduling)",Operations,Pittsburgh,PA,United States,unknown,Full time,2026-07-20 21:46:39.813400,2026-06-23 00:00:00,https://eofe.fa.us2.oraclecloud.com/hcmUI/CandidateExperience/en/sites/BNY-Careers/job/77792
BNY,77846,"Senior Vice President, Network Security Support Lead",Risk and Compliance,Lake Mary,FL,United States,unknown,Full time,2026-07-20 21:46:41.614896,2026-06-23 00:00:00,https://eofe.fa.us2.oraclecloud.com/hcmUI/CandidateExperience/en/sites/BNY-Careers/job/77846
BNY,77876,"Director, Client Executive",Risk and Compliance,New York,NY,United States,unknown,Full time,2026-07-20 21:46:42.583782,2026-08-20 00:00:00,https://eofe.fa.us2.oraclecloud.com/hcmUI/CandidateExperience/en/sites/BNY-Careers/job/77876
BNY,78122,"Senior Specialist, Recruiting Coordination Team Lead",Human Resources,Pittsburgh,PA,United States,unknown,Full time,2026-07-20 21:46:43.596367,2026-06-23 00:00:00,https://eofe.fa.us2.oraclecloud.com/hcmUI/CandidateExperience/en/sites/BNY-Careers/job/78122
BNY,73178,"Vice President, Client Processing Manager",Operations,Pittsburgh,PA,United States,unknown,Full time,2026-07-20 21:46:44.586013,2026-06-22 00:00:00,https://eofe.fa.us2.oraclecloud.com/hcmUI/CandidateExperience/en/sites/BNY-Careers/job/73178
BNY,73854,"Specialist, Client Coverage II",Sales and Relationship Management,New York,NY,United States,unknown,Full time,2026-07-20 21:46:45.706486,2026-06-22 00:00:00,https://eofe.fa.us2.oraclecloud.com/hcmUI/CandidateExperience/en/sites/BNY-Careers/job/73854
BNY,74604,"Specialist, Client Processing II",Operations,Pittsburgh,PA,United States,unknown,Full time,2026-07-20 21:46:46.630907,2026-06-22 00:00:00,https://eofe.fa.us2.oraclecloud.com/hcmUI/CandidateExperience/en/sites/BNY-Careers/job/74604
BNY,76281,"Senior Vice President, Client Processing Manager",Operations,Pittsburgh,PA,United States,unknown,Full time,2026-07-20 21:46:47.576492,2026-06-22 00:00:00,https://eofe.fa.us2.oraclecloud.com/hcmUI/CandidateExperience/en/sites/BNY-Careers/job/76281
BNY,76500,Endpoint Security Engineer,Cybersecurity,Pittsburgh,PA,United States,unknown,Full time,2026-07-20 21:46:48.854134,2026-06-22 00:00:00,https://eofe.fa.us2.oraclecloud.com/hcmUI/CandidateExperience/en/sites/BNY-Careers/job/76500
BNY,76681,"Specialist, Client Processing Representative",Operations,Lake Mary,FL,United States,unknown,Full time,2026-07-20 21:46:49.637569,2026-06-22 00:00:00,https://eofe.fa.us2.oraclecloud.com/hcmUI/CandidateExperience/en/sites/BNY-Careers/job/76681
BNY,77174,"Specialist, Client Operations Representative",Operations,Pittsburgh,PA,United States,unknown,Full time,2026-07-20 21:46:50.554116,2026-06-22 00:00:00,https://eofe.fa.us2.oraclecloud.com/hcmUI/CandidateExperience/en/sites/BNY-Careers/job/77174
BNY,77461,"Vice President, Client Operations",Operations,Houston,TX,United States,unknown,Full time,2026-07-20 21:46:51.656031,2026-06-22 00:00:00,https://eofe.fa.us2.oraclecloud.com/hcmUI/CandidateExperience/en/sites/BNY-Careers/job/77461
BNY,78310,"Vice President, Full-Stack Engineer",Software Engineering,Lake Mary,FL,United States,unknown,Full time,2026-07-20 21:46:52.586931,2026-06-22 00:00:00,https://eofe.fa.us2.oraclecloud.com/hcmUI/CandidateExperience/en/sites/BNY-Careers/job/78310
BNY,78516,"Senior Specialist, Business Planning and Analysis",Risk and Compliance,New York,NY,United States,unknown,Full time,2026-07-20 21:46:53.571095,2026-06-22 00:00:00,https://eofe.fa.us2.oraclecloud.com/hcmUI/CandidateExperience/en/sites/BNY-Careers/job/78516
BNY,78729,"Senior Vice President, Asset Managers & Insurance Lending",Risk and Compliance,New York,NY,United States,unknown,Full time,2026-07-20 21:46:54.634805,2026-06-22 00:00:00,https://eofe.fa.us2.oraclecloud.com/hcmUI/CandidateExperience/en/sites/BNY-Careers/job/78729
BNY,76235,"Director, Delivery Practitioner",Risk and Compliance,New York,NY,United States,unknown,Full time,2026-07-20 21:46:55.559212,2026-06-19 00:00:00,https://eofe.fa.us2.oraclecloud.com/hcmUI/CandidateExperience/en/sites/BNY-Careers/job/76235
BNY,76710,"Director, Client Executive",Operations,New York,NY,United States,unknown,Full time,2026-07-20 21:46:56.569839,2026-06-19 00:00:00,https://eofe.fa.us2.oraclecloud.com/hcmUI/CandidateExperience/en/sites/BNY-Careers/job/76710
BNY,76879,"Specialist, Fund/Client Accounting I",Finance and Accounting,Lake Mary,FL,United States,unknown,Full time,2026-07-20 21:46:57.617817,2026-06-19 00:00:00,https://eofe.fa.us2.oraclecloud.com/hcmUI/CandidateExperience/en/sites/BNY-Careers/job/76879
BNY,77169,"Director, Client Executive",Operations,New York,NY,United States,unknown,Full time,2026-07-20 21:46:59.595306,2026-06-19 00:00:00,https://eofe.fa.us2.oraclecloud.com/hcmUI/CandidateExperience/en/sites/BNY-Careers/job/77169
BNY,78058,"Senior Director, Client Executive",Operations,New York,NY,United States,unknown,Full time,2026-07-20 21:47:00.555501,2026-06-19 00:00:00,https://eofe.fa.us2.oraclecloud.com/hcmUI/CandidateExperience/en/sites/BNY-Careers/job/78058
BNY,69510,"Vice President, Regulatory Administration",Risk and Compliance,Westborough,MA,United States,unknown,Full time,2026-07-20 21:47:01.646752,2026-06-18 00:00:00,https://eofe.fa.us2.oraclecloud.com/hcmUI/CandidateExperience/en/sites/BNY-Careers/job/69510
BNY,72403,"Senior Specialist, Client Processing",Risk and Compliance,Lake Mary,FL,United States,hybrid,Full time,2026-07-20 21:47:02.584569,2026-06-18 00:00:00,https://eofe.fa.us2.oraclecloud.com/hcmUI/CandidateExperience/en/sites/BNY-Careers/job/72403
BNY,73111,"Specialist, Enterprise CRM System",Other,Pittsburgh,PA,United States,unknown,Full time,2026-07-20 21:47:03.593140,2026-06-18 00:00:00,https://eofe.fa.us2.oraclecloud.com/hcmUI/CandidateExperience/en/sites/BNY-Careers/job/73111
BNY,74487,"Senior Vice President, POM Product Management",Operations,New York,NY,United States,unknown,Full time,2026-07-20 21:47:04.575704,2026-08-14 00:00:00,https://eofe.fa.us2.oraclecloud.com/hcmUI/CandidateExperience/en/sites/BNY-Careers/job/74487
BNY,75441,Senior Vice President US Transfer Agency Product Management,Operations,Boston,MA,United States,unknown,Full time,2026-07-20 21:47:05.618835,2026-06-18 00:00:00,https://eofe.fa.us2.oraclecloud.com/hcmUI/CandidateExperience/en/sites/BNY-Careers/job/75441
BNY,75461,"Senior Vice President, POM Product Management",Operations,New York,NY,United States,unknown,Full time,2026-07-20 21:47:06.622631,2026-06-18 00:00:00,https://eofe.fa.us2.oraclecloud.com/hcmUI/CandidateExperience/en/sites/BNY-Careers/job/75461
BNY,75880,"Senior Vice President, Credit Risk",Risk and Compliance,Lake Mary,FL,United States,unknown,Full time,2026-07-20 21:47:07.589151,2026-06-18 00:00:00,https://eofe.fa.us2.oraclecloud.com/hcmUI/CandidateExperience/en/sites/BNY-Careers/job/75880
BNY,75949,"Senior Vice President, Applied AI Product Manager",Product Management,New York,NY,United States,unknown,Full time,2026-07-20 21:47:08.587305,2026-06-18 00:00:00,https://eofe.fa.us2.oraclecloud.com/hcmUI/CandidateExperience/en/sites/BNY-Careers/job/75949
BNY,76028,"Senior Vice President, Full-Stack Engineer",Software Engineering,Lake Mary,FL,United States,unknown,Full time,2026-07-20 21:47:09.602525,2026-06-18 00:00:00,https://eofe.fa.us2.oraclecloud.com/hcmUI/CandidateExperience/en/sites/BNY-Careers/job/76028
BNY,76047,Vice President US Transfer Agency Product,Business Analysis,Westborough,MA,United States,unknown,Full time,2026-07-20 21:47:10.639013,2026-06-18 00:00:00,https://eofe.fa.us2.oraclecloud.com/hcmUI/CandidateExperience/en/sites/BNY-Careers/job/76047
BNY,76953,ETF Basket Administrator,Operations,New York,NY,United States,unknown,Full time,2026-07-20 21:47:11.628640,2026-06-18 00:00:00,https://eofe.fa.us2.oraclecloud.com/hcmUI/CandidateExperience/en/sites/BNY-Careers/job/76953
BNY,77176,"Vice President, Front-End Engineer",Risk and Compliance,Pittsburgh,PA,United States,unknown,Full time,2026-07-20 21:47:12.593945,2026-06-18 00:00:00,https://eofe.fa.us2.oraclecloud.com/hcmUI/CandidateExperience/en/sites/BNY-Careers/job/77176
BNY,77368,"Senior Vice President, Cash Processing/Funds Transfer Manager",Operations,Pittsburgh,PA,United States,unknown,Full time,2026-07-20 21:47:13.666389,2026-06-18 00:00:00,https://eofe.fa.us2.oraclecloud.com/hcmUI/CandidateExperience/en/sites/BNY-Careers/job/77368
BNY,77483,"Senior Vice President, POM Product Management",Risk and Compliance,Boston,MA,United States,unknown,Full time,2026-07-20 21:47:14.670043,2026-06-18 00:00:00,https://eofe.fa.us2.oraclecloud.com/hcmUI/CandidateExperience/en/sites/BNY-Careers/job/77483
BNY,77671,"Senior Vice President, POM Technical Product Management",Software Engineering,Pittsburgh,PA,United States,unknown,Full time,2026-07-20 21:47:15.676347,2026-06-18 00:00:00,https://eofe.fa.us2.oraclecloud.com/hcmUI/CandidateExperience/en/sites/BNY-Careers/job/77671
BNY,77825,"Vice President, Angular Front-End Engineer",Risk and Compliance,Pittsburgh,PA,United States,unknown,Full time,2026-07-20 21:47:16.688159,2026-06-18 00:00:00,https://eofe.fa.us2.oraclecloud.com/hcmUI/CandidateExperience/en/sites/BNY-Careers/job/77825
BNY,77992,"Vice President, Fund/Client Accounting Manager",Finance and Accounting,Los Angeles,CA,United States,unknown,Full time,2026-07-20 21:47:17.656593,2026-06-18 00:00:00,https://eofe.fa.us2.oraclecloud.com/hcmUI/CandidateExperience/en/sites/BNY-Careers/job/77992
BNY,78087,"Vice President, Client Implementations",Risk and Compliance,Pittsburgh,PA,United States,unknown,Full time,2026-07-20 21:47:18.674030,2026-06-18 00:00:00,https://eofe.fa.us2.oraclecloud.com/hcmUI/CandidateExperience/en/sites/BNY-Careers/job/78087
BNY,80073,"Senior Vice President, Governance Manager of Risk/Compliance Testing Group (2LoD)",Risk and Compliance,New York,NY,United States,unknown,Full time,2026-07-20 21:48:05.448939,2026-07-20 00:00:00,https://eofe.fa.us2.oraclecloud.com/hcmUI/CandidateExperience/en/sites/BNY-Careers/job/80073
BNY,78169,"Director, Audit Manager, Enterprise Custody Services Platform",Operations,New York,NY,United States,unknown,Full time,2026-07-20 21:54:54.455424,2026-06-18 00:00:00,https://eofe.fa.us2.oraclecloud.com/hcmUI/CandidateExperience/en/sites/BNY-Careers/job/78169
BNY,78548,"Senior Specialist, Regulatory Oversight Management",Risk and Compliance,Pittsburgh,PA,United States,unknown,Full time,2026-07-20 21:54:55.484004,2026-06-18 00:00:00,https://eofe.fa.us2.oraclecloud.com/hcmUI/CandidateExperience/en/sites/BNY-Careers/job/78548
BNY,70608,"Specialist, Reconciliation II",Operations,Berwyn,PA,United States,hybrid,Full time,2026-07-20 21:54:56.468676,2026-06-17 00:00:00,https://eofe.fa.us2.oraclecloud.com/hcmUI/CandidateExperience/en/sites/BNY-Careers/job/70608
BNY,73921,"Specialist, Client Processing",Operations,Berwyn,PA,United States,unknown,Full time,2026-07-20 21:54:57.529230,2026-06-17 00:00:00,https://eofe.fa.us2.oraclecloud.com/hcmUI/CandidateExperience/en/sites/BNY-Careers/job/73921
BNY,75359,"Director, Global Employment Tax",Finance and Accounting,New York,NY,United States,unknown,Full time,2026-07-20 21:54:58.490091,2026-06-17 00:00:00,https://eofe.fa.us2.oraclecloud.com/hcmUI/CandidateExperience/en/sites/BNY-Careers/job/75359
BNY,76160,"Vice President, Full-Stack Engineer",Software Engineering,New York,NY,United States,unknown,Full time,2026-07-20 21:54:59.455429,2026-06-17 00:00:00,https://eofe.fa.us2.oraclecloud.com/hcmUI/CandidateExperience/en/sites/BNY-Careers/job/76160
BNY,76739,"Senior Specialist, Client Processing",Operations,Lake Mary,FL,United States,unknown,Full time,2026-07-20 21:55:00.480046,2026-06-17 00:00:00,https://eofe.fa.us2.oraclecloud.com/hcmUI/CandidateExperience/en/sites/BNY-Careers/job/76739
BNY,76740,"Specialist, Client Processing II",Operations,Lake Mary,FL,United States,unknown,Full time,2026-07-20 21:55:01.533184,2026-06-17 00:00:00,https://eofe.fa.us2.oraclecloud.com/hcmUI/CandidateExperience/en/sites/BNY-Careers/job/76740
BNY,76828,"Vice President, Product & Innovation – Commercialization & Execution",Sales and Relationship Management,New York,NY,United States,unknown,Full time,2026-07-20 21:55:02.459483,2026-06-17 00:00:00,https://eofe.fa.us2.oraclecloud.com/hcmUI/CandidateExperience/en/sites/BNY-Careers/job/76828
BNY,76992,"Senior Specialist, Fund/Client Accounting",Finance and Accounting,Pittsburgh,PA,United States,unknown,Full time,2026-07-20 21:55:03.454142,2026-06-17 00:00:00,https://eofe.fa.us2.oraclecloud.com/hcmUI/CandidateExperience/en/sites/BNY-Careers/job/76992
BNY,77255,"Senior Vice President, Head of Performance Management & Intelligence",Risk and Compliance,New York,NY,United States,unknown,Full time,2026-07-20 21:55:04.513261,2026-06-17 00:00:00,https://eofe.fa.us2.oraclecloud.com/hcmUI/CandidateExperience/en/sites/BNY-Careers/job/77255
BNY,77663,"Specialist, Client Service",Operations,Lake Mary,FL,United States,unknown,Full time,2026-07-20 21:55:05.554011,2026-06-17 00:00:00,https://eofe.fa.us2.oraclecloud.com/hcmUI/CandidateExperience/en/sites/BNY-Careers/job/77663
BNY,77743,"Senior Vice President, Application Development Manager",Operations,Pittsburgh,PA,United States,unknown,Full time,2026-07-20 21:55:06.600973,2026-06-17 00:00:00,https://eofe.fa.us2.oraclecloud.com/hcmUI/CandidateExperience/en/sites/BNY-Careers/job/77743
BNY,77968,"Specialist, Client Processing",Operations,Lake Mary,FL,United States,unknown,Full time,2026-07-20 21:55:07.562875,2026-06-17 00:00:00,https://eofe.fa.us2.oraclecloud.com/hcmUI/CandidateExperience/en/sites/BNY-Careers/job/77968
BNY,77990,"Specialist, Investor Services Operations Representative",Operations,Boston,MA,United States,unknown,Full time,2026-07-20 21:55:08.627431,2026-06-17 00:00:00,https://eofe.fa.us2.oraclecloud.com/hcmUI/CandidateExperience/en/sites/BNY-Careers/job/77990
BNY,77983,"Vice President, Trade Capture",Risk and Compliance,Lake Mary,FL,United States,unknown,Full time,2026-07-20 21:55:09.579997,2026-06-17 00:00:00,https://eofe.fa.us2.oraclecloud.com/hcmUI/CandidateExperience/en/sites/BNY-Careers/job/77983
BNY,78366,"Vice President, POM Technical Product Management - Developer Marketplace",Software Engineering,New York,NY,United States,unknown,Full time,2026-07-20 21:55:10.672083,2026-06-17 00:00:00,https://eofe.fa.us2.oraclecloud.com/hcmUI/CandidateExperience/en/sites/BNY-Careers/job/78366
BNY,78514,"Vice President, Data Privacy",Risk and Compliance,Pittsburgh,PA,United States,unknown,Full time,2026-07-20 21:55:12.744653,2026-06-17 00:00:00,https://eofe.fa.us2.oraclecloud.com/hcmUI/CandidateExperience/en/sites/BNY-Careers/job/78514
BNY,78520,Senior Vice-President/Counsel - Global Markets and Treasury Services,Legal,New York,NY,United States,unknown,Full time,2026-07-20 21:55:13.668990,2026-06-17 00:00:00,https://eofe.fa.us2.oraclecloud.com/hcmUI/CandidateExperience/en/sites/BNY-Careers/job/78520
BNY,78643,"Vice President, Corporate Actions",Risk and Compliance,New York,NY,United States,unknown,Full time,2026-07-20 21:55:14.622446,2026-06-17 00:00:00,https://eofe.fa.us2.oraclecloud.com/hcmUI/CandidateExperience/en/sites/BNY-Careers/job/78643
BNY,69982,"Vice President, Sourcing and Procurement",Other,Lake Mary,FL,United States,unknown,Full time,2026-07-20 21:55:15.652278,2026-06-16 00:00:00,https://eofe.fa.us2.oraclecloud.com/hcmUI/CandidateExperience/en/sites/BNY-Careers/job/69982
BNY,73824,"Senior Specialist, Client Processing - FX Operations",Operations,Pittsburgh,PA,United States,unknown,Full time,2026-07-20 21:55:16.615360,2026-06-16 00:00:00,https://eofe.fa.us2.oraclecloud.com/hcmUI/CandidateExperience/en/sites/BNY-Careers/job/73824
BNY,76122,"Senior Vice President, Product Strategy - Product & Innovation Hub",Other,New York,NY,United States,unknown,Full time,2026-07-20 21:55:17.574539,2026-06-16 00:00:00,https://eofe.fa.us2.oraclecloud.com/hcmUI/CandidateExperience/en/sites/BNY-Careers/job/76122
BNY,76306,"Vice President, OPS Data Transfer, Integration & Quality",Risk and Compliance,Pittsburgh,PA,United States,unknown,Full time,2026-07-20 21:55:18.617880,2026-06-16 00:00:00,https://eofe.fa.us2.oraclecloud.com/hcmUI/CandidateExperience/en/sites/BNY-Careers/job/76306
BNY,76574,"Senior Vice President,  ETF Fund/Client Accounting Manager",Finance and Accounting,Lake Mary,FL,United States,unknown,Full time,2026-07-20 21:55:19.659287,2026-07-23 00:00:00,https://eofe.fa.us2.oraclecloud.com/hcmUI/CandidateExperience/en/sites/BNY-Careers/job/76574
BNY,76997,"Senior Vice President, Trade Capture",Risk and Compliance,Lake Mary,FL,United States,unknown,Full time,2026-07-20 21:55:20.711546,2026-06-16 00:00:00,https://eofe.fa.us2.oraclecloud.com/hcmUI/CandidateExperience/en/sites/BNY-Careers/job/76997
BNY,77289,"Vice President, Scrum Leader",Product Management,Lake Mary,FL,United States,unknown,Full time,2026-07-20 21:55:21.610109,2026-06-16 00:00:00,https://eofe.fa.us2.oraclecloud.com/hcmUI/CandidateExperience/en/sites/BNY-Careers/job/77289
BNY,77320,"Vice President, Scrum Leader",Product Management,Pittsburgh,PA,United States,unknown,Full time,2026-07-20 21:55:22.610684,2026-06-16 00:00:00,https://eofe.fa.us2.oraclecloud.com/hcmUI/CandidateExperience/en/sites/BNY-Careers/job/77320
BNY,77768,"Vice President, Application Support Manager",Risk and Compliance,Pittsburgh,PA,United States,unknown,Full time,2026-07-20 21:55:23.595643,2026-06-16 00:00:00,https://eofe.fa.us2.oraclecloud.com/hcmUI/CandidateExperience/en/sites/BNY-Careers/job/77768
BNY,77996,"Senior Vice President, Fund/Client Accounting Manager",Finance and Accounting,New York,NY,United States,unknown,Full time,2026-07-20 21:55:24.631608,2026-06-16 00:00:00,https://eofe.fa.us2.oraclecloud.com/hcmUI/CandidateExperience/en/sites/BNY-Careers/job/77996
BNY,78328,"Senior Vice President, Full-Stack Engineer",Cloud and Infrastructure,Lake Mary,FL,United States,unknown,Full time,2026-07-20 21:55:25.639675,2026-06-16 00:00:00,https://eofe.fa.us2.oraclecloud.com/hcmUI/CandidateExperience/en/sites/BNY-Careers/job/78328
BNY,78379,"Vice President, Paralegal Manager",Legal,Pittsburgh,PA,United States,unknown,Full time,2026-07-20 21:55:26.703247,2026-06-16 00:00:00,https://eofe.fa.us2.oraclecloud.com/hcmUI/CandidateExperience/en/sites/BNY-Careers/job/78379
BNY,71561,"Vice President, POM Product Management",Risk and Compliance,Pittsburgh,PA,United States,unknown,Full time,2026-07-20 21:55:28.871862,2026-06-15 00:00:00,https://eofe.fa.us2.oraclecloud.com/hcmUI/CandidateExperience/en/sites/BNY-Careers/job/71561
BNY,71562,"Vice President, POM Product Management",Risk and Compliance,Pittsburgh,PA,United States,unknown,Full time,2026-07-20 21:55:29.961184,2026-06-15 00:00:00,https://eofe.fa.us2.oraclecloud.com/hcmUI/CandidateExperience/en/sites/BNY-Careers/job/71562
BNY,72526,"Senior Vice President, Client Processing",Operations,Pittsburgh,PA,United States,unknown,Full time,2026-07-20 21:55:30.837080,2026-06-15 00:00:00,https://eofe.fa.us2.oraclecloud.com/hcmUI/CandidateExperience/en/sites/BNY-Careers/job/72526
BNY,76199,"Vice President, Investment Accounting",Finance and Accounting,Los Angeles,CA,United States,unknown,Full time,2026-07-20 21:55:31.926912,2026-08-06 00:00:00,https://eofe.fa.us2.oraclecloud.com/hcmUI/CandidateExperience/en/sites/BNY-Careers/job/76199
BNY,76530,"Senior Specialist, Client Processing",Operations,Pittsburgh,PA,United States,unknown,Full time,2026-07-20 21:55:32.878111,2026-06-15 00:00:00,https://eofe.fa.us2.oraclecloud.com/hcmUI/CandidateExperience/en/sites/BNY-Careers/job/76530
BNY,76532,"Senior Specialist, Client Processing",Operations,Pittsburgh,PA,United States,unknown,Full time,2026-07-20 21:55:33.879056,2026-06-15 00:00:00,https://eofe.fa.us2.oraclecloud.com/hcmUI/CandidateExperience/en/sites/BNY-Careers/job/76532
BNY,77168,"Director, Client Executive",Sales and Relationship Management,New York,NY,United States,unknown,Full time,2026-07-20 21:55:34.922588,2026-06-15 00:00:00,https://eofe.fa.us2.oraclecloud.com/hcmUI/CandidateExperience/en/sites/BNY-Careers/job/77168
BNY,77816,"Vice President, Fund Accounting Manager",Finance and Accounting,Lake Mary,FL,United States,unknown,Full time,2026-07-20 21:55:35.962675,2026-06-15 00:00:00,https://eofe.fa.us2.oraclecloud.com/hcmUI/CandidateExperience/en/sites/BNY-Careers/job/77816
BNY,77818,"Senior Fund Accountant, Hedge Operations",Operations,Lake Mary,FL,United States,unknown,Full time,2026-07-20 21:55:36.938153,2026-06-15 00:00:00,https://eofe.fa.us2.oraclecloud.com/hcmUI/CandidateExperience/en/sites/BNY-Careers/job/77818
BNY,77814,"Specialist, Fund/Client Accounting II",Finance and Accounting,Lake Mary,FL,United States,unknown,Full time,2026-07-20 21:55:37.948209,2026-06-15 00:00:00,https://eofe.fa.us2.oraclecloud.com/hcmUI/CandidateExperience/en/sites/BNY-Careers/job/77814
BNY,77859,"Vice President, Client Processing Manager",Operations,Pittsburgh,PA,United States,unknown,Full time,2026-07-20 21:55:38.922915,2026-06-15 00:00:00,https://eofe.fa.us2.oraclecloud.com/hcmUI/CandidateExperience/en/sites/BNY-Careers/job/77859
BNY,77962,"Senior Vice President, Derivatives Support",Operations,Lake Mary,FL,United States,unknown,Full time,2026-07-20 21:55:40.076679,2026-06-15 00:00:00,https://eofe.fa.us2.oraclecloud.com/hcmUI/CandidateExperience/en/sites/BNY-Careers/job/77962
BNY,78034,"Vice President, Fund Accounting Manager",Finance and Accounting,New York,NY,United States,unknown,Full time,2026-07-20 21:55:40.970236,2026-06-15 00:00:00,https://eofe.fa.us2.oraclecloud.com/hcmUI/CandidateExperience/en/sites/BNY-Careers/job/78034
BNY,78036,"Associate, Fund Accountant II",Finance and Accounting,Lake Mary,FL,United States,unknown,Full time,2026-07-20 21:55:41.952339,2026-06-15 00:00:00,https://eofe.fa.us2.oraclecloud.com/hcmUI/CandidateExperience/en/sites/BNY-Careers/job/78036
BNY,78037,Fund Accountant II,Finance and Accounting,Lake Mary,FL,United States,unknown,Full time,2026-07-20 21:55:43.018744,2026-06-15 00:00:00,https://eofe.fa.us2.oraclecloud.com/hcmUI/CandidateExperience/en/sites/BNY-Careers/job/78037
BNY,78330,"Senior Vice President, Full-Stack Engineer",Software Engineering,New York,NY,United States,unknown,Full time,2026-07-20 21:55:43.988815,2026-06-15 00:00:00,https://eofe.fa.us2.oraclecloud.com/hcmUI/CandidateExperience/en/sites/BNY-Careers/job/78330
BNY,78331,"Senior Vice President, Full-Stack Engineer",Software Engineering,New York,NY,United States,unknown,Full time,2026-07-20 21:55:45.076073,2026-06-15 00:00:00,https://eofe.fa.us2.oraclecloud.com/hcmUI/CandidateExperience/en/sites/BNY-Careers/job/78331
BNY,75143,"Vice President, Investment Strategist",Risk and Compliance,Miami,FL,United States,unknown,Full time,2026-07-20 21:55:45.985994,2026-06-12 00:00:00,https://eofe.fa.us2.oraclecloud.com/hcmUI/CandidateExperience/en/sites/BNY-Careers/job/75143
BNY,75201,"Vice President, Full-Stack Engineer",Software Engineering,Pittsburgh,PA,United States,unknown,Full time,2026-07-20 21:55:47.049986,2026-06-12 00:00:00,https://eofe.fa.us2.oraclecloud.com/hcmUI/CandidateExperience/en/sites/BNY-Careers/job/75201
BNY,76170,"Senior Director, Engineering Leader",Risk and Compliance,Berwyn,PA,United States,unknown,Full time,2026-07-20 21:55:49.018215,2026-06-12 00:00:00,https://eofe.fa.us2.oraclecloud.com/hcmUI/CandidateExperience/en/sites/BNY-Careers/job/76170
BNY,76234,"Vice President, Auditor, Operations and Payments",Audit,Pittsburgh,PA,United States,unknown,Full time,2026-07-20 21:55:50.045038,2026-06-12 00:00:00,https://eofe.fa.us2.oraclecloud.com/hcmUI/CandidateExperience/en/sites/BNY-Careers/job/76234
BNY,76693,"Specialist, Anti Money Laundering/Prevention/KYC Representative II",Risk and Compliance,Pittsburgh,PA,United States,unknown,Full time,2026-07-20 21:55:50.988290,2026-06-12 00:00:00,https://eofe.fa.us2.oraclecloud.com/hcmUI/CandidateExperience/en/sites/BNY-Careers/job/76693
BNY,77126,"Specialist, Anti Money Laundering/Prevention/KYC Representative II",Risk and Compliance,Pittsburgh,PA,United States,unknown,Full time,2026-07-20 21:55:51.999291,2026-08-14 00:00:00,https://eofe.fa.us2.oraclecloud.com/hcmUI/CandidateExperience/en/sites/BNY-Careers/job/77126
BNY,77127,"Senior Specialist, Anti Money Laundering/Prevention/Know Your Client",Risk and Compliance,Pittsburgh,PA,United States,unknown,Full time,2026-07-20 21:55:53.000054,2026-06-12 00:00:00,https://eofe.fa.us2.oraclecloud.com/hcmUI/CandidateExperience/en/sites/BNY-Careers/job/77127
BNY,77128,"Specialist, Client Onboarding/Transitions/Conversions/KYC II, 77128",Risk and Compliance,Pittsburgh,PA,United States,unknown,Full time,2026-07-20 21:55:54.025612,2026-06-12 00:00:00,https://eofe.fa.us2.oraclecloud.com/hcmUI/CandidateExperience/en/sites/BNY-Careers/job/77128
BNY,78267,"Vice President, Corporate Trust Transaction Manager",Legal,Houston,TX,United States,unknown,Full time,2026-07-20 21:55:54.985587,2026-06-12 00:00:00,https://eofe.fa.us2.oraclecloud.com/hcmUI/CandidateExperience/en/sites/BNY-Careers/job/78267
BNY,78268,"Vice President, Corporate Trust Transaction Manager",Legal,Houston,TX,United States,unknown,Full time,2026-07-20 21:55:56.062102,2026-06-12 00:00:00,https://eofe.fa.us2.oraclecloud.com/hcmUI/CandidateExperience/en/sites/BNY-Careers/job/78268
BNY,78410,"Director, Product Design",Operations,New York,NY,United States,unknown,Full time,2026-07-20 21:55:56.985938,2026-06-12 00:00:00,https://eofe.fa.us2.oraclecloud.com/hcmUI/CandidateExperience/en/sites/BNY-Careers/job/78410
BNY,78522,"Vice President, SAR Investigations",Risk and Compliance,Pittsburgh,PA,United States,unknown,Full time,2026-07-20 21:55:58.094237,2026-06-12 00:00:00,https://eofe.fa.us2.oraclecloud.com/hcmUI/CandidateExperience/en/sites/BNY-Careers/job/78522
BNY,78620,"Senior Vice President, Audit Leader, Audit Practice and Quality",Audit,New York,NY,United States,unknown,Full time,2026-07-20 21:55:59.110767,2026-06-12 00:00:00,https://eofe.fa.us2.oraclecloud.com/hcmUI/CandidateExperience/en/sites/BNY-Careers/job/78620
BNY,73364,"Senior Director, Client Executive - Tech",Sales and Relationship Management,San Francisco,CA,United States,unknown,Full time,2026-07-20 21:56:00.103162,2026-06-11 00:00:00,https://eofe.fa.us2.oraclecloud.com/hcmUI/CandidateExperience/en/sites/BNY-Careers/job/73364
BNY,74107,"Vice President, Client Operations",Risk and Compliance,Boston,MA,United States,unknown,Full time,2026-07-20 21:56:01.042660,2026-06-11 00:00:00,https://eofe.fa.us2.oraclecloud.com/hcmUI/CandidateExperience/en/sites/BNY-Careers/job/74107
BNY,76575,"Director, Fund/Client Accounting Manager",Finance and Accounting,Boston,MA,United States,unknown,Full time,2026-07-20 21:56:02.040297,2026-06-11 00:00:00,https://eofe.fa.us2.oraclecloud.com/hcmUI/CandidateExperience/en/sites/BNY-Careers/job/76575
BNY,76730,"Specialist, Middle Office Representative II",Operations,Pittsburgh,PA,United States,unknown,Full time,2026-07-20 21:56:03.028534,2026-06-11 00:00:00,https://eofe.fa.us2.oraclecloud.com/hcmUI/CandidateExperience/en/sites/BNY-Careers/job/76730
BNY,76796,"Director, Azure Cloud / Entra ID Engineering / IAM",Risk and Compliance,Pittsburgh,PA,United States,unknown,Full time,2026-07-20 21:56:04.061179,2026-06-11 00:00:00,https://eofe.fa.us2.oraclecloud.com/hcmUI/CandidateExperience/en/sites/BNY-Careers/job/76796
BNY,77478,"Specialist, Client Processing II",Operations,Berwyn,PA,United States,unknown,Full time,2026-07-20 21:56:05.031133,2026-06-11 00:00:00,https://eofe.fa.us2.oraclecloud.com/hcmUI/CandidateExperience/en/sites/BNY-Careers/job/77478
BNY,77797,"Vice President, Production Services Application Support",Operations,Lake Mary,FL,United States,unknown,Full time,2026-07-20 21:56:06.125330,2026-06-11 00:00:00,https://eofe.fa.us2.oraclecloud.com/hcmUI/CandidateExperience/en/sites/BNY-Careers/job/77797
BNY,78305,"Senior Vice President, Intraday Risk",Risk and Compliance,Pittsburgh,PA,United States,unknown,Full time,2026-07-20 21:56:08.112907,2026-06-11 00:00:00,https://eofe.fa.us2.oraclecloud.com/hcmUI/CandidateExperience/en/sites/BNY-Careers/job/78305
BNY,78306,"Vice President, Credit Risk (Intraday Risk)",Risk and Compliance,Pittsburgh,PA,United States,unknown,Full time,2026-07-20 21:56:09.073497,2026-06-11 00:00:00,https://eofe.fa.us2.oraclecloud.com/hcmUI/CandidateExperience/en/sites/BNY-Careers/job/78306
BNY,78360,"Director, Head of Enterprise Collateral Risk (2LOD)",Risk and Compliance,Pittsburgh,PA,United States,unknown,Full time,2026-07-20 21:56:10.043261,2026-06-11 00:00:00,https://eofe.fa.us2.oraclecloud.com/hcmUI/CandidateExperience/en/sites/BNY-Careers/job/78360
BNY,78361,"Vice President, Commercial Real Estate Review Appraiser",Risk and Compliance,Pittsburgh,PA,United States,unknown,Full time,2026-07-20 21:56:11.132008,2026-06-11 00:00:00,https://eofe.fa.us2.oraclecloud.com/hcmUI/CandidateExperience/en/sites/BNY-Careers/job/78361
BNY,78362,"Senior Vice President, Commercial Real Estate Review Appraiser",Risk and Compliance,New York,NY,United States,unknown,Full time,2026-07-20 21:56:12.127641,2026-06-11 00:00:00,https://eofe.fa.us2.oraclecloud.com/hcmUI/CandidateExperience/en/sites/BNY-Careers/job/78362
BNY,72854,"Specialist, Investor Services Operations Representative",Operations,Boston,MA,United States,unknown,Full time,2026-07-20 21:56:13.203176,2026-06-10 00:00:00,https://eofe.fa.us2.oraclecloud.com/hcmUI/CandidateExperience/en/sites/BNY-Careers/job/72854
BNY,72908,"Senior Specialist, Production Services Application Support Analyst",Cloud and Infrastructure,Pittsburgh,PA,United States,unknown,Full time,2026-07-20 21:56:14.081205,2026-06-10 00:00:00,https://eofe.fa.us2.oraclecloud.com/hcmUI/CandidateExperience/en/sites/BNY-Careers/job/72908
BNY,73861,"Specialist, Investor Services Operations Representative",Operations,Boston,MA,United States,unknown,Full time,2026-07-20 21:56:15.136751,2026-06-10 00:00:00,https://eofe.fa.us2.oraclecloud.com/hcmUI/CandidateExperience/en/sites/BNY-Careers/job/73861
BNY,73862,"Specialist, ETF Services II",Operations,Boston,MA,United States,unknown,Full time,2026-07-20 21:56:16.154324,2026-06-10 00:00:00,https://eofe.fa.us2.oraclecloud.com/hcmUI/CandidateExperience/en/sites/BNY-Careers/job/73862
BNY,73867,"Senior Specialist, Investor Services Operations",Operations,Boston,MA,United States,unknown,Full time,2026-07-20 21:56:17.104991,2026-06-10 00:00:00,https://eofe.fa.us2.oraclecloud.com/hcmUI/CandidateExperience/en/sites/BNY-Careers/job/73867
BNY,74247,"Specialist, (Non Supervisory), Fund/Client Accounting Representative II",Finance and Accounting,Boston,MA,United States,unknown,Full time,2026-07-20 21:56:18.218904,2026-06-10 00:00:00,https://eofe.fa.us2.oraclecloud.com/hcmUI/CandidateExperience/en/sites/BNY-Careers/job/74247
BNY,76395,"Senior Director, Technical Product Manager - Digital Assets",Risk and Compliance,New York,NY,United States,unknown,Full time,2026-07-20 21:56:19.173528,2026-06-10 00:00:00,https://eofe.fa.us2.oraclecloud.com/hcmUI/CandidateExperience/en/sites/BNY-Careers/job/76395
BNY,76986,"Senior Specialist, Investor Services Operations",Operations,Westborough,MA,United States,unknown,Full time,2026-07-20 21:56:20.120197,2026-06-10 00:00:00,https://eofe.fa.us2.oraclecloud.com/hcmUI/CandidateExperience/en/sites/BNY-Careers/job/76986
BNY,77055,"Specialist, OPS Data Management & Quantitative Analysis II",Other,Lake Mary,FL,United States,unknown,Full time,2026-07-20 21:56:21.212378,2026-06-10 00:00:00,https://eofe.fa.us2.oraclecloud.com/hcmUI/CandidateExperience/en/sites/BNY-Careers/job/77055
BNY,77091,"Specialist, (Non Supervisory), Fund/Client Accounting Representative II",Finance and Accounting,Pittsburgh,PA,United States,unknown,Full time,2026-07-20 21:56:22.172723,2026-06-10 00:00:00,https://eofe.fa.us2.oraclecloud.com/hcmUI/CandidateExperience/en/sites/BNY-Careers/job/77091
BNY,77092,"Specialist, Fund/Client Accounting Representative",Finance and Accounting,Pittsburgh,PA,United States,unknown,Full time,2026-07-20 21:56:23.164621,2026-06-10 00:00:00,https://eofe.fa.us2.oraclecloud.com/hcmUI/CandidateExperience/en/sites/BNY-Careers/job/77092
BNY,78133,"Senior Director, Leadership Development",Risk and Compliance,New York,NY,United States,unknown,Full time,2026-07-20 21:56:25.158105,2026-06-10 00:00:00,https://eofe.fa.us2.oraclecloud.com/hcmUI/CandidateExperience/en/sites/BNY-Careers/job/78133
BNY,78141,"Senior Vice President, Talent Management",Human Resources,New York,NY,United States,unknown,Full time,2026-07-20 21:56:26.172862,2026-06-10 00:00:00,https://eofe.fa.us2.oraclecloud.com/hcmUI/CandidateExperience/en/sites/BNY-Careers/job/78141
BNY,78206,"Specialist, Anti Money Laundering/Prevention/KYC Representative II",Risk and Compliance,Lake Mary,FL,United States,unknown,Full time,2026-07-20 21:56:27.161153,2026-06-10 00:00:00,https://eofe.fa.us2.oraclecloud.com/hcmUI/CandidateExperience/en/sites/BNY-Careers/job/78206
BNY,78207,"Specialist, Anti Money Laundering/Prevention/KYC Representative II",Risk and Compliance,Lake Mary,FL,United States,unknown,Full time,2026-07-20 21:56:28.146215,2026-06-10 00:00:00,https://eofe.fa.us2.oraclecloud.com/hcmUI/CandidateExperience/en/sites/BNY-Careers/job/78207
BNY,78215,"Specialist, Anti Money Laundering/Prevention/KYC Representative II",Risk and Compliance,Lake Mary,FL,United States,unknown,Full time,2026-07-20 21:56:29.137594,2026-06-10 00:00:00,https://eofe.fa.us2.oraclecloud.com/hcmUI/CandidateExperience/en/sites/BNY-Careers/job/78215
BNY,78217,"Specialist, Anti Money Laundering/Prevention/KYC Representative II",Risk and Compliance,Lake Mary,FL,United States,unknown,Full time,2026-07-20 21:56:30.202871,2026-06-10 00:00:00,https://eofe.fa.us2.oraclecloud.com/hcmUI/CandidateExperience/en/sites/BNY-Careers/job/78217
BNY,78285,"Vice President, IWM Portfolio Management",Risk and Compliance,Seattle,WA,United States,unknown,Full time,2026-07-20 21:56:31.192886,2026-06-10 00:00:00,https://eofe.fa.us2.oraclecloud.com/hcmUI/CandidateExperience/en/sites/BNY-Careers/job/78285
BNY,78590,"Director, Full-Stack Engineer",Software Engineering,New York,NY,United States,hybrid,Full time,2026-07-20 21:56:32.207207,2026-06-10 00:00:00,https://eofe.fa.us2.oraclecloud.com/hcmUI/CandidateExperience/en/sites/BNY-Careers/job/78590
BNY,78593,"Director, Full-Stack Engineer",Software Engineering,Pittsburgh,PA,United States,hybrid,Full time,2026-07-20 21:56:33.214733,2026-06-10 00:00:00,https://eofe.fa.us2.oraclecloud.com/hcmUI/CandidateExperience/en/sites/BNY-Careers/job/78593
BNY,68034,"Senior Vice President, Solution Architect",Risk and Compliance,Pittsburgh,PA,United States,hybrid,Full time,2026-07-20 21:56:34.233172,2026-06-09 00:00:00,https://eofe.fa.us2.oraclecloud.com/hcmUI/CandidateExperience/en/sites/BNY-Careers/job/68034
BNY,74229,"Senior Specialist, OPS Business Process Improvements/Best Practice",Operations,Lake Mary,FL,United States,unknown,Full time,2026-07-20 21:56:35.219907,2026-06-09 00:00:00,https://eofe.fa.us2.oraclecloud.com/hcmUI/CandidateExperience/en/sites/BNY-Careers/job/74229
BNY,74488,"Vice President, Transfer Agency for Digital Assets Product Management",Operations,New York,NY,United States,unknown,Full time,2026-07-20 21:56:36.269864,2026-06-09 00:00:00,https://eofe.fa.us2.oraclecloud.com/hcmUI/CandidateExperience/en/sites/BNY-Careers/job/74488
BNY,74506,"Vice President, Real Estate Fund/Client Accounting Manager",Finance and Accounting,Lake Mary,FL,United States,unknown,Full time,2026-07-20 21:56:37.252664,2026-06-09 00:00:00,https://eofe.fa.us2.oraclecloud.com/hcmUI/CandidateExperience/en/sites/BNY-Careers/job/74506
BNY,75052,"Senior Specialist, Trading Services",Operations,Berwyn,PA,United States,unknown,Full time,2026-07-20 21:56:38.251020,2026-06-09 00:00:00,https://eofe.fa.us2.oraclecloud.com/hcmUI/CandidateExperience/en/sites/BNY-Careers/job/75052
BNY,75195,"Vice President, Full-Stack Engineer",Software Engineering,New York,NY,United States,unknown,Full time,2026-07-20 21:56:39.267986,2026-06-09 00:00:00,https://eofe.fa.us2.oraclecloud.com/hcmUI/CandidateExperience/en/sites/BNY-Careers/job/75195
BNY,76184,"Senior Vice President, System Specialist and App Delivery",Risk and Compliance,Jersey City,NJ,United States,unknown,Full time,2026-07-20 21:56:40.234681,2026-06-09 00:00:00,https://eofe.fa.us2.oraclecloud.com/hcmUI/CandidateExperience/en/sites/BNY-Careers/job/76184
BNY,76646,"Vice President, Data Management and Quantitative Analysis I",Risk and Compliance,Boston,MA,United States,unknown,Full time,2026-07-20 21:56:41.337449,2026-06-09 00:00:00,https://eofe.fa.us2.oraclecloud.com/hcmUI/CandidateExperience/en/sites/BNY-Careers/job/76646
BNY,76712,"Specialist, Client Operations II",Operations,Lake Mary,FL,United States,unknown,Full time,2026-07-20 21:56:42.297557,2026-06-09 00:00:00,https://eofe.fa.us2.oraclecloud.com/hcmUI/CandidateExperience/en/sites/BNY-Careers/job/76712
BNY,76877,"Director, Engineering Group Leader",Software Engineering,Pittsburgh,PA,United States,unknown,Full time,2026-07-20 21:56:44.343754,2026-06-09 00:00:00,https://eofe.fa.us2.oraclecloud.com/hcmUI/CandidateExperience/en/sites/BNY-Careers/job/76877
BNY,77381,"Director, POM Product Management",Product Management,New York,NY,United States,unknown,Full time,2026-07-20 21:56:45.442930,2026-06-09 00:00:00,https://eofe.fa.us2.oraclecloud.com/hcmUI/CandidateExperience/en/sites/BNY-Careers/job/77381
BNY,77398,"Vice President, POM Product Management",Risk and Compliance,New York,NY,United States,unknown,Full time,2026-07-20 21:56:46.326466,2026-06-09 00:00:00,https://eofe.fa.us2.oraclecloud.com/hcmUI/CandidateExperience/en/sites/BNY-Careers/job/77398
BNY,77487,"Senior Vice President, Metrics and Analytics Manager",Risk and Compliance,Pittsburgh,PA,United States,unknown,Full time,2026-07-20 21:56:47.349088,2026-06-09 00:00:00,https://eofe.fa.us2.oraclecloud.com/hcmUI/CandidateExperience/en/sites/BNY-Careers/job/77487
BNY,78005,"Senior Specialist, Client Operations - CLO Reporting",Operations,Houston,TX,United States,unknown,Full time,2026-07-20 21:56:48.310130,2026-06-09 00:00:00,https://eofe.fa.us2.oraclecloud.com/hcmUI/CandidateExperience/en/sites/BNY-Careers/job/78005
BNY,78263,"Vice President, Technology Relationship Mgmnt",Software Engineering,New York,NY,United States,unknown,Full time,2026-07-20 21:56:49.348958,2026-06-09 00:00:00,https://eofe.fa.us2.oraclecloud.com/hcmUI/CandidateExperience/en/sites/BNY-Careers/job/78263
BNY,78381,"Senior Vice President, Counsel​ (Asset Servicing)",Legal,Lake Mary,FL,United States,unknown,Full time,2026-07-20 21:56:50.322892,2026-06-09 00:00:00,https://eofe.fa.us2.oraclecloud.com/hcmUI/CandidateExperience/en/sites/BNY-Careers/job/78381
BNY,78556,"Senior Specialist, Senior Executive Assistant",Other,Lake Mary,FL,United States,unknown,Full time,2026-07-20 21:56:51.271079,2026-06-09 00:00:00,https://eofe.fa.us2.oraclecloud.com/hcmUI/CandidateExperience/en/sites/BNY-Careers/job/78556
BNY,74793,"Vice President, Full Stack Engineer",Software Engineering,New York,NY,United States,unknown,Full time,2026-07-20 21:56:52.273722,2026-06-08 00:00:00,https://eofe.fa.us2.oraclecloud.com/hcmUI/CandidateExperience/en/sites/BNY-Careers/job/74793
BNY,76612,"Specialist, Paralegal II – Investments",Legal,Pittsburgh,PA,United States,unknown,Full time,2026-07-20 21:56:53.278313,2026-06-08 00:00:00,https://eofe.fa.us2.oraclecloud.com/hcmUI/CandidateExperience/en/sites/BNY-Careers/job/76612
BNY,77342,"Director, Service Delivery General Management Manager",Risk and Compliance,Pittsburgh,PA,United States,unknown,Full time,2026-07-20 21:56:54.378429,2026-06-08 00:00:00,https://eofe.fa.us2.oraclecloud.com/hcmUI/CandidateExperience/en/sites/BNY-Careers/job/77342
BNY,77744,"Senior Vice President, Client Operations",Operations,Pittsburgh,PA,United States,unknown,Full time,2026-07-20 21:56:55.375300,2026-06-08 00:00:00,https://eofe.fa.us2.oraclecloud.com/hcmUI/CandidateExperience/en/sites/BNY-Careers/job/77744
BNY,78048,"Senior Director, Technology Partnerships",Software Engineering,New York,NY,United States,hybrid,Full time,2026-07-20 21:56:56.380780,2026-06-08 00:00:00,https://eofe.fa.us2.oraclecloud.com/hcmUI/CandidateExperience/en/sites/BNY-Careers/job/78048
BNY,72731,"Vice President, Target Process Application Engineer",Software Engineering,Pittsburgh,PA,United States,unknown,Full time,2026-07-20 21:56:57.316199,2026-06-07 00:00:00,https://eofe.fa.us2.oraclecloud.com/hcmUI/CandidateExperience/en/sites/BNY-Careers/job/72731
BNY,77883,"Senior Vice President, Development Group Lead",Software Engineering,Pittsburgh,PA,United States,unknown,Full time,2026-07-20 21:56:59.373950,2026-06-07 00:00:00,https://eofe.fa.us2.oraclecloud.com/hcmUI/CandidateExperience/en/sites/BNY-Careers/job/77883
BNY,69502,"Specialist, Fund Reporting II",Audit,Lake Mary,FL,United States,unknown,Full time,2026-07-20 21:57:00.350133,2026-06-05 00:00:00,https://eofe.fa.us2.oraclecloud.com/hcmUI/CandidateExperience/en/sites/BNY-Careers/job/69502
BNY,73634,"Vice President, Production Services Infrastructure Support",Cloud and Infrastructure,Pittsburgh,PA,United States,unknown,Full time,2026-07-20 21:57:01.403749,2026-06-05 00:00:00,https://eofe.fa.us2.oraclecloud.com/hcmUI/CandidateExperience/en/sites/BNY-Careers/job/73634
BNY,73907,"Director, Applied AI Product Manager",Risk and Compliance,New York,NY,United States,unknown,Full time,2026-07-20 21:57:02.458719,2026-06-05 00:00:00,https://eofe.fa.us2.oraclecloud.com/hcmUI/CandidateExperience/en/sites/BNY-Careers/job/73907
BNY,76554,"Senior Director, Loans Enablement Platform Controls Lead",Risk and Compliance,New York,NY,United States,unknown,Full time,2026-07-20 21:57:03.414655,2026-06-05 00:00:00,https://eofe.fa.us2.oraclecloud.com/hcmUI/CandidateExperience/en/sites/BNY-Careers/job/76554
BNY,76653,"Vice President, Client Operations, CLO/Structured Debt",Operations,Pittsburgh,PA,United States,unknown,Full time,2026-07-20 21:57:04.458888,2026-06-05 00:00:00,https://eofe.fa.us2.oraclecloud.com/hcmUI/CandidateExperience/en/sites/BNY-Careers/job/76653
BNY,76654,"Senior Vice President, Data Management & Quantitative Analysis",Other,Houston,TX,United States,unknown,Full time,2026-07-20 21:57:05.440906,2026-06-05 00:00:00,https://eofe.fa.us2.oraclecloud.com/hcmUI/CandidateExperience/en/sites/BNY-Careers/job/76654
BNY,77441,"Vice President, Client Operations, CLO/Structured Debt",Operations,Pittsburgh,PA,United States,unknown,Full time,2026-07-20 21:57:06.446334,2026-06-05 00:00:00,https://eofe.fa.us2.oraclecloud.com/hcmUI/CandidateExperience/en/sites/BNY-Careers/job/77441
BNY,77443,"Senior Specialist, CLO Client Operations",Operations,Pittsburgh,PA,United States,unknown,Full time,2026-07-20 21:57:07.655032,2026-06-05 00:00:00,https://eofe.fa.us2.oraclecloud.com/hcmUI/CandidateExperience/en/sites/BNY-Careers/job/77443
BNY,77447,"Senior Specialist, CLO Client Operations",Operations,Houston,TX,United States,unknown,Full time,2026-07-20 21:57:08.547682,2026-06-05 00:00:00,https://eofe.fa.us2.oraclecloud.com/hcmUI/CandidateExperience/en/sites/BNY-Careers/job/77447
BNY,78004,"Vice President, AML Investigator – Digital Assets",Risk and Compliance,Pittsburgh,PA,United States,unknown,Full time,2026-07-20 21:57:09.457329,2026-06-05 00:00:00,https://eofe.fa.us2.oraclecloud.com/hcmUI/CandidateExperience/en/sites/BNY-Careers/job/78004
BNY,74277,"Specialist, Client Processing 1",Operations,Houston,TX,United States,unknown,Full time,2026-07-20 21:57:10.472949,2026-06-04 00:00:00,https://eofe.fa.us2.oraclecloud.com/hcmUI/CandidateExperience/en/sites/BNY-Careers/job/74277
BNY,75288,"Senior Specialist, Full-Stack Engineer",Software Engineering,Pittsburgh,PA,United States,unknown,Full time,2026-07-20 21:57:11.508323,2026-06-04 00:00:00,https://eofe.fa.us2.oraclecloud.com/hcmUI/CandidateExperience/en/sites/BNY-Careers/job/75288
BNY,75407,"Senior Vice President, Full-Stack Engineer",Operations,New York,NY,United States,unknown,Full time,2026-07-20 21:57:12.444274,2026-06-04 00:00:00,https://eofe.fa.us2.oraclecloud.com/hcmUI/CandidateExperience/en/sites/BNY-Careers/job/75407
BNY,75743,"Vice President, Client Service",Operations,Lake Mary,FL,United States,unknown,Full time,2026-07-20 21:57:13.454455,2026-06-04 00:00:00,https://eofe.fa.us2.oraclecloud.com/hcmUI/CandidateExperience/en/sites/BNY-Careers/job/75743
BNY,76418,"Director, Digital Asset Operations",Risk and Compliance,New York,NY,United States,unknown,Full time,2026-07-20 21:57:14.453397,2026-06-04 00:00:00,https://eofe.fa.us2.oraclecloud.com/hcmUI/CandidateExperience/en/sites/BNY-Careers/job/76418
BNY,77191,"Senior Vice President, POM Product Management",Risk and Compliance,New York,NY,United States,unknown,Full time,2026-07-20 21:57:15.574606,2026-06-04 00:00:00,https://eofe.fa.us2.oraclecloud.com/hcmUI/CandidateExperience/en/sites/BNY-Careers/job/77191
BNY,77268,"Vice President, Full-Stack Engineer",Risk and Compliance,New York,NY,United States,unknown,Full time,2026-07-20 21:57:16.510828,2026-06-04 00:00:00,https://eofe.fa.us2.oraclecloud.com/hcmUI/CandidateExperience/en/sites/BNY-Careers/job/77268
BNY,78044,"Vice President, FIG Client Coverage",Other,New York,NY,United States,unknown,Full time,2026-07-20 21:57:18.554760,2026-06-04 00:00:00,https://eofe.fa.us2.oraclecloud.com/hcmUI/CandidateExperience/en/sites/BNY-Careers/job/78044
BNY,78380,"Director, Managing Counsel - BNY Issuer Services (Corporate Trust, Credit Services and Global Payments and Trade)",Legal,Pittsburgh,PA,United States,unknown,Full time,2026-07-20 21:57:19.490373,2026-06-04 00:00:00,https://eofe.fa.us2.oraclecloud.com/hcmUI/CandidateExperience/en/sites/BNY-Careers/job/78380
BNY,69582,"Associate, Fund Administration II",Risk and Compliance,Boston,MA,United States,unknown,Full time,2026-07-20 21:57:20.543162,2026-06-03 00:00:00,https://eofe.fa.us2.oraclecloud.com/hcmUI/CandidateExperience/en/sites/BNY-Careers/job/69582
BNY,76777,"Senior Vice President, Full-Stack Engineer",Software Engineering,Jersey City,NJ,United States,unknown,Full time,2026-07-28 18:16:18.008135,2026-07-28 00:00:00,https://eofe.fa.us2.oraclecloud.com/hcmUI/CandidateExperience/en/sites/BNY-Careers/job/76777
BNY,76784,"Senior Vice President, Full-Stack Engineer",Software Engineering,Jersey City,NJ,United States,unknown,Full time,2026-07-28 18:16:19.071412,2026-07-28 00:00:00,https://eofe.fa.us2.oraclecloud.com/hcmUI/CandidateExperience/en/sites/BNY-Careers/job/76784
BNY,77002,"Specialist, Client Processing II",Operations,Dallas,TX,United States,unknown,Full time,2026-07-28 18:16:19.996889,2026-08-14 00:00:00,https://eofe.fa.us2.oraclecloud.com/hcmUI/CandidateExperience/en/sites/BNY-Careers/job/77002
BNY,77124,Knowledge Graph Engineer,Data and AI,Pittsburgh,PA,United States,unknown,Full time,2026-07-28 18:16:22.569425,2026-08-20 00:00:00,https://eofe.fa.us2.oraclecloud.com/hcmUI/CandidateExperience/en/sites/BNY-Careers/job/77124
BNY,78106,"Senior Vice President, POM Product Management",Product Management,Jersey City,NJ,United States,unknown,Full time,2026-07-28 18:16:22.872389,2026-07-28 00:00:00,https://eofe.fa.us2.oraclecloud.com/hcmUI/CandidateExperience/en/sites/BNY-Careers/job/78106
BNY,78244,"Specialist, Client Processing Representative II",Operations,Houston,TX,United States,unknown,Full time,2026-07-28 18:16:23.912614,2026-07-28 00:00:00,https://eofe.fa.us2.oraclecloud.com/hcmUI/CandidateExperience/en/sites/BNY-Careers/job/78244
BNY,78965,"Senior Vice President, Group Delivery Lead Manager",Software Engineering,Pittsburgh,PA,United States,unknown,Full time,2026-07-28 18:16:24.888411,2026-07-28 00:00:00,https://eofe.fa.us2.oraclecloud.com/hcmUI/CandidateExperience/en/sites/BNY-Careers/job/78965
BNY,79763,"Vice President, Group Delivery Lead",Risk and Compliance,New York,NY,United States,unknown,Full time,2026-07-28 18:16:25.958303,2026-07-28 00:00:00,https://eofe.fa.us2.oraclecloud.com/hcmUI/CandidateExperience/en/sites/BNY-Careers/job/79763
BNY,79796,"Director, Product Solutions Specialist",Risk and Compliance,New York,NY,United States,hybrid,Full time,2026-07-28 18:16:26.886251,2026-07-28 00:00:00,https://eofe.fa.us2.oraclecloud.com/hcmUI/CandidateExperience/en/sites/BNY-Careers/job/79796
BNY,79794,"Director, Product Solutions Specialist",Risk and Compliance,Pittsburgh,PA,United States,hybrid,Full time,2026-07-28 18:16:27.902365,2026-07-28 00:00:00,https://eofe.fa.us2.oraclecloud.com/hcmUI/CandidateExperience/en/sites/BNY-Careers/job/79794
BNY,79934,"Senior Vice President, Credit Risk",Risk and Compliance,New York,NY,United States,unknown,Full time,2026-07-28 18:16:30.949916,2026-07-28 00:00:00,https://eofe.fa.us2.oraclecloud.com/hcmUI/CandidateExperience/en/sites/BNY-Careers/job/79934
BNY,80079,Full-Stack Engineer,Software Engineering,New York,NY,United States,unknown,Full time,2026-07-28 18:16:31.987270,2026-07-28 00:00:00,https://eofe.fa.us2.oraclecloud.com/hcmUI/CandidateExperience/en/sites/BNY-Careers/job/80079
BNY,80066,"Senior Vice President, Model Risk Management",Risk and Compliance,New York,NY,United States,unknown,Full time,2026-07-28 18:16:33.049473,2026-07-28 00:00:00,https://eofe.fa.us2.oraclecloud.com/hcmUI/CandidateExperience/en/sites/BNY-Careers/job/80066
BNY,80067,"Director - Model Risk Management AI, Wealth and Investment",Risk and Compliance,New York,NY,United States,unknown,Full time,2026-07-28 18:16:33.987682,2026-07-28 00:00:00,https://eofe.fa.us2.oraclecloud.com/hcmUI/CandidateExperience/en/sites/BNY-Careers/job/80067
BNY,80069,"SVP - Model Risk Management AI, Wealth and Investments",Risk and Compliance,New York,NY,United States,unknown,Full time,2026-07-28 18:16:34.966666,2026-07-28 00:00:00,https://eofe.fa.us2.oraclecloud.com/hcmUI/CandidateExperience/en/sites/BNY-Careers/job/80069
BNY,80074,"Director, Credit Risk Review",Risk and Compliance,New York,NY,United States,unknown,Full time,2026-07-28 18:16:36.207985,2026-07-28 00:00:00,https://eofe.fa.us2.oraclecloud.com/hcmUI/CandidateExperience/en/sites/BNY-Careers/job/80074
BNY,80127,"Senior Vice President, Business Compliance Officer",Risk and Compliance,Pittsburgh,PA,United States,hybrid,Full time,2026-07-28 18:16:37.033826,2026-07-28 00:00:00,https://eofe.fa.us2.oraclecloud.com/hcmUI/CandidateExperience/en/sites/BNY-Careers/job/80127
BNY,80402,"Senior Vice President, POM Product Management",Operations,Pittsburgh,PA,United States,unknown,Full time,2026-07-28 18:16:38.069971,2026-07-28 00:00:00,https://eofe.fa.us2.oraclecloud.com/hcmUI/CandidateExperience/en/sites/BNY-Careers/job/80402
BNY,73080,Product Manager- Real Estate And Workplace Technology,Product Management,Boston,MA,United States,unknown,Full time,2026-07-28 18:16:39.131716,2026-07-27 00:00:00,https://eofe.fa.us2.oraclecloud.com/hcmUI/CandidateExperience/en/sites/BNY-Careers/job/73080
BNY,74993,"Vice President, Product Management",Risk and Compliance,Berwyn,PA,United States,unknown,Full time,2026-08-20 19:42:08.641240,2026-08-20 00:00:00,https://eofe.fa.us2.oraclecloud.com/hcmUI/CandidateExperience/en/sites/BNY-Careers/job/74993
BNY,76519,"Vice President, Presentation Designer",Risk and Compliance,Boston,MA,United States,unknown,Full time,2026-08-20 19:42:09.894180,2026-08-20 00:00:00,https://eofe.fa.us2.oraclecloud.com/hcmUI/CandidateExperience/en/sites/BNY-Careers/job/76519
BNY,77449,"Director, Application Development Manager",Software Engineering,Lake Mary,FL,United States,unknown,Full time,2026-08-20 19:42:10.708795,2026-08-20 00:00:00,https://eofe.fa.us2.oraclecloud.com/hcmUI/CandidateExperience/en/sites/BNY-Careers/job/77449
BNY,77673,"Vice President, AI / Machine Learning Data Engineering",Data and AI,Lake Mary,FL,United States,unknown,Full time,2026-08-20 19:42:12.577627,2026-08-20 00:00:00,https://eofe.fa.us2.oraclecloud.com/hcmUI/CandidateExperience/en/sites/BNY-Careers/job/77673
BNY,80249,"Vice President, Client Operations - CLO/Structured Debt",Operations,Houston,TX,United States,unknown,Full time,2026-08-20 19:42:15.461993,2026-08-20 00:00:00,https://eofe.fa.us2.oraclecloud.com/hcmUI/CandidateExperience/en/sites/BNY-Careers/job/80249
BNY,80252,"Vice President, Client Operations - CLO/Structured Debt",Operations,Houston,TX,United States,unknown,Full time,2026-08-20 19:42:16.466956,2026-08-20 00:00:00,https://eofe.fa.us2.oraclecloud.com/hcmUI/CandidateExperience/en/sites/BNY-Careers/job/80252
BNY,80254,"Vice President, Client Operations - CLO/Structured Debt",Operations,Houston,TX,United States,unknown,Full time,2026-08-20 19:42:17.520145,2026-08-20 00:00:00,https://eofe.fa.us2.oraclecloud.com/hcmUI/CandidateExperience/en/sites/BNY-Careers/job/80254
BNY,80809,"Senior Vice President, Fiduciary",Risk and Compliance,Newport Beach,CA,United States,unknown,Full time,2026-08-20 19:42:18.517596,2026-08-20 00:00:00,https://eofe.fa.us2.oraclecloud.com/hcmUI/CandidateExperience/en/sites/BNY-Careers/job/80809
BNY,81109,"Senior Vice President, Client Service Executive",Risk and Compliance,Houston,TX,United States,hybrid,Full time,2026-08-20 19:42:19.515455,2026-08-20 00:00:00,https://eofe.fa.us2.oraclecloud.com/hcmUI/CandidateExperience/en/sites/BNY-Careers/job/81109
BNY,81200,"Senior Vice President, POM Product Management",Cloud and Infrastructure,New York,NY,United States,hybrid,Full time,2026-08-20 19:42:21.550604,2026-08-20 00:00:00,https://eofe.fa.us2.oraclecloud.com/hcmUI/CandidateExperience/en/sites/BNY-Careers/job/81200
BNY,74256,"Vice President, Client Service Management (Global Collateral)",Other,Lake Mary,FL,United States,unknown,Full time,2026-08-20 19:42:22.506510,2026-08-19 00:00:00,https://eofe.fa.us2.oraclecloud.com/hcmUI/CandidateExperience/en/sites/BNY-Careers/job/74256
BNY,75727,"Director, Fund Reporting Manager",Risk and Compliance,Boston,MA,United States,unknown,Full time,2026-08-20 19:42:24.518370,2026-08-19 00:00:00,https://eofe.fa.us2.oraclecloud.com/hcmUI/CandidateExperience/en/sites/BNY-Careers/job/75727
BNY,77672,"Senior Vice President,  AI / Machine Learning Data Engineer",Data and AI,Lake Mary,FL,United States,unknown,Full time,2026-08-20 19:42:25.547097,2026-08-19 00:00:00,https://eofe.fa.us2.oraclecloud.com/hcmUI/CandidateExperience/en/sites/BNY-Careers/job/77672
BNY,78670,"Vice President, Client Operations Manager",Operations,New York,NY,United States,unknown,Full time,2026-08-20 19:42:26.528784,2026-08-19 00:00:00,https://eofe.fa.us2.oraclecloud.com/hcmUI/CandidateExperience/en/sites/BNY-Careers/job/78670
BNY,80170,"Senior Specialist, Client Processing",Operations,Lake Mary,FL,United States,unknown,Full time,2026-08-20 19:42:27.572308,2026-08-19 00:00:00,https://eofe.fa.us2.oraclecloud.com/hcmUI/CandidateExperience/en/sites/BNY-Careers/job/80170
BNY,80172,"Senior Specialist, Client Processing",Operations,Lake Mary,FL,United States,unknown,Full time,2026-08-20 19:42:28.535917,2026-08-19 00:00:00,https://eofe.fa.us2.oraclecloud.com/hcmUI/CandidateExperience/en/sites/BNY-Careers/job/80172
BNY,80175,"Senior Vice President, Client Processing Manager",Operations,New York,NY,United States,unknown,Full time,2026-08-20 19:42:29.540481,2026-08-19 00:00:00,https://eofe.fa.us2.oraclecloud.com/hcmUI/CandidateExperience/en/sites/BNY-Careers/job/80175
BNY,80324,"Vice President, Full-Stack Engineer",Software Engineering,Westborough,MA,United States,unknown,Full time,2026-08-20 19:45:44.185521,2026-08-19 00:00:00,https://eofe.fa.us2.oraclecloud.com/hcmUI/CandidateExperience/en/sites/BNY-Careers/job/80324
BNY,71226,"Senior Specialist, Liquidity Risk",Risk and Compliance,New York,NY,United States,unknown,Full time,2026-08-20 19:45:45.258951,2026-08-18 00:00:00,https://eofe.fa.us2.oraclecloud.com/hcmUI/CandidateExperience/en/sites/BNY-Careers/job/71226
BNY,76514,"Director, Product Manager, Developer Experience, AI",Software Engineering,New York,NY,United States,hybrid,Full time,2026-08-20 19:45:47.276119,2026-08-18 00:00:00,https://eofe.fa.us2.oraclecloud.com/hcmUI/CandidateExperience/en/sites/BNY-Careers/job/76514
BNY,76820,"Senior Vice President, Client Processing Manager",Operations,New York,NY,United States,unknown,Full time,2026-08-20 19:45:48.256060,2026-08-18 00:00:00,https://eofe.fa.us2.oraclecloud.com/hcmUI/CandidateExperience/en/sites/BNY-Careers/job/76820
BNY,76826,"Director, Digital Asset Operations",Risk and Compliance,New York,NY,United States,unknown,Full time,2026-08-20 19:45:49.467023,2026-08-18 00:00:00,https://eofe.fa.us2.oraclecloud.com/hcmUI/CandidateExperience/en/sites/BNY-Careers/job/76826
BNY,76827,"Senior Specialist, Client Processing",Operations,New York,NY,United States,unknown,Full time,2026-08-20 19:45:50.251974,2026-08-18 00:00:00,https://eofe.fa.us2.oraclecloud.com/hcmUI/CandidateExperience/en/sites/BNY-Careers/job/76827
BNY,77183,"Vice President, Client Reporting/Performance",Operations,Pittsburgh,PA,United States,unknown,Full time,2026-08-20 19:45:51.164324,2026-08-18 00:00:00,https://eofe.fa.us2.oraclecloud.com/hcmUI/CandidateExperience/en/sites/BNY-Careers/job/77183
BNY,80352,"Vice President, Client Processing Manager",Risk and Compliance,Pittsburgh,PA,United States,hybrid,Full time,2026-08-20 19:45:53.210151,2026-08-18 00:00:00,https://eofe.fa.us2.oraclecloud.com/hcmUI/CandidateExperience/en/sites/BNY-Careers/job/80352
BNY,80354,"Senior Specialist, Client Processing",Risk and Compliance,Lake Mary,FL,United States,hybrid,Full time,2026-08-20 19:45:54.262438,2026-08-18 00:00:00,https://eofe.fa.us2.oraclecloud.com/hcmUI/CandidateExperience/en/sites/BNY-Careers/job/80354
BNY,80355,"Vice President, Client Processing Manager",Risk and Compliance,Lake Mary,FL,United States,hybrid,Full time,2026-08-20 19:45:55.279189,2026-08-18 00:00:00,https://eofe.fa.us2.oraclecloud.com/hcmUI/CandidateExperience/en/sites/BNY-Careers/job/80355
BNY,80356,"Senior Specialist, Client Processing",Risk and Compliance,Pittsburgh,PA,United States,hybrid,Full time,2026-08-20 19:45:56.299306,2026-08-18 00:00:00,https://eofe.fa.us2.oraclecloud.com/hcmUI/CandidateExperience/en/sites/BNY-Careers/job/80356
BNY,80427,"Senior Vice President, Technology Audit Leader, Application Technology",Audit,New York,NY,United States,unknown,Full time,2026-08-20 19:45:58.286937,2026-08-18 00:00:00,https://eofe.fa.us2.oraclecloud.com/hcmUI/CandidateExperience/en/sites/BNY-Careers/job/80427
BNY,80472,"Senior Director, Global Head of Supervision",Risk and Compliance,Menlo Park,CA,United States,hybrid,Full time,2026-08-20 19:45:59.268070,2026-08-18 00:00:00,https://eofe.fa.us2.oraclecloud.com/hcmUI/CandidateExperience/en/sites/BNY-Careers/job/80472
BNY,80492,"Senior Specialist, Client Coverage",Risk and Compliance,Dallas,TX,United States,unknown,Full time,2026-08-20 19:46:00.687680,2026-08-18 00:00:00,https://eofe.fa.us2.oraclecloud.com/hcmUI/CandidateExperience/en/sites/BNY-Careers/job/80492
BNY,80510,"Vice President, Quantitative Analytics",Risk and Compliance,New York,NY,United States,hybrid,Full time,2026-08-20 19:46:01.303062,2026-08-18 00:00:00,https://eofe.fa.us2.oraclecloud.com/hcmUI/CandidateExperience/en/sites/BNY-Careers/job/80510
BNY,80636,"Specialist, Corporate Actions II",Operations,Pittsburgh,PA,United States,unknown,Full time,2026-08-20 19:46:02.465831,2026-08-18 00:00:00,https://eofe.fa.us2.oraclecloud.com/hcmUI/CandidateExperience/en/sites/BNY-Careers/job/80636
BNY,80658,"Senior Specialist, Fiduciary",Risk and Compliance,Pittsburgh,PA,United States,unknown,Full time,2026-08-20 19:46:03.360933,2026-08-18 00:00:00,https://eofe.fa.us2.oraclecloud.com/hcmUI/CandidateExperience/en/sites/BNY-Careers/job/80658
BNY,80686,"Vice President, Client Implementations Manager",Risk and Compliance,New York,NY,United States,unknown,Full time,2026-08-20 19:46:04.476109,2026-08-18 00:00:00,https://eofe.fa.us2.oraclecloud.com/hcmUI/CandidateExperience/en/sites/BNY-Careers/job/80686
BNY,80892,"Director, Application Development Manager",Cloud and Infrastructure,,,United States,unknown,Full time,2026-08-20 19:46:05.417481,2026-08-18 00:00:00,https://eofe.fa.us2.oraclecloud.com/hcmUI/CandidateExperience/en/sites/BNY-Careers/job/80892
BNY,80996,"Vice President, Treasury",Risk and Compliance,New York,NY,United States,hybrid,Full time,2026-08-20 19:46:06.427625,2026-08-18 00:00:00,https://eofe.fa.us2.oraclecloud.com/hcmUI/CandidateExperience/en/sites/BNY-Careers/job/80996
BNY,81003,"Vice President, Treasury",Risk and Compliance,Pittsburgh,PA,United States,hybrid,Full time,2026-08-20 19:46:07.456813,2026-08-18 00:00:00,https://eofe.fa.us2.oraclecloud.com/hcmUI/CandidateExperience/en/sites/BNY-Careers/job/81003
BNY,81007,"Director, Commercial Data Product Lead",Product Management,New York,NY,United States,unknown,Full time,2026-08-20 19:46:08.590413,2026-08-18 00:00:00,https://eofe.fa.us2.oraclecloud.com/hcmUI/CandidateExperience/en/sites/BNY-Careers/job/81007
BNY,81070,"SVP, Segment Marketing",Other,New York,NY,United States,hybrid,Full time,2026-08-20 19:46:09.406444,2026-08-18 00:00:00,https://eofe.fa.us2.oraclecloud.com/hcmUI/CandidateExperience/en/sites/BNY-Careers/job/81070
BNY,76297,"Director, Bank & Prudential Regulatory Compliance",Risk and Compliance,New York,NY,United States,unknown,Full time,2026-08-20 19:46:12.388160,2026-08-17 00:00:00,https://eofe.fa.us2.oraclecloud.com/hcmUI/CandidateExperience/en/sites/BNY-Careers/job/76297
BNY,77216,"Vice President, Full-Stack Engineer",Cloud and Infrastructure,Lake Mary,FL,United States,unknown,Full time,2026-08-20 19:46:13.403649,2026-08-17 00:00:00,https://eofe.fa.us2.oraclecloud.com/hcmUI/CandidateExperience/en/sites/BNY-Careers/job/77216
BNY,77522,"SVP, Cash Collateral Reinvestment",Risk and Compliance,New York,NY,United States,unknown,Full time,2026-08-20 19:46:14.440897,2026-08-17 00:00:00,https://eofe.fa.us2.oraclecloud.com/hcmUI/CandidateExperience/en/sites/BNY-Careers/job/77522
BNY,77821,"Specialist, Fund/Client Accounting",Finance and Accounting,Lake Mary,FL,United States,unknown,Full time,2026-08-20 19:46:15.637000,2026-08-17 00:00:00,https://eofe.fa.us2.oraclecloud.com/hcmUI/CandidateExperience/en/sites/BNY-Careers/job/77821
BNY,78737,"Director, Architecture Lead",Operations,Pittsburgh,PA,United States,unknown,Full time,2026-08-20 19:46:16.466904,2026-08-17 00:00:00,https://eofe.fa.us2.oraclecloud.com/hcmUI/CandidateExperience/en/sites/BNY-Careers/job/78737
BNY,80108,"Vice President, Data Management & Quantitative Analysis",Risk and Compliance,New York,NY,United States,unknown,Full time,2026-08-20 19:46:17.424569,2026-08-17 00:00:00,https://eofe.fa.us2.oraclecloud.com/hcmUI/CandidateExperience/en/sites/BNY-Careers/job/80108
BNY,80813,"Senior Vice President, Data Leader Manager",Risk and Compliance,New York,NY,United States,unknown,Full time,2026-08-20 19:46:18.444283,2026-08-17 00:00:00,https://eofe.fa.us2.oraclecloud.com/hcmUI/CandidateExperience/en/sites/BNY-Careers/job/80813
BNY,81069,"Director, Digital Marketing Channels (Social, Paid, Search)",Risk and Compliance,New York,NY,United States,hybrid,Full time,2026-08-20 19:46:19.469400,2026-08-17 00:00:00,https://eofe.fa.us2.oraclecloud.com/hcmUI/CandidateExperience/en/sites/BNY-Careers/job/81069
BNY,70811,"Vice President, Scrum Leader",Product Management,Pittsburgh,PA,United States,hybrid,Full time,2026-08-20 19:46:20.444284,2026-08-16 00:00:00,https://eofe.fa.us2.oraclecloud.com/hcmUI/CandidateExperience/en/sites/BNY-Careers/job/70811
BNY,74279,"Senior Director, Client Executive Manager",Sales and Relationship Management,New York,NY,United States,unknown,Full time,2026-08-20 19:46:21.482444,2026-08-15 00:00:00,https://eofe.fa.us2.oraclecloud.com/hcmUI/CandidateExperience/en/sites/BNY-Careers/job/74279
BNY,72018,"Vice President, POM Technical Product Management-Entitlements & Authentication",Product Management,New York,NY,United States,onsite,Full time,2026-08-20 19:46:23.533720,2026-08-14 00:00:00,https://eofe.fa.us2.oraclecloud.com/hcmUI/CandidateExperience/en/sites/BNY-Careers/job/72018
BNY,77609,"SVP, Product Owner – Performance & Compliance, Fund & Investor Solutions",Risk and Compliance,Boston,MA,United States,unknown,Full time,2026-08-20 19:46:29.582813,2026-08-14 00:00:00,https://eofe.fa.us2.oraclecloud.com/hcmUI/CandidateExperience/en/sites/BNY-Careers/job/77609
BNY,77611,"Specialist, Product Owner – Performance & Compliance, Fund & Investor Solutions II",Risk and Compliance,Boston,MA,United States,unknown,Full time,2026-08-20 19:46:30.655396,2026-08-14 00:00:00,https://eofe.fa.us2.oraclecloud.com/hcmUI/CandidateExperience/en/sites/BNY-Careers/job/77611
BNY,77613,"Senior Vice President, Product Owner – Performance & Compliance, Fund & Investor Solutions (Data)",Risk and Compliance,Boston,MA,United States,unknown,Full time,2026-08-20 19:46:31.632195,2026-08-14 00:00:00,https://eofe.fa.us2.oraclecloud.com/hcmUI/CandidateExperience/en/sites/BNY-Careers/job/77613
BNY,78025,"Senior Vice President, Business Process Management",Risk and Compliance,Lake Mary,FL,United States,unknown,Full time,2026-08-20 19:46:32.681065,2026-08-14 00:00:00,https://eofe.fa.us2.oraclecloud.com/hcmUI/CandidateExperience/en/sites/BNY-Careers/job/78025
BNY,79629,"Vice President, Infrastructure Engineering",Cloud and Infrastructure,Pittsburgh,PA,United States,hybrid,Part time,2026-08-20 19:46:33.734603,2026-08-14 00:00:00,https://eofe.fa.us2.oraclecloud.com/hcmUI/CandidateExperience/en/sites/BNY-Careers/job/79629
BNY,79645,"Vice President, Infrastructure Engineering",Cloud and Infrastructure,Pittsburgh,PA,United States,hybrid,Full time,2026-08-20 19:46:34.632929,2026-08-14 00:00:00,https://eofe.fa.us2.oraclecloud.com/hcmUI/CandidateExperience/en/sites/BNY-Careers/job/79645
BNY,79687,"Senior Vice President, Fund/Client Accounting Manager",Finance and Accounting,Lake Mary,FL,United States,unknown,Full time,2026-08-20 19:46:35.714244,2026-08-14 00:00:00,https://eofe.fa.us2.oraclecloud.com/hcmUI/CandidateExperience/en/sites/BNY-Careers/job/79687
BNY,79696,"Vice President, Full-Stack Engineer",Software Engineering,New York,NY,United States,unknown,Full time,2026-08-20 19:46:36.672643,2026-08-14 00:00:00,https://eofe.fa.us2.oraclecloud.com/hcmUI/CandidateExperience/en/sites/BNY-Careers/job/79696
BNY,79985,"Senior Director, AI / Machine Learning Data Engineer",Data and AI,New York,NY,United States,unknown,Full time,2026-08-20 19:46:37.691238,2026-08-14 00:00:00,https://eofe.fa.us2.oraclecloud.com/hcmUI/CandidateExperience/en/sites/BNY-Careers/job/79985
BNY,80495,"Senior Specialist, Client Coverage",Risk and Compliance,NJ,,United States,unknown,Full time,2026-08-20 19:46:39.030433,2026-08-14 00:00:00,https://eofe.fa.us2.oraclecloud.com/hcmUI/CandidateExperience/en/sites/BNY-Careers/job/80495
BNY,80812,"Vice President, Market & Client Intelligence",Sales and Relationship Management,New York,NY,United States,unknown,Full time,2026-08-20 19:46:39.636978,2026-08-14 00:00:00,https://eofe.fa.us2.oraclecloud.com/hcmUI/CandidateExperience/en/sites/BNY-Careers/job/80812
BNY,71646,"Vice President, Cash Processing/Funds Transfer Manager - Treasury Services Platform Ops",Operations,Pittsburgh,PA,United States,hybrid,Full time,2026-08-20 19:46:40.675771,2026-08-13 00:00:00,https://eofe.fa.us2.oraclecloud.com/hcmUI/CandidateExperience/en/sites/BNY-Careers/job/71646
BNY,73360,"Associate, (Non Supervisory), Fund/Client Accounting Representative II",Finance and Accounting,Pittsburgh,PA,United States,unknown,Full time,2026-08-20 19:46:41.831341,2026-08-13 00:00:00,https://eofe.fa.us2.oraclecloud.com/hcmUI/CandidateExperience/en/sites/BNY-Careers/job/73360
BNY,75273,"Director, Technology Controls Management Framework",Risk and Compliance,Pittsburgh,PA,United States,unknown,Full time,2026-08-20 19:46:44.029099,2026-08-13 00:00:00,https://eofe.fa.us2.oraclecloud.com/hcmUI/CandidateExperience/en/sites/BNY-Careers/job/75273
BNY,78478,"Senior Specialist, Client Processing",Operations,Pittsburgh,PA,United States,hybrid,Full time,2026-08-20 19:46:44.728188,2026-08-13 00:00:00,https://eofe.fa.us2.oraclecloud.com/hcmUI/CandidateExperience/en/sites/BNY-Careers/job/78478
BNY,79122,"SVP, Principal Full Stack Engineer - Performance Product Engineering",Software Engineering,Boston,MA,United States,unknown,Full time,2026-08-20 19:46:45.770955,2026-08-13 00:00:00,https://eofe.fa.us2.oraclecloud.com/hcmUI/CandidateExperience/en/sites/BNY-Careers/job/79122
BNY,79693,"Vice President, Java Full-Stack Engineer",Cloud and Infrastructure,New York,NY,United States,unknown,Full time,2026-08-20 19:46:46.746241,2026-08-13 00:00:00,https://eofe.fa.us2.oraclecloud.com/hcmUI/CandidateExperience/en/sites/BNY-Careers/job/79693
BNY,79881,"Senior Vice President, Production Services Application Support",Cloud and Infrastructure,New York,NY,United States,hybrid,Full time,2026-08-20 19:46:47.760562,2026-08-13 00:00:00,https://eofe.fa.us2.oraclecloud.com/hcmUI/CandidateExperience/en/sites/BNY-Careers/job/79881
BNY,80489,"Senior Specialist, Fiduciary",Risk and Compliance,Pittsburgh,PA,United States,unknown,Full time,2026-08-20 19:46:48.760666,2026-08-13 00:00:00,https://eofe.fa.us2.oraclecloud.com/hcmUI/CandidateExperience/en/sites/BNY-Careers/job/80489
BNY,80496,"Senior Specialist, IWM Portfolio Analyst",Risk and Compliance,New York,NY,United States,unknown,Full time,2026-08-20 19:46:49.729063,2026-08-13 00:00:00,https://eofe.fa.us2.oraclecloud.com/hcmUI/CandidateExperience/en/sites/BNY-Careers/job/80496
BNY,80554,"Senior Specialist, Private Banking Team Lead",Risk and Compliance,Boston,MA,United States,unknown,Full time,2026-08-20 19:46:50.715653,2026-08-13 00:00:00,https://eofe.fa.us2.oraclecloud.com/hcmUI/CandidateExperience/en/sites/BNY-Careers/job/80554
BNY,80564,"SVP, Head of Investments Events",Risk and Compliance,New York,NY,United States,hybrid,Full time,2026-08-20 19:46:52.740806,2026-08-13 00:00:00,https://eofe.fa.us2.oraclecloud.com/hcmUI/CandidateExperience/en/sites/BNY-Careers/job/80564
BNY,80618,"Vice President, Product & Innovation Execution Team",Risk and Compliance,New York,NY,United States,unknown,Full time,2026-08-20 19:46:53.734156,2026-08-13 00:00:00,https://eofe.fa.us2.oraclecloud.com/hcmUI/CandidateExperience/en/sites/BNY-Careers/job/80618
BNY,80637,"Specialist, Corporate Actions II",Operations,Pittsburgh,PA,United States,unknown,Full time,2026-08-20 19:46:54.863479,2026-08-13 00:00:00,https://eofe.fa.us2.oraclecloud.com/hcmUI/CandidateExperience/en/sites/BNY-Careers/job/80637
BNY,80641,"Specialist, Corporate Actions II",Operations,New York,NY,United States,unknown,Full time,2026-08-20 19:46:55.712232,2026-08-13 00:00:00,https://eofe.fa.us2.oraclecloud.com/hcmUI/CandidateExperience/en/sites/BNY-Careers/job/80641
BNY,80642,"Specialist, Corporate Actions II",Operations,New York,NY,United States,unknown,Full time,2026-08-20 19:46:56.736342,2026-08-13 00:00:00,https://eofe.fa.us2.oraclecloud.com/hcmUI/CandidateExperience/en/sites/BNY-Careers/job/80642
BNY,80649,"Vice President, Corporate Actions",Operations,Lake Mary,FL,United States,unknown,Full time,2026-08-20 19:46:57.760580,2026-08-13 00:00:00,https://eofe.fa.us2.oraclecloud.com/hcmUI/CandidateExperience/en/sites/BNY-Careers/job/80649
BNY,80871,"Specialist, POM Product Owner II",Risk and Compliance,Pittsburgh,PA,United States,hybrid,Full time,2026-08-20 19:46:59.176216,2026-08-13 00:00:00,https://eofe.fa.us2.oraclecloud.com/hcmUI/CandidateExperience/en/sites/BNY-Careers/job/80871
BNY,72927,Product Design Lead,Risk and Compliance,New York,NY,United States,unknown,Full time,2026-08-20 19:46:59.839770,2026-08-12 00:00:00,https://eofe.fa.us2.oraclecloud.com/hcmUI/CandidateExperience/en/sites/BNY-Careers/job/72927
BNY,75668,"Vice President, Client Processing Manager",Operations,Lake Mary,FL,United States,unknown,Full time,2026-08-20 19:47:01.762141,2026-08-12 00:00:00,https://eofe.fa.us2.oraclecloud.com/hcmUI/CandidateExperience/en/sites/BNY-Careers/job/75668
BNY,76155,"Senior Vice President, Global Tax Advisory",Finance and Accounting,Philadelphia,PA,United States,unknown,Full time,2026-08-20 19:47:02.861447,2026-08-12 00:00:00,https://eofe.fa.us2.oraclecloud.com/hcmUI/CandidateExperience/en/sites/BNY-Careers/job/76155
BNY,76640,"Specialist, Client Operations Representative",Operations,Lake Mary,FL,United States,unknown,Full time,2026-08-20 19:47:03.838458,2026-08-12 00:00:00,https://eofe.fa.us2.oraclecloud.com/hcmUI/CandidateExperience/en/sites/BNY-Careers/job/76640
BNY,78126,"Vice President, Information Security",Cybersecurity,New York,NY,United States,unknown,Full time,2026-08-20 19:47:04.772566,2026-08-12 00:00:00,https://eofe.fa.us2.oraclecloud.com/hcmUI/CandidateExperience/en/sites/BNY-Careers/job/78126
BNY,80556,"VP, Events, Experiences & Sponsorships",Other,New York,NY,United States,hybrid,Full time,2026-08-20 19:47:06.797056,2026-08-12 00:00:00,https://eofe.fa.us2.oraclecloud.com/hcmUI/CandidateExperience/en/sites/BNY-Careers/job/80556
BNY,80557,"VP, Segment Marketing",Other,New York,NY,United States,hybrid,Full time,2026-08-20 19:47:07.772109,2026-08-12 00:00:00,https://eofe.fa.us2.oraclecloud.com/hcmUI/CandidateExperience/en/sites/BNY-Careers/job/80557
BNY,74643,"Vice President, Client Operations Manager",Operations,Pittsburgh,PA,United States,unknown,Full time,2026-08-20 19:47:08.803654,2026-08-11 00:00:00,https://eofe.fa.us2.oraclecloud.com/hcmUI/CandidateExperience/en/sites/BNY-Careers/job/74643
BNY,76050,"Vice President, Data Analyst & BI",Data and AI,Berwyn,PA,United States,unknown,Full time,2026-08-21 17:49:11.194591,2026-08-21 00:00:00,https://eofe.fa.us2.oraclecloud.com/hcmUI/CandidateExperience/en/sites/BNY-Careers/job/76050
BNY,78943,"Senior Vice President, Product Design",Risk and Compliance,New York,NY,United States,unknown,Full time,2026-08-21 17:49:12.225796,2026-08-21 00:00:00,https://eofe.fa.us2.oraclecloud.com/hcmUI/CandidateExperience/en/sites/BNY-Careers/job/78943
BNY,79837,"Vice President, Production Services Application Support",Other,Pennington,NJ,United States,unknown,Full time,2026-08-21 17:49:14.265528,2026-08-21 00:00:00,https://eofe.fa.us2.oraclecloud.com/hcmUI/CandidateExperience/en/sites/BNY-Careers/job/79837
BNY,79882,"Senior Vice President, Full-Stack Engineer",Risk and Compliance,Lake Mary,FL,United States,unknown,Full time,2026-08-21 17:49:15.347745,2026-08-21 00:00:00,https://eofe.fa.us2.oraclecloud.com/hcmUI/CandidateExperience/en/sites/BNY-Careers/job/79882
BNY,79885,"Vice President, Full-Stack Engineer",Risk and Compliance,Lake Mary,FL,United States,unknown,Full time,2026-08-21 18:03:50.099319,2026-08-21 00:00:00,https://eofe.fa.us2.oraclecloud.com/hcmUI/CandidateExperience/en/sites/BNY-Careers/job/79885
BNY,79886,"Vice President, Full-Stack Engineer",Risk and Compliance,Lake Mary,FL,United States,unknown,Full time,2026-08-21 18:03:51.104995,2026-08-21 00:00:00,https://eofe.fa.us2.oraclecloud.com/hcmUI/CandidateExperience/en/sites/BNY-Careers/job/79886
BNY,80491,"Senior Specialist, Fiduciary",Risk and Compliance,Philadelphia,PA,United States,unknown,Full time,2026-08-21 18:03:52.104894,2026-08-21 00:00:00,https://eofe.fa.us2.oraclecloud.com/hcmUI/CandidateExperience/en/sites/BNY-Careers/job/80491
BNY,79824,"Vice President, Operation Sustainability",Risk and Compliance,New York,NY,United States,unknown,Full time,2026-08-21 18:04:01.223996,2026-08-20 00:00:00,https://eofe.fa.us2.oraclecloud.com/hcmUI/CandidateExperience/en/sites/BNY-Careers/job/79824
BNY,76165,"Senior Specialist, US Tax Product Owner",Finance and Accounting,New York,NY,United States,unknown,Full time,2026-08-21 18:05:39.577275,2026-08-11 00:00:00,https://eofe.fa.us2.oraclecloud.com/hcmUI/CandidateExperience/en/sites/BNY-Careers/job/76165
BNY,78257,"Vice President, Client Service Management",Operations,Jersey City,NJ,United States,unknown,Full time,2026-08-21 18:05:41.678272,2026-08-11 00:00:00,https://eofe.fa.us2.oraclecloud.com/hcmUI/CandidateExperience/en/sites/BNY-Careers/job/78257
BNY,78486,"Senior Vice President, Application Development Manager",Other,New York,NY,United States,unknown,Full time,2026-08-21 18:05:42.741085,2026-08-11 00:00:00,https://eofe.fa.us2.oraclecloud.com/hcmUI/CandidateExperience/en/sites/BNY-Careers/job/78486
BNY,79209,"Vice President, Client Operations",Operations,Pittsburgh,PA,United States,unknown,Full time,2026-08-21 18:05:43.601469,2026-08-11 00:00:00,https://eofe.fa.us2.oraclecloud.com/hcmUI/CandidateExperience/en/sites/BNY-Careers/job/79209
BNY,80005,"Senior Specialist, Client Processing",Operations,Pittsburgh,PA,United States,hybrid,Full time,2026-08-21 18:05:44.590206,2026-08-11 00:00:00,https://eofe.fa.us2.oraclecloud.com/hcmUI/CandidateExperience/en/sites/BNY-Careers/job/80005
BNY,80029,"Senior Vice President, AI / Machine Learning Software Engineer",Software Engineering,Pittsburgh,PA,United States,unknown,Full time,2026-08-21 18:05:45.693012,2026-08-11 00:00:00,https://eofe.fa.us2.oraclecloud.com/hcmUI/CandidateExperience/en/sites/BNY-Careers/job/80029
BNY,80422,"Director, Technology Auditor, Technology Infrastructure",Audit,New York,NY,United States,unknown,Full time,2026-08-21 18:05:46.649487,2026-08-11 00:00:00,https://eofe.fa.us2.oraclecloud.com/hcmUI/CandidateExperience/en/sites/BNY-Careers/job/80422
BNY,80438,"Senior Vice President, Sustainability Risk",Risk and Compliance,Pittsburgh,PA,United States,hybrid,Full time,2026-08-21 18:05:47.601892,2026-08-11 00:00:00,https://eofe.fa.us2.oraclecloud.com/hcmUI/CandidateExperience/en/sites/BNY-Careers/job/80438
BNY,80518,"Vice President, Corporate Trust Transaction Manager",Risk and Compliance,Pittsburgh,PA,United States,hybrid,Full time,2026-08-21 18:05:48.565624,2026-08-11 00:00:00,https://eofe.fa.us2.oraclecloud.com/hcmUI/CandidateExperience/en/sites/BNY-Careers/job/80518
BNY,80571,"Vice President, POM Product Marketing",Operations,Lake Mary,FL,United States,hybrid,Full time,2026-08-21 18:05:50.777734,2026-08-11 00:00:00,https://eofe.fa.us2.oraclecloud.com/hcmUI/CandidateExperience/en/sites/BNY-Careers/job/80571
BNY,76475,"Senior Director, Technology FinOps",Cloud and Infrastructure,New York,NY,United States,unknown,Full time,2026-08-21 18:05:51.588663,2026-08-10 00:00:00,https://eofe.fa.us2.oraclecloud.com/hcmUI/CandidateExperience/en/sites/BNY-Careers/job/76475
BNY,78457,"Vice President, Loans Modeling & Analytics (Structured Debt/CLO)",Risk and Compliance,Pittsburgh,PA,United States,hybrid,Full time,2026-08-21 18:05:52.678171,2026-08-10 00:00:00,https://eofe.fa.us2.oraclecloud.com/hcmUI/CandidateExperience/en/sites/BNY-Careers/job/78457
BNY,79315,"Vice President, Program & Project Management",Risk and Compliance,Pittsburgh,PA,United States,unknown,Full time,2026-08-21 18:05:54.821842,2026-08-10 00:00:00,https://eofe.fa.us2.oraclecloud.com/hcmUI/CandidateExperience/en/sites/BNY-Careers/job/79315
BNY,79510,"Vice President, Full-Stack Engineer",Software Engineering,Lake Mary,FL,United States,unknown,Full time,2026-08-21 18:05:55.724058,2026-08-10 00:00:00,https://eofe.fa.us2.oraclecloud.com/hcmUI/CandidateExperience/en/sites/BNY-Careers/job/79510
BNY,79512,"Vice President, Full-Stack Engineer",Software Engineering,Lake Mary,FL,United States,unknown,Full time,2026-08-21 18:05:56.583010,2026-08-10 00:00:00,https://eofe.fa.us2.oraclecloud.com/hcmUI/CandidateExperience/en/sites/BNY-Careers/job/79512
BNY,79847,"Director, Recovery & Resolution Planning",Risk and Compliance,Pittsburgh,PA,United States,unknown,Full time,2026-08-21 18:05:57.643518,2026-08-10 00:00:00,https://eofe.fa.us2.oraclecloud.com/hcmUI/CandidateExperience/en/sites/BNY-Careers/job/79847
BNY,80094,"Senior Vice President, Market & Client Intelligence",Sales and Relationship Management,New York,NY,United States,unknown,Full time,2026-08-21 18:05:58.671910,2026-08-10 00:00:00,https://eofe.fa.us2.oraclecloud.com/hcmUI/CandidateExperience/en/sites/BNY-Careers/job/80094
BNY,80190,"Senior Associate, Client Operations",Risk and Compliance,Lake Mary,FL,United States,unknown,Full time,2026-08-21 18:05:59.920798,2026-08-10 00:00:00,https://eofe.fa.us2.oraclecloud.com/hcmUI/CandidateExperience/en/sites/BNY-Careers/job/80190
BNY,80191,"Vice President, Business Technology Liaison",Risk and Compliance,Westborough,MA,United States,unknown,Full time,2026-08-21 18:06:00.676454,2026-08-10 00:00:00,https://eofe.fa.us2.oraclecloud.com/hcmUI/CandidateExperience/en/sites/BNY-Careers/job/80191
BNY,80192,"Associate, Investor Services Operations II",Risk and Compliance,Lake Mary,FL,United States,unknown,Full time,2026-08-21 18:06:01.780370,2026-08-10 00:00:00,https://eofe.fa.us2.oraclecloud.com/hcmUI/CandidateExperience/en/sites/BNY-Careers/job/80192
BNY,80423,"Vice President, Technology Auditor, Technology Infrastructure",Audit,New York,NY,United States,unknown,Full time,2026-08-21 18:06:02.684215,2026-08-10 00:00:00,https://eofe.fa.us2.oraclecloud.com/hcmUI/CandidateExperience/en/sites/BNY-Careers/job/80423
BNY,77147,"Senior Vice President, Product Owner Total Portfolio View",Risk and Compliance,Boston,MA,United States,unknown,Full time,2026-08-21 18:06:04.699741,2026-08-07 00:00:00,https://eofe.fa.us2.oraclecloud.com/hcmUI/CandidateExperience/en/sites/BNY-Careers/job/77147
BNY,77834,"Senior Vice President, Client Processing Manager",Operations,Lake Mary,FL,United States,unknown,Full time,2026-08-21 18:06:05.802790,2026-08-07 00:00:00,https://eofe.fa.us2.oraclecloud.com/hcmUI/CandidateExperience/en/sites/BNY-Careers/job/77834
BNY,78936,"Director, Product Design",Other,New York,NY,United States,unknown,Full time,2026-08-21 18:06:06.705671,2026-08-07 00:00:00,https://eofe.fa.us2.oraclecloud.com/hcmUI/CandidateExperience/en/sites/BNY-Careers/job/78936
BNY,79080,"Vice President, Interest Rates Derivatives Sales",Sales and Relationship Management,New York,NY,United States,hybrid,Full time,2026-08-21 18:06:07.723214,2026-08-07 00:00:00,https://eofe.fa.us2.oraclecloud.com/hcmUI/CandidateExperience/en/sites/BNY-Careers/job/79080
BNY,79486,"Vice President, Group Delivery Lead",Risk and Compliance,Pittsburgh,PA,United States,hybrid,Full time,2026-08-21 18:06:08.731142,2026-08-07 00:00:00,https://eofe.fa.us2.oraclecloud.com/hcmUI/CandidateExperience/en/sites/BNY-Careers/job/79486
BNY,79572,"Vice President, POM Product Owner",Product Management,Jersey City,NJ,United States,unknown,Full time,2026-08-21 18:06:09.733612,2026-08-07 00:00:00,https://eofe.fa.us2.oraclecloud.com/hcmUI/CandidateExperience/en/sites/BNY-Careers/job/79572
BNY,80095,"Senior Specialist, Middle Office",Operations,Lake Mary,FL,United States,unknown,Full time,2026-08-21 18:06:10.723909,2026-08-07 00:00:00,https://eofe.fa.us2.oraclecloud.com/hcmUI/CandidateExperience/en/sites/BNY-Careers/job/80095
BNY,80098,"Senior Specialist, Middle Office",Operations,Pittsburgh,PA,United States,unknown,Full time,2026-08-21 18:06:11.983226,2026-08-07 00:00:00,https://eofe.fa.us2.oraclecloud.com/hcmUI/CandidateExperience/en/sites/BNY-Careers/job/80098
BNY,80369,"Senior Vice President, Client Executive - BNY Investments",Sales and Relationship Management,New York,NY,United States,unknown,Full time,2026-08-21 18:06:12.722662,2026-08-07 00:00:00,https://eofe.fa.us2.oraclecloud.com/hcmUI/CandidateExperience/en/sites/BNY-Careers/job/80369
BNY,73362,"Vice President, Client Service Management",Operations,Lake Mary,FL,United States,unknown,Full time,2026-08-21 18:06:13.860795,2026-08-06 00:00:00,https://eofe.fa.us2.oraclecloud.com/hcmUI/CandidateExperience/en/sites/BNY-Careers/job/73362
BNY,73426,AI Security Governance,Risk and Compliance,Pittsburgh,PA,United States,unknown,Full time,2026-08-21 18:06:15.811926,2026-08-06 00:00:00,https://eofe.fa.us2.oraclecloud.com/hcmUI/CandidateExperience/en/sites/BNY-Careers/job/73426
BNY,73618,"Director, Strategy Lead",Other,New York,NY,United States,unknown,Full time,2026-08-21 18:06:16.771098,2026-08-06 00:00:00,https://eofe.fa.us2.oraclecloud.com/hcmUI/CandidateExperience/en/sites/BNY-Careers/job/73618
BNY,74246,"Associate, (Non Supervisory), Fund/Client Accounting Representative II",Finance and Accounting,Boston,MA,United States,unknown,Full time,2026-08-21 18:06:17.764382,2026-08-06 00:00:00,https://eofe.fa.us2.oraclecloud.com/hcmUI/CandidateExperience/en/sites/BNY-Careers/job/74246
BNY,74248,"Associate, (Non Supervisory), Fund/Client Accounting Representative II",Finance and Accounting,Boston,MA,United States,unknown,Full time,2026-08-21 18:06:18.733480,2026-08-06 00:00:00,https://eofe.fa.us2.oraclecloud.com/hcmUI/CandidateExperience/en/sites/BNY-Careers/job/74248
BNY,76337,"Senior Vice President, ETF Product Management",Sales and Relationship Management,New York,NY,United States,unknown,Full time,2026-08-21 18:06:20.750420,2026-08-06 00:00:00,https://eofe.fa.us2.oraclecloud.com/hcmUI/CandidateExperience/en/sites/BNY-Careers/job/76337
BNY,79156,"Vice President, Full-Stack Engineer",Software Engineering,New York,NY,United States,unknown,Full time,2026-08-21 18:06:21.745134,2026-08-06 00:00:00,https://eofe.fa.us2.oraclecloud.com/hcmUI/CandidateExperience/en/sites/BNY-Careers/job/79156
BNY,79158,"Vice President, Full-Stack Engineer",Software Engineering,New York,NY,United States,unknown,Full time,2026-08-21 18:06:22.784553,2026-08-06 00:00:00,https://eofe.fa.us2.oraclecloud.com/hcmUI/CandidateExperience/en/sites/BNY-Careers/job/79158
BNY,79407,"Senior Vice President, Data Governance",Risk and Compliance,Lake Mary,FL,United States,unknown,Full time,2026-08-21 18:06:24.719399,2026-08-06 00:00:00,https://eofe.fa.us2.oraclecloud.com/hcmUI/CandidateExperience/en/sites/BNY-Careers/job/79407
BNY,79658,"Director, Full-Stack Engineer",Software Engineering,Dallas,TX,United States,unknown,Full time,2026-08-21 18:06:25.733470,2026-08-06 00:00:00,https://eofe.fa.us2.oraclecloud.com/hcmUI/CandidateExperience/en/sites/BNY-Careers/job/79658
BNY,79659,"Director, Full-Stack Engineer",Software Engineering,Dallas,TX,United States,unknown,Full time,2026-08-21 18:06:26.766298,2026-08-06 00:00:00,https://eofe.fa.us2.oraclecloud.com/hcmUI/CandidateExperience/en/sites/BNY-Careers/job/79659
BNY,80039,"Senior Director, Client Executive",Risk and Compliance,New York,NY,United States,unknown,Full time,2026-08-21 18:06:27.762374,2026-08-06 00:00:00,https://eofe.fa.us2.oraclecloud.com/hcmUI/CandidateExperience/en/sites/BNY-Careers/job/80039
BNY,73480,"Vice President, Client Operations",Operations,Los Angeles,CA,United States,unknown,Full time,2026-08-21 18:06:28.810482,2026-08-05 00:00:00,https://eofe.fa.us2.oraclecloud.com/hcmUI/CandidateExperience/en/sites/BNY-Careers/job/73480
BNY,77597,"Specialist II, Corporate Trust Transaction Management",Risk and Compliance,Pittsburgh,PA,United States,unknown,Full time,2026-08-21 18:06:29.777774,2026-08-05 00:00:00,https://eofe.fa.us2.oraclecloud.com/hcmUI/CandidateExperience/en/sites/BNY-Careers/job/77597
BNY,77733,"Vice President, Production Support Analyst-AI Adoption-Liquidity & Margin Service Platform",Risk and Compliance,Pittsburgh,PA,United States,unknown,Full time,2026-08-21 18:06:30.789869,2026-08-05 00:00:00,https://eofe.fa.us2.oraclecloud.com/hcmUI/CandidateExperience/en/sites/BNY-Careers/job/77733
BNY,78378,"Senior Director, POM Technical Product Management - Developer Marketplace",Software Engineering,New York,NY,United States,unknown,Full time,2026-08-21 18:06:32.803203,2026-08-05 00:00:00,https://eofe.fa.us2.oraclecloud.com/hcmUI/CandidateExperience/en/sites/BNY-Careers/job/78378
BNY,79795,"Senior Vice President, Client Processing Manager",Operations,Jersey City,NJ,United States,unknown,Full time,2026-08-21 18:06:34.858727,2026-08-05 00:00:00,https://eofe.fa.us2.oraclecloud.com/hcmUI/CandidateExperience/en/sites/BNY-Careers/job/79795
BNY,79844,"Vice President, Technical Writer",Other,Pittsburgh,PA,United States,hybrid,Full time,2026-08-21 18:06:35.787125,2026-08-05 00:00:00,https://eofe.fa.us2.oraclecloud.com/hcmUI/CandidateExperience/en/sites/BNY-Careers/job/79844
BNY,79968,"Director, Global Cash & Liquidity Product Management",Risk and Compliance,New York,NY,United States,hybrid,Full time,2026-08-21 18:06:36.809297,2026-08-05 00:00:00,https://eofe.fa.us2.oraclecloud.com/hcmUI/CandidateExperience/en/sites/BNY-Careers/job/79968
BNY,80048,"Senior Vice President, Full Stack Engineer",Software Engineering,Lake Mary,FL,United States,unknown,Full time,2026-08-21 18:06:37.806161,2026-08-05 00:00:00,https://eofe.fa.us2.oraclecloud.com/hcmUI/CandidateExperience/en/sites/BNY-Careers/job/80048
BNY,80435,"Head of Product, CollateralONE – Product Manager",Product Management,New York,NY,United States,hybrid,Full time,2026-08-21 18:06:38.859750,2026-08-05 00:00:00,https://eofe.fa.us2.oraclecloud.com/hcmUI/CandidateExperience/en/sites/BNY-Careers/job/80435
BNY,80640,"Director, Head of Engineering – Operational Risk",Risk and Compliance,New York,NY,United States,unknown,Full time,2026-08-21 18:06:39.826241,2026-08-05 00:00:00,https://eofe.fa.us2.oraclecloud.com/hcmUI/CandidateExperience/en/sites/BNY-Careers/job/80640
BNY,72388,"Specialist, Client Processing",Operations,Pittsburgh,PA,United States,hybrid,Full time,2026-08-21 18:06:40.922730,2026-08-04 00:00:00,https://eofe.fa.us2.oraclecloud.com/hcmUI/CandidateExperience/en/sites/BNY-Careers/job/72388
BNY,74097,"Senior Specialist, Client Processing",Operations,Lake Mary,FL,United States,unknown,Full time,2026-08-21 18:06:41.839218,2026-08-04 00:00:00,https://eofe.fa.us2.oraclecloud.com/hcmUI/CandidateExperience/en/sites/BNY-Careers/job/74097
BNY,78581,"Vice President, Infrastructure Services",Cloud and Infrastructure,Jersey City,NJ,United States,unknown,Full time,2026-08-21 18:07:14.123456,2026-08-04 00:00:00,https://eofe.fa.us2.oraclecloud.com/hcmUI/CandidateExperience/en/sites/BNY-Careers/job/78581
BNY,78814,"Senior Vice President, Infrastructure Engineer",Cloud and Infrastructure,New York,NY,United States,unknown,Full time,2026-08-21 18:07:14.932160,2026-08-04 00:00:00,https://eofe.fa.us2.oraclecloud.com/hcmUI/CandidateExperience/en/sites/BNY-Careers/job/78814
BNY,79152,"Senior Vice President, Full-Stack Engineer",Software Engineering,New York,NY,United States,hybrid,Full time,2026-08-21 18:07:16.018004,2026-08-04 00:00:00,https://eofe.fa.us2.oraclecloud.com/hcmUI/CandidateExperience/en/sites/BNY-Careers/job/79152
BNY,79348,Associate Portfolio Manager,Risk and Compliance,Tampa,FL,United States,unknown,Full time,2026-08-21 18:07:16.943747,2026-08-04 00:00:00,https://eofe.fa.us2.oraclecloud.com/hcmUI/CandidateExperience/en/sites/BNY-Careers/job/79348
BNY,79456,Executive Assistant,Risk and Compliance,San Francisco,CA,United States,hybrid,Full time,2026-08-21 18:07:17.883460,2026-08-04 00:00:00,https://eofe.fa.us2.oraclecloud.com/hcmUI/CandidateExperience/en/sites/BNY-Careers/job/79456
BNY,79697,"Vice President, Full-Stack Engineer",Software Engineering,New York,NY,United States,unknown,Full time,2026-08-21 18:07:18.888899,2026-08-04 00:00:00,https://eofe.fa.us2.oraclecloud.com/hcmUI/CandidateExperience/en/sites/BNY-Careers/job/79697
BNY,79952,"Specialist, Market/Client Risk Management II",Risk and Compliance,Lake Mary,FL,United States,unknown,Full time,2026-08-21 18:07:20.932470,2026-08-04 00:00:00,https://eofe.fa.us2.oraclecloud.com/hcmUI/CandidateExperience/en/sites/BNY-Careers/job/79952
BNY,74621,"Vice President, Full-Stack Engineer",Cloud and Infrastructure,Lake Mary,FL,United States,unknown,Full time,2026-08-21 18:07:21.951535,2026-08-03 00:00:00,https://eofe.fa.us2.oraclecloud.com/hcmUI/CandidateExperience/en/sites/BNY-Careers/job/74621
BNY,75414,"Vice President, Program and Project Management",Risk and Compliance,Berwyn,PA,United States,unknown,Full time,2026-08-21 18:07:22.951773,2026-08-03 00:00:00,https://eofe.fa.us2.oraclecloud.com/hcmUI/CandidateExperience/en/sites/BNY-Careers/job/75414
BNY,75415,"Vice President, Program and Project Management",Risk and Compliance,New York,NY,United States,unknown,Full time,2026-08-21 18:07:23.966746,2026-08-03 00:00:00,https://eofe.fa.us2.oraclecloud.com/hcmUI/CandidateExperience/en/sites/BNY-Careers/job/75415
BNY,77291,"Senior Vice President, Full-Stack Engineer",Software Engineering,New York,NY,United States,unknown,Full time,2026-08-21 18:07:24.950392,2026-08-03 00:00:00,https://eofe.fa.us2.oraclecloud.com/hcmUI/CandidateExperience/en/sites/BNY-Careers/job/77291
BNY,77800,"Senior Specialist, SAR Investigations",Risk and Compliance,Pittsburgh,PA,United States,unknown,Full time,2026-08-21 18:07:26.013547,2026-08-03 00:00:00,https://eofe.fa.us2.oraclecloud.com/hcmUI/CandidateExperience/en/sites/BNY-Careers/job/77800
BNY,79670,"Senior Specialist, Treasury and ALM",Finance and Accounting,Pittsburgh,PA,United States,unknown,Full time,2026-08-21 18:07:27.012445,2026-08-03 00:00:00,https://eofe.fa.us2.oraclecloud.com/hcmUI/CandidateExperience/en/sites/BNY-Careers/job/79670
BNY,79784,"Specialist, Program and Project Management II (Model Risk Validation)",Risk and Compliance,New York,NY,United States,hybrid,Full time,2026-08-21 18:07:28.020489,2026-08-03 00:00:00,https://eofe.fa.us2.oraclecloud.com/hcmUI/CandidateExperience/en/sites/BNY-Careers/job/79784
BNY,79937,"Director, Country Risk Manager",Risk and Compliance,Pittsburgh,PA,United States,unknown,Full time,2026-08-21 18:07:29.071624,2026-08-03 00:00:00,https://eofe.fa.us2.oraclecloud.com/hcmUI/CandidateExperience/en/sites/BNY-Careers/job/79937
BNY,79943,Internal Investment Consultant - BNY Investments,Operations,New York,NY,United States,hybrid,Full time,2026-08-21 18:07:30.107620,2026-08-03 00:00:00,https://eofe.fa.us2.oraclecloud.com/hcmUI/CandidateExperience/en/sites/BNY-Careers/job/79943
BNY,79966,"Vice President, POM Product Management",Risk and Compliance,New York,NY,United States,unknown,Full time,2026-08-21 18:07:31.057238,2026-08-03 00:00:00,https://eofe.fa.us2.oraclecloud.com/hcmUI/CandidateExperience/en/sites/BNY-Careers/job/79966
BNY,80341,"Senior Vice President, Audit Leader, Audit Practice and Quality",Audit,New York,NY,United States,unknown,Full time,2026-08-21 18:07:32.015760,2026-08-03 00:00:00,https://eofe.fa.us2.oraclecloud.com/hcmUI/CandidateExperience/en/sites/BNY-Careers/job/80341
BNY,80347,"Senior Product Manager, Collateral & Funding Markets",Risk and Compliance,New York,NY,United States,unknown,Full time,2026-08-21 18:07:33.070902,2026-08-03 00:00:00,https://eofe.fa.us2.oraclecloud.com/hcmUI/CandidateExperience/en/sites/BNY-Careers/job/80347
BNY,80552,"Director, Technical Product Manager - Digital Assets",Risk and Compliance,San Francisco,CA,United States,unknown,Full time,2026-08-21 18:07:35.018306,2026-08-03 00:00:00,https://eofe.fa.us2.oraclecloud.com/hcmUI/CandidateExperience/en/sites/BNY-Careers/job/80552
BNY,77668,"Director, POM Technical Product Management, AI Hub",Product Management,New York,NY,United States,unknown,Full time,2026-08-21 18:07:36.101824,2026-08-01 00:00:00,https://eofe.fa.us2.oraclecloud.com/hcmUI/CandidateExperience/en/sites/BNY-Careers/job/77668
BNY,77674,"Vice President, AI / Machine Learning Data Engineering",Data and AI,New York,NY,United States,unknown,Full time,2026-08-21 18:07:37.024779,2026-07-31 00:00:00,https://eofe.fa.us2.oraclecloud.com/hcmUI/CandidateExperience/en/sites/BNY-Careers/job/77674
BNY,79559,"Director, Operations Lead (Loans Enablement Operations)",Operations,Houston,TX,United States,hybrid,Full time,2026-08-21 18:07:38.035519,2026-07-31 00:00:00,https://eofe.fa.us2.oraclecloud.com/hcmUI/CandidateExperience/en/sites/BNY-Careers/job/79559
BNY,79676,"Vice President, Client Coverage - BNY Investments",Risk and Compliance,New York,NY,United States,unknown,Full time,2026-08-21 18:07:39.187892,2026-07-31 00:00:00,https://eofe.fa.us2.oraclecloud.com/hcmUI/CandidateExperience/en/sites/BNY-Careers/job/79676
BNY,79808,"Vice President, External Reporting",Risk and Compliance,Pittsburgh,PA,United States,unknown,Full time,2026-08-21 18:07:40.071283,2026-07-31 00:00:00,https://eofe.fa.us2.oraclecloud.com/hcmUI/CandidateExperience/en/sites/BNY-Careers/job/79808
BNY,79852,"Senior Vice President, Full-Stack Engineer",Software Engineering,Pittsburgh,PA,United States,unknown,Full time,2026-08-21 18:07:41.218648,2026-07-31 00:00:00,https://eofe.fa.us2.oraclecloud.com/hcmUI/CandidateExperience/en/sites/BNY-Careers/job/79852
BNY,80085,"Senior Vice President, Application Development Manager",Other,New York,NY,United States,unknown,Full time,2026-08-21 18:07:42.177876,2026-07-31 00:00:00,https://eofe.fa.us2.oraclecloud.com/hcmUI/CandidateExperience/en/sites/BNY-Careers/job/80085
BNY,80412,"Senior Vice President, Agile Coach",Other,New York,NY,United States,unknown,Full time,2026-08-21 18:07:43.148030,2026-07-31 00:00:00,https://eofe.fa.us2.oraclecloud.com/hcmUI/CandidateExperience/en/sites/BNY-Careers/job/80412
BNY,80417,"Specialist, Business Process Improvements/Best Practice II",Operations,Lake Mary,FL,United States,unknown,Full time,2026-08-21 18:07:44.129738,2026-07-31 00:00:00,https://eofe.fa.us2.oraclecloud.com/hcmUI/CandidateExperience/en/sites/BNY-Careers/job/80417
BNY,80488,"Vice President, Infrastructure Solution Engineer",Cloud and Infrastructure,Pittsburgh,PA,United States,unknown,Full time,2026-08-21 18:07:45.122946,2026-07-31 00:00:00,https://eofe.fa.us2.oraclecloud.com/hcmUI/CandidateExperience/en/sites/BNY-Careers/job/80488
BNY,80509,Senior Real Estate Fund Accountant,Finance and Accounting,New York,NY,United States,unknown,Full time,2026-08-21 18:07:46.117506,2026-07-31 00:00:00,https://eofe.fa.us2.oraclecloud.com/hcmUI/CandidateExperience/en/sites/BNY-Careers/job/80509
BNY,75956,"Vice President, Full-Stack Engineer",Risk and Compliance,Pittsburgh,PA,United States,unknown,Full time,2026-08-21 18:07:47.247866,2026-07-30 00:00:00,https://eofe.fa.us2.oraclecloud.com/hcmUI/CandidateExperience/en/sites/BNY-Careers/job/75956
BNY,77130,"Senior Specialist, Anti Money Laundering/Prevention/Know Your Client",Risk and Compliance,Pittsburgh,PA,United States,unknown,Full time,2026-08-21 18:07:48.108764,2026-07-30 00:00:00,https://eofe.fa.us2.oraclecloud.com/hcmUI/CandidateExperience/en/sites/BNY-Careers/job/77130
BNY,78336,"Senior Vice President, Full-Stack Engineer",Cloud and Infrastructure,Lake Mary,FL,United States,unknown,Full time,2026-08-21 18:07:49.160549,2026-07-30 00:00:00,https://eofe.fa.us2.oraclecloud.com/hcmUI/CandidateExperience/en/sites/BNY-Careers/job/78336
BNY,79342,"Specialist, Client Processing",Risk and Compliance,Berwyn,PA,United States,unknown,Full time,2026-08-21 18:07:51.249206,2026-07-30 00:00:00,https://eofe.fa.us2.oraclecloud.com/hcmUI/CandidateExperience/en/sites/BNY-Careers/job/79342
BNY,77215,"Senior Vice President, Full-Stack Engineer",Cloud and Infrastructure,Lake Mary,FL,United States,unknown,Full time,2026-08-21 18:07:52.115286,2026-07-29 00:00:00,https://eofe.fa.us2.oraclecloud.com/hcmUI/CandidateExperience/en/sites/BNY-Careers/job/77215
BNY,77497,"Vice President, Client Processing Manager",Operations,Pittsburgh,PA,United States,unknown,Full time,2026-08-21 18:07:53.229705,2026-07-29 00:00:00,https://eofe.fa.us2.oraclecloud.com/hcmUI/CandidateExperience/en/sites/BNY-Careers/job/77497
BNY,78237,"Vice President, Client Operations",Operations,Houston,TX,United States,unknown,Full time,2026-08-21 18:07:54.114766,2026-07-29 00:00:00,https://eofe.fa.us2.oraclecloud.com/hcmUI/CandidateExperience/en/sites/BNY-Careers/job/78237
BNY,79715,"Senior Vice President, Business Continuity/Recovery Manager",Risk and Compliance,Lake Mary,FL,United States,unknown,Full time,2026-08-21 18:07:57.145512,2026-07-29 00:00:00,https://eofe.fa.us2.oraclecloud.com/hcmUI/CandidateExperience/en/sites/BNY-Careers/job/79715
BNY,79971,"Vice President, Scrum Leader",Product Management,Boston,MA,United States,unknown,Full time,2026-08-21 18:07:58.217530,2026-07-29 00:00:00,https://eofe.fa.us2.oraclecloud.com/hcmUI/CandidateExperience/en/sites/BNY-Careers/job/79971
BNY,80142,"Director, Data Privacy",Risk and Compliance,New York,NY,United States,unknown,Full time,2026-08-21 18:07:59.137637,2026-07-29 00:00:00,https://eofe.fa.us2.oraclecloud.com/hcmUI/CandidateExperience/en/sites/BNY-Careers/job/80142
BNY,80145,"Senior Vice President, Counsel, Digital Assets – Policy, Regulatory & Supervisory",Risk and Compliance,New York,NY,United States,unknown,Full time,2026-08-21 18:08:00.278873,2026-07-29 00:00:00,https://eofe.fa.us2.oraclecloud.com/hcmUI/CandidateExperience/en/sites/BNY-Careers/job/80145
BNY,80329,"Senior Director, Compliance (Wealth Services)",Risk and Compliance,New York,NY,United States,hybrid,Full time,2026-08-21 18:08:01.238692,2026-07-29 00:00:00,https://eofe.fa.us2.oraclecloud.com/hcmUI/CandidateExperience/en/sites/BNY-Careers/job/80329
BNY,74204,"Specialist, Client Service II",Sales and Relationship Management,Lake Mary,FL,United States,unknown,Full time,2026-08-21 18:08:02.168718,2026-07-28 00:00:00,https://eofe.fa.us2.oraclecloud.com/hcmUI/CandidateExperience/en/sites/BNY-Careers/job/74204
BNY,74286,"Associate, Fund/Client Accounting I",Finance and Accounting,Lake Mary,FL,United States,unknown,Full time,2026-08-21 18:08:03.240824,2026-07-28 00:00:00,https://eofe.fa.us2.oraclecloud.com/hcmUI/CandidateExperience/en/sites/BNY-Careers/job/74286
BNY,78161,"Vice President, Auditor, Finance Audit",Audit,New York,NY,United States,unknown,Full time,2026-08-21 18:08:07.258255,2026-07-28 00:00:00,https://eofe.fa.us2.oraclecloud.com/hcmUI/CandidateExperience/en/sites/BNY-Careers/job/78161
BNY,80144,"Vice President, Legal Enablement",Legal,Pittsburgh,PA,United States,unknown,Full time,2026-08-21 18:08:19.265920,2026-07-28 00:00:00,https://eofe.fa.us2.oraclecloud.com/hcmUI/CandidateExperience/en/sites/BNY-Careers/job/80144
BNY,73544,"Specialist, Client Processing",Operations,Lake Mary,FL,United States,unknown,Full time,2026-08-21 18:08:22.366856,2026-07-27 00:00:00,https://eofe.fa.us2.oraclecloud.com/hcmUI/CandidateExperience/en/sites/BNY-Careers/job/73544
BNY,74351,"Specialist, Client Processing",Operations,Lake Mary,FL,United States,unknown,Full time,2026-08-21 18:08:23.390823,2026-07-27 00:00:00,https://eofe.fa.us2.oraclecloud.com/hcmUI/CandidateExperience/en/sites/BNY-Careers/job/74351
BNY,76237,"Senior Vice President, Delivery Practitioner",Risk and Compliance,New York,NY,United States,unknown,Full time,2026-08-21 18:08:24.315901,2026-07-27 00:00:00,https://eofe.fa.us2.oraclecloud.com/hcmUI/CandidateExperience/en/sites/BNY-Careers/job/76237
BNY,76515,Cybersecurity Architect,Cybersecurity,Pittsburgh,PA,United States,unknown,Full time,2026-08-21 18:08:25.337429,2026-07-27 00:00:00,https://eofe.fa.us2.oraclecloud.com/hcmUI/CandidateExperience/en/sites/BNY-Careers/job/76515
BNY,77655,"Senior Specialist, Fund/Client Accounting",Finance and Accounting,Lake Mary,FL,United States,unknown,Full time,2026-08-21 18:08:27.342565,2026-07-27 00:00:00,https://eofe.fa.us2.oraclecloud.com/hcmUI/CandidateExperience/en/sites/BNY-Careers/job/77655
BNY,79958,"Specialist, Credit Risk",Risk and Compliance,Pittsburgh,PA,United States,hybrid,Full time,2026-08-21 18:08:28.446461,2026-07-27 00:00:00,https://eofe.fa.us2.oraclecloud.com/hcmUI/CandidateExperience/en/sites/BNY-Careers/job/79958
BNY,80304,"Vice President, Senior Auditor (Audit Operations)",Audit,New York,NY,United States,unknown,Full time,2026-08-21 18:08:29.398837,2026-07-27 00:00:00,https://eofe.fa.us2.oraclecloud.com/hcmUI/CandidateExperience/en/sites/BNY-Careers/job/80304
BNY,75371,"Vice President, Client Coverage – Global Client Management, Investment Managers",Risk and Compliance,New York,NY,United States,unknown,Full time,2026-08-21 18:08:30.340114,2026-07-24 00:00:00,https://eofe.fa.us2.oraclecloud.com/hcmUI/CandidateExperience/en/sites/BNY-Careers/job/75371
BNY,77426,"Vice President, Market Abuse Trade Surveillance",Risk and Compliance,Lake Mary,FL,United States,unknown,Full time,2026-08-21 18:08:32.412042,2026-07-24 00:00:00,https://eofe.fa.us2.oraclecloud.com/hcmUI/CandidateExperience/en/sites/BNY-Careers/job/77426
BNY,77778,"Specialist, Client Service Management II",Sales and Relationship Management,Berwyn,PA,United States,unknown,Full time,2026-08-21 18:08:33.399147,2026-07-24 00:00:00,https://eofe.fa.us2.oraclecloud.com/hcmUI/CandidateExperience/en/sites/BNY-Careers/job/77778
BNY,78493,"Vice President, Client Enablement",Risk and Compliance,Jersey City,NJ,United States,unknown,Full time,2026-08-21 18:08:34.446833,2026-07-24 00:00:00,https://eofe.fa.us2.oraclecloud.com/hcmUI/CandidateExperience/en/sites/BNY-Careers/job/78493
BNY,79125,"Vice President, Sales Reporting & Analytics (Global Markets)",Sales and Relationship Management,New York,NY,United States,unknown,Full time,2026-08-21 18:08:35.388859,2026-07-24 00:00:00,https://eofe.fa.us2.oraclecloud.com/hcmUI/CandidateExperience/en/sites/BNY-Careers/job/79125
BNY,79127,"Vice President, Sales Reporting & Analytics (Global Markets)",Sales and Relationship Management,New York,NY,United States,unknown,Full time,2026-08-21 18:08:36.414397,2026-07-24 00:00:00,https://eofe.fa.us2.oraclecloud.com/hcmUI/CandidateExperience/en/sites/BNY-Careers/job/79127
BNY,79319,"Director, Full-Stack Engineer",Cloud and Infrastructure,Boston,MA,United States,unknown,Full time,2026-08-21 18:08:37.368811,2026-07-24 00:00:00,https://eofe.fa.us2.oraclecloud.com/hcmUI/CandidateExperience/en/sites/BNY-Careers/job/79319
BNY,79665,"Senior Vice President, Treasury and ALM",Risk and Compliance,Pittsburgh,PA,United States,unknown,Full time,2026-08-21 18:08:38.436974,2026-07-24 00:00:00,https://eofe.fa.us2.oraclecloud.com/hcmUI/CandidateExperience/en/sites/BNY-Careers/job/79665
BNY,73542,"Specialist, Client Processing II",Operations,Houston,TX,United States,unknown,Full time,2026-08-21 18:08:40.540501,2026-07-23 00:00:00,https://eofe.fa.us2.oraclecloud.com/hcmUI/CandidateExperience/en/sites/BNY-Careers/job/73542
BNY,73869,"Senior Vice President, ETF Accounting Manager",Finance and Accounting,Los Angeles,CA,United States,unknown,Full time,2026-08-21 18:08:41.431399,2026-07-23 00:00:00,https://eofe.fa.us2.oraclecloud.com/hcmUI/CandidateExperience/en/sites/BNY-Careers/job/73869
BNY,73871,"Vice President, ETF Accounting Manager",Finance and Accounting,New York,NY,United States,unknown,Full time,2026-08-21 18:08:42.567129,2026-07-23 00:00:00,https://eofe.fa.us2.oraclecloud.com/hcmUI/CandidateExperience/en/sites/BNY-Careers/job/73871
BNY,73872,"Vice President, ETF Services",Finance and Accounting,New York,NY,United States,unknown,Full time,2026-08-21 18:08:43.518781,2026-07-23 00:00:00,https://eofe.fa.us2.oraclecloud.com/hcmUI/CandidateExperience/en/sites/BNY-Careers/job/73872
BNY,74602,"Vice President, Full-Stack Engineer",Cloud and Infrastructure,New York,NY,United States,unknown,Full time,2026-08-21 18:08:44.449731,2026-07-23 00:00:00,https://eofe.fa.us2.oraclecloud.com/hcmUI/CandidateExperience/en/sites/BNY-Careers/job/74602
BNY,74971,"Vice President, Database Engineer",Risk and Compliance,Pittsburgh,PA,United States,unknown,Full time,2026-08-21 18:08:45.475882,2026-07-23 00:00:00,https://eofe.fa.us2.oraclecloud.com/hcmUI/CandidateExperience/en/sites/BNY-Careers/job/74971
BNY,77269,"Vice President, Full-Stack Engineer",Software Engineering,Jersey City,NJ,United States,unknown,Full time,2026-08-21 18:08:47.447440,2026-07-23 00:00:00,https://eofe.fa.us2.oraclecloud.com/hcmUI/CandidateExperience/en/sites/BNY-Careers/job/77269
BNY,78277,"Vice President, Client Operations",Operations,Houston,TX,United States,hybrid,Full time,2026-08-21 18:08:48.440091,2026-07-23 00:00:00,https://eofe.fa.us2.oraclecloud.com/hcmUI/CandidateExperience/en/sites/BNY-Careers/job/78277
BNY,78278,"Senior Vice President, Client Processing Manager",Operations,Houston,TX,United States,hybrid,Full time,2026-08-21 18:08:49.547457,2026-07-23 00:00:00,https://eofe.fa.us2.oraclecloud.com/hcmUI/CandidateExperience/en/sites/BNY-Careers/job/78278
BNY,78502,"Vice President, Client Success",Risk and Compliance,Lake Mary,FL,United States,unknown,Full time,2026-08-21 18:08:50.500286,2026-07-23 00:00:00,https://eofe.fa.us2.oraclecloud.com/hcmUI/CandidateExperience/en/sites/BNY-Careers/job/78502
BNY,78545,"Senior Vice President, Markets Compliance",Risk and Compliance,Pittsburgh,PA,United States,unknown,,2026-08-21 18:08:51.480193,2026-07-23 00:00:00,https://eofe.fa.us2.oraclecloud.com/hcmUI/CandidateExperience/en/sites/BNY-Careers/job/78545
BNY,78579,"Senior Specialist, Reconciliation",Operations,Berwyn,PA,United States,hybrid,Full time,2026-08-21 18:08:52.533838,2026-07-23 00:00:00,https://eofe.fa.us2.oraclecloud.com/hcmUI/CandidateExperience/en/sites/BNY-Careers/job/78579
BNY,78583,"Specialist, Client Processing II",Operations,Berwyn,PA,United States,hybrid,Full time,2026-08-21 18:08:53.463661,2026-07-23 00:00:00,https://eofe.fa.us2.oraclecloud.com/hcmUI/CandidateExperience/en/sites/BNY-Careers/job/78583
BNY,78585,"Specialist, Client Processing II",Operations,Berwyn,PA,United States,unknown,Full time,2026-08-21 18:08:54.502530,2026-07-23 00:00:00,https://eofe.fa.us2.oraclecloud.com/hcmUI/CandidateExperience/en/sites/BNY-Careers/job/78585
BNY,78586,"Senior Specialist, Client Operations",Operations,Berwyn,PA,United States,unknown,Full time,2026-08-21 18:08:55.553172,2026-07-23 00:00:00,https://eofe.fa.us2.oraclecloud.com/hcmUI/CandidateExperience/en/sites/BNY-Careers/job/78586
BNY,78591,"Senior Specialist, Client Processing",Operations,Berwyn,PA,United States,unknown,Full time,2026-08-21 18:08:56.527628,2026-07-23 00:00:00,https://eofe.fa.us2.oraclecloud.com/hcmUI/CandidateExperience/en/sites/BNY-Careers/job/78591
BNY,79147,"Specialist, Reconciliation II",Operations,Berwyn,PA,United States,unknown,Full time,2026-08-21 18:08:57.569880,2026-07-23 00:00:00,https://eofe.fa.us2.oraclecloud.com/hcmUI/CandidateExperience/en/sites/BNY-Careers/job/79147
BNY,79459,"Senior Vice President, Scrum Leader",Cloud and Infrastructure,Pittsburgh,PA,United States,unknown,Full time,2026-08-21 18:08:58.488096,2026-07-23 00:00:00,https://eofe.fa.us2.oraclecloud.com/hcmUI/CandidateExperience/en/sites/BNY-Careers/job/79459
BNY,79663,"Vice President, Treasury and ALM",Risk and Compliance,New York,NY,United States,unknown,Full time,2026-08-21 18:08:59.514651,2026-07-23 00:00:00,https://eofe.fa.us2.oraclecloud.com/hcmUI/CandidateExperience/en/sites/BNY-Careers/job/79663
BNY,80245,"Senior Specialist, Process Audit",Risk and Compliance,Lake Mary,FL,United States,unknown,Full time,2026-08-21 18:09:01.594695,2026-07-23 00:00:00,https://eofe.fa.us2.oraclecloud.com/hcmUI/CandidateExperience/en/sites/BNY-Careers/job/80245
BNY,80308,"Director, Head of Equity Ownership & Governance",Risk and Compliance,New York,NY,United States,hybrid,Full time,2026-08-21 18:09:02.551486,2026-07-23 00:00:00,https://eofe.fa.us2.oraclecloud.com/hcmUI/CandidateExperience/en/sites/BNY-Careers/job/80308
BNY,76797,"Specialist, Credit Risk",Risk and Compliance,Pittsburgh,PA,United States,unknown,Full time,2026-08-21 18:09:04.581655,2026-07-22 00:00:00,https://eofe.fa.us2.oraclecloud.com/hcmUI/CandidateExperience/en/sites/BNY-Careers/job/76797
BNY,76964,"Vice President, POM Product Management",Product Management,Jersey City,NJ,United States,unknown,Full time,2026-08-21 18:09:05.604753,2026-07-22 00:00:00,https://eofe.fa.us2.oraclecloud.com/hcmUI/CandidateExperience/en/sites/BNY-Careers/job/76964
BNY,77292,"Vice President, Workplace Design",Other,New York,NY,United States,unknown,Full time,2026-08-21 18:09:06.563765,2026-07-22 00:00:00,https://eofe.fa.us2.oraclecloud.com/hcmUI/CandidateExperience/en/sites/BNY-Careers/job/77292
BNY,77753,"Vice President, Production Services Application Support",Risk and Compliance,Pittsburgh,PA,United States,unknown,Full time,2026-08-21 18:09:07.535181,2026-07-22 00:00:00,https://eofe.fa.us2.oraclecloud.com/hcmUI/CandidateExperience/en/sites/BNY-Careers/job/77753
BNY,78333,"Senior Vice President, Client Executive",Operations,Los Angeles,CA,United States,hybrid,Full time,2026-08-21 18:09:08.576360,2026-07-22 00:00:00,https://eofe.fa.us2.oraclecloud.com/hcmUI/CandidateExperience/en/sites/BNY-Careers/job/78333
BNY,79651,"Senior Specialist, Client Service - BNY Investments",Risk and Compliance,Pittsburgh,PA,United States,hybrid,Full time,2026-08-21 18:09:09.630310,2026-07-22 00:00:00,https://eofe.fa.us2.oraclecloud.com/hcmUI/CandidateExperience/en/sites/BNY-Careers/job/79651
BNY,79960,"Senior Vice President, Anti-Corruption and U.S. Government Contracting",Risk and Compliance,Washington,DC,United States,unknown,Full time,2026-08-21 18:09:10.556621,2026-07-22 00:00:00,https://eofe.fa.us2.oraclecloud.com/hcmUI/CandidateExperience/en/sites/BNY-Careers/job/79960
BNY,80042,"Senior Specialist, ESG Data Solutions & Controls",Risk and Compliance,New York,NY,United States,unknown,Full time,2026-08-21 18:09:11.593612,2026-07-22 00:00:00,https://eofe.fa.us2.oraclecloud.com/hcmUI/CandidateExperience/en/sites/BNY-Careers/job/80042
BNY,70692,"Director, Private Equity Fund Operations Manager",Operations,Lake Mary,FL,United States,unknown,Full time,2026-08-21 18:09:13.658317,2026-07-21 00:00:00,https://eofe.fa.us2.oraclecloud.com/hcmUI/CandidateExperience/en/sites/BNY-Careers/job/70692
BNY,74481,"Vice President, Client Operations Manager",Risk and Compliance,Boston,MA,United States,unknown,Full time,2026-08-21 18:09:14.610312,2026-07-21 00:00:00,https://eofe.fa.us2.oraclecloud.com/hcmUI/CandidateExperience/en/sites/BNY-Careers/job/74481
BNY,74485,"Vice President, Client Operations Manager",Risk and Compliance,Boston,MA,United States,unknown,Full time,2026-08-21 18:09:15.609594,2026-07-21 00:00:00,https://eofe.fa.us2.oraclecloud.com/hcmUI/CandidateExperience/en/sites/BNY-Careers/job/74485
BNY,74518,"Vice President, Client Operations",Risk and Compliance,Boston,MA,United States,unknown,Full time,2026-08-21 18:09:16.722723,2026-07-21 00:00:00,https://eofe.fa.us2.oraclecloud.com/hcmUI/CandidateExperience/en/sites/BNY-Careers/job/74518
BNY,74645,"Vice President, Client Operations",Risk and Compliance,Pittsburgh,PA,United States,unknown,Full time,2026-08-21 18:09:17.586197,2026-07-21 00:00:00,https://eofe.fa.us2.oraclecloud.com/hcmUI/CandidateExperience/en/sites/BNY-Careers/job/74645
BNY,77839,"Senior Vice President, Full-Stack Engineer",Software Engineering,Lake Mary,FL,United States,unknown,Full time,2026-08-21 18:09:18.637229,2026-07-21 00:00:00,https://eofe.fa.us2.oraclecloud.com/hcmUI/CandidateExperience/en/sites/BNY-Careers/job/77839
BNY,78303,"Vice President, Full-Stack Engineer",Software Engineering,Lake Mary,FL,United States,unknown,Full time,2026-08-21 18:09:19.645903,2026-07-21 00:00:00,https://eofe.fa.us2.oraclecloud.com/hcmUI/CandidateExperience/en/sites/BNY-Careers/job/78303
BNY,78469,"Vice President, POM Product Owner",Product Management,Pittsburgh,PA,United States,hybrid,Full time,2026-08-21 18:09:20.637378,2026-07-21 00:00:00,https://eofe.fa.us2.oraclecloud.com/hcmUI/CandidateExperience/en/sites/BNY-Careers/job/78469
BNY,78889,"Vice President, Full-Stack Engineer",Software Engineering,Lake Mary,FL,United States,unknown,Full time,2026-08-21 18:09:21.858439,2026-07-21 00:00:00,https://eofe.fa.us2.oraclecloud.com/hcmUI/CandidateExperience/en/sites/BNY-Careers/job/78889
BNY,79068,"Vice President, Scrum Leader",Product Management,Lake Mary,FL,United States,unknown,Full time,2026-08-21 18:09:22.669971,2026-07-21 00:00:00,https://eofe.fa.us2.oraclecloud.com/hcmUI/CandidateExperience/en/sites/BNY-Careers/job/79068
BNY,79275,"Senior Specialist, Product Management (Securities Finance)",Risk and Compliance,Lake Mary,FL,United States,hybrid,Full time,2026-08-21 18:09:23.717063,2026-07-21 00:00:00,https://eofe.fa.us2.oraclecloud.com/hcmUI/CandidateExperience/en/sites/BNY-Careers/job/79275
BNY,79523,"Vice President, Product Management (Margin Services)",Operations,New York,NY,United States,hybrid,Full time,2026-08-21 18:09:25.715624,2026-07-21 00:00:00,https://eofe.fa.us2.oraclecloud.com/hcmUI/CandidateExperience/en/sites/BNY-Careers/job/79523
BNY,79543,"Product Owner, Deposits Enablement",Product Management,Pittsburgh,PA,United States,hybrid,Full time,2026-08-21 18:09:26.625787,2026-07-21 00:00:00,https://eofe.fa.us2.oraclecloud.com/hcmUI/CandidateExperience/en/sites/BNY-Careers/job/79543
BNY,79544,"Senior Product Owner, Deposits Enablement",Product Management,New York,NY,United States,hybrid,Full time,2026-08-21 18:09:27.632395,2026-07-21 00:00:00,https://eofe.fa.us2.oraclecloud.com/hcmUI/CandidateExperience/en/sites/BNY-Careers/job/79544
BNY,79868,"Vice President, Production Services Application Support",Cloud and Infrastructure,New York,NY,United States,hybrid,Full time,2026-08-21 18:09:28.729713,2026-07-21 00:00:00,https://eofe.fa.us2.oraclecloud.com/hcmUI/CandidateExperience/en/sites/BNY-Careers/job/79868
BNY,80060,"Vice President, Production Services Application Support",Risk and Compliance,New York,NY,United States,hybrid,Full time,2026-08-21 18:09:29.665865,2026-07-21 00:00:00,https://eofe.fa.us2.oraclecloud.com/hcmUI/CandidateExperience/en/sites/BNY-Careers/job/80060
BNY,80177,"Senior Vice President, Scrum Leader",Cloud and Infrastructure,Pittsfield,MA,United States,unknown,Full time,2026-08-21 18:09:31.072296,2026-07-21 00:00:00,https://eofe.fa.us2.oraclecloud.com/hcmUI/CandidateExperience/en/sites/BNY-Careers/job/80177
BNY,77893,"Senior Vice President, Client Processing",Operations,Houston,TX,United States,unknown,Full time,2026-08-21 18:18:25.317637,2026-08-04 00:00:00,https://eofe.fa.us2.oraclecloud.com/hcmUI/CandidateExperience/en/sites/BNY-Careers/job/77893
BNY,73103,"Specialist, (Non Supervisory), Fund/Client Accounting Representative II",Finance and Accounting,Boston,MA,United States,unknown,Full time,2026-08-21 18:26:27.365931,2026-06-03 00:00:00,https://eofe.fa.us2.oraclecloud.com/hcmUI/CandidateExperience/en/sites/BNY-Careers/job/73103
BNY,75670,"Vice President, Full-Stack Engineer",Software Engineering,Pittsburgh,PA,United States,unknown,Full time,2026-08-21 18:26:28.552577,2026-06-03 00:00:00,https://eofe.fa.us2.oraclecloud.com/hcmUI/CandidateExperience/en/sites/BNY-Careers/job/75670
BNY,75847,"Senior Vice President, Full-Stack Engineer",Software Engineering,Pittsburgh,PA,United States,unknown,Full time,2026-08-21 18:26:29.439581,2026-06-03 00:00:00,https://eofe.fa.us2.oraclecloud.com/hcmUI/CandidateExperience/en/sites/BNY-Careers/job/75847
BNY,76907,"Vice President, Client Enablement",Risk and Compliance,Lake Mary,FL,United States,unknown,Full time,2026-08-21 18:26:30.395192,2026-06-03 00:00:00,https://eofe.fa.us2.oraclecloud.com/hcmUI/CandidateExperience/en/sites/BNY-Careers/job/76907
BNY,77347,"Vice President, POM Product Owner",Product Management,Pittsburgh,PA,United States,unknown,Full time,2026-08-21 18:26:31.579872,2026-06-03 00:00:00,https://eofe.fa.us2.oraclecloud.com/hcmUI/CandidateExperience/en/sites/BNY-Careers/job/77347
BNY,77397,"Vice President, Client Operations",Operations,Pittsburgh,PA,United States,unknown,Full time,2026-08-21 18:26:32.625298,2026-06-03 00:00:00,https://eofe.fa.us2.oraclecloud.com/hcmUI/CandidateExperience/en/sites/BNY-Careers/job/77397
BNY,77399,"Senior Specialist, Client Processing Team Lead",Operations,Pittsburgh,PA,United States,unknown,Full time,2026-08-21 18:26:33.435519,2026-06-03 00:00:00,https://eofe.fa.us2.oraclecloud.com/hcmUI/CandidateExperience/en/sites/BNY-Careers/job/77399
BNY,77439,"Senior Specialist, Client Operations",Operations,Pittsburgh,PA,United States,unknown,Full time,2026-08-21 18:26:34.491048,2026-06-03 00:00:00,https://eofe.fa.us2.oraclecloud.com/hcmUI/CandidateExperience/en/sites/BNY-Careers/job/77439
BNY,77840,"Vice President, Client Operations",Operations,New York,NY,United States,unknown,Full time,2026-08-21 18:26:35.476720,2026-06-03 00:00:00,https://eofe.fa.us2.oraclecloud.com/hcmUI/CandidateExperience/en/sites/BNY-Careers/job/77840
BNY,77842,"Vice President, Client Operations",Operations,Lake Mary,FL,United States,unknown,Full time,2026-08-21 18:26:36.512230,2026-06-03 00:00:00,https://eofe.fa.us2.oraclecloud.com/hcmUI/CandidateExperience/en/sites/BNY-Careers/job/77842
BNY,78118,"Vice President, Client Engagement and Commercial Experiences",Other,New York,NY,United States,unknown,Full time,2026-08-21 18:26:37.545091,2026-06-03 00:00:00,https://eofe.fa.us2.oraclecloud.com/hcmUI/CandidateExperience/en/sites/BNY-Careers/job/78118
BNY,78407,"Specialist, Credit Risk (Pipeline Requisition)",Risk and Compliance,New York,NY,United States,unknown,Full time,2026-08-21 18:26:38.554084,2026-06-03 00:00:00,https://eofe.fa.us2.oraclecloud.com/hcmUI/CandidateExperience/en/sites/BNY-Careers/job/78407
BNY,78408,Lead Service Designer,Operations,New York,NY,United States,unknown,Full time,2026-08-21 18:26:39.497829,2026-06-03 00:00:00,https://eofe.fa.us2.oraclecloud.com/hcmUI/CandidateExperience/en/sites/BNY-Careers/job/78408
BNY,78421,"Vice President, JavaScript Front-End Engineer",Risk and Compliance,Pittsburgh,PA,United States,unknown,Full time,2026-08-21 18:26:40.703190,2026-06-03 00:00:00,https://eofe.fa.us2.oraclecloud.com/hcmUI/CandidateExperience/en/sites/BNY-Careers/job/78421
BNY,73408,"Senior Specialist, Corporate Trust Transactions",Risk and Compliance,Houston,TX,United States,unknown,Full time,2026-08-21 18:26:41.644631,2026-06-02 00:00:00,https://eofe.fa.us2.oraclecloud.com/hcmUI/CandidateExperience/en/sites/BNY-Careers/job/73408
BNY,74411,"Senior Vice President, Production Services Application Support",Operations,Pittsburgh,PA,United States,unknown,Full time,2026-08-21 18:26:42.909337,2026-06-02 00:00:00,https://eofe.fa.us2.oraclecloud.com/hcmUI/CandidateExperience/en/sites/BNY-Careers/job/74411
BNY,74525,"Specialist, Corporate Actions II",Operations,Pittsburgh,PA,United States,unknown,Full time,2026-08-21 18:26:44.089866,2026-06-02 00:00:00,https://eofe.fa.us2.oraclecloud.com/hcmUI/CandidateExperience/en/sites/BNY-Careers/job/74525
BNY,76786,"Senior Vice President,  AI / Machine Learning Data Engineer",Data and AI,Jersey City,NJ,United States,unknown,Full time,2026-08-21 18:26:45.134185,2026-06-02 00:00:00,https://eofe.fa.us2.oraclecloud.com/hcmUI/CandidateExperience/en/sites/BNY-Careers/job/76786
BNY,76911,"Vice President, Client Enablement",Risk and Compliance,Jersey City,NJ,United States,unknown,Full time,2026-08-21 18:26:45.688156,2026-06-02 00:00:00,https://eofe.fa.us2.oraclecloud.com/hcmUI/CandidateExperience/en/sites/BNY-Careers/job/76911
BNY,77031,"Senior Vice President, Full-Stack Engineer",Software Engineering,New York,NY,United States,unknown,Full time,2026-08-21 18:26:46.875330,2026-06-02 00:00:00,https://eofe.fa.us2.oraclecloud.com/hcmUI/CandidateExperience/en/sites/BNY-Careers/job/77031
BNY,77037,"Vice President, Full-Stack Engineer",Software Engineering,Pittsburgh,PA,United States,unknown,Full time,2026-08-21 18:26:48.001431,2026-06-02 00:00:00,https://eofe.fa.us2.oraclecloud.com/hcmUI/CandidateExperience/en/sites/BNY-Careers/job/77037
BNY,78117,"Senior Vice President, Commercial Operations & Cross-Sell Execution Manager",Operations,New York,NY,United States,unknown,Full time,2026-08-21 18:26:48.741902,2026-06-02 00:00:00,https://eofe.fa.us2.oraclecloud.com/hcmUI/CandidateExperience/en/sites/BNY-Careers/job/78117
BNY,78296,"Vice President, Client Enablement",Operations,Jersey City,NJ,United States,unknown,Full time,2026-08-21 18:26:51.458849,2026-06-02 00:00:00,https://eofe.fa.us2.oraclecloud.com/hcmUI/CandidateExperience/en/sites/BNY-Careers/job/78296
BNY,72679,"Associate, Client Processing Representative II",Operations,Lake Mary,FL,United States,unknown,Full time,2026-08-21 18:26:52.185022,2026-06-01 00:00:00,https://eofe.fa.us2.oraclecloud.com/hcmUI/CandidateExperience/en/sites/BNY-Careers/job/72679
BNY,72685,"Specialist, Fund Administration II",Risk and Compliance,Lake Mary,FL,United States,unknown,Full time,2026-08-21 18:26:53.243268,2026-06-01 00:00:00,https://eofe.fa.us2.oraclecloud.com/hcmUI/CandidateExperience/en/sites/BNY-Careers/job/72685
BNY,76562,"Specialist, Client Processing Representative",Risk and Compliance,Berwyn,PA,United States,unknown,Full time,2026-08-21 18:26:53.978406,2026-06-01 00:00:00,https://eofe.fa.us2.oraclecloud.com/hcmUI/CandidateExperience/en/sites/BNY-Careers/job/76562
BNY,76909,"Senior Vice President, Client Enablement",Risk and Compliance,Jersey City,NJ,United States,unknown,Full time,2026-08-21 18:26:55.452097,2026-06-01 00:00:00,https://eofe.fa.us2.oraclecloud.com/hcmUI/CandidateExperience/en/sites/BNY-Careers/job/76909
BNY,77212,Senior Vice President – Front Office Equities Engineering (Full-stack),Software Engineering,New York,NY,United States,unknown,Full time,2026-08-21 18:26:56.077113,2026-06-01 00:00:00,https://eofe.fa.us2.oraclecloud.com/hcmUI/CandidateExperience/en/sites/BNY-Careers/job/77212
BNY,69734,"Specialist, Client Processing Representative I",Operations,Boston,MA,United States,unknown,Full time,2026-08-21 18:26:56.951370,2026-05-29 00:00:00,https://eofe.fa.us2.oraclecloud.com/hcmUI/CandidateExperience/en/sites/BNY-Careers/job/69734
BNY,70787,"Specialist, Shareholder Services Representative I",Operations,Lake Mary,FL,United States,unknown,Full time,2026-08-21 18:26:58.051638,2026-05-29 00:00:00,https://eofe.fa.us2.oraclecloud.com/hcmUI/CandidateExperience/en/sites/BNY-Careers/job/70787
BNY,71798,"Senior Specialist, Fund/Client Accounting Manager",Finance and Accounting,Los Angeles,CA,United States,unknown,Full time,2026-08-21 18:26:58.965197,2026-05-29 00:00:00,https://eofe.fa.us2.oraclecloud.com/hcmUI/CandidateExperience/en/sites/BNY-Careers/job/71798
BNY,77088,"Exchange Traded Funds - Senior Specialist, Fund/Client Accounting",Finance and Accounting,Lake Mary,FL,United States,unknown,Full time,2026-08-21 18:27:00.070357,2026-05-29 00:00:00,https://eofe.fa.us2.oraclecloud.com/hcmUI/CandidateExperience/en/sites/BNY-Careers/job/77088
BNY,77089,"Exchange Traded Funds - Senior Specialist, Fund/Client Accounting",Finance and Accounting,Lake Mary,FL,United States,unknown,Full time,2026-08-21 18:27:00.964528,2026-05-29 00:00:00,https://eofe.fa.us2.oraclecloud.com/hcmUI/CandidateExperience/en/sites/BNY-Careers/job/77089
BNY,77086,"Exchange Traded Funds - Vice President, Fund/Client Accounting",Finance and Accounting,Lake Mary,FL,United States,unknown,Full time,2026-08-21 18:27:02.098169,2026-05-29 00:00:00,https://eofe.fa.us2.oraclecloud.com/hcmUI/CandidateExperience/en/sites/BNY-Careers/job/77086
BNY,77087,"Exchange Traded Funds - Specialist, Fund/Client Accounting Representative I",Finance and Accounting,Lake Mary,FL,United States,unknown,Full time,2026-08-21 18:27:03.512239,2026-05-29 00:00:00,https://eofe.fa.us2.oraclecloud.com/hcmUI/CandidateExperience/en/sites/BNY-Careers/job/77087
BNY,77090,"Exchange Traded Funds - Senior Specialist, Fund/Client Accounting",Finance and Accounting,Lake Mary,FL,United States,unknown,Full time,2026-08-21 18:27:04.149148,2026-05-29 00:00:00,https://eofe.fa.us2.oraclecloud.com/hcmUI/CandidateExperience/en/sites/BNY-Careers/job/77090
BNY,77156,"Senior Vice President, Cyber Threat Simulation",Cybersecurity,New York,NY,United States,unknown,Full time,2026-08-21 18:27:05.296992,2026-05-29 00:00:00,https://eofe.fa.us2.oraclecloud.com/hcmUI/CandidateExperience/en/sites/BNY-Careers/job/77156
BNY,77762,"Vice President, Sailpoint Information Security",Cybersecurity,Pittsburgh,PA,United States,unknown,Full time,2026-08-21 18:27:06.416438,2026-05-29 00:00:00,https://eofe.fa.us2.oraclecloud.com/hcmUI/CandidateExperience/en/sites/BNY-Careers/job/77762
BNY,78264,"Senior Vice President, Infrastructure Solution Engineer",Cloud and Infrastructure,Pittsburgh,PA,United States,unknown,Full time,2026-08-21 18:27:07.078988,2026-05-29 00:00:00,https://eofe.fa.us2.oraclecloud.com/hcmUI/CandidateExperience/en/sites/BNY-Careers/job/78264
BNY,76275,"Vice President, Client Operations",Operations,Houston,TX,United States,unknown,Full time,2026-08-21 18:27:08.049860,2026-05-28 00:00:00,https://eofe.fa.us2.oraclecloud.com/hcmUI/CandidateExperience/en/sites/BNY-Careers/job/76275
BNY,76277,"Vice President, Client Operations",Operations,Houston,TX,United States,unknown,Full time,2026-08-21 18:27:09.080658,2026-05-28 00:00:00,https://eofe.fa.us2.oraclecloud.com/hcmUI/CandidateExperience/en/sites/BNY-Careers/job/76277
BNY,78160,"Vice President, Auditor, Corporate Treasury, Chief Investment Office and Risk",Audit,New York,NY,United States,unknown,Full time,2026-08-21 18:27:10.206648,2026-05-28 00:00:00,https://eofe.fa.us2.oraclecloud.com/hcmUI/CandidateExperience/en/sites/BNY-Careers/job/78160
BNY,73305,"Vice President, Corporate Trust Transaction Manager",Risk and Compliance,Houston,TX,United States,unknown,Full time,2026-08-21 18:27:12.350986,2026-05-27 00:00:00,https://eofe.fa.us2.oraclecloud.com/hcmUI/CandidateExperience/en/sites/BNY-Careers/job/73305
BNY,76459,"Senior Front-End Developer, Design Systems",Software Engineering,New York,NY,United States,unknown,Full time,2026-08-21 18:27:13.450307,2026-05-27 00:00:00,https://eofe.fa.us2.oraclecloud.com/hcmUI/CandidateExperience/en/sites/BNY-Careers/job/76459
BNY,76793,"Vice President, AI-Augmented Full-Stack Engineer",Cloud and Infrastructure,Pittsburgh,PA,United States,unknown,Full time,2026-08-21 18:27:14.345327,2026-05-27 00:00:00,https://eofe.fa.us2.oraclecloud.com/hcmUI/CandidateExperience/en/sites/BNY-Careers/job/76793
BNY,77602,"Vice President, Client Service Management",Finance and Accounting,Berwyn,PA,United States,unknown,Full time,2026-08-21 18:27:15.484312,2026-05-27 00:00:00,https://eofe.fa.us2.oraclecloud.com/hcmUI/CandidateExperience/en/sites/BNY-Careers/job/77602
BNY,77703,Director - Front Office Engineering Lead,Software Engineering,New York,NY,United States,unknown,Full time,2026-08-21 18:27:16.575139,2026-05-27 00:00:00,https://eofe.fa.us2.oraclecloud.com/hcmUI/CandidateExperience/en/sites/BNY-Careers/job/77703
BNY,77704,"Director, Front Office Equities Engineering",Software Engineering,New York,NY,United States,unknown,Full time,2026-08-21 18:27:17.673619,2026-05-27 00:00:00,https://eofe.fa.us2.oraclecloud.com/hcmUI/CandidateExperience/en/sites/BNY-Careers/job/77704
BNY,77761,"Senior Vice President, Identity and Authentication Engineer",Cybersecurity,Pittsburgh,PA,United States,unknown,Full time,2026-08-21 18:27:18.906197,2026-05-27 00:00:00,https://eofe.fa.us2.oraclecloud.com/hcmUI/CandidateExperience/en/sites/BNY-Careers/job/77761
BNY,78167,"Vice President, Auditor, Markets",Audit,New York,NY,United States,unknown,Full time,2026-08-21 18:27:20.031742,2026-05-27 00:00:00,https://eofe.fa.us2.oraclecloud.com/hcmUI/CandidateExperience/en/sites/BNY-Careers/job/78167
BNY,71644,"Specialist, Investor Services Operations Representative",Operations,Boston,MA,United States,unknown,Full time,2026-08-21 18:27:21.179390,2026-05-26 00:00:00,https://eofe.fa.us2.oraclecloud.com/hcmUI/CandidateExperience/en/sites/BNY-Careers/job/71644
BNY,74985,"Vice President, Full-Stack Engineer",Software Engineering,Pittsburgh,PA,United States,unknown,Full time,2026-08-21 18:27:21.866116,2026-05-26 00:00:00,https://eofe.fa.us2.oraclecloud.com/hcmUI/CandidateExperience/en/sites/BNY-Careers/job/74985
BNY,75669,"Vice President, Full-Stack Engineer",Software Engineering,Pittsburgh,PA,United States,unknown,Full time,2026-08-21 18:27:22.913291,2026-05-26 00:00:00,https://eofe.fa.us2.oraclecloud.com/hcmUI/CandidateExperience/en/sites/BNY-Careers/job/75669
BNY,77135,"Senior Specialist, Client Processing",Operations,Boston,MA,United States,unknown,Full time,2026-08-21 18:27:23.999538,2026-05-26 00:00:00,https://eofe.fa.us2.oraclecloud.com/hcmUI/CandidateExperience/en/sites/BNY-Careers/job/77135
BNY,77136,"Specialist, Client Processing Representative II",Operations,Boston,MA,United States,unknown,Full time,2026-08-21 18:27:25.012389,2026-05-26 00:00:00,https://eofe.fa.us2.oraclecloud.com/hcmUI/CandidateExperience/en/sites/BNY-Careers/job/77136
BNY,77140,"Vice President, Fund/Client Accounting",Finance and Accounting,Lake Mary,FL,United States,unknown,Full time,2026-08-21 18:27:25.713028,2026-05-26 00:00:00,https://eofe.fa.us2.oraclecloud.com/hcmUI/CandidateExperience/en/sites/BNY-Careers/job/77140
BNY,77387,"Senior Vice President, Transaction Management Group Manager",Risk and Compliance,Pittsburgh,PA,United States,unknown,Full time,2026-08-21 18:27:27.432091,2026-05-26 00:00:00,https://eofe.fa.us2.oraclecloud.com/hcmUI/CandidateExperience/en/sites/BNY-Careers/job/77387
BNY,77603,"Vice President, Client Service Management",Risk and Compliance,Berwyn,PA,United States,unknown,Full time,2026-08-21 18:27:28.050580,2026-05-26 00:00:00,https://eofe.fa.us2.oraclecloud.com/hcmUI/CandidateExperience/en/sites/BNY-Careers/job/77603
BNY,77691,"Senior Vice President, Full-Stack Engineer",Risk and Compliance,New York,NY,United States,unknown,Full time,2026-08-21 18:27:29.090404,2026-05-26 00:00:00,https://eofe.fa.us2.oraclecloud.com/hcmUI/CandidateExperience/en/sites/BNY-Careers/job/77691
BNY,77692,"Director, Full-Stack Engineer",Risk and Compliance,New York,NY,United States,unknown,Full time,2026-08-21 18:27:30.056347,2026-05-26 00:00:00,https://eofe.fa.us2.oraclecloud.com/hcmUI/CandidateExperience/en/sites/BNY-Careers/job/77692
BNY,77569,"Senior Specialist, Client Service Management",Operations,Berwyn,PA,United States,unknown,Full time,2026-08-21 18:27:31.424287,2026-05-23 00:00:00,https://eofe.fa.us2.oraclecloud.com/hcmUI/CandidateExperience/en/sites/BNY-Careers/job/77569
BNY,78103,"Vice President, Client Operations Manager",Operations,Pittsburgh,PA,United States,unknown,Full time,2026-08-21 18:27:33.045376,2026-05-22 00:00:00,https://eofe.fa.us2.oraclecloud.com/hcmUI/CandidateExperience/en/sites/BNY-Careers/job/78103
BNY,72498,"Senior Vice President, Counsel",Legal,Pittsburgh,PA,United States,unknown,Full time,2026-08-21 18:27:35.380862,2026-05-21 00:00:00,https://eofe.fa.us2.oraclecloud.com/hcmUI/CandidateExperience/en/sites/BNY-Careers/job/72498
BNY,76144,"Senior Vice President, Private Banking",Risk and Compliance,San Francisco,CA,United States,hybrid,Full time,2026-08-21 18:27:36.126870,2026-05-21 00:00:00,https://eofe.fa.us2.oraclecloud.com/hcmUI/CandidateExperience/en/sites/BNY-Careers/job/76144
BNY,77632,"Vice President, Oracle HCM",Software Engineering,Pittsburgh,PA,United States,unknown,Full time,2026-08-21 18:27:36.828380,2026-05-21 00:00:00,https://eofe.fa.us2.oraclecloud.com/hcmUI/CandidateExperience/en/sites/BNY-Careers/job/77632
BNY,74640,"Senior Vice President, Client Operations",Operations,Pittsburgh,PA,United States,unknown,Full time,2026-08-21 18:27:37.914250,2026-05-20 00:00:00,https://eofe.fa.us2.oraclecloud.com/hcmUI/CandidateExperience/en/sites/BNY-Careers/job/74640
BNY,76985,"Vice President, Investor Services Operations",Operations,Westborough,MA,United States,unknown,Full time,2026-08-21 18:27:39.094110,2026-05-20 00:00:00,https://eofe.fa.us2.oraclecloud.com/hcmUI/CandidateExperience/en/sites/BNY-Careers/job/76985
BNY,77063,"Vice President, Investor Services Operations",Operations,Boston,MA,United States,unknown,Full time,2026-08-21 18:27:40.474399,2026-05-20 00:00:00,https://eofe.fa.us2.oraclecloud.com/hcmUI/CandidateExperience/en/sites/BNY-Careers/job/77063
BNY,77805,"Vice President, Client Operations Manager",Operations,Pittsburgh,PA,United States,unknown,Full time,2026-08-21 18:27:41.566168,2026-05-20 00:00:00,https://eofe.fa.us2.oraclecloud.com/hcmUI/CandidateExperience/en/sites/BNY-Careers/job/77805
BNY,74280,"Senior Vice President, Full-Stack Engineer",Software Engineering,New York,NY,United States,unknown,Full time,2026-08-21 18:27:43.700796,2026-05-19 00:00:00,https://eofe.fa.us2.oraclecloud.com/hcmUI/CandidateExperience/en/sites/BNY-Careers/job/74280
BNY,75017,"Senior Vice President, Equity Product Management",Product Management,New York,NY,United States,unknown,Full time,2026-08-21 18:27:45.235574,2026-05-19 00:00:00,https://eofe.fa.us2.oraclecloud.com/hcmUI/CandidateExperience/en/sites/BNY-Careers/job/75017
BNY,76201,"Senior Vice President, Back-End Engineer",Software Engineering,Lake Mary,FL,United States,unknown,Full time,2026-08-21 18:27:45.614128,2026-05-19 00:00:00,https://eofe.fa.us2.oraclecloud.com/hcmUI/CandidateExperience/en/sites/BNY-Careers/job/76201
BNY,77396,"Senior Specialist, Client Operations",Operations,Pittsburgh,PA,United States,unknown,Full time,2026-08-21 18:27:47.017571,2026-05-19 00:00:00,https://eofe.fa.us2.oraclecloud.com/hcmUI/CandidateExperience/en/sites/BNY-Careers/job/77396
BNY,77873,"Senior Specialist, Credit Services & Loan Closing",Risk and Compliance,New York,NY,United States,unknown,Full time,2026-08-21 18:27:47.783234,2026-05-19 00:00:00,https://eofe.fa.us2.oraclecloud.com/hcmUI/CandidateExperience/en/sites/BNY-Careers/job/77873
BNY,76166,Staff Site Reliability Automation Engineer - Team Lead,Cloud and Infrastructure,Lake Mary,FL,United States,unknown,Full time,2026-08-21 18:27:48.656709,2026-05-18 00:00:00,https://eofe.fa.us2.oraclecloud.com/hcmUI/CandidateExperience/en/sites/BNY-Careers/job/76166
BNY,72334,"Vice President, Client Processing",Operations,Houston,TX,United States,hybrid,Full time,2026-08-21 18:27:49.634433,2026-05-15 00:00:00,https://eofe.fa.us2.oraclecloud.com/hcmUI/CandidateExperience/en/sites/BNY-Careers/job/72334
BNY,73485,"Vice President, Client Operations Manager",Risk and Compliance,Lake Mary,FL,United States,unknown,Full time,2026-08-21 18:27:50.648611,2026-05-15 00:00:00,https://eofe.fa.us2.oraclecloud.com/hcmUI/CandidateExperience/en/sites/BNY-Careers/job/73485
BNY,73989,"Senior Specialist, Client Operations",Operations,Lake Mary,FL,United States,unknown,Full time,2026-08-21 18:27:51.719510,2026-05-15 00:00:00,https://eofe.fa.us2.oraclecloud.com/hcmUI/CandidateExperience/en/sites/BNY-Careers/job/73989
BNY,75200,"Vice President, Full-Stack Java Engineer",Software Engineering,Pittsburgh,PA,United States,unknown,Full time,2026-08-21 18:27:52.704053,2026-05-15 00:00:00,https://eofe.fa.us2.oraclecloud.com/hcmUI/CandidateExperience/en/sites/BNY-Careers/job/75200
BNY,75411,"Vice President, Client Service Management",Finance and Accounting,Berwyn,PA,United States,unknown,Full time,2026-08-21 18:27:54.139860,2026-05-15 00:00:00,https://eofe.fa.us2.oraclecloud.com/hcmUI/CandidateExperience/en/sites/BNY-Careers/job/75411
BNY,76578,"Vice President, Financial Advisor",Finance and Accounting,New York,NY,United States,unknown,Full time,2026-08-21 18:27:54.736310,2026-05-15 00:00:00,https://eofe.fa.us2.oraclecloud.com/hcmUI/CandidateExperience/en/sites/BNY-Careers/job/76578
BNY,77475,"Senior Specialist, Client Operations",Operations,Pittsburgh,PA,United States,unknown,Full time,2026-08-21 18:27:55.714293,2026-05-15 00:00:00,https://eofe.fa.us2.oraclecloud.com/hcmUI/CandidateExperience/en/sites/BNY-Careers/job/77475
BNY,77547,"Specialist, Financial Planning & Analysis",Finance and Accounting,Pittsburgh,PA,United States,unknown,Full time,2026-08-21 18:27:56.580350,2026-05-15 00:00:00,https://eofe.fa.us2.oraclecloud.com/hcmUI/CandidateExperience/en/sites/BNY-Careers/job/77547
BNY,76161,"Senior Vice President, Site Reliability Automation Engineer",Cloud and Infrastructure,Lake Mary,FL,United States,unknown,Full time,2026-08-21 18:27:57.664230,2026-05-14 00:00:00,https://eofe.fa.us2.oraclecloud.com/hcmUI/CandidateExperience/en/sites/BNY-Careers/job/76161
BNY,76548,Senior Portfolio Manager - BNY Wealth,Other,Dallas,TX,United States,unknown,Full time,2026-08-21 18:27:58.572629,2026-05-14 00:00:00,https://eofe.fa.us2.oraclecloud.com/hcmUI/CandidateExperience/en/sites/BNY-Careers/job/76548
BNY,77428,"Specialist, Client Service Management II",Other,Berwyn,PA,United States,unknown,Full time,2026-08-21 18:27:59.724649,2026-05-14 00:00:00,https://eofe.fa.us2.oraclecloud.com/hcmUI/CandidateExperience/en/sites/BNY-Careers/job/77428
BNY,77571,"Senior Director, Medical Director",Risk and Compliance,New York,NY,United States,unknown,Full time,2026-08-21 18:28:00.683967,2026-05-14 00:00:00,https://eofe.fa.us2.oraclecloud.com/hcmUI/CandidateExperience/en/sites/BNY-Careers/job/77571
BNY,77223,"Vice President, Infrastructure Cost & Product Economics",Cloud and Infrastructure,New York,NY,United States,unknown,Full time,2026-08-21 18:28:02.944185,2026-05-13 00:00:00,https://eofe.fa.us2.oraclecloud.com/hcmUI/CandidateExperience/en/sites/BNY-Careers/job/77223
BNY,77274,"SVP, Vulnerability Management & Cloud Security Posture Platform Engineering",Cloud and Infrastructure,New York,NY,United States,unknown,Full time,2026-08-21 18:28:03.989236,2026-05-13 00:00:00,https://eofe.fa.us2.oraclecloud.com/hcmUI/CandidateExperience/en/sites/BNY-Careers/job/77274
BNY,77355,"Vice President, IWM Portfolio Management",Risk and Compliance,Boston,MA,United States,unknown,Full time,2026-08-21 18:28:04.983403,2026-05-13 00:00:00,https://eofe.fa.us2.oraclecloud.com/hcmUI/CandidateExperience/en/sites/BNY-Careers/job/77355
BNY,72636,"Specialist, Client Operations I",Operations,Berwyn,PA,United States,unknown,Full time,2026-08-21 18:28:06.111454,2026-05-12 00:00:00,https://eofe.fa.us2.oraclecloud.com/hcmUI/CandidateExperience/en/sites/BNY-Careers/job/72636
BNY,73991,"Vice President, Client Operations",Risk and Compliance,Lake Mary,FL,United States,unknown,Full time,2026-08-21 18:28:07.170149,2026-05-12 00:00:00,https://eofe.fa.us2.oraclecloud.com/hcmUI/CandidateExperience/en/sites/BNY-Careers/job/73991
BNY,74120,"Vice President, Client Operations",Risk and Compliance,Lake Mary,FL,United States,unknown,Full time,2026-08-21 18:28:07.940800,2026-05-12 00:00:00,https://eofe.fa.us2.oraclecloud.com/hcmUI/CandidateExperience/en/sites/BNY-Careers/job/74120
BNY,74635,"Senior Specialist, Client Operations",Operations,Lake Mary,FL,United States,unknown,Full time,2026-08-21 18:28:08.848571,2026-05-12 00:00:00,https://eofe.fa.us2.oraclecloud.com/hcmUI/CandidateExperience/en/sites/BNY-Careers/job/74635
BNY,74868,"Specialist, Trading Services II",Risk and Compliance,Berwyn,PA,United States,unknown,Full time,2026-08-21 18:28:10.135607,2026-05-12 00:00:00,https://eofe.fa.us2.oraclecloud.com/hcmUI/CandidateExperience/en/sites/BNY-Careers/job/74868
BNY,76635,"Vice President, Fixed Income Investment Strategist",Risk and Compliance,New York,NY,United States,unknown,Full time,2026-08-21 18:28:11.140443,2026-05-12 00:00:00,https://eofe.fa.us2.oraclecloud.com/hcmUI/CandidateExperience/en/sites/BNY-Careers/job/76635
BNY,76878,"Vice President, Corporate Actions Manager",Risk and Compliance,Pittsburgh,PA,United States,unknown,Full time,2026-08-21 18:28:11.872694,2026-05-12 00:00:00,https://eofe.fa.us2.oraclecloud.com/hcmUI/CandidateExperience/en/sites/BNY-Careers/job/76878
BNY,76994,"Vice President, Product Design",Operations,New York,NY,United States,unknown,Full time,2026-08-21 18:28:13.084995,2026-05-12 00:00:00,https://eofe.fa.us2.oraclecloud.com/hcmUI/CandidateExperience/en/sites/BNY-Careers/job/76994
BNY,77338,"Senior Specialist, Corporate Actions",Operations,Lake Mary,FL,United States,unknown,Full time,2026-08-21 18:28:13.938718,2026-05-12 00:00:00,https://eofe.fa.us2.oraclecloud.com/hcmUI/CandidateExperience/en/sites/BNY-Careers/job/77338
BNY,77732,"Senior Director, Fraud Hub Lead",Risk and Compliance,New York,NY,United States,unknown,Full time,2026-08-21 18:28:14.980819,2026-05-12 00:00:00,https://eofe.fa.us2.oraclecloud.com/hcmUI/CandidateExperience/en/sites/BNY-Careers/job/77732
BNY,77734,"Vice President, Mainframe Storage Engineer",Cloud and Infrastructure,Lake Mary,FL,United States,unknown,Full time,2026-08-21 18:28:16.153823,2026-05-12 00:00:00,https://eofe.fa.us2.oraclecloud.com/hcmUI/CandidateExperience/en/sites/BNY-Careers/job/77734
BNY,72532,"Specialist, Client Processing II",Operations,Houston,TX,United States,unknown,Full time,2026-08-21 18:28:17.393680,2026-05-11 00:00:00,https://eofe.fa.us2.oraclecloud.com/hcmUI/CandidateExperience/en/sites/BNY-Careers/job/72532
BNY,74519,"Vice President, Client Operations",Risk and Compliance,Boston,MA,United States,unknown,Full time,2026-08-21 18:28:17.977306,2026-05-11 00:00:00,https://eofe.fa.us2.oraclecloud.com/hcmUI/CandidateExperience/en/sites/BNY-Careers/job/74519
BNY,76322,"Senior Specialist, Fund/Client Accounting",Finance and Accounting,Lake Mary,FL,United States,unknown,Full time,2026-08-21 18:28:18.998772,2026-05-11 00:00:00,https://eofe.fa.us2.oraclecloud.com/hcmUI/CandidateExperience/en/sites/BNY-Careers/job/76322
BNY,76577,Specialist- Fund Operations (Private Equity),Operations,New York,NY,United States,unknown,Full time,2026-08-21 18:28:19.873880,2026-05-11 00:00:00,https://eofe.fa.us2.oraclecloud.com/hcmUI/CandidateExperience/en/sites/BNY-Careers/job/76577
BNY,76590,"Specialist, Client Processing Representative II",Operations,Lake Mary,FL,United States,unknown,Full time,2026-08-21 18:28:21.112992,2026-05-11 00:00:00,https://eofe.fa.us2.oraclecloud.com/hcmUI/CandidateExperience/en/sites/BNY-Careers/job/76590
BNY,76596,"Specialist - Fund Operations, Private Equity",Operations,New York,NY,United States,unknown,Full time,2026-08-21 18:28:22.021883,2026-05-11 00:00:00,https://eofe.fa.us2.oraclecloud.com/hcmUI/CandidateExperience/en/sites/BNY-Careers/job/76596
BNY,76876,"Specialist, Fund/Client Accounting II",Finance and Accounting,New York,NY,United States,unknown,Full time,2026-08-21 18:28:23.562326,2026-05-11 00:00:00,https://eofe.fa.us2.oraclecloud.com/hcmUI/CandidateExperience/en/sites/BNY-Careers/job/76876
BNY,73897,"Senior Specialist, Fund/Client Accounting",Finance and Accounting,Lake Mary,FL,United States,unknown,Full time,2026-08-21 18:28:23.831980,2026-05-08 00:00:00,https://eofe.fa.us2.oraclecloud.com/hcmUI/CandidateExperience/en/sites/BNY-Careers/job/73897
BNY,73900,"Specialist, Fund/Client Accounting II",Finance and Accounting,Lake Mary,FL,United States,unknown,Full time,2026-08-21 18:28:25.125566,2026-05-08 00:00:00,https://eofe.fa.us2.oraclecloud.com/hcmUI/CandidateExperience/en/sites/BNY-Careers/job/73900
BNY,76111,"Senior Specialist, Fund/Client Accounting",Finance and Accounting,Lake Mary,FL,United States,unknown,Full time,2026-08-21 18:28:26.918687,2026-05-08 00:00:00,https://eofe.fa.us2.oraclecloud.com/hcmUI/CandidateExperience/en/sites/BNY-Careers/job/76111
BNY,76324,"Vice President, Fund Manager - Private Equity",Finance and Accounting,Lake Mary,FL,United States,unknown,Full time,2026-08-21 18:28:28.019253,2026-05-08 00:00:00,https://eofe.fa.us2.oraclecloud.com/hcmUI/CandidateExperience/en/sites/BNY-Careers/job/76324
BNY,76325,"Vice President, Hedge Accounting",Finance and Accounting,Lake Mary,FL,United States,unknown,Full time,2026-08-21 18:28:28.895020,2026-05-08 00:00:00,https://eofe.fa.us2.oraclecloud.com/hcmUI/CandidateExperience/en/sites/BNY-Careers/job/76325
BNY,76588,"Specialist, Fund/Client Accounting",Finance and Accounting,Lake Mary,FL,United States,unknown,Full time,2026-08-21 18:28:29.969328,2026-05-08 00:00:00,https://eofe.fa.us2.oraclecloud.com/hcmUI/CandidateExperience/en/sites/BNY-Careers/job/76588
BNY,77102,"Specialist, Fund/Client Accounting II",Finance and Accounting,Lake Mary,FL,United States,unknown,Full time,2026-08-21 18:28:31.111498,2026-05-08 00:00:00,https://eofe.fa.us2.oraclecloud.com/hcmUI/CandidateExperience/en/sites/BNY-Careers/job/77102
BNY,70979,"Specialist, Client Service Management I - Wealth Services Ops",Risk and Compliance,Lake Mary,FL,United States,unknown,Full time,2026-08-21 18:28:32.023107,2026-05-07 00:00:00,https://eofe.fa.us2.oraclecloud.com/hcmUI/CandidateExperience/en/sites/BNY-Careers/job/70979
BNY,76641,"Senior Specialist, CRM Business Analyst, Sales Enablement",Business Analysis,New York,NY,United States,hybrid,Full time,2026-08-21 18:28:32.946607,2026-05-07 00:00:00,https://eofe.fa.us2.oraclecloud.com/hcmUI/CandidateExperience/en/sites/BNY-Careers/job/76641
BNY,77045,"Vice President, Client Service Management",Risk and Compliance,Lake Mary,FL,United States,unknown,Full time,2026-08-21 18:28:33.936563,2026-05-07 00:00:00,https://eofe.fa.us2.oraclecloud.com/hcmUI/CandidateExperience/en/sites/BNY-Careers/job/77045
BNY,77065,"Specialist, Client Processing ll",Operations,Lake Mary,FL,United States,unknown,Full time,2026-08-21 18:28:34.886572,2026-05-07 00:00:00,https://eofe.fa.us2.oraclecloud.com/hcmUI/CandidateExperience/en/sites/BNY-Careers/job/77065
BNY,77053,"Vice President, Derivatives Fund Accounting",Finance and Accounting,Lake Mary,FL,United States,unknown,Full time,2026-08-21 18:28:35.960129,2026-05-07 00:00:00,https://eofe.fa.us2.oraclecloud.com/hcmUI/CandidateExperience/en/sites/BNY-Careers/job/77053
BNY,77056,"Senior Specialist, Derivatives Support",Operations,Lake Mary,FL,United States,unknown,Full time,2026-08-21 18:28:36.922732,2026-05-07 00:00:00,https://eofe.fa.us2.oraclecloud.com/hcmUI/CandidateExperience/en/sites/BNY-Careers/job/77056
BNY,77227,"Managing Director, Head of North America Distribution",Risk and Compliance,New York,NY,United States,unknown,Full time,2026-08-21 18:28:37.947009,2026-05-07 00:00:00,https://eofe.fa.us2.oraclecloud.com/hcmUI/CandidateExperience/en/sites/BNY-Careers/job/77227
BNY,73487,"Senior Specialist, Client Operations",Operations,Lake Mary,FL,United States,unknown,Full time,2026-08-21 18:28:38.964069,2026-05-05 00:00:00,https://eofe.fa.us2.oraclecloud.com/hcmUI/CandidateExperience/en/sites/BNY-Careers/job/73487
BNY,73492,"Specialist, Client Operations I",Operations,Lake Mary,FL,United States,unknown,Full time,2026-08-21 18:28:40.039040,2026-05-05 00:00:00,https://eofe.fa.us2.oraclecloud.com/hcmUI/CandidateExperience/en/sites/BNY-Careers/job/73492
BNY,73810,"Director, Cyber Security Engineer",Cybersecurity,New York,NY,United States,unknown,Full time,2026-08-21 18:28:41.043993,2026-05-05 00:00:00,https://eofe.fa.us2.oraclecloud.com/hcmUI/CandidateExperience/en/sites/BNY-Careers/job/73810
BNY,73987,"Senior Specialist, Client Operations",Operations,Lake Mary,FL,United States,unknown,Full time,2026-08-21 18:28:42.055695,2026-05-05 00:00:00,https://eofe.fa.us2.oraclecloud.com/hcmUI/CandidateExperience/en/sites/BNY-Careers/job/73987
BNY,74114,"Senior Specialist, Client Operations",Operations,Lake Mary,FL,United States,unknown,Full time,2026-08-21 18:28:42.964057,2026-05-05 00:00:00,https://eofe.fa.us2.oraclecloud.com/hcmUI/CandidateExperience/en/sites/BNY-Careers/job/74114
BNY,74194,"Senior Specialist, Client Operations",Operations,Lake Mary,FL,United States,unknown,Full time,2026-08-21 18:28:44.005700,2026-05-05 00:00:00,https://eofe.fa.us2.oraclecloud.com/hcmUI/CandidateExperience/en/sites/BNY-Careers/job/74194
BNY,74199,"Senior Specialist, Client Operations",Operations,Lake Mary,FL,United States,unknown,Full time,2026-08-21 18:28:45.025946,2026-05-05 00:00:00,https://eofe.fa.us2.oraclecloud.com/hcmUI/CandidateExperience/en/sites/BNY-Careers/job/74199
BNY,75405,"Director, Full-Stack Engineering Manager",Software Engineering,New York,NY,United States,unknown,Full time,2026-08-21 18:28:46.064487,2026-05-05 00:00:00,https://eofe.fa.us2.oraclecloud.com/hcmUI/CandidateExperience/en/sites/BNY-Careers/job/75405
BNY,74121,"Senior Specialist, Client Operations",Operations,Lake Mary,FL,United States,unknown,Full time,2026-08-21 18:28:48.088422,2026-05-04 00:00:00,https://eofe.fa.us2.oraclecloud.com/hcmUI/CandidateExperience/en/sites/BNY-Careers/job/74121
BNY,76411,"Director, Wealth Technology Control Manager",Risk and Compliance,New York,NY,United States,unknown,Full time,2026-08-21 18:28:49.016966,2026-05-04 00:00:00,https://eofe.fa.us2.oraclecloud.com/hcmUI/CandidateExperience/en/sites/BNY-Careers/job/76411
BNY,77310,"Senior Vice President, AI Enablement Lead – Network Services",Risk and Compliance,Pittsburgh,PA,United States,hybrid,Full time,2026-08-21 18:28:49.980959,2026-05-04 00:00:00,https://eofe.fa.us2.oraclecloud.com/hcmUI/CandidateExperience/en/sites/BNY-Careers/job/77310
BNY,77429,"Senior Specialist, Client Service Management",Operations,Berwyn,PA,United States,unknown,Full time,2026-08-21 18:28:51.065319,2026-05-04 00:00:00,https://eofe.fa.us2.oraclecloud.com/hcmUI/CandidateExperience/en/sites/BNY-Careers/job/77429
BNY,75627,"Director, Senior Cloud Security Architect",Risk and Compliance,New York,NY,United States,unknown,Full time,2026-08-21 18:28:52.113620,2026-05-01 00:00:00,https://eofe.fa.us2.oraclecloud.com/hcmUI/CandidateExperience/en/sites/BNY-Careers/job/75627
BNY,75629,"Senior Vice President, Senior Cloud Security Engineer",Cybersecurity,New York,NY,United States,unknown,Full time,2026-08-21 18:28:53.173375,2026-05-01 00:00:00,https://eofe.fa.us2.oraclecloud.com/hcmUI/CandidateExperience/en/sites/BNY-Careers/job/75629
BNY,75770,SVP – Cyber Technology Engineer,Cloud and Infrastructure,New York,NY,United States,unknown,Full time,2026-08-21 18:28:54.165604,2026-05-01 00:00:00,https://eofe.fa.us2.oraclecloud.com/hcmUI/CandidateExperience/en/sites/BNY-Careers/job/75770
BNY,73873,"Senior Specialist, ETF Services",Operations,Lake Mary,FL,United States,unknown,Full time,2026-08-21 18:28:55.071117,2026-04-30 00:00:00,https://eofe.fa.us2.oraclecloud.com/hcmUI/CandidateExperience/en/sites/BNY-Careers/job/73873
BNY,76416,AI Platform Production Engineer,Cloud and Infrastructure,Lake Mary,FL,United States,unknown,Full time,2026-08-21 18:28:56.091795,2026-04-30 00:00:00,https://eofe.fa.us2.oraclecloud.com/hcmUI/CandidateExperience/en/sites/BNY-Careers/job/76416
BNY,76617,"Director, POM Technical Product Management-Reporting & Analytics",Risk and Compliance,New York,NY,United States,unknown,Full time,2026-08-21 18:28:57.100284,2026-04-30 00:00:00,https://eofe.fa.us2.oraclecloud.com/hcmUI/CandidateExperience/en/sites/BNY-Careers/job/76617
BNY,77352,Junior Product Owner (Securities Finance),Risk and Compliance,Pittsburgh,PA,United States,unknown,Full time,2026-08-21 18:28:58.233868,2026-04-30 00:00:00,https://eofe.fa.us2.oraclecloud.com/hcmUI/CandidateExperience/en/sites/BNY-Careers/job/77352
BNY,70202,"Senior Specialist, Derivatives Valuation",Risk and Compliance,Lake Mary,FL,United States,unknown,Full time,2026-08-21 18:28:59.160192,2026-04-29 00:00:00,https://eofe.fa.us2.oraclecloud.com/hcmUI/CandidateExperience/en/sites/BNY-Careers/job/70202
BNY,75715,"Director, Fund Accounting Manager",Finance and Accounting,Boston,MA,United States,unknown,Full time,2026-08-21 18:29:00.197773,2026-04-29 00:00:00,https://eofe.fa.us2.oraclecloud.com/hcmUI/CandidateExperience/en/sites/BNY-Careers/job/75715
BNY,76808,"Senior Vice President, Line of Business Risk",Risk and Compliance,New York,NY,United States,unknown,Full time,2026-08-21 18:29:01.220811,2026-04-29 00:00:00,https://eofe.fa.us2.oraclecloud.com/hcmUI/CandidateExperience/en/sites/BNY-Careers/job/76808
BNY,77276,"Senior Vice President, Markets Content",Risk and Compliance,New York,NY,United States,unknown,Full time,2026-08-21 18:29:02.238140,2026-04-29 00:00:00,https://eofe.fa.us2.oraclecloud.com/hcmUI/CandidateExperience/en/sites/BNY-Careers/job/77276
BNY,75768,"Director, Splunk Platform Engineering & SRE",Cloud and Infrastructure,New York,NY,United States,unknown,Full time,2026-08-21 18:29:03.284684,2026-04-28 00:00:00,https://eofe.fa.us2.oraclecloud.com/hcmUI/CandidateExperience/en/sites/BNY-Careers/job/75768
BNY,77489,"Associate, Fund Administration II",Finance and Accounting,New York,NY,United States,unknown,Full time,2026-08-21 18:29:04.210889,2026-04-28 00:00:00,https://eofe.fa.us2.oraclecloud.com/hcmUI/CandidateExperience/en/sites/BNY-Careers/job/77489
BNY,67823,"Senior Vice President, Full-Stack Engineer",Software Engineering,Jersey City,NJ,United States,unknown,Full time,2026-08-21 18:29:05.224244,2026-04-27 00:00:00,https://eofe.fa.us2.oraclecloud.com/hcmUI/CandidateExperience/en/sites/BNY-Careers/job/67823
BNY,76614,"Senior Vice President, Counsel - Asset Servicing",Legal,Pittsburgh,PA,United States,unknown,Full time,2026-08-21 18:29:06.164051,2026-04-27 00:00:00,https://eofe.fa.us2.oraclecloud.com/hcmUI/CandidateExperience/en/sites/BNY-Careers/job/76614
BNY,77184,"Senior Specialist, Senior Executive Assistant",Cloud and Infrastructure,New York,NY,United States,unknown,Full time,2026-08-21 18:29:08.288983,2026-04-27 00:00:00,https://eofe.fa.us2.oraclecloud.com/hcmUI/CandidateExperience/en/sites/BNY-Careers/job/77184
BNY,77473,Senior Compliance & Control Manager _ Pipeline,Risk and Compliance,Pittsburgh,PA,United States,unknown,Full time,2026-08-21 18:29:09.231724,2026-04-27 00:00:00,https://eofe.fa.us2.oraclecloud.com/hcmUI/CandidateExperience/en/sites/BNY-Careers/job/77473
BNY,73025,"Senior Vice President, Full-Stack Engineer",Operations,New York,NY,United States,unknown,Full time,2026-08-21 18:29:10.315586,2026-04-24 00:00:00,https://eofe.fa.us2.oraclecloud.com/hcmUI/CandidateExperience/en/sites/BNY-Careers/job/73025
BNY,73651,"Vice President, Full-Stack Engineer",Software Engineering,Jersey City,NJ,United States,unknown,Full time,2026-08-21 18:29:11.239531,2026-04-24 00:00:00,https://eofe.fa.us2.oraclecloud.com/hcmUI/CandidateExperience/en/sites/BNY-Careers/job/73651
BNY,74489,"Senior Associate, Studio Design",Operations,New York,NY,United States,unknown,Full time,2026-08-21 18:29:12.275432,2026-04-24 00:00:00,https://eofe.fa.us2.oraclecloud.com/hcmUI/CandidateExperience/en/sites/BNY-Careers/job/74489
BNY,75821,"Director, Architecture Lead",Risk and Compliance,Lake Mary,FL,United States,unknown,Full time,2026-08-21 18:29:13.408418,2026-04-24 00:00:00,https://eofe.fa.us2.oraclecloud.com/hcmUI/CandidateExperience/en/sites/BNY-Careers/job/75821
BNY,76885,"Senior Vice President, Client Service Executive",Operations,Everett,MA,United States,unknown,Full time,2026-08-21 18:29:14.313980,2026-04-24 00:00:00,https://eofe.fa.us2.oraclecloud.com/hcmUI/CandidateExperience/en/sites/BNY-Careers/job/76885
BNY,73085,"Specialist, Fund/Client Accounting Representative I",Finance and Accounting,Boston,MA,United States,unknown,Full time,2026-08-21 18:29:15.231806,2026-04-23 00:00:00,https://eofe.fa.us2.oraclecloud.com/hcmUI/CandidateExperience/en/sites/BNY-Careers/job/73085
BNY,73482,"Vice President, Client Operations Manager",Risk and Compliance,Lake Mary,FL,United States,unknown,Full time,2026-08-21 18:29:16.257205,2026-04-23 00:00:00,https://eofe.fa.us2.oraclecloud.com/hcmUI/CandidateExperience/en/sites/BNY-Careers/job/73482
BNY,73983,"Senior Specialist, Client Operations",Operations,Lake Mary,FL,United States,unknown,Full time,2026-08-21 18:29:17.292650,2026-04-23 00:00:00,https://eofe.fa.us2.oraclecloud.com/hcmUI/CandidateExperience/en/sites/BNY-Careers/job/73983
BNY,74110,"Specialist, Fund/Client Accounting II",Finance and Accounting,Boston,MA,United States,unknown,Full time,2026-08-21 18:29:18.316525,2026-04-23 00:00:00,https://eofe.fa.us2.oraclecloud.com/hcmUI/CandidateExperience/en/sites/BNY-Careers/job/74110
BNY,74117,"Senior Specialist, Client Operations",Operations,Lake Mary,FL,United States,unknown,Full time,2026-08-21 18:29:19.300342,2026-04-23 00:00:00,https://eofe.fa.us2.oraclecloud.com/hcmUI/CandidateExperience/en/sites/BNY-Careers/job/74117
BNY,74122,"Senior Specialist, Client Operations",Operations,Lake Mary,FL,United States,unknown,Full time,2026-08-21 18:29:20.329437,2026-04-23 00:00:00,https://eofe.fa.us2.oraclecloud.com/hcmUI/CandidateExperience/en/sites/BNY-Careers/job/74122
BNY,74378,"Senior Vice President, Product Management",Sales and Relationship Management,New York,NY,United States,unknown,Full time,2026-08-21 18:29:21.281684,2026-04-23 00:00:00,https://eofe.fa.us2.oraclecloud.com/hcmUI/CandidateExperience/en/sites/BNY-Careers/job/74378
BNY,75659,"Vice President, Full-Stack Engineer",Software Engineering,Lake Mary,FL,United States,unknown,Full time,2026-08-21 18:29:22.329513,2026-04-23 00:00:00,https://eofe.fa.us2.oraclecloud.com/hcmUI/CandidateExperience/en/sites/BNY-Careers/job/75659
BNY,75898,"Senior Director, Cryptography & Security Engineering – Digital Asset Custody",Cybersecurity,New York,NY,United States,unknown,Full time,2026-08-21 18:29:23.225210,2026-04-23 00:00:00,https://eofe.fa.us2.oraclecloud.com/hcmUI/CandidateExperience/en/sites/BNY-Careers/job/75898
BNY,75899,"Senior Director, Cryptography & Digital Asset Security Engineering",Cybersecurity,New York,NY,United States,unknown,Full time,2026-08-21 18:29:24.455188,2026-04-23 00:00:00,https://eofe.fa.us2.oraclecloud.com/hcmUI/CandidateExperience/en/sites/BNY-Careers/job/75899
BNY,76004,"Senior Vice President, Client Operations",Operations,Lake Mary,FL,United States,unknown,Full time,2026-08-21 18:29:25.248694,2026-04-22 00:00:00,https://eofe.fa.us2.oraclecloud.com/hcmUI/CandidateExperience/en/sites/BNY-Careers/job/76004
BNY,76610,"Director, Managing Counsel (FIEQ)",Legal,New York,NY,United States,unknown,Full time,2026-08-21 18:29:26.306993,2026-04-22 00:00:00,https://eofe.fa.us2.oraclecloud.com/hcmUI/CandidateExperience/en/sites/BNY-Careers/job/76610
BNY,77155,"Director, Corporate Communications Manager",Risk and Compliance,New York,NY,United States,unknown,Full time,2026-08-21 18:29:27.273781,2026-04-22 00:00:00,https://eofe.fa.us2.oraclecloud.com/hcmUI/CandidateExperience/en/sites/BNY-Careers/job/77155
BNY,77288,CLO Client Reporting Specialist,Operations,Houston,TX,United States,unknown,Full time,2026-08-21 18:29:28.514625,2026-04-22 00:00:00,https://eofe.fa.us2.oraclecloud.com/hcmUI/CandidateExperience/en/sites/BNY-Careers/job/77288
BNY,74742,"Senior Vice President, Product Designer",Operations,New York,NY,United States,unknown,Full time,2026-08-21 18:29:30.504893,2026-04-21 00:00:00,https://eofe.fa.us2.oraclecloud.com/hcmUI/CandidateExperience/en/sites/BNY-Careers/job/74742
BNY,76406,"Senior Vice President, Technical Product Manager - Digital Asset Custody",Risk and Compliance,New York,NY,United States,unknown,Full time,2026-08-21 18:29:31.386009,2026-04-20 00:00:00,https://eofe.fa.us2.oraclecloud.com/hcmUI/CandidateExperience/en/sites/BNY-Careers/job/76406
BNY,75462,"Specialist, Payroll Administrations",Risk and Compliance,Pittsburgh,PA,United States,unknown,Full time,2026-08-21 18:29:32.392876,2026-04-19 00:00:00,https://eofe.fa.us2.oraclecloud.com/hcmUI/CandidateExperience/en/sites/BNY-Careers/job/75462
BNY,75789,"Director, Product Management, Payroll",Risk and Compliance,New York,NY,United States,unknown,Full time,2026-08-21 18:29:33.355692,2026-04-19 00:00:00,https://eofe.fa.us2.oraclecloud.com/hcmUI/CandidateExperience/en/sites/BNY-Careers/job/75789
BNY,76703,"Director, Corporate Communications Manager",Legal,Washington,DC,United States,unknown,Full time,2026-08-21 18:29:34.517228,2026-04-19 00:00:00,https://eofe.fa.us2.oraclecloud.com/hcmUI/CandidateExperience/en/sites/BNY-Careers/job/76703
BNY,74534,"Senior Vice President, Application Development Manager",Risk and Compliance,Pittsburgh,PA,United States,unknown,Full time,2026-08-21 18:29:35.392362,2026-04-17 00:00:00,https://eofe.fa.us2.oraclecloud.com/hcmUI/CandidateExperience/en/sites/BNY-Careers/job/74534
BNY,76233,"Director, Delivery Practitioner",Product Management,New York,NY,United States,unknown,Full time,2026-08-21 18:29:36.433318,2026-04-17 00:00:00,https://eofe.fa.us2.oraclecloud.com/hcmUI/CandidateExperience/en/sites/BNY-Careers/job/76233
BNY,70855,Cryptography Engineer,Audit,Pittsburgh,PA,United States,hybrid,Full time,2026-08-21 18:29:37.431404,2026-04-16 00:00:00,https://eofe.fa.us2.oraclecloud.com/hcmUI/CandidateExperience/en/sites/BNY-Careers/job/70855
BNY,73980,"Senior Specialist, Client Operations",Operations,Lake Mary,FL,United States,unknown,Full time,2026-08-21 18:29:38.362038,2026-04-16 00:00:00,https://eofe.fa.us2.oraclecloud.com/hcmUI/CandidateExperience/en/sites/BNY-Careers/job/73980
BNY,74001,"Vice President, Infrastructure Engineering, Mainframe Systems Software",Cloud and Infrastructure,Jersey City,NJ,United States,unknown,Full time,2026-08-21 18:29:39.483879,2026-04-16 00:00:00,https://eofe.fa.us2.oraclecloud.com/hcmUI/CandidateExperience/en/sites/BNY-Careers/job/74001
BNY,74633,"Senior Specialist, Client Operations",Operations,Lake Mary,FL,United States,unknown,Full time,2026-08-21 18:29:40.381371,2026-04-16 00:00:00,https://eofe.fa.us2.oraclecloud.com/hcmUI/CandidateExperience/en/sites/BNY-Careers/job/74633
BNY,74969,"Director, Front-End Engineer",Software Engineering,New York,NY,United States,unknown,Full time,2026-08-21 18:29:41.462595,2026-04-16 00:00:00,https://eofe.fa.us2.oraclecloud.com/hcmUI/CandidateExperience/en/sites/BNY-Careers/job/74969
BNY,75729,"Senior Vice President, Bank Loans Operations",Operations,Pittsburgh,PA,United States,unknown,Full time,2026-08-21 18:29:42.481596,2026-04-16 00:00:00,https://eofe.fa.us2.oraclecloud.com/hcmUI/CandidateExperience/en/sites/BNY-Careers/job/75729
BNY,76972,"Senior Specialist, Client Enablement",Human Resources,Pittsburgh,PA,United States,unknown,Full time,2026-08-21 18:29:43.509373,2026-04-15 00:00:00,https://eofe.fa.us2.oraclecloud.com/hcmUI/CandidateExperience/en/sites/BNY-Careers/job/76972
BNY,75275,"Vice President, Fund/Client Accounting Manager",Finance and Accounting,Boston,MA,United States,unknown,Full time,2026-08-21 18:29:44.528236,2026-04-14 00:00:00,https://eofe.fa.us2.oraclecloud.com/hcmUI/CandidateExperience/en/sites/BNY-Careers/job/75275
BNY,75276,"Vice President, Fund/Client Accounting Manager",Finance and Accounting,Boston,MA,United States,unknown,Full time,2026-08-21 18:29:45.448414,2026-04-14 00:00:00,https://eofe.fa.us2.oraclecloud.com/hcmUI/CandidateExperience/en/sites/BNY-Careers/job/75276
BNY,76412,Senior Director of Network Security – Engineering Lead,Cloud and Infrastructure,New York,NY,United States,unknown,Full time,2026-08-21 18:29:46.598770,2026-04-14 00:00:00,https://eofe.fa.us2.oraclecloud.com/hcmUI/CandidateExperience/en/sites/BNY-Careers/job/76412
BNY,75167,"Vice President, Accounting Production Lead",Finance and Accounting,Boston,MA,United States,unknown,Full time,2026-08-21 18:29:47.554010,2026-04-13 00:00:00,https://eofe.fa.us2.oraclecloud.com/hcmUI/CandidateExperience/en/sites/BNY-Careers/job/75167
BNY,76501,Senior Workplace Technology Modernization Lead,Risk and Compliance,Lake Mary,FL,United States,unknown,Full time,2026-08-21 18:29:48.644996,2026-04-13 00:00:00,https://eofe.fa.us2.oraclecloud.com/hcmUI/CandidateExperience/en/sites/BNY-Careers/job/76501
BNY,73084,"Specialist, Reconciliation Representative I",Operations,Pittsburgh,PA,United States,unknown,Full time,2026-08-21 18:29:50.536781,2026-04-10 00:00:00,https://eofe.fa.us2.oraclecloud.com/hcmUI/CandidateExperience/en/sites/BNY-Careers/job/73084
BNY,75617,"Senior Vice President, 1LoD Risk and Controls",Risk and Compliance,New York,NY,United States,unknown,Full time,2026-08-21 18:29:51.516633,2026-04-09 00:00:00,https://eofe.fa.us2.oraclecloud.com/hcmUI/CandidateExperience/en/sites/BNY-Careers/job/75617
BNY,75267,"Senior Specialist, Production Services Application Support Analyst",Cloud and Infrastructure,Berwyn,PA,United States,unknown,Full time,2026-08-21 18:29:52.504249,2026-04-08 00:00:00,https://eofe.fa.us2.oraclecloud.com/hcmUI/CandidateExperience/en/sites/BNY-Careers/job/75267
BNY,75268,"Senior Specialist, Information Risk",Risk and Compliance,Berwyn,PA,United States,unknown,Full time,2026-08-21 18:29:53.567366,2026-04-08 00:00:00,https://eofe.fa.us2.oraclecloud.com/hcmUI/CandidateExperience/en/sites/BNY-Careers/job/75268
BNY,76660,Platform Architect _pipeline,Operations,New York,NY,United States,unknown,Full time,2026-08-21 18:29:54.653151,2026-04-08 00:00:00,https://eofe.fa.us2.oraclecloud.com/hcmUI/CandidateExperience/en/sites/BNY-Careers/job/76660
BNY,73954,"Senior Vice President, Consultant Relations - BNY Investments",Risk and Compliance,New York,NY,United States,unknown,Full time,2026-08-21 18:29:55.588197,2026-04-07 00:00:00,https://eofe.fa.us2.oraclecloud.com/hcmUI/CandidateExperience/en/sites/BNY-Careers/job/73954
BNY,75658,"Vice President, Full-Stack Engineer",Software Engineering,Lake Mary,FL,United States,unknown,Full time,2026-08-21 18:29:56.707162,2026-04-07 00:00:00,https://eofe.fa.us2.oraclecloud.com/hcmUI/CandidateExperience/en/sites/BNY-Careers/job/75658
BNY,75797,"Vice President, Production Services Application Support",Other,New York,NY,United States,unknown,Full time,2026-08-21 18:29:57.593287,2026-04-07 00:00:00,https://eofe.fa.us2.oraclecloud.com/hcmUI/CandidateExperience/en/sites/BNY-Careers/job/75797
BNY,73368,"Senior Director, Client Executive - Energy & Utilities",Sales and Relationship Management,New York,NY,United States,unknown,Full time,2026-08-21 18:29:58.620022,2026-04-06 00:00:00,https://eofe.fa.us2.oraclecloud.com/hcmUI/CandidateExperience/en/sites/BNY-Careers/job/73368
BNY,73994,"Director, Wealth Advisor",Sales and Relationship Management,San Francisco,CA,United States,unknown,Full time,2026-08-21 18:29:59.660853,2026-04-03 00:00:00,https://eofe.fa.us2.oraclecloud.com/hcmUI/CandidateExperience/en/sites/BNY-Careers/job/73994
BNY,75185,"Specialist, Paralegal II",Legal,Pittsburgh,PA,United States,unknown,Full time,2026-08-21 18:30:00.661427,2026-04-03 00:00:00,https://eofe.fa.us2.oraclecloud.com/hcmUI/CandidateExperience/en/sites/BNY-Careers/job/75185
BNY,76521,Fraud Hub Lead Engineer,Risk and Compliance,New York,NY,United States,unknown,Full time,2026-08-21 18:30:01.649078,2026-04-03 00:00:00,https://eofe.fa.us2.oraclecloud.com/hcmUI/CandidateExperience/en/sites/BNY-Careers/job/76521
BNY,74496,"Vice President, Client Processing Manager",Operations,Lake Mary,FL,United States,unknown,Full time,2026-08-21 18:30:02.640204,2026-04-02 00:00:00,https://eofe.fa.us2.oraclecloud.com/hcmUI/CandidateExperience/en/sites/BNY-Careers/job/74496
BNY,75112,"Vice President, Full-Stack Engineer",Software Engineering,Boston,MA,United States,unknown,Full time,2026-08-21 18:30:03.566390,2026-04-02 00:00:00,https://eofe.fa.us2.oraclecloud.com/hcmUI/CandidateExperience/en/sites/BNY-Careers/job/75112
BNY,75782,"Senior Vice President, POM Product Management",Product Management,New York,NY,United States,unknown,Full time,2026-08-21 18:30:05.567696,2026-03-30 00:00:00,https://eofe.fa.us2.oraclecloud.com/hcmUI/CandidateExperience/en/sites/BNY-Careers/job/75782
BNY,73165,"Director, Operations Lead - Loans Enablement",Operations,Houston,TX,United States,unknown,Full time,2026-08-21 18:30:06.657710,2026-03-27 00:00:00,https://eofe.fa.us2.oraclecloud.com/hcmUI/CandidateExperience/en/sites/BNY-Careers/job/73165
BNY,73168,"Vice President, Client Processing Manager",Operations,Houston,TX,United States,unknown,Full time,2026-08-21 18:30:07.666537,2026-03-27 00:00:00,https://eofe.fa.us2.oraclecloud.com/hcmUI/CandidateExperience/en/sites/BNY-Careers/job/73168
BNY,73169,"Vice President, Client Processing Manager - Loans Enablement",Operations,Houston,TX,United States,unknown,Full time,2026-08-21 18:30:08.650365,2026-03-27 00:00:00,https://eofe.fa.us2.oraclecloud.com/hcmUI/CandidateExperience/en/sites/BNY-Careers/job/73169
BNY,76212,"Director, Architecture Lead",Risk and Compliance,Lake Mary,FL,United States,unknown,Full time,2026-08-21 18:30:09.839229,2026-03-26 00:00:00,https://eofe.fa.us2.oraclecloud.com/hcmUI/CandidateExperience/en/sites/BNY-Careers/job/76212
BNY,73166,"Senior Vice President, Client Processing Manager",Operations,Houston,TX,United States,unknown,Full time,2026-08-21 18:30:10.736650,2026-03-24 00:00:00,https://eofe.fa.us2.oraclecloud.com/hcmUI/CandidateExperience/en/sites/BNY-Careers/job/73166
BNY,75500,"Production Services Infrastructure Support, Azure Kubernetes Services",Cloud and Infrastructure,New York,NY,United States,unknown,Full time,2026-08-21 18:30:11.644993,2026-03-24 00:00:00,https://eofe.fa.us2.oraclecloud.com/hcmUI/CandidateExperience/en/sites/BNY-Careers/job/75500
BNY,75501,Cloud Support Engineer,Risk and Compliance,Pittsburgh,PA,United States,unknown,Full time,2026-08-21 18:30:12.684369,2026-03-24 00:00:00,https://eofe.fa.us2.oraclecloud.com/hcmUI/CandidateExperience/en/sites/BNY-Careers/job/75501
BNY,75503,IAM/RBAC Engineer,Cloud and Infrastructure,Pittsburgh,PA,United States,unknown,Full time,2026-08-21 18:30:13.697891,2026-03-24 00:00:00,https://eofe.fa.us2.oraclecloud.com/hcmUI/CandidateExperience/en/sites/BNY-Careers/job/75503
BNY,75505,Cloud Support Engineer,Risk and Compliance,Pittsburgh,PA,United States,unknown,Full time,2026-08-21 18:30:14.704245,2026-03-24 00:00:00,https://eofe.fa.us2.oraclecloud.com/hcmUI/CandidateExperience/en/sites/BNY-Careers/job/75505
BNY,75801,"Director, Wealth Advisor",Sales and Relationship Management,Newport Beach,CA,United States,unknown,Full time,2026-08-21 18:30:15.864931,2026-03-23 00:00:00,https://eofe.fa.us2.oraclecloud.com/hcmUI/CandidateExperience/en/sites/BNY-Careers/job/75801
BNY,74355,"Specialist, Client Service",Sales and Relationship Management,Pittsburgh,PA,United States,unknown,Full time,2026-08-21 18:30:16.796168,2026-03-19 00:00:00,https://eofe.fa.us2.oraclecloud.com/hcmUI/CandidateExperience/en/sites/BNY-Careers/job/74355
BNY,73244,"Senior Vice President, Full-Stack Engineer",Software Engineering,Lake Mary,FL,United States,unknown,Full time,2026-08-21 18:30:18.737282,2026-03-16 00:00:00,https://eofe.fa.us2.oraclecloud.com/hcmUI/CandidateExperience/en/sites/BNY-Careers/job/73244
BNY,74618,"Vice President, Full-Stack Engineer",Cloud and Infrastructure,Lake Mary,FL,United States,unknown,Full time,2026-08-21 18:30:19.712847,2026-03-16 00:00:00,https://eofe.fa.us2.oraclecloud.com/hcmUI/CandidateExperience/en/sites/BNY-Careers/job/74618
BNY,73864,"Director, ETF Service Delivery",Audit,Boston,MA,United States,unknown,Full time,2026-08-21 18:30:20.778895,2026-03-13 00:00:00,https://eofe.fa.us2.oraclecloud.com/hcmUI/CandidateExperience/en/sites/BNY-Careers/job/73864
BNY,73868,"Vice President, ETF Services",Risk and Compliance,Boston,MA,United States,unknown,Full time,2026-08-21 18:30:21.739967,2026-03-13 00:00:00,https://eofe.fa.us2.oraclecloud.com/hcmUI/CandidateExperience/en/sites/BNY-Careers/job/73868
BNY,73420,"Vice President, Full-Stack Engineer",Software Engineering,Lake Mary,FL,United States,unknown,Full time,2026-08-21 18:30:22.833552,2026-03-12 00:00:00,https://eofe.fa.us2.oraclecloud.com/hcmUI/CandidateExperience/en/sites/BNY-Careers/job/73420
BNY,74562,"Senior Vice President, Product Design",Operations,New York,NY,United States,unknown,Full time,2026-08-21 18:30:23.777847,2026-03-12 00:00:00,https://eofe.fa.us2.oraclecloud.com/hcmUI/CandidateExperience/en/sites/BNY-Careers/job/74562
BNY,73902,"Director, Application Development Manager",Software Engineering,New York,NY,United States,unknown,Full time,2026-08-21 18:30:24.769316,2026-03-11 00:00:00,https://eofe.fa.us2.oraclecloud.com/hcmUI/CandidateExperience/en/sites/BNY-Careers/job/73902
BNY,74445,"Senior Vice President, Full-Stack Engineer",Cloud and Infrastructure,Lake Mary,FL,United States,unknown,Full time,2026-08-21 18:30:25.874959,2026-03-11 00:00:00,https://eofe.fa.us2.oraclecloud.com/hcmUI/CandidateExperience/en/sites/BNY-Careers/job/74445
BNY,75197,"Vice President, ESG Data Solutions & Controls",Risk and Compliance,New York,NY,United States,unknown,Full time,2026-08-21 18:30:26.771142,2026-03-11 00:00:00,https://eofe.fa.us2.oraclecloud.com/hcmUI/CandidateExperience/en/sites/BNY-Careers/job/75197
BNY,75611,Corporate Security Engineering – Lead Engineer Role,Cybersecurity,New York,NY,United States,unknown,Full time,2026-08-21 18:30:27.821507,2026-03-11 00:00:00,https://eofe.fa.us2.oraclecloud.com/hcmUI/CandidateExperience/en/sites/BNY-Careers/job/75611
BNY,74400,"Vice President, Dynamics 365 CE Developer",Software Engineering,Lake Mary,FL,United States,unknown,Full time,2026-08-21 18:30:28.859920,2026-03-09 00:00:00,https://eofe.fa.us2.oraclecloud.com/hcmUI/CandidateExperience/en/sites/BNY-Careers/job/74400
BNY,74936,"Vice President, Infrastructure Engineering, DB2",Cloud and Infrastructure,Jersey City,NJ,United States,unknown,Full time,2026-08-21 18:30:29.867601,2026-03-06 00:00:00,https://eofe.fa.us2.oraclecloud.com/hcmUI/CandidateExperience/en/sites/BNY-Careers/job/74936
BNY,75609,Vice President - US Partnerships,Risk and Compliance,New York,NY,United States,unknown,Full time,2026-08-21 18:30:31.956916,2026-03-06 00:00:00,https://eofe.fa.us2.oraclecloud.com/hcmUI/CandidateExperience/en/sites/BNY-Careers/job/75609
BNY,73860,"Vice President, ETF Services",Risk and Compliance,Boston,MA,United States,unknown,Full time,2026-08-21 18:30:33.425446,2026-03-05 00:00:00,https://eofe.fa.us2.oraclecloud.com/hcmUI/CandidateExperience/en/sites/BNY-Careers/job/73860
BNY,69526,"Specialist, Fund Reporting Representative II",Risk and Compliance,Boston,MA,United States,unknown,Full time,2026-08-21 18:30:33.884158,2026-03-02 00:00:00,https://eofe.fa.us2.oraclecloud.com/hcmUI/CandidateExperience/en/sites/BNY-Careers/job/69526
BNY,69528,"Vice President, Fund Reporting Manager I",Risk and Compliance,Boston,MA,United States,unknown,Full time,2026-08-21 18:30:35.022163,2026-03-02 00:00:00,https://eofe.fa.us2.oraclecloud.com/hcmUI/CandidateExperience/en/sites/BNY-Careers/job/69528
BNY,69529,"Specialist, Fund Reporting Representative I",Risk and Compliance,Boston,MA,United States,unknown,Full time,2026-08-21 18:30:35.932094,2026-03-02 00:00:00,https://eofe.fa.us2.oraclecloud.com/hcmUI/CandidateExperience/en/sites/BNY-Careers/job/69529
BNY,69530,"Specialist, Fund Reporting II",Risk and Compliance,Boston,MA,United States,unknown,Full time,2026-08-21 18:30:36.956302,2026-03-02 00:00:00,https://eofe.fa.us2.oraclecloud.com/hcmUI/CandidateExperience/en/sites/BNY-Careers/job/69530
BNY,75301,"Senior Vice President, Auditor, Credit Risk",Audit,New York,NY,United States,unknown,Full time,2026-08-21 18:30:38.208080,2026-03-02 00:00:00,https://eofe.fa.us2.oraclecloud.com/hcmUI/CandidateExperience/en/sites/BNY-Careers/job/75301
BNY,71645,"Senior Specialist, Cash Processing/Funds Transfer",Operations,Pittsburgh,PA,United States,hybrid,Full time,2026-08-21 18:30:38.990294,2026-02-27 00:00:00,https://eofe.fa.us2.oraclecloud.com/hcmUI/CandidateExperience/en/sites/BNY-Careers/job/71645
BNY,74601,"Specialist, Client Processing",Operations,Pittsburgh,PA,United States,unknown,Full time,2026-08-21 18:30:40.033767,2026-02-26 00:00:00,https://eofe.fa.us2.oraclecloud.com/hcmUI/CandidateExperience/en/sites/BNY-Careers/job/74601
BNY,75300,"Director, Cybersecurity Regulatory Engagement (1LOD)",Risk and Compliance,New York,NY,United States,hybrid,Full time,2026-08-21 18:30:40.963674,2026-02-25 00:00:00,https://eofe.fa.us2.oraclecloud.com/hcmUI/CandidateExperience/en/sites/BNY-Careers/job/75300
BNY,72397,"Vice President, Client Processing",Operations,Pittsburgh,PA,United States,hybrid,Full time,2026-08-21 18:30:42.080991,2026-02-20 00:00:00,https://eofe.fa.us2.oraclecloud.com/hcmUI/CandidateExperience/en/sites/BNY-Careers/job/72397
BNY,73688,"Vice President, Strategic Risk & Enterprise Initiatives Coverage",Risk and Compliance,New York,NY,United States,unknown,Full time,2026-08-21 18:30:43.110927,2026-02-17 00:00:00,https://eofe.fa.us2.oraclecloud.com/hcmUI/CandidateExperience/en/sites/BNY-Careers/job/73688
BNY,74444,"Vice President, Full-Stack Engineer",Cloud and Infrastructure,Lake Mary,FL,United States,unknown,Full time,2026-08-21 18:30:43.964178,2026-02-17 00:00:00,https://eofe.fa.us2.oraclecloud.com/hcmUI/CandidateExperience/en/sites/BNY-Careers/job/74444
BNY,74004,"Vice President, Full-Stack Engineer with Camunda",Software Engineering,Pittsburgh,PA,United States,unknown,Full time,2026-08-21 18:30:45.046110,2026-02-13 00:00:00,https://eofe.fa.us2.oraclecloud.com/hcmUI/CandidateExperience/en/sites/BNY-Careers/job/74004
BNY,74914,Applied AI Technical Product Manager,Risk and Compliance,New York,NY,United States,unknown,Full time,2026-08-21 18:30:46.081427,2026-02-13 00:00:00,https://eofe.fa.us2.oraclecloud.com/hcmUI/CandidateExperience/en/sites/BNY-Careers/job/74914
BNY,74844,"Vice President, Client Service Management Pipeline",Risk and Compliance,Boston,MA,United States,unknown,Full time,2026-08-21 18:30:47.008000,2026-02-12 00:00:00,https://eofe.fa.us2.oraclecloud.com/hcmUI/CandidateExperience/en/sites/BNY-Careers/job/74844
BNY,74847,"Senior Vice President, Client Service Executive Manager - Pipeline",Risk and Compliance,Everett,MA,United States,unknown,Full time,2026-08-21 18:30:48.014815,2026-02-12 00:00:00,https://eofe.fa.us2.oraclecloud.com/hcmUI/CandidateExperience/en/sites/BNY-Careers/job/74847
BNY,74848,"Vice President, Client Service Management - Pipeline",Risk and Compliance,Pittsburgh,PA,United States,unknown,Full time,2026-08-21 18:30:49.050333,2026-02-12 00:00:00,https://eofe.fa.us2.oraclecloud.com/hcmUI/CandidateExperience/en/sites/BNY-Careers/job/74848
BNY,74850,"Senior Vice President, Client Service Executive - Pipeline",Risk and Compliance,Boston,MA,United States,unknown,Full time,2026-08-21 18:30:50.072575,2026-02-12 00:00:00,https://eofe.fa.us2.oraclecloud.com/hcmUI/CandidateExperience/en/sites/BNY-Careers/job/74850
BNY,74852,"Senior Vice President, Client Service Executive - Pipeline",Risk and Compliance,New York,NY,United States,unknown,Full time,2026-08-21 18:30:52.127080,2026-02-12 00:00:00,https://eofe.fa.us2.oraclecloud.com/hcmUI/CandidateExperience/en/sites/BNY-Careers/job/74852
BNY,74856,"Vice President, Client Service Management - Pipeline",Sales and Relationship Management,Lake Mary,FL,United States,unknown,Full time,2026-08-21 18:30:53.135457,2026-02-12 00:00:00,https://eofe.fa.us2.oraclecloud.com/hcmUI/CandidateExperience/en/sites/BNY-Careers/job/74856
BNY,74858,"Vice President, Client Service Management - Pipeline",Risk and Compliance,Lake Mary,FL,United States,unknown,Full time,2026-08-21 18:30:54.066202,2026-02-12 00:00:00,https://eofe.fa.us2.oraclecloud.com/hcmUI/CandidateExperience/en/sites/BNY-Careers/job/74858
BNY,66244,"Accounting Manager, Real Estate Funds",Finance and Accounting,Lake Mary,FL,United States,unknown,Full time,2026-08-21 18:30:55.289437,2026-02-10 00:00:00,https://eofe.fa.us2.oraclecloud.com/hcmUI/CandidateExperience/en/sites/BNY-Careers/job/66244
BNY,74200,"Director, Product Design/Platform Design Lead",Other,New York,NY,United States,unknown,Full time,2026-08-21 18:30:56.119843,2026-02-04 00:00:00,https://eofe.fa.us2.oraclecloud.com/hcmUI/CandidateExperience/en/sites/BNY-Careers/job/74200
BNY,68615,"Senior Vice President, Product Designer",Other,New York,NY,United States,unknown,Full time,2026-08-21 18:30:57.145708,2026-01-27 00:00:00,https://eofe.fa.us2.oraclecloud.com/hcmUI/CandidateExperience/en/sites/BNY-Careers/job/68615
BNY,69415,Microsoft Dynamics 365 Developer,Software Engineering,Lake Mary,FL,United States,hybrid,Full time,2026-08-21 18:30:58.151526,2026-01-27 00:00:00,https://eofe.fa.us2.oraclecloud.com/hcmUI/CandidateExperience/en/sites/BNY-Careers/job/69415
BNY,71416,"Vice President, Service Designer",Product Management,New York,NY,United States,unknown,Full time,2026-08-21 18:30:59.186414,2026-01-26 00:00:00,https://eofe.fa.us2.oraclecloud.com/hcmUI/CandidateExperience/en/sites/BNY-Careers/job/71416
BNY,73815,"Vice President, Auditor, Markets and Wealth Services",Audit,Jersey City,NJ,United States,unknown,Full time,2026-08-21 18:31:00.114398,2026-01-23 00:00:00,https://eofe.fa.us2.oraclecloud.com/hcmUI/CandidateExperience/en/sites/BNY-Careers/job/73815
BNY,73819,"Director, Audit Manager, Markets and Wealth Services",Audit,Lake Mary,FL,United States,unknown,Full time,2026-08-21 18:31:01.186458,2026-01-23 00:00:00,https://eofe.fa.us2.oraclecloud.com/hcmUI/CandidateExperience/en/sites/BNY-Careers/job/73819
BNY,73821,"Vice President, Auditor, Clearance and Collateral Management",Audit,New York,NY,United States,unknown,Full time,2026-08-21 18:31:02.152667,2026-01-23 00:00:00,https://eofe.fa.us2.oraclecloud.com/hcmUI/CandidateExperience/en/sites/BNY-Careers/job/73821
BNY,73825,"Vice President, Auditor, Global Payments and Trade/Treasury Services",Audit,Jersey City,NJ,United States,unknown,Full time,2026-08-21 18:31:03.109246,2026-01-23 00:00:00,https://eofe.fa.us2.oraclecloud.com/hcmUI/CandidateExperience/en/sites/BNY-Careers/job/73825
BNY,70655,"Senior Associate, Real Estate Fund Accounting",Finance and Accounting,New York,NY,United States,unknown,Full time,2026-08-21 18:31:04.170779,2026-01-21 00:00:00,https://eofe.fa.us2.oraclecloud.com/hcmUI/CandidateExperience/en/sites/BNY-Careers/job/70655
BNY,72953,"Vice President, Full-Stack Engineer",Software Engineering,Pittsburgh,PA,United States,unknown,Full time,2026-08-21 18:31:05.116835,2026-01-15 00:00:00,https://eofe.fa.us2.oraclecloud.com/hcmUI/CandidateExperience/en/sites/BNY-Careers/job/72953
BNY,72779,"Director, Fund/Client Accounting Manager",Finance and Accounting,Lake Mary,FL,United States,unknown,Full time,2026-08-21 18:31:07.122281,2026-01-12 00:00:00,https://eofe.fa.us2.oraclecloud.com/hcmUI/CandidateExperience/en/sites/BNY-Careers/job/72779
BNY,70104,"Specialist, Client Processing Representative - Global Clearing Ops",Operations,Lake Mary,FL,United States,hybrid,Full time,2026-08-21 18:31:08.146821,2026-01-11 00:00:00,https://eofe.fa.us2.oraclecloud.com/hcmUI/CandidateExperience/en/sites/BNY-Careers/job/70104
BNY,70162,"Senior Vice President, OPS Control Manager",Risk and Compliance,Pittsburgh,PA,United States,hybrid,Full time,2026-08-21 18:31:09.216326,2026-01-11 00:00:00,https://eofe.fa.us2.oraclecloud.com/hcmUI/CandidateExperience/en/sites/BNY-Careers/job/70162
BNY,71330,"Specialist, Client Processing II - Core Clearing Client Processing",Operations,Lake Mary,FL,United States,hybrid,Full time,2026-08-21 18:31:10.171912,2026-01-11 00:00:00,https://eofe.fa.us2.oraclecloud.com/hcmUI/CandidateExperience/en/sites/BNY-Careers/job/71330
BNY,72556,Specialist Client Processing I - Loans Enablement,Operations,Houston,TX,United States,unknown,Full time,2026-08-21 18:31:11.135549,2026-01-09 00:00:00,https://eofe.fa.us2.oraclecloud.com/hcmUI/CandidateExperience/en/sites/BNY-Careers/job/72556
BNY,71253,"Senior Director, Client Processing Manager",Risk and Compliance,Pittsburgh,PA,United States,hybrid,Full time,2026-08-21 18:31:12.173441,2026-01-07 00:00:00,https://eofe.fa.us2.oraclecloud.com/hcmUI/CandidateExperience/en/sites/BNY-Careers/job/71253
BNY,72662,"Senior Vice President, Technical Accounting",Finance and Accounting,New York,NY,United States,unknown,Full time,2026-08-21 18:31:13.224210,2026-01-06 00:00:00,https://eofe.fa.us2.oraclecloud.com/hcmUI/CandidateExperience/en/sites/BNY-Careers/job/72662
BNY,72768,"Senior Director, Client Executive",Operations,New York,NY,United States,unknown,Full time,2026-08-21 18:31:14.184535,2026-01-06 00:00:00,https://eofe.fa.us2.oraclecloud.com/hcmUI/CandidateExperience/en/sites/BNY-Careers/job/72768
BNY,71983,"Vice President, Product Designer",Operations,New York,NY,United States,onsite,Full time,2026-08-21 18:31:15.229404,2025-12-12 00:00:00,https://eofe.fa.us2.oraclecloud.com/hcmUI/CandidateExperience/en/sites/BNY-Careers/job/71983
BNY,71845,"Specialist, Paralegal I",Legal,Pittsburgh,PA,United States,unknown,Full time,2026-08-21 18:31:16.217556,2025-12-04 00:00:00,https://eofe.fa.us2.oraclecloud.com/hcmUI/CandidateExperience/en/sites/BNY-Careers/job/71845
BNY,71846,"Senior Specialist, Paralegal",Legal,New York,NY,United States,unknown,Full time,2026-08-21 18:31:17.216367,2025-12-04 00:00:00,https://eofe.fa.us2.oraclecloud.com/hcmUI/CandidateExperience/en/sites/BNY-Careers/job/71846
BNY,72079,Senior Specialist Treasury and ALM,Risk and Compliance,New York,NY,United States,unknown,Full time,2026-08-21 18:31:18.292041,2025-11-26 00:00:00,https://eofe.fa.us2.oraclecloud.com/hcmUI/CandidateExperience/en/sites/BNY-Careers/job/72079
BNY,72058,"Specialist, Executive Assistant",Other,New York,NY,United States,unknown,Full time,2026-08-21 18:31:19.241200,2025-11-18 00:00:00,https://eofe.fa.us2.oraclecloud.com/hcmUI/CandidateExperience/en/sites/BNY-Careers/job/72058
BNY,70838,"Senior Specialist, First Line Defense Risk & Controls",Risk and Compliance,New York,NY,United States,hybrid,Full time,2026-08-21 18:31:20.335556,2025-10-30 00:00:00,https://eofe.fa.us2.oraclecloud.com/hcmUI/CandidateExperience/en/sites/BNY-Careers/job/70838
BNY,69887,"Specialist, Fund/Client Accounting II",Finance and Accounting,Los Angeles,CA,United States,hybrid,Full time,2026-08-21 18:31:21.302296,2025-10-28 00:00:00,https://eofe.fa.us2.oraclecloud.com/hcmUI/CandidateExperience/en/sites/BNY-Careers/job/69887
BNY,69939,"Vice President, Fund/Client Accounting Manager I",Finance and Accounting,Los Angeles,CA,United States,unknown,Full time,2026-08-21 18:31:22.285642,2025-10-23 00:00:00,https://eofe.fa.us2.oraclecloud.com/hcmUI/CandidateExperience/en/sites/BNY-Careers/job/69939
BNY,64971,"Vice President, Mainframe Engineer II",Operations,Pittsburgh,PA,United States,unknown,Full time,2026-08-21 18:31:24.402045,2025-10-08 00:00:00,https://eofe.fa.us2.oraclecloud.com/hcmUI/CandidateExperience/en/sites/BNY-Careers/job/64971
BNY,70607,"Specialist, Derivatives Middle Office",Operations,Lake Mary,FL,United States,unknown,Full time,2026-08-21 18:31:25.396711,2025-09-22 00:00:00,https://eofe.fa.us2.oraclecloud.com/hcmUI/CandidateExperience/en/sites/BNY-Careers/job/70607
BNY,68686,Shareholder Services Representative,Operations,Lake Mary,FL,United States,unknown,Full time,2026-08-21 18:31:26.314412,2025-09-08 00:00:00,https://eofe.fa.us2.oraclecloud.com/hcmUI/CandidateExperience/en/sites/BNY-Careers/job/68686
BNY,69340,Associate Fund Accounting,Finance and Accounting,Los Angeles,CA,United States,unknown,Full time,2026-08-21 18:31:27.260282,2025-08-19 00:00:00,https://eofe.fa.us2.oraclecloud.com/hcmUI/CandidateExperience/en/sites/BNY-Careers/job/69340
BNY,67262,"Vice President, Full-Stack Engineer II",Software Engineering,Jersey City,NJ,United States,hybrid,Full time,2026-08-21 18:31:28.360936,2025-07-10 00:00:00,https://eofe.fa.us2.oraclecloud.com/hcmUI/CandidateExperience/en/sites/BNY-Careers/job/67262
BNY,67282,"Senior Vice President, Front-End Engineer",Software Engineering,New York,NY,United States,hybrid,Full time,2026-08-21 18:31:29.286285,2025-07-09 00:00:00,https://eofe.fa.us2.oraclecloud.com/hcmUI/CandidateExperience/en/sites/BNY-Careers/job/67282
BNY,62428,"Vice President, Solution Architect II",Risk and Compliance,Lake Mary,FL,United States,unknown,Full time,2026-08-21 18:31:30.360544,2024-12-18 00:00:00,https://eofe.fa.us2.oraclecloud.com/hcmUI/CandidateExperience/en/sites/BNY-Careers/job/62428
