company,source_job_id,title,role_family,city,state,country,workplace_type,employment_type,first_seen_at,source_posted_at,posting_url
CITIBANK,99532153872,Java Fullstack Developer Lead Application Development Technical  Lead Analyst Vice President Conversion,Software Engineering,Irving,TX,United States,hybrid,,2026-08-21 17:42:52.630384,2026-08-21 00:00:00,https://jobs.citi.com/job/irving/java-fullstack-developer-lead-application-development-technical-lead-analyst-vice-president-convers/287/99532153872
CITIBANK,99532123216,Build Engineer Assistant Vice President Conversion,Risk and Compliance,Irving,TX,United States,hybrid,,2026-08-21 17:42:54.663079,2026-08-21 00:00:00,https://jobs.citi.com/job/irving/build-engineer-assistant-vice-president-conversion/287/99532123216
CITIBANK,98388390000,AVP Quantitative Analyst – Flow Equity Derivatives,Risk and Compliance,New York,NY,United States,hybrid,,2026-08-21 17:42:56.660916,2026-07-27 00:00:00,https://jobs.citi.com/job/new-york/avp-quantitative-analyst-flow-equity-derivatives/287/98388390000
CITIBANK,99532178912,"Senior Vice President, Mid-Corp Relationship Manager - Digital Tech & Comms",Risk and Compliance,San Francisco,CA,United States,hybrid,,2026-08-21 17:42:57.684627,2026-08-21 00:00:00,https://jobs.citi.com/job/san-francisco/senior-vice-president-mid-corp-relationship-manager-digital-tech-and-comms/287/99532178912
CITIBANK,99532165872,Personal Banker SAFE Act (Bilingual: English/Spanish Speaking Preferred) - Port Washington Branch,Sales and Relationship Management,Port Washington,NY,United States,unknown,,2026-08-21 17:42:58.698037,2026-08-21 00:00:00,https://jobs.citi.com/job/port-washington/personal-banker-safe-act-bilingual-english-spanish-speaking-preferred-port-washington-branch/287/99532165872
CITIBANK,99545069296,Securities and Derivatives Senior Analyst Hybrid,Risk and Compliance,Getzville,NY,United States,hybrid,,2026-08-21 19:24:25.097247,2026-08-21 00:00:00,https://jobs.citi.com/job/getzville/securities-and-derivatives-senior-analyst-hybrid/287/99545069296
CITIBANK,99545052128,Personal Banker SAFE Act - Princess Bay Branch,Sales and Relationship Management,New York,NY,United States,unknown,,2026-08-21 19:24:25.999657,2026-08-21 00:00:00,https://jobs.citi.com/job/new-york/personal-banker-safe-act-princess-bay-branch/287/99545052128
CITIBANK,99545050336,Part-Time Universal Banker (20 Hours) - Central Islip Branch,Sales and Relationship Management,Central Islip,NY,United States,unknown,,2026-08-21 19:24:26.995352,2026-08-21 00:00:00,https://jobs.citi.com/job/central-islip/part-time-universal-banker-20-hours-central-islip-branch/287/99545050336
CITIBANK,99544988176,"AI Digital Senior Program Lead, Global Services - Senior Vice President",Operations,New York,NY,United States,hybrid,,2026-08-21 19:24:29.062810,2026-08-21 00:00:00,https://jobs.citi.com/job/new-york/ai-digital-senior-program-lead-global-services-senior-vice-president/287/99544988176
CITIBANK,99532165856,Personal Banker SAFE Act (Bilingual: English/Chinese/Mandarin Speaking Preferred) - Jericho Branch,Sales and Relationship Management,Jericho,NY,United States,unknown,,2026-08-21 19:24:30.963427,2026-08-21 00:00:00,https://jobs.citi.com/job/jericho/personal-banker-safe-act-bilingual-english-chinese-mandarin-speaking-preferred-jericho-branch/287/99532165856
CITIBANK,99213759056,Lead IT Business Analyst,Business Analysis,Jacksonville,FL,United States,hybrid,,2026-08-21 19:24:36.256187,2026-08-14 00:00:00,https://jobs.citi.com/job/jacksonville/lead-it-business-analyst/287/99213759056
CITIBANK,97845637888,"Banking, Investment Banking, Full Time Analyst, Los Angeles – USA, 2027",Sales and Relationship Management,Los Angeles,CA,United States,unknown,,2026-08-21 19:24:39.232845,2026-08-21 00:00:00,https://jobs.citi.com/job/los-angeles/banking-investment-banking-full-time-analyst-los-angeles-usa-2027/287/97845637888
CITIBANK,96872383456,Application UI Development Lead - Vice President,Risk and Compliance,New York,NY,United States,unknown,,2026-08-21 19:24:40.110895,2026-06-24 00:00:00,https://jobs.citi.com/job/new-york/application-ui-development-lead-vice-president/287/96872383456
CITIBANK,90339934336,"Wealth Relationship Manager, SAFE Act-  PALM SPRINGS",Risk and Compliance,Palm Springs,CA,United States,unknown,,2026-08-21 19:24:42.264028,2026-08-18 00:00:00,https://jobs.citi.com/job/palm-springs/wealth-relationship-manager-safe-act-palm-springs/287/90339934336
CITIBANK,99532165616,Personal Banker SAFE Act - Glen Cove Branch,Sales and Relationship Management,Glen Cove,NY,United States,unknown,,2026-08-21 19:24:45.276687,2026-08-21 00:00:00,https://jobs.citi.com/job/glen-cove/personal-banker-safe-act-glen-cove-branch/287/99532165616
CITIBANK,99532164752,"Part-Time Universal Banker (20 Hours), Bilingual English/Spanish Speaking Preferred, West Doral Branch",Sales and Relationship Management,Miami,FL,United States,unknown,,2026-08-21 19:24:46.290404,2026-08-21 00:00:00,https://jobs.citi.com/job/miami/part-time-universal-banker-20-hours-bilingual-english-spanish-speaking-preferred-west-doral-branch/287/99532164752
CITIBANK,99532164672,"Part-Time Universal Banker (20 Hours), Bilingual English/Spanish Speaking Preferred, North Broward Area",Sales and Relationship Management,Coconut Creek,FL,United States,unknown,,2026-08-21 19:24:47.302277,2026-08-21 00:00:00,https://jobs.citi.com/job/coconut-creek/part-time-universal-banker-20-hours-bilingual-english-spanish-speaking-preferred-north-broward-area/287/99532164672
CITIBANK,99532164416,Part-Time Universal Banker (20 Hours) - Hewlett Branch,Sales and Relationship Management,Hewlett,NY,United States,unknown,,2026-08-21 19:24:48.314543,2026-08-21 00:00:00,https://jobs.citi.com/job/hewlett/part-time-universal-banker-20-hours-hewlett-branch/287/99532164416
CITIBANK,99532164096,"Part-Time Teller (20 Hours), Fresno Woodward Park Branch",Risk and Compliance,Fresno,CA,United States,unknown,,2026-08-21 19:24:49.342150,2026-08-21 00:00:00,https://jobs.citi.com/job/fresno/part-time-teller-20-hours-fresno-woodward-park-branch/287/99532164096
CITIBANK,99532164048,"Part-Time Teller (20 Hours), Echo Park Branch",Risk and Compliance,Los Angeles,CA,United States,unknown,,2026-08-21 19:24:50.373745,2026-08-21 00:00:00,https://jobs.citi.com/job/los-angeles/part-time-teller-20-hours-echo-park-branch/287/99532164048
CITIBANK,99532163984,"Part-Time Teller (20 Hours), Bilingual English/Spanish Speaking Preferred, Tamarac Branch",Risk and Compliance,Tamarac,FL,United States,unknown,,2026-08-21 19:24:51.309159,2026-08-21 00:00:00,https://jobs.citi.com/job/tamarac/part-time-teller-20-hours-bilingual-english-spanish-speaking-preferred-tamarac-branch/287/99532163984
CITIBANK,99532149296,"Head Universal Banker, Bilingual English/Spanish Speaking Preferred, Midtown Branch",Risk and Compliance,Miami,FL,United States,unknown,,2026-08-21 19:24:52.335978,2026-08-21 00:00:00,https://jobs.citi.com/job/miami/head-universal-banker-bilingual-english-spanish-speaking-preferred-midtown-branch/287/99532149296
CITIBANK,99532149184,Head Universal Banker - Bilingual Spanish preferred - Hyattsville Branch,Risk and Compliance,Hyattsville,MD,United States,unknown,,2026-08-21 19:24:54.402308,2026-08-21 00:00:00,https://jobs.citi.com/job/hyattsville/head-universal-banker-bilingual-spanish-preferred-hyattsville-branch/287/99532149184
CITIBANK,99532149152,Head Universal Banker - Anacostia Branch,Risk and Compliance,Washington,DC,United States,unknown,,2026-08-21 19:24:55.324492,2026-08-21 00:00:00,https://jobs.citi.com/job/washington/head-universal-banker-anacostia-branch/287/99532149152
CITIBANK,99532143504,"Equity Research Product Manager, Assistant Vice President",Product Management,New York,NY,United States,hybrid,,2026-08-21 19:24:56.198614,2026-08-21 00:00:00,https://jobs.citi.com/job/new-york/equity-research-product-manager-assistant-vice-president/287/99532143504
CITIBANK,99532135376,Concierge Banker (20 Hours) - Benning Branch,Sales and Relationship Management,Washington,DC,United States,unknown,,2026-08-21 19:24:57.349455,2026-08-21 00:00:00,https://jobs.citi.com/job/washington/concierge-banker-20-hours-benning-branch/287/99532135376
CITIBANK,99532106704,Apps Development Group Manager - Sr. Vice President,Software Engineering,Tampa,FL,United States,hybrid,,2026-08-21 19:24:58.378439,2026-08-21 00:00:00,https://jobs.citi.com/job/tampa/apps-development-group-manager-sr-vice-president/287/99532106704
CITIBANK,99508209744,Transaction Capture Analyst,Risk and Compliance,Irving,TX,United States,hybrid,,2026-08-21 19:24:59.259031,2026-08-20 00:00:00,https://jobs.citi.com/job/irving/transaction-capture-analyst/287/99508209744
CITIBANK,99508209264,Teller - Koreatown Branch,Risk and Compliance,New York,NY,United States,unknown,,2026-08-21 19:25:00.322254,2026-08-20 00:00:00,https://jobs.citi.com/job/new-york/teller-koreatown-branch/287/99508209264
CITIBANK,99508208880,Technical Recovery and Crisis Management Manager,Risk and Compliance,Tampa,FL,United States,hybrid,,2026-08-21 19:25:01.565090,2026-08-20 00:00:00,https://jobs.citi.com/job/tampa/technical-recovery-and-crisis-management-manager/287/99508208880
CITIBANK,99508208576,Syndicated Sr Loan Closer,Risk and Compliance,Irving,TX,United States,hybrid,,2026-08-21 19:25:02.379996,2026-08-20 00:00:00,https://jobs.citi.com/job/irving/syndicated-sr-loan-closer/287/99508208576
CITIBANK,99508197136,Sanctions Operations Analyst Bilingual Spanish,Risk and Compliance,Tampa,FL,United States,hybrid,,2026-08-21 19:25:04.255412,2026-08-20 00:00:00,https://jobs.citi.com/job/tampa/sanctions-operations-analyst-bilingual-spanish/287/99508197136
CITIBANK,99508183536,North America Digital Commerce Sales- SVP,Sales and Relationship Management,New York,NY,United States,hybrid,,2026-08-21 19:25:05.675486,2026-08-20 00:00:00,https://jobs.citi.com/job/new-york/north-america-digital-commerce-sales-svp/287/99508183536
CITIBANK,99508177952,"Market Executive Northeast Region, Managing Director",Risk and Compliance,Washington,DC,United States,hybrid,,2026-08-21 19:25:06.585738,2026-08-20 00:00:00,https://jobs.citi.com/job/washington/market-executive-northeast-region-managing-director/287/99508177952
CITIBANK,99508166112,Investment Banking Senior Associate - Power,Sales and Relationship Management,New York,NY,United States,unknown,,2026-08-21 19:25:07.372578,2026-08-20 00:00:00,https://jobs.citi.com/job/new-york/investment-banking-senior-associate-power/287/99508166112
CITIBANK,99508144944,Digital Channel Group Manager,Risk and Compliance,Charlotte,NC,United States,hybrid,,2026-08-21 19:25:08.525207,2026-08-20 00:00:00,https://jobs.citi.com/job/charlotte/digital-channel-group-manager/287/99508144944
CITIBANK,99508126800,"Business Communications Manager – Citi Markets (Fixed Income), Vice President",Risk and Compliance,New York,NY,United States,hybrid,,2026-08-21 19:25:09.541168,2026-08-20 00:00:00,https://jobs.citi.com/job/new-york/business-communications-manager-citi-markets-fixed-income-vice-president/287/99508126800
CITIBANK,99501159152,Senior Python Architect/Developer - Vice President,Risk and Compliance,Jersey City,NJ,United States,hybrid,,2026-08-21 19:25:11.592037,2026-08-20 00:00:00,https://jobs.citi.com/job/jersey-city/senior-python-architect-developer-vice-president/287/99501159152
CITIBANK,99501119296,"Functions - Enterprise Services and Public Affairs, Full Time Associate, New York - USA, 2027",Risk and Compliance,New York,NY,United States,hybrid,,2026-08-21 19:25:13.383349,2026-08-20 00:00:00,https://jobs.citi.com/job/new-york/functions-enterprise-services-and-public-affairs-full-time-associate-new-york-usa-2027/287/99501119296
CITIBANK,99501119280,"Functions - Enterprise Services and Public Affairs, Full Time Analyst, New York - USA, 2027",Risk and Compliance,New York,NY,United States,hybrid,,2026-08-21 19:25:14.376683,2026-08-20 00:00:00,https://jobs.citi.com/job/new-york/functions-enterprise-services-and-public-affairs-full-time-analyst-new-york-usa-2027/287/99501119280
CITIBANK,99501114832,Equity Research Senior Associate Healthcare Technology & Distribution,Risk and Compliance,New York,NY,United States,hybrid,,2026-08-21 19:25:15.576280,2026-08-20 00:00:00,https://jobs.citi.com/job/new-york/equity-research-senior-associate-healthcare-technology-and-distribution/287/99501114832
CITIBANK,99501114496,Equity and Deferred Compensation Sr. Analyst / AVP,Risk and Compliance,Jacksonville,FL,United States,hybrid,,2026-08-21 19:25:16.506076,2026-08-20 00:00:00,https://jobs.citi.com/job/jacksonville/equity-and-deferred-compensation-sr-analyst-avp/287/99501114496
CITIBANK,99501097936,Citi Private Bank | Investment Counselor | Costa Mesa,Risk and Compliance,Costa Mesa,CA,United States,hybrid,,2026-08-21 19:25:17.496381,2026-08-20 00:00:00,https://jobs.citi.com/job/costa-mesa/citi-private-bank-investment-counselor-costa-mesa/287/99501097936
CITIBANK,99501097072,Cash and Trade Processing Representative,Operations,Irving,TX,United States,unknown,,2026-08-21 19:25:18.555314,2026-08-20 00:00:00,https://jobs.citi.com/job/irving/cash-and-trade-processing-representative/287/99501097072
CITIBANK,99340940528,Personal Banker SAFE Act - Bilingual: Spanish/English Preferred - Brentwood Branch,Sales and Relationship Management,Brentwood,NY,United States,unknown,,2026-08-21 19:25:23.571161,2026-08-17 00:00:00,https://jobs.citi.com/job/brentwood/personal-banker-safe-act-bilingual-spanish-english-preferred-brentwood-branch/287/99340940528
CITIBANK,99183727232,"Equity Research Associate, Industrials",Risk and Compliance,New York,NY,United States,hybrid,,2026-08-21 19:25:24.602706,2026-08-13 00:00:00,https://jobs.citi.com/job/new-york/equity-research-associate-industrials/287/99183727232
CITIBANK,99108086960,Head of FP&A Model Development – C16,Risk and Compliance,New York,NY,United States,hybrid,,2026-08-21 19:25:26.761456,2026-08-12 00:00:00,https://jobs.citi.com/job/new-york/head-of-fp-and-a-model-development-c16/287/99108086960
CITIBANK,99075931072,"Digital PM Analyst, Assistant Vice President",Risk and Compliance,Irving,TX,United States,hybrid,,2026-08-21 19:25:27.438688,2026-08-20 00:00:00,https://jobs.citi.com/job/irving/digital-pm-analyst-assistant-vice-president/287/99075931072
CITIBANK,99038688112,Corporate Banking Sr Analyst - Real Estate,Sales and Relationship Management,New York,NY,United States,hybrid,,2026-08-21 19:25:28.542561,2026-08-10 00:00:00,https://jobs.citi.com/job/new-york/corporate-banking-sr-analyst-real-estate/287/99038688112
CITIBANK,98588440080,Investment Banking Associate / Sr. Associate - Industrials & Natural Resources,Sales and Relationship Management,New York,NY,United States,unknown,,2026-08-21 19:25:29.607197,2026-08-20 00:00:00,https://jobs.citi.com/job/new-york/investment-banking-associate-sr-associate-industrials-and-natural-resources/287/98588440080
CITIBANK,97845637920,"Banking, Investment Banking, Full Time Analyst, San Francisco Technology – USA, 2027",Sales and Relationship Management,San Francisco,CA,United States,unknown,,2026-08-21 19:25:31.568183,2026-08-21 00:00:00,https://jobs.citi.com/job/san-francisco/banking-investment-banking-full-time-analyst-san-francisco-technology-usa-2027/287/97845637920
CITIBANK,96862827152,Service Process Coordinator - Overnight,Operations,Sioux Falls,SD,United States,unknown,,2026-08-21 19:25:32.627013,2026-08-20 00:00:00,https://jobs.citi.com/job/sioux-falls/service-process-coordinator-overnight/287/96862827152
CITIBANK,96818300480,Digital Assets Production Support & SRE Analyst - Assistant Vice President,Cloud and Infrastructure,Irving,TX,United States,hybrid,,2026-08-21 19:25:33.602220,2026-07-15 00:00:00,https://jobs.citi.com/job/irving/digital-assets-production-support-and-sre-analyst-assistant-vice-president/287/96818300480
CITIBANK,96291610208,Personal Banker SAFE Act - Centreville Branch,Sales and Relationship Management,Centreville,VA,United States,unknown,,2026-08-21 19:25:35.652872,2026-08-19 00:00:00,https://jobs.citi.com/job/centreville/personal-banker-safe-act-centreville-branch/287/96291610208
CITIBANK,96037212176,Customer Service Intermediate Analyst,Risk and Compliance,Tampa,FL,United States,hybrid,,2026-08-21 19:25:36.633708,2026-08-20 00:00:00,https://jobs.citi.com/job/tampa/customer-service-intermediate-analyst/287/96037212176
CITIBANK,94530386096,Senior Lead Software Engineer Digital Solutions Vice President,Software Engineering,Jacksonville,FL,United States,hybrid,,2026-08-21 19:25:37.694038,2026-04-29 00:00:00,https://jobs.citi.com/job/jacksonville/senior-lead-software-engineer-digital-solutions-vice-president/287/94530386096
CITIBANK,93163176416,Senior Lead Counsel - Spread Products – Asset Backed Financing and Securitization,Legal,New York,NY,United States,hybrid,,2026-08-21 19:25:38.709535,2026-06-25 00:00:00,https://jobs.citi.com/job/new-york/senior-lead-counsel-spread-products-asset-backed-financing-and-securitization/287/93163176416
CITIBANK,99487070400,"Wealth Client Tax Operations, Vice President",Risk and Compliance,Jersey City,NJ,United States,hybrid,,2026-08-21 19:25:40.732095,2026-08-20 00:00:00,https://jobs.citi.com/job/jersey-city/wealth-client-tax-operations-vice-president/287/99487070400
CITIBANK,99487022688,"Experiential Design, Creative and Media Services - Vice President",Risk and Compliance,New York,NY,United States,hybrid,,2026-08-21 19:25:41.629417,2026-08-20 00:00:00,https://jobs.citi.com/job/new-york/experiential-design-creative-and-media-services-vice-president/287/99487022688
CITIBANK,99487021344,"Director, Mid-Corp Relationship Manager - Digital Tech & Comms",Risk and Compliance,San Francisco,CA,United States,hybrid,,2026-08-21 19:25:42.797952,2026-08-20 00:00:00,https://jobs.citi.com/job/san-francisco/director-mid-corp-relationship-manager-digital-tech-and-comms/287/99487021344
CITIBANK,99487004928,Business Analysis Group Mgr - Senior Vice President,Risk and Compliance,Irving,TX,United States,hybrid,,2026-08-21 19:25:43.720161,2026-08-20 00:00:00,https://jobs.citi.com/job/irving/business-analysis-group-mgr-senior-vice-president/287/99487004928
CITIBANK,99461143872,Securities & Derivatives Associate Analyst Hybrid,Risk and Compliance,Sioux Falls,SD,United States,hybrid,,2026-08-21 19:25:45.636750,2026-08-19 00:00:00,https://jobs.citi.com/job/sioux-falls/securities-and-derivatives-associate-analyst-hybrid/287/99461143872
CITIBANK,99461123856,Operations Core Project Lead Analyst Vice President,Operations,Tampa,FL,United States,hybrid,,2026-08-21 19:25:46.750648,2026-08-19 00:00:00,https://jobs.citi.com/job/tampa/operations-core-project-lead-analyst-vice-president/287/99461123856
CITIBANK,99461091152,"Equity Research Senior Associate, Diversified Financials",Risk and Compliance,New York,NY,United States,hybrid,,2026-08-21 19:25:47.884426,2026-08-19 00:00:00,https://jobs.citi.com/job/new-york/equity-research-senior-associate-diversified-financials/287/99461091152
CITIBANK,99461090976,"Equity Research Associate, Aerospace & Defense",Risk and Compliance,New York,NY,United States,hybrid,,2026-08-21 19:25:48.784840,2026-08-19 00:00:00,https://jobs.citi.com/job/new-york/equity-research-associate-aerospace-and-defense/287/99461090976
CITIBANK,99461086752,Digital Engineering Officer,Risk and Compliance,Irving,TX,United States,hybrid,,2026-08-21 19:25:51.037345,2026-08-19 00:00:00,https://jobs.citi.com/job/irving/digital-engineering-officer/287/99461086752
CITIBANK,99461079104,"Compliance Prod Director - Head, Conduct Risk",Risk and Compliance,Charlotte,NC,United States,hybrid,,2026-08-21 19:25:51.912285,2026-08-19 00:00:00,https://jobs.citi.com/job/charlotte/compliance-prod-director-head-conduct-risk/287/99461079104
CITIBANK,99461062448,Applications Support Sr Analyst - Assistant Vice President,Operations,Irving,TX,United States,hybrid,,2026-08-21 19:25:52.822472,2026-08-19 00:00:00,https://jobs.citi.com/job/irving/applications-support-sr-analyst-assistant-vice-president/287/99461062448
CITIBANK,99451049584,VP Digital Product Manager: Core Digital Experience - Retail & Wealth,Product Management,Irving,TX,United States,hybrid,,2026-08-21 19:25:53.673998,2026-08-19 00:00:00,https://jobs.citi.com/job/irving/vp-digital-product-manager-core-digital-experience-retail-and-wealth/287/99451049584
CITIBANK,99451048160,"USCC Risk and Wealth Risk - Audit, Exam, and Issue Management Leader",Risk and Compliance,Irving,TX,United States,hybrid,,2026-08-21 19:25:54.877516,2026-08-19 00:00:00,https://jobs.citi.com/job/irving/uscc-risk-and-wealth-risk-audit-exam-and-issue-management-leader/287/99451048160
CITIBANK,99451045360,Strategy Lead Analyst - Vice President,Risk and Compliance,New York,NY,United States,unknown,,2026-08-21 19:25:55.808528,2026-08-19 00:00:00,https://jobs.citi.com/job/new-york/strategy-lead-analyst-vice-president/287/99451045360
CITIBANK,99451035136,Securities & Derivatives Group Manager Hyrbid,Risk and Compliance,Getzville,NY,United States,hybrid,,2026-08-21 19:25:58.383931,2026-08-19 00:00:00,https://jobs.citi.com/job/getzville/securities-and-derivatives-group-manager-hyrbid/287/99451035136
CITIBANK,99451029312,"Program Management Senior Lead - Wealth Lending, Senior Vice President",Risk and Compliance,New York,NY,United States,hybrid,,2026-08-21 19:25:58.833513,2026-08-19 00:00:00,https://jobs.citi.com/job/new-york/program-management-senior-lead-wealth-lending-senior-vice-president/287/99451029312
CITIBANK,99451027856,Producing Lending Manager - ANAHEIM HILLS (SAFE Act),Risk and Compliance,Anaheim Hills,CA,United States,hybrid,,2026-08-21 19:25:59.928937,2026-08-19 00:00:00,https://jobs.citi.com/job/anaheim-hills/producing-lending-manager-anaheim-hills-safe-act/287/99451027856
CITIBANK,99451020624,"NAM Retail Asset Management Finance Lead, C14",Risk and Compliance,Sacramento,CA,United States,unknown,,2026-08-21 19:26:00.754630,2026-08-19 00:00:00,https://jobs.citi.com/job/sacramento/nam-retail-asset-management-finance-lead-c14/287/99451020624
CITIBANK,99451017984,"Managing Director, Technology Banker",Sales and Relationship Management,San Francisco,CA,United States,unknown,,2026-08-21 19:26:01.996116,2026-08-19 00:00:00,https://jobs.citi.com/job/san-francisco/managing-director-technology-banker/287/99451017984
CITIBANK,99451016944,Lead UX Designer,Risk and Compliance,Tampa,FL,United States,hybrid,,2026-08-21 19:26:02.937921,2026-08-19 00:00:00,https://jobs.citi.com/job/tampa/lead-ux-designer/287/99451016944
CITIBANK,99451016016,"Lead Counsel - Americas Futures and Derivatives Clearing, VP",Legal,New York,NY,United States,hybrid,,2026-08-21 19:26:03.943336,2026-08-19 00:00:00,https://jobs.citi.com/job/new-york/lead-counsel-americas-futures-and-derivatives-clearing-vp/287/99451016016
CITIBANK,99450989168,"Equity Research Senior Associate, Biotech",Risk and Compliance,New York,NY,United States,hybrid,,2026-08-21 19:26:05.899429,2026-08-19 00:00:00,https://jobs.citi.com/job/new-york/equity-research-senior-associate-biotech/287/99450989168
CITIBANK,99436923840,GSMG Research Senior Associate  / Global Macro Quantitative Research,Risk and Compliance,New York,NY,United States,hybrid,,2026-08-21 19:26:10.420149,2026-08-19 00:00:00,https://jobs.citi.com/job/new-york/gsmg-research-senior-associate-global-macro-quantitative-research/287/99436923840
CITIBANK,99085067648,Cybersecurity Product Manager - AI & Security Operations,Cybersecurity,Irving,TX,United States,hybrid,,2026-08-21 19:26:13.040071,2026-08-11 00:00:00,https://jobs.citi.com/job/irving/cybersecurity-product-manager-ai-and-security-operations/287/99085067648
CITIBANK,99031314928,Engineering Lead-Technology Controls,Risk and Compliance,Jersey City,NJ,United States,hybrid,,2026-08-21 19:26:13.999278,2026-08-10 00:00:00,https://jobs.citi.com/job/jersey-city/engineering-lead-technology-controls/287/99031314928
CITIBANK,98804324128,Prime Services & Delta One Quantitative Analyst - Director,Risk and Compliance,New York,NY,United States,hybrid,,2026-08-21 19:26:15.075800,2026-08-05 00:00:00,https://jobs.citi.com/job/new-york/prime-services-and-delta-one-quantitative-analyst-director/287/98804324128
CITIBANK,98242618544,"Part-Time Universal Banker (20 Hours), Henderson Anthem Branch",Sales and Relationship Management,Henderson,NV,United States,unknown,,2026-08-21 19:26:16.094722,2026-08-19 00:00:00,https://jobs.citi.com/job/henderson/part-time-universal-banker-20-hours-henderson-anthem-branch/287/98242618544
CITIBANK,97523066736,Client Services Associate - New York: Mandarin & Cantonese,Risk and Compliance,New York,NY,United States,hybrid,,2026-08-21 19:26:18.025313,2026-08-19 00:00:00,https://jobs.citi.com/job/new-york/client-services-associate-new-york-mandarin-and-cantonese/287/97523066736
CITIBANK,97486662432,Investment Banking Analyst - Financial Sponsor Coverage,Risk and Compliance,New York,NY,United States,unknown,,2026-08-21 19:26:19.054840,2026-08-19 00:00:00,https://jobs.citi.com/job/new-york/investment-banking-analyst-financial-sponsor-coverage/287/97486662432
CITIBANK,97177102336,"SEM Associate Director, Paid Search Activation",Risk and Compliance,New York,NY,United States,hybrid,,2026-08-21 19:26:20.126309,2026-08-19 00:00:00,https://jobs.citi.com/job/new-york/sem-associate-director-paid-search-activation/287/97177102336
CITIBANK,95640440720,FIG Investment Banker - Senior Associate - Insurance,Sales and Relationship Management,New York,NY,United States,hybrid,,2026-08-21 19:26:22.235679,2026-08-19 00:00:00,https://jobs.citi.com/job/new-york/fig-investment-banker-senior-associate-insurance/287/95640440720
CITIBANK,95421971904,Media Planning Manager – Citi Commerce,Risk and Compliance,Irving,TX,United States,hybrid,,2026-08-21 19:26:23.171938,2026-06-03 00:00:00,https://jobs.citi.com/job/irving/media-planning-manager-citi-commerce/287/95421971904
CITIBANK,95088927408,"Vice President, Banker, Mergers & Acquisitions (M&A)",Sales and Relationship Management,New York,NY,United States,unknown,,2026-08-21 19:26:24.252640,2026-07-14 00:00:00,https://jobs.citi.com/job/new-york/vice-president-banker-mergers-and-acquisitions-m-and-a/287/95088927408
CITIBANK,95039146544,"Wealth Relationship Manager | Montgomery County, MD (Bilingual / Mandarin)",Risk and Compliance,Rockville,MD,United States,unknown,,2026-08-21 19:26:26.042129,2026-05-13 00:00:00,https://jobs.citi.com/job/rockville/wealth-relationship-manager-montgomery-county-md-bilingual-mandarin/287/95039146544
CITIBANK,95039146480,"Wealth Relationship Manager | Fairfax County, VA (Bilingual / Korean)",Risk and Compliance,Centreville,VA,United States,unknown,,2026-08-21 19:26:26.311395,2026-05-13 00:00:00,https://jobs.citi.com/job/centreville/wealth-relationship-manager-fairfax-county-va-bilingual-korean/287/95039146480
CITIBANK,94784468448,"Investment Banker - ECM - FIG, Media, Telecom - VP or Director",Sales and Relationship Management,New York,NY,United States,hybrid,,2026-08-21 19:26:27.316829,2026-07-07 00:00:00,https://jobs.citi.com/job/new-york/investment-banker-ecm-fig-media-telecom-vp-or-director/287/94784468448
CITIBANK,94589902288,"Senior Lead Software Engineer – Equities Electronic Trading, Senior Vice President",Software Engineering,Jersey City,NJ,United States,hybrid,,2026-08-21 19:26:28.329778,2026-05-01 00:00:00,https://jobs.citi.com/job/jersey-city/senior-lead-software-engineer-equities-electronic-trading-senior-vice-president/287/94589902288
CITIBANK,94589902272,"Senior Lead Software Engineer – Equities Electronic Trading, Senior Vice President",Software Engineering,Jersey City,NJ,United States,hybrid,,2026-08-21 19:26:29.289883,2026-05-01 00:00:00,https://jobs.citi.com/job/jersey-city/senior-lead-software-engineer-equities-electronic-trading-senior-vice-president/287/94589902272
CITIBANK,94180469024,Senior Wealth Advisor | DMV Market,Risk and Compliance,Bethesda,MD,United States,hybrid,,2026-08-21 19:26:30.316295,2026-04-20 00:00:00,https://jobs.citi.com/job/bethesda/senior-wealth-advisor-dmv-market/287/94180469024
CITIBANK,92375998832,"Commercial Card Sales Specialist, SVP",Sales and Relationship Management,New York,NY,United States,hybrid,,2026-08-21 19:26:32.476396,2026-08-19 00:00:00,https://jobs.citi.com/job/new-york/commercial-card-sales-specialist-svp/287/92375998832
CITIBANK,91346238272,Senior Wealth Advisor | San Gabriel Valley,Risk and Compliance,Pasadena,CA,United States,hybrid,,2026-08-21 19:26:33.569749,2026-02-03 00:00:00,https://jobs.citi.com/job/pasadena/senior-wealth-advisor-san-gabriel-valley/287/91346238272
CITIBANK,90822895488,Senior Wealth Advisor | San Bernadino,Risk and Compliance,Chino Hills,CA,United States,hybrid,,2026-08-21 19:26:34.431900,2026-01-21 00:00:00,https://jobs.citi.com/job/chino-hills/senior-wealth-advisor-san-bernadino/287/90822895488
CITIBANK,83534543856,Citi Private Bank | UHNW Private Banker,Sales and Relationship Management,Houston,TX,United States,hybrid,,2026-08-21 19:26:35.383869,2025-07-08 00:00:00,https://jobs.citi.com/job/houston/citi-private-bank-uhnw-private-banker/287/83534543856
CITIBANK,83534543632,Citi Private Bank | UHNW Investment Counselor,Risk and Compliance,Chicago,IL,United States,hybrid,,2026-08-21 19:26:36.381774,2025-07-08 00:00:00,https://jobs.citi.com/job/chicago/citi-private-bank-uhnw-investment-counselor/287/83534543632
CITIBANK,99436941648,"Part-Time Teller (20 Hours), Sunset Irving Branch",Risk and Compliance,San Francisco,CA,United States,unknown,,2026-08-21 19:26:37.361922,2026-08-19 00:00:00,https://jobs.citi.com/job/san-francisco/part-time-teller-20-hours-sunset-irving-branch/287/99436941648
CITIBANK,99436941536,"Part-Time Teller (20 Hours), Millbrae Branch (Bilingual Preferred: Mandarin)",Risk and Compliance,Millbrae,CA,United States,unknown,,2026-08-21 19:26:38.530248,2026-08-19 00:00:00,https://jobs.citi.com/job/millbrae/part-time-teller-20-hours-millbrae-branch-bilingual-preferred-mandarin/287/99436941536
CITIBANK,99436923888,GSMG Research Senior Associate / Global Macro Strategy,Risk and Compliance,New York,NY,United States,hybrid,,2026-08-21 19:26:39.447311,2026-08-19 00:00:00,https://jobs.citi.com/job/new-york/gsmg-research-senior-associate-global-macro-strategy/287/99436923888
CITIBANK,99436923808,GSMG Research Senior Associate  / Commercial MBS,Risk and Compliance,New York,NY,United States,hybrid,,2026-08-21 19:26:41.380224,2026-08-19 00:00:00,https://jobs.citi.com/job/new-york/gsmg-research-senior-associate-commercial-mbs/287/99436923808
CITIBANK,99436880720,"AI Digital Senior Product Lead, Global Services - Senior Vice President",Product Management,New York,NY,United States,hybrid,,2026-08-21 19:26:42.403173,2026-08-19 00:00:00,https://jobs.citi.com/job/new-york/ai-digital-senior-product-lead-global-services-senior-vice-president/287/99436880720
CITIBANK,99413253888,Service Process Coordinator - C04 - OFALLON,Operations,O'Fallon,MO,United States,hybrid,,2026-08-21 19:26:43.375152,2026-08-18 00:00:00,https://jobs.citi.com/job/o-fallon/service-process-coordinator-c04-ofallon/287/99413253888
CITIBANK,99413242672,Sec & Derivatives Associate Analyst Hybrid,Operations,Getzville,NY,United States,hybrid,,2026-08-21 19:26:45.449899,2026-08-18 00:00:00,https://jobs.citi.com/job/getzville/sec-and-derivatives-associate-analyst-hybrid/287/99413242672
CITIBANK,99413232496,"Part-Time Universal Banker (20 Hours), Pasadena Colorado Branch",Sales and Relationship Management,Pasadena,CA,United States,unknown,,2026-08-21 19:26:46.489772,2026-08-18 00:00:00,https://jobs.citi.com/job/pasadena/part-time-universal-banker-20-hours-pasadena-colorado-branch/287/99413232496
CITIBANK,99413224176,Managers Control Self-Assessment (MCA) Sr. Lead Analyst Senior Vice President,Risk and Compliance,Getzville,NY,United States,hybrid,,2026-08-21 19:26:47.424810,2026-08-18 00:00:00,https://jobs.citi.com/job/getzville/managers-control-self-assessment-mca-sr-lead-analyst-senior-vice-president/287/99413224176
CITIBANK,99413214224,Head of Traded Products - Balance Sheet Management - Director,Risk and Compliance,New York,NY,United States,hybrid,,2026-08-21 19:26:48.319576,2026-08-18 00:00:00,https://jobs.citi.com/job/new-york/head-of-traded-products-balance-sheet-management-director/287/99413214224
CITIBANK,99413200704,Controlled Disbursement Fraud,Risk and Compliance,New Castle,DE,United States,hybrid,,2026-08-21 19:26:49.433027,2026-08-18 00:00:00,https://jobs.citi.com/job/new-castle/controlled-disbursement-fraud/287/99413200704
CITIBANK,99413196512,Citi Commercial Bank - CSG Senior Relationship Manager - SVP,Risk and Compliance,New York,NY,United States,hybrid,,2026-08-21 19:26:50.515173,2026-08-18 00:00:00,https://jobs.citi.com/job/new-york/citi-commercial-bank-csg-senior-relationship-manager-svp/287/99413196512
CITIBANK,99413196480,Citi Commercial Bank - CSG Relationship Manager - SVP,Risk and Compliance,Houston,TX,United States,hybrid,,2026-08-21 19:26:52.564979,2026-08-18 00:00:00,https://jobs.citi.com/job/houston/citi-commercial-bank-csg-relationship-manager-svp/287/99413196480
CITIBANK,99413177504,Applied AI Product Owner / Lead Business Analyst - Vice President,Risk and Compliance,Irving,TX,United States,hybrid,,2026-08-21 19:26:53.462448,2026-08-18 00:00:00,https://jobs.citi.com/job/irving/applied-ai-product-owner-lead-business-analyst-vice-president/287/99413177504
CITIBANK,99413173360,"Account Manager, Prime Services Future and Derivatives Clearing, Assistant Vice President",Sales and Relationship Management,New York,NY,United States,unknown,,2026-08-21 19:26:54.467826,2026-08-18 00:00:00,https://jobs.citi.com/job/new-york/account-manager-prime-services-future-and-derivatives-clearing-assistant-vice-president/287/99413173360
CITIBANK,99405786224,"Universal Banker (40 Hours), One California Branch, San Francisco",Sales and Relationship Management,San Francisco,CA,United States,unknown,,2026-08-21 19:26:55.497580,2026-08-18 00:00:00,https://jobs.citi.com/job/san-francisco/universal-banker-40-hours-one-california-branch-san-francisco/287/99405786224
CITIBANK,99405765952,"ETF Salesperson, Prime Finance Sales, Assistant Vice President",Sales and Relationship Management,New York,NY,United States,hybrid,,2026-08-21 19:26:57.579458,2026-08-18 00:00:00,https://jobs.citi.com/job/new-york/etf-salesperson-prime-finance-sales-assistant-vice-president/287/99405765952
CITIBANK,99405759696,"Personal Banker SAFE Act, Westchester Branch",Sales and Relationship Management,Los Angeles,CA,United States,unknown,,2026-08-21 19:26:58.360887,2026-08-18 00:00:00,https://jobs.citi.com/job/los-angeles/personal-banker-safe-act-westchester-branch/287/99405759696
CITIBANK,99405753696,"Part-Time Teller (20 Hours), Palo Alto Branch",Risk and Compliance,Palo Alto,CA,United States,unknown,,2026-08-21 19:26:59.516046,2026-08-18 00:00:00,https://jobs.citi.com/job/palo-alto/part-time-teller-20-hours-palo-alto-branch/287/99405753696
CITIBANK,99405752976,Part-Time Teller (20 Hours) Santa Clara El Camino Branch,Risk and Compliance,Santa Clara,CA,United States,unknown,,2026-08-21 19:27:00.543572,2026-08-18 00:00:00,https://jobs.citi.com/job/santa-clara/part-time-teller-20-hours-santa-clara-el-camino-branch/287/99405752976
CITIBANK,99405752016,Part Time Universal Banker (20 Hours)- College Heights Branch,Sales and Relationship Management,San Diego,CA,United States,unknown,,2026-08-21 19:27:01.463266,2026-08-18 00:00:00,https://jobs.citi.com/job/san-diego/part-time-universal-banker-20-hours-college-heights-branch/287/99405752016
CITIBANK,99405744832,Markets Quantitative Analyst - Capital Analytics,Risk and Compliance,New York,NY,United States,hybrid,,2026-08-21 19:27:02.492663,2026-08-18 00:00:00,https://jobs.citi.com/job/new-york/markets-quantitative-analyst-capital-analytics/287/99405744832
CITIBANK,99405737232,"Healthcare Relationship Manager, Director - Commercial Banking",Sales and Relationship Management,New York,NY,United States,hybrid,,2026-08-21 19:27:03.623214,2026-08-18 00:00:00,https://jobs.citi.com/job/new-york/healthcare-relationship-manager-director-commercial-banking/287/99405737232
CITIBANK,99405737184,"Head Universal Banker, Palo Alto Branch",Risk and Compliance,Palo Alto,CA,United States,unknown,,2026-08-21 19:27:04.648103,2026-08-18 00:00:00,https://jobs.citi.com/job/palo-alto/head-universal-banker-palo-alto-branch/287/99405737184
CITIBANK,99405737136,"Head Universal Banker, Long Beach Bixby Knolls Branch",Risk and Compliance,Long Beach,CA,United States,unknown,,2026-08-21 19:27:05.656914,2026-08-18 00:00:00,https://jobs.citi.com/job/long-beach/head-universal-banker-long-beach-bixby-knolls-branch/287/99405737136
CITIBANK,99405733360,Full Stack Engineering Team Lead - Senior Vice President,Software Engineering,Tampa,FL,United States,hybrid,,2026-08-21 19:27:06.598243,2026-08-18 00:00:00,https://jobs.citi.com/job/tampa/full-stack-engineering-team-lead-senior-vice-president/287/99405733360
CITIBANK,99405722368,Data Engineer Lead ETL Developer - Assistant Vice President,Risk and Compliance,New York,NY,United States,hybrid,,2026-08-21 19:27:08.641571,2026-08-18 00:00:00,https://jobs.citi.com/job/new-york/data-engineer-lead-etl-developer-assistant-vice-president/287/99405722368
CITIBANK,99405721568,Customer Service Senior Analyst Assistant Vice President,Sales and Relationship Management,Tampa,FL,United States,hybrid,,2026-08-21 19:27:09.616643,2026-08-18 00:00:00,https://jobs.citi.com/job/tampa/customer-service-senior-analyst-assistant-vice-president/287/99405721568
CITIBANK,99405717616,Clean Energy Finance (CEF) – VP/Director,Risk and Compliance,New York,NY,United States,unknown,,2026-08-21 19:27:10.585780,2026-08-18 00:00:00,https://jobs.citi.com/job/new-york/clean-energy-finance-cef-vp-director/287/99405717616
CITIBANK,99405716848,Citi Commercial Bank - SVP Relationship Manager,Risk and Compliance,Olympia,WA,United States,hybrid,,2026-08-21 19:27:11.588403,2026-08-18 00:00:00,https://jobs.citi.com/job/olympia/citi-commercial-bank-svp-relationship-manager/287/99405716848
CITIBANK,99405712496,"Branch Manager Safe Act Millbrae CA, Vice President",Risk and Compliance,Millbrae,CA,United States,unknown,,2026-08-21 19:27:12.731193,2026-08-18 00:00:00,https://jobs.citi.com/job/millbrae/branch-manager-safe-act-millbrae-ca-vice-president/287/99405712496
CITIBANK,99405697952,Asset Backed Securities (ABS) Structurer,Risk and Compliance,New York,NY,United States,hybrid,,2026-08-21 19:27:13.651720,2026-08-18 00:00:00,https://jobs.citi.com/job/new-york/asset-backed-securities-abs-structurer/287/99405697952
CITIBANK,99405687408,AI Full Stack Engineer - Assistant Vice President,Software Engineering,Tampa,FL,United States,hybrid,,2026-08-21 19:27:15.690984,2026-08-18 00:00:00,https://jobs.citi.com/job/tampa/ai-full-stack-engineer-assistant-vice-president/287/99405687408
CITIBANK,99391720416,Universal Banker - Paramus Branch,Sales and Relationship Management,Paramus,NJ,United States,unknown,,2026-08-21 19:27:16.715320,2026-08-18 00:00:00,https://jobs.citi.com/job/paramus/universal-banker-paramus-branch/287/99391720416
CITIBANK,99391684400,Head Universal Banker - Somers Branch,Risk and Compliance,Somers,NY,United States,unknown,,2026-08-21 19:27:18.762336,2026-08-18 00:00:00,https://jobs.citi.com/job/somers/head-universal-banker-somers-branch/287/99391684400
CITIBANK,99391684240,Head Universal Banker - Bilingual English/Spanish Speaking Preferred - Throggs Neck Branch,Risk and Compliance,New York,NY,United States,unknown,,2026-08-21 19:27:20.653501,2026-08-18 00:00:00,https://jobs.citi.com/job/new-york/head-universal-banker-bilingual-english-spanish-speaking-preferred-throggs-neck-branch/287/99391684240
CITIBANK,99357282288,Technical AI Delivery Manager - Senior Vice President,Operations,Jersey City,NJ,United States,hybrid,,2026-08-21 19:27:22.721782,2026-08-17 00:00:00,https://jobs.citi.com/job/jersey-city/technical-ai-delivery-manager-senior-vice-president/287/99357282288
CITIBANK,99357246688,"Global Markets Communications (Fixed Income & Equities), Director",Risk and Compliance,New York,NY,United States,hybrid,,2026-08-21 19:27:23.684406,2026-08-17 00:00:00,https://jobs.citi.com/job/new-york/global-markets-communications-fixed-income-and-equities-director/287/99357246688
CITIBANK,99156562176,"AI Strategy for Business & Align with Enterprise Strategy, Global Services - Director",Risk and Compliance,New York,NY,United States,hybrid,,2026-08-21 19:27:24.726882,2026-08-13 00:00:00,https://jobs.citi.com/job/new-york/ai-strategy-for-business-and-align-with-enterprise-strategy-global-services-director/287/99156562176
CITIBANK,99156562144,"AI Risk & Governance, Trade Finance - Senior Vice President",Risk and Compliance,New York,NY,United States,hybrid,,2026-08-21 19:27:26.770982,2026-08-13 00:00:00,https://jobs.citi.com/job/new-york/ai-risk-and-governance-trade-finance-senior-vice-president/287/99156562144
CITIBANK,99038685392,Client Experience Associate SAFE ACT - AVP,Risk and Compliance,New York,NY,United States,hybrid,,2026-08-21 19:27:27.592083,2026-08-10 00:00:00,https://jobs.citi.com/job/new-york/client-experience-associate-safe-act-avp/287/99038685392
CITIBANK,98857303072,"AI Partnerships Lead – Technology Vendor & Start-up Evaluation, VP",Operations,Jersey City,NJ,United States,hybrid,,2026-08-21 19:27:28.738219,2026-08-06 00:00:00,https://jobs.citi.com/job/jersey-city/ai-partnerships-lead-technology-vendor-and-start-up-evaluation-vp/287/98857303072
CITIBANK,98836128528,Credit Portfolio Sr Analyst,Risk and Compliance,New York,NY,United States,hybrid,,2026-08-21 19:27:29.742166,2026-08-18 00:00:00,https://jobs.citi.com/job/new-york/credit-portfolio-sr-analyst/287/98836128528
CITIBANK,98789758176,Paid Media Data Solution Architect Associate,Risk and Compliance,Irving,TX,United States,hybrid,,2026-08-21 19:27:30.815867,2026-08-05 00:00:00,https://jobs.citi.com/job/irving/paid-media-data-solution-architect-associate/287/98789758176
CITIBANK,98695748240,"Citi Commercial Bank - Relationship Manager, Core Industries - SVP",Sales and Relationship Management,New York,NY,United States,hybrid,,2026-08-21 19:27:31.786410,2026-08-19 00:00:00,https://jobs.citi.com/job/new-york/citi-commercial-bank-relationship-manager-core-industries-svp/287/98695748240
CITIBANK,98481852592,"Investment Banking, ECM - Analyst/ Senior Analyst - North America and LATAM Coverage",Operations,New York,NY,United States,unknown,,2026-08-21 19:27:32.789723,2026-08-18 00:00:00,https://jobs.citi.com/job/new-york/investment-banking-ecm-analyst-senior-analyst-north-america-and-latam-coverage/287/98481852592
CITIBANK,98457963744,"Equity Research Senior Associate, Communications & Infrastructure",Cloud and Infrastructure,New York,NY,United States,hybrid,,2026-08-21 19:27:34.844631,2026-07-29 00:00:00,https://jobs.citi.com/job/new-york/equity-research-senior-associate-communications-and-infrastructure/287/98457963744
CITIBANK,98380846080,Senior Executive Assistant,Risk and Compliance,New York,NY,United States,hybrid,,2026-08-21 19:27:35.666105,2026-08-19 00:00:00,https://jobs.citi.com/job/new-york/senior-executive-assistant/287/98380846080
CITIBANK,98195474640,"Equity Research Senior Associate, Technology & Communications",Risk and Compliance,New York,NY,United States,hybrid,,2026-08-21 19:27:36.897266,2026-07-23 00:00:00,https://jobs.citi.com/job/new-york/equity-research-senior-associate-technology-and-communications/287/98195474640
CITIBANK,97926273968,"Digital PM Analyst, Assistant Vice President",Risk and Compliance,Irving,TX,United States,unknown,,2026-08-21 19:27:38.830140,2026-08-18 00:00:00,https://jobs.citi.com/job/irving/digital-pm-analyst-assistant-vice-president/287/97926273968
CITIBANK,97241517808,Customer Service Advocate - Train On-Site Home Office Program - Salary up to $21.05/hour,Risk and Compliance,Tucson,AZ,United States,hybrid,,2026-08-21 19:27:39.872423,2026-07-29 00:00:00,https://jobs.citi.com/job/tucson/customer-service-advocate-train-on-site-home-office-program-salary-up-to-21-05-hour/287/97241517808
CITIBANK,96595089952,Python Engineer - Assistant Vice President,Software Engineering,Irving,TX,United States,hybrid,,2026-08-21 19:27:40.896032,2026-06-18 00:00:00,https://jobs.citi.com/job/irving/python-engineer-assistant-vice-president/287/96595089952
CITIBANK,96568468864,Production Support Engineer Equities E-Trading - Vice President,Operations,New York,NY,United States,hybrid,,2026-08-21 19:27:41.919583,2026-07-27 00:00:00,https://jobs.citi.com/job/new-york/production-support-engineer-equities-e-trading-vice-president/287/96568468864
CITIBANK,96516465488,"Event Planning and Marketing Product Manager, Senior Vice President",Product Management,New York,NY,United States,hybrid,,2026-08-21 19:27:42.945401,2026-08-18 00:00:00,https://jobs.citi.com/job/new-york/event-planning-and-marketing-product-manager-senior-vice-president/287/96516465488
CITIBANK,96507120624,"Personal Banker SAFE Act, Boca Raton Area",Sales and Relationship Management,Boca Raton,FL,United States,unknown,,2026-08-21 19:27:44.925628,2026-07-17 00:00:00,https://jobs.citi.com/job/boca-raton/personal-banker-safe-act-boca-raton-area/287/96507120624
CITIBANK,96354181936,Wealth Technology Book of Work Program Lead,Risk and Compliance,New York,NY,United States,unknown,,2026-08-21 19:27:45.920575,2026-08-19 00:00:00,https://jobs.citi.com/job/new-york/wealth-technology-book-of-work-program-lead/287/96354181936
CITIBANK,95936205312,Operations Core Business Analyst Lead Vice President,Operations,Tampa,FL,United States,hybrid,,2026-08-21 19:27:46.924969,2026-08-18 00:00:00,https://jobs.citi.com/job/tampa/operations-core-business-analyst-lead-vice-president/287/95936205312
CITIBANK,91945227504,Registered Client Service Associate,Sales and Relationship Management,San Francisco,CA,United States,hybrid,,2026-08-21 19:27:47.947569,2026-08-18 00:00:00,https://jobs.citi.com/job/san-francisco/registered-client-service-associate/287/91945227504
CITIBANK,99391707312,Relationship Associate - Public Sector Banking,Risk and Compliance,New York,NY,United States,hybrid,,2026-08-21 19:27:49.015367,2026-08-18 00:00:00,https://jobs.citi.com/job/new-york/relationship-associate-public-sector-banking/287/99391707312
CITIBANK,99391704528,"Product Manager, Citi Velocity – AVP",Risk and Compliance,New York,NY,United States,hybrid,,2026-08-21 19:27:51.042358,2026-08-18 00:00:00,https://jobs.citi.com/job/new-york/product-manager-citi-velocity-avp/287/99391704528
CITIBANK,99391699904,"Part-Time Teller (20 Hours), Las Vegas, Lakes Branch",Risk and Compliance,Las Vegas,NV,United States,unknown,,2026-08-21 19:27:52.040459,2026-08-18 00:00:00,https://jobs.citi.com/job/las-vegas/part-time-teller-20-hours-las-vegas-lakes-branch/287/99391699904
CITIBANK,99391664272,"Client Executive, Agency Trust - Assistant Vice President",Risk and Compliance,Jacksonville,FL,United States,hybrid,,2026-08-21 19:27:52.960217,2026-08-18 00:00:00,https://jobs.citi.com/job/jacksonville/client-executive-agency-trust-assistant-vice-president/287/99391664272
CITIBANK,99391654912,"Branch Manager Safe Act Castro/San Francisco CA, Vice President",Risk and Compliance,San Francisco,CA,United States,unknown,,2026-08-21 19:27:53.932781,2026-08-18 00:00:00,https://jobs.citi.com/job/san-francisco/branch-manager-safe-act-castro-san-francisco-ca-vice-president/287/99391654912
CITIBANK,99391644672,Apps Development Sr Group Mgr - Director,Risk and Compliance,Jersey City,NJ,United States,hybrid,,2026-08-21 19:27:54.996424,2026-08-18 00:00:00,https://jobs.citi.com/job/jersey-city/apps-development-sr-group-mgr-director/287/99391644672
CITIBANK,99364780800,Vice President Investment Banking - Technology,Sales and Relationship Management,San Francisco,CA,United States,hybrid,,2026-08-21 19:27:56.033179,2026-08-17 00:00:00,https://jobs.citi.com/job/san-francisco/vice-president-investment-banking-technology/287/99364780800
CITIBANK,99364765152,Senior Investments Content Strategist,Risk and Compliance,New York,NY,United States,hybrid,,2026-08-21 19:27:57.015197,2026-08-17 00:00:00,https://jobs.citi.com/job/new-york/senior-investments-content-strategist/287/99364765152
CITIBANK,99364742688,Liquidity and Position Management Analyst AVP,Risk and Compliance,New York,NY,United States,hybrid,,2026-08-21 19:27:57.993863,2026-08-17 00:00:00,https://jobs.citi.com/job/new-york/liquidity-and-position-management-analyst-avp/287/99364742688
CITIBANK,99364729200,Front Office Production Support Sr Analyst Vice President,Risk and Compliance,New York,NY,United States,hybrid,,2026-08-21 19:27:58.996903,2026-08-17 00:00:00,https://jobs.citi.com/job/new-york/front-office-production-support-sr-analyst-vice-president/287/99364729200
CITIBANK,99364720752,"Corporate Banking Banker, Vice President– Public Sector Group, Development Organizations Segment",Sales and Relationship Management,New York,NY,United States,hybrid,,2026-08-21 19:28:00.970659,2026-08-17 00:00:00,https://jobs.citi.com/job/new-york/corporate-banking-banker-vice-president-public-sector-group-development-organizations-segment/287/99364720752
CITIBANK,99364717680,Client Onboarding Lead Analyst Vice President,Risk and Compliance,Tampa,FL,United States,hybrid,,2026-08-21 19:28:02.020281,2026-08-17 00:00:00,https://jobs.citi.com/job/tampa/client-onboarding-lead-analyst-vice-president/287/99364717680
CITIBANK,99364714912,Cash and Trade Processing Representative,Operations,Irving,TX,United States,unknown,,2026-08-21 19:28:02.991312,2026-08-17 00:00:00,https://jobs.citi.com/job/irving/cash-and-trade-processing-representative/287/99364714912
CITIBANK,99364714576,Cash and Trade Process Analyst,Risk and Compliance,New Castle,DE,United States,hybrid,,2026-08-21 19:28:03.988824,2026-08-17 00:00:00,https://jobs.citi.com/job/new-castle/cash-and-trade-process-analyst/287/99364714576
CITIBANK,99364696160,Apps Dev Tech Lead Analyst - Vice President,Risk and Compliance,Rutherford,NJ,United States,hybrid,,2026-08-21 19:28:05.029631,2026-08-17 00:00:00,https://jobs.citi.com/job/rutherford/apps-dev-tech-lead-analyst-vice-president/287/99364696160
CITIBANK,99364694592,Applications Development Sr Programmer Analyst - Asst Vice President,Software Engineering,Rutherford,NJ,United States,hybrid,,2026-08-21 19:28:07.027734,2026-08-17 00:00:00,https://jobs.citi.com/job/rutherford/applications-development-sr-programmer-analyst-asst-vice-president/287/99364694592
CITIBANK,99357299440,Sr. AI/Python Engineer-Vice President,Data and AI,Jersey City,NJ,United States,hybrid,,2026-08-21 19:28:08.049563,2026-08-17 00:00:00,https://jobs.citi.com/job/jersey-city/sr-ai-python-engineer-vice-president/287/99357299440
CITIBANK,99357256624,IT Business Lead Analyst - Vice President,Risk and Compliance,New York,NY,United States,hybrid,,2026-08-21 19:28:09.070286,2026-08-17 00:00:00,https://jobs.citi.com/job/new-york/it-business-lead-analyst-vice-president/287/99357256624
CITIBANK,99357229232,Cash and Trade Support Analyst,Risk and Compliance,Newark,DE,United States,unknown,,2026-08-21 19:28:11.074347,2026-08-17 00:00:00,https://jobs.citi.com/job/newark/cash-and-trade-support-analyst/287/99357229232
CITIBANK,99357218720,Asset Servicing Assoc Analyst Hyrbid,Operations,Getzville,NY,United States,hybrid,,2026-08-21 19:28:12.069645,2026-08-17 00:00:00,https://jobs.citi.com/job/getzville/asset-servicing-assoc-analyst-hyrbid/287/99357218720
CITIBANK,99357217824,Apps Dev Tech Lead Analyst - Vice President,Software Engineering,Rutherford,NJ,United States,hybrid,,2026-08-21 19:28:13.087397,2026-08-17 00:00:00,https://jobs.citi.com/job/rutherford/apps-dev-tech-lead-analyst-vice-president/287/99357217824
CITIBANK,99340993104,Specialized Analytics Lead Analyst,Operations,Irving,TX,United States,hybrid,,2026-08-21 19:28:14.127621,2026-08-17 00:00:00,https://jobs.citi.com/job/irving/specialized-analytics-lead-analyst/287/99340993104
CITIBANK,99229530432,"Post Production Systems and Workflow (Creative and Media Services), Vice President",Risk and Compliance,Jacksonville,FL,United States,hybrid,,2026-08-21 19:28:17.166402,2026-08-14 00:00:00,https://jobs.citi.com/job/jacksonville/post-production-systems-and-workflow-creative-and-media-services-vice-president/287/99229530432
CITIBANK,99108082160,Fraud Operations Specialist,Operations,Jacksonville,FL,United States,hybrid,,2026-08-21 19:28:18.102347,2026-08-12 00:00:00,https://jobs.citi.com/job/jacksonville/fraud-operations-specialist/287/99108082160
CITIBANK,99061886368,Personal Banker SAFE Act - Jamaica Hillside Branch,Sales and Relationship Management,New York,NY,United States,unknown,,2026-08-21 19:28:20.011351,2026-08-11 00:00:00,https://jobs.citi.com/job/new-york/personal-banker-safe-act-jamaica-hillside-branch/287/99061886368
CITIBANK,98836095264,"Forward Deployed Engineer, AI Transformation -Senior Vice President",Data and AI,Irving,TX,United States,hybrid,,2026-08-21 19:28:21.233800,2026-08-06 00:00:00,https://jobs.citi.com/job/irving/forward-deployed-engineer-ai-transformation-senior-vice-president/287/98836095264
CITIBANK,98588459792,Quantitative Analyst – Rates XVA,Risk and Compliance,New York,NY,United States,hybrid,,2026-08-21 19:28:22.150193,2026-08-17 00:00:00,https://jobs.citi.com/job/new-york/quantitative-analyst-rates-xva/287/98588459792
CITIBANK,98473580528,"Equity Research Senior Associate, SMID Biotech (Assistant Vice President)",Risk and Compliance,New York,NY,United States,hybrid,,2026-08-21 19:28:23.036770,2026-07-29 00:00:00,https://jobs.citi.com/job/new-york/equity-research-senior-associate-smid-biotech-assistant-vice-president/287/98473580528
CITIBANK,98388436384,"Part-Time Universal Banker (20 Hours), Rancho Park Branch",Sales and Relationship Management,Los Angeles,CA,United States,unknown,,2026-08-21 19:28:24.201899,2026-07-27 00:00:00,https://jobs.citi.com/job/los-angeles/part-time-universal-banker-20-hours-rancho-park-branch/287/98388436384
CITIBANK,98236423728,"Senior Quantitative Analyst, Front Office Market Risk – VP",Risk and Compliance,New York,NY,United States,hybrid,,2026-08-21 19:28:25.195153,2026-08-17 00:00:00,https://jobs.citi.com/job/new-york/senior-quantitative-analyst-front-office-market-risk-vp/287/98236423728
CITIBANK,97869450160,"Research Senior Associate, Software, Assistant Vice President",Risk and Compliance,Getzville,NY,United States,hybrid,,2026-08-21 19:28:27.151384,2026-07-16 00:00:00,https://jobs.citi.com/job/getzville/research-senior-associate-software-assistant-vice-president/287/97869450160
CITIBANK,97531645712,"Personal Banker SAFE Act, Los Angeles - Westside Area Branches, Officer",Sales and Relationship Management,Los Angeles,CA,United States,unknown,,2026-08-21 19:28:28.140211,2026-07-08 00:00:00,https://jobs.citi.com/job/los-angeles/personal-banker-safe-act-los-angeles-westside-area-branches-officer/287/97531645712
CITIBANK,97250161936,"SVP, HR Technology Product Manager",Product Management,Jacksonville,FL,United States,unknown,,2026-08-21 19:28:29.230594,2026-08-18 00:00:00,https://jobs.citi.com/job/jacksonville/svp-hr-technology-product-manager/287/97250161936
CITIBANK,97130443168,"Sr. Business Banker - Central California/Nevada - Las Vegas/Sacramento, Vice President",Sales and Relationship Management,Las Vegas,NV,United States,unknown,,2026-08-21 19:28:30.249029,2026-06-30 00:00:00,https://jobs.citi.com/job/las-vegas/sr-business-banker-central-california-nevada-las-vegas-sacramento-vice-president/287/97130443168
CITIBANK,97130409264,Digital Marketing Senior Analyst,Risk and Compliance,Charlotte,NC,United States,hybrid,,2026-08-21 19:28:31.184590,2026-08-18 00:00:00,https://jobs.citi.com/job/charlotte/digital-marketing-senior-analyst/287/97130409264
CITIBANK,96615009152,Frontend Engineer Angular,Software Engineering,Jacksonville,FL,United States,unknown,,2026-08-21 19:28:33.203216,2026-08-17 00:00:00,https://jobs.citi.com/job/jacksonville/frontend-engineer-angular/287/96615009152
CITIBANK,96291581232,"Business Relationship Manager South Orange County CA, Assistant Vice President",Sales and Relationship Management,Irvine,CA,United States,unknown,,2026-08-21 19:28:34.199330,2026-08-18 00:00:00,https://jobs.citi.com/job/irvine/business-relationship-manager-south-orange-county-ca-assistant-vice-president/287/96291581232
CITIBANK,95371086400,"Equities Algorithmic Trading Quantitative Analyst, MQA – VP",Risk and Compliance,New York,NY,United States,unknown,,2026-08-21 19:28:35.273562,2026-08-17 00:00:00,https://jobs.citi.com/job/new-york/equities-algorithmic-trading-quantitative-analyst-mqa-vp/287/95371086400
CITIBANK,93223807808,"Part-Time Universal Banker (20 Hours), West Hollywood Sunset/Doheny Branch",Sales and Relationship Management,West Hollywood,CA,United States,unknown,,2026-08-21 19:28:36.286145,2026-03-26 00:00:00,https://jobs.citi.com/job/west-hollywood/part-time-universal-banker-20-hours-west-hollywood-sunset-doheny-branch/287/93223807808
CITIBANK,92730936928,"Insurance, Reinsurance, P&C, Life - Investment Banker - VP",Sales and Relationship Management,New York,NY,United States,hybrid,,2026-08-21 19:28:38.199076,2026-06-25 00:00:00,https://jobs.citi.com/job/new-york/insurance-reinsurance-p-and-c-life-investment-banker-vp/287/92730936928
CITIBANK,88161965744,Senior Wealth Advisor | Nassau County,Risk and Compliance,East Meadow,NY,United States,hybrid,,2026-08-21 19:28:39.204152,2026-08-17 00:00:00,https://jobs.citi.com/job/east-meadow/senior-wealth-advisor-nassau-county/287/88161965744
CITIBANK,99340967248,"Head Universal Banker (40 Hours), Marina Branch",Risk and Compliance,San Francisco,CA,United States,unknown,,2026-08-21 19:28:40.201421,2026-08-17 00:00:00,https://jobs.citi.com/job/san-francisco/head-universal-banker-40-hours-marina-branch/287/99340967248
CITIBANK,99213764672,"Part-Time Teller (20 Hours), South San Francisco Branch",Risk and Compliance,South San Francisco,CA,United States,unknown,,2026-08-21 19:28:41.244372,2026-08-14 00:00:00,https://jobs.citi.com/job/south-san-francisco/part-time-teller-20-hours-south-san-francisco-branch/287/99213764672
CITIBANK,99340993552,"Strategic Equity Solutions Advisory, Analyst/Associate",Risk and Compliance,New York,NY,United States,hybrid,,2026-08-21 19:28:42.224912,2026-08-17 00:00:00,https://jobs.citi.com/job/new-york/strategic-equity-solutions-advisory-analyst-associate/287/99340993552
CITIBANK,99340984960,Relationship Associate - Corporate Bank - Financial Institutions,Risk and Compliance,New York,NY,United States,unknown,,2026-08-21 19:28:43.291261,2026-08-17 00:00:00,https://jobs.citi.com/job/new-york/relationship-associate-corporate-bank-financial-institutions/287/99340984960
CITIBANK,99340980640,"Personal Banker SAFE Act, Downey Branch, Officer",Sales and Relationship Management,Downey,CA,United States,unknown,,2026-08-21 19:28:44.238336,2026-08-17 00:00:00,https://jobs.citi.com/job/downey/personal-banker-safe-act-downey-branch-officer/287/99340980640
CITIBANK,99340978944,"Part-Time Universal Banker (20 Hours), Bilingual English/Spanish Speaking Preferred, Biscayne Branch",Sales and Relationship Management,Miami,FL,United States,unknown,,2026-08-21 19:28:45.279851,2026-08-17 00:00:00,https://jobs.citi.com/job/miami/part-time-universal-banker-20-hours-bilingual-english-spanish-speaking-preferred-biscayne-branch/287/99340978944
CITIBANK,99340978928,"Part-Time Universal Banker (20 Hours), Bilingual English/French or Haitian Creole Speaking Preferred, East Tamarac Branch",Sales and Relationship Management,Tamarac,FL,United States,unknown,,2026-08-21 19:28:47.741178,2026-08-17 00:00:00,https://jobs.citi.com/job/tamarac/part-time-universal-banker-20-hours-bilingual-english-french-or-haitian-creole-speaking-preferred-e/287/99340978928
CITIBANK,99340967312,"Head Universal Banker, Diamond Bar Branch",Risk and Compliance,Diamond Bar,CA,United States,unknown,,2026-08-21 19:28:48.979729,2026-08-17 00:00:00,https://jobs.citi.com/job/diamond-bar/head-universal-banker-diamond-bar-branch/287/99340967312
CITIBANK,99340959920,"Equity Research Analyst, Information Services",Sales and Relationship Management,New York,NY,United States,hybrid,,2026-08-21 19:28:49.961539,2026-08-17 00:00:00,https://jobs.citi.com/job/new-york/equity-research-analyst-information-services/287/99340959920
CITIBANK,99229526320,"Part- Time Universal Banker (20 Hours), IBC Branch",Sales and Relationship Management,San Francisco,CA,United States,unknown,,2026-08-21 19:28:50.987837,2026-08-14 00:00:00,https://jobs.citi.com/job/san-francisco/part-time-universal-banker-20-hours-ibc-branch/287/99229526320
CITIBANK,99229526032,Part -Time Teller (20 Hours) - North Lindenhurst Branch,Risk and Compliance,Lindenhurst,NY,United States,unknown,,2026-08-21 19:28:51.974486,2026-08-14 00:00:00,https://jobs.citi.com/job/lindenhurst/part-time-teller-20-hours-north-lindenhurst-branch/287/99229526032
CITIBANK,99229525200,Operations Core Project Group Manager,Operations,Tampa,FL,United States,hybrid,,2026-08-21 19:28:52.989280,2026-08-14 00:00:00,https://jobs.citi.com/job/tampa/operations-core-project-group-manager/287/99229525200
CITIBANK,99229518320,Loan IQ IT Solutions Architecture Lead Analyst,Risk and Compliance,New Castle,DE,United States,hybrid,,2026-08-21 19:28:54.021339,2026-08-14 00:00:00,https://jobs.citi.com/job/new-castle/loan-iq-it-solutions-architecture-lead-analyst/287/99229518320
CITIBANK,99229482512,Full Stack Software Engineer,Software Engineering,Irving,TX,United States,hybrid,,2026-08-21 19:28:55.107352,2026-08-14 00:00:00,https://jobs.citi.com/job/irving/full-stack-software-engineer/287/99229482512
CITIBANK,99221551200,Universal Banker Part-Time (20 Hours) Westport Plaza Branch,Sales and Relationship Management,Westport,CT,United States,unknown,,2026-08-21 19:28:57.057326,2026-08-14 00:00:00,https://jobs.citi.com/job/westport/universal-banker-part-time-20-hours-westport-plaza-branch/287/99221551200
CITIBANK,99221551120,Universal Banker Part-Time (20 Hours) - Morris Park Branch,Sales and Relationship Management,New York,NY,United States,unknown,,2026-08-21 19:28:58.069347,2026-08-14 00:00:00,https://jobs.citi.com/job/new-york/universal-banker-part-time-20-hours-morris-park-branch/287/99221551120
CITIBANK,99221548352,Technology Lead Business Analyst,Risk and Compliance,Sioux Falls,SD,United States,hybrid,,2026-08-21 19:28:58.997368,2026-08-14 00:00:00,https://jobs.citi.com/job/sioux-falls/technology-lead-business-analyst/287/99221548352
CITIBANK,99221526816,Securities & Derivatives Intermediate Associate Analyst Hybrid,Risk and Compliance,Sioux Falls,SD,United States,hybrid,,2026-08-21 19:29:01.088813,2026-08-14 00:00:00,https://jobs.citi.com/job/sioux-falls/securities-and-derivatives-intermediate-associate-analyst-hybrid/287/99221526816
CITIBANK,99221518288,Personal Banker SAFE Act - Bilingual English/Spanish Speaking Preferred - Westchester/Crosby Branch,Sales and Relationship Management,New York,NY,United States,unknown,,2026-08-21 19:29:02.132299,2026-08-14 00:00:00,https://jobs.citi.com/job/new-york/personal-banker-safe-act-bilingual-english-spanish-speaking-preferred-westchester-crosby-branch/287/99221518288
CITIBANK,99221516480,"Part- Time Universal Banker, One California Branch, San Francisco",Sales and Relationship Management,San Francisco,CA,United States,unknown,,2026-08-21 19:29:03.162190,2026-08-14 00:00:00,https://jobs.citi.com/job/san-francisco/part-time-universal-banker-one-california-branch-san-francisco/287/99221516480
CITIBANK,99221515696,Operations Support Intermediate Analyst,Risk and Compliance,Tampa,FL,United States,hybrid,,2026-08-21 19:29:04.251102,2026-08-14 00:00:00,https://jobs.citi.com/job/tampa/operations-support-intermediate-analyst/287/99221515696
CITIBANK,99221503616,Investment Banking Sr Associate - Financial Institutions Group,Sales and Relationship Management,New York,NY,United States,unknown,,2026-08-21 19:29:05.259742,2026-08-14 00:00:00,https://jobs.citi.com/job/new-york/investment-banking-sr-associate-financial-institutions-group/287/99221503616
CITIBANK,99221503584,Investment Banking Sr Analyst - Financial Institutions,Operations,New York,NY,United States,hybrid,,2026-08-21 19:29:06.168926,2026-08-14 00:00:00,https://jobs.citi.com/job/new-york/investment-banking-sr-analyst-financial-institutions/287/99221503584
CITIBANK,99221479968,"Commercial Bank FX Salesperson, AVP",Sales and Relationship Management,New York,NY,United States,hybrid,,2026-08-21 19:29:07.277728,2026-08-14 00:00:00,https://jobs.citi.com/job/new-york/commercial-bank-fx-salesperson-avp/287/99221479968
CITIBANK,99221477104,Cash and Trade Processing Manager Assistant Vice President,Operations,Newark,DE,United States,unknown,,2026-08-21 19:29:08.276812,2026-08-14 00:00:00,https://jobs.citi.com/job/newark/cash-and-trade-processing-manager-assistant-vice-president/287/99221477104
CITIBANK,99183693232,"AI Digital Senior Product Lead, Global Services - Senior Vice President",Product Management,New York,NY,United States,hybrid,,2026-08-21 19:29:11.150002,2026-08-13 00:00:00,https://jobs.citi.com/job/new-york/ai-digital-senior-product-lead-global-services-senior-vice-president/287/99183693232
CITIBANK,99017390560,"Enterprise Architect - Fraud Domain, Director",Risk and Compliance,Irving,TX,United States,hybrid,,2026-08-21 19:29:13.207774,2026-08-10 00:00:00,https://jobs.citi.com/job/irving/enterprise-architect-fraud-domain-director/287/99017390560
CITIBANK,98811627728,Assistant Vice President Budget Closer,Risk and Compliance,Los Angeles,CA,United States,hybrid,,2026-08-21 19:29:14.258463,2026-08-05 00:00:00,https://jobs.citi.com/job/los-angeles/assistant-vice-president-budget-closer/287/98811627728
CITIBANK,98789728112,Client Experience Associate SAFE ACT - AVP - HOUSTON,Risk and Compliance,Houston,TX,United States,hybrid,,2026-08-21 19:29:15.171106,2026-08-17 00:00:00,https://jobs.citi.com/job/houston/client-experience-associate-safe-act-avp-houston/287/98789728112
CITIBANK,98764014352,"Business Relationship Manager: North Orange County CA,  Area. Assistant Vice President",Sales and Relationship Management,Fountain Valley,CA,United States,unknown,,2026-08-21 19:29:16.187583,2026-08-04 00:00:00,https://jobs.citi.com/job/fountain-valley/business-relationship-manager-north-orange-county-ca-area-assistant-vice-president/287/98764014352
CITIBANK,98755982496,"FDC Account Management Manager, Director",Operations,New York,NY,United States,hybrid,,2026-08-21 19:29:17.180371,2026-08-04 00:00:00,https://jobs.citi.com/job/new-york/fdc-account-management-manager-director/287/98755982496
CITIBANK,98534982496,"Paid Media Strategist, Agentic AI & Performance Strategy",Cloud and Infrastructure,New York,NY,United States,hybrid,,2026-08-21 19:29:18.281851,2026-07-30 00:00:00,https://jobs.citi.com/job/new-york/paid-media-strategist-agentic-ai-and-performance-strategy/287/98534982496
CITIBANK,98457994224,Relationship Associate - Corporate Bank - Financial Institutions,Risk and Compliance,New York,NY,United States,unknown,,2026-08-21 19:29:19.199568,2026-08-17 00:00:00,https://jobs.citi.com/job/new-york/relationship-associate-corporate-bank-financial-institutions/287/98457994224
CITIBANK,98041697360,"Branch Manager Safe Act Greater North Broward FL Area, Assistant Vice President",Risk and Compliance,Coconut Creek,FL,United States,unknown,,2026-08-21 19:29:21.238056,2026-07-20 00:00:00,https://jobs.citi.com/job/coconut-creek/branch-manager-safe-act-greater-north-broward-fl-area-assistant-vice-president/287/98041697360
CITIBANK,97845674640,Part-Time Universal Banker (20 Hours)- Franklin and Adams Branch,Sales and Relationship Management,Chicago,IL,United States,unknown,,2026-08-21 19:29:22.262531,2026-08-14 00:00:00,https://jobs.citi.com/job/chicago/part-time-universal-banker-20-hours-franklin-and-adams-branch/287/97845674640
CITIBANK,97781928336,"Senior Technical Lead, Full-Stack Engineering – Vice President",Software Engineering,Tampa,FL,United States,hybrid,,2026-08-21 19:29:23.298207,2026-07-14 00:00:00,https://jobs.citi.com/job/tampa/senior-technical-lead-full-stack-engineering-vice-president/287/97781928336
CITIBANK,97200485024,"NAV Financing Structurer, Strategic Equity Solutions, Vice President",Risk and Compliance,New York,NY,United States,unknown,,2026-08-21 19:29:24.332941,2026-07-01 00:00:00,https://jobs.citi.com/job/new-york/nav-financing-structurer-strategic-equity-solutions-vice-president/287/97200485024
CITIBANK,96615082848,"Senior Python AI Engineer (Hands-On), VP",Data and AI,New York,NY,United States,hybrid,,2026-08-21 19:29:25.264369,2026-06-18 00:00:00,https://jobs.citi.com/job/new-york/senior-python-ai-engineer-hands-on-vp/287/96615082848
CITIBANK,96266841088,"Business Relationship Manager San Gabriel Valley Area, Assistant Vice President",Sales and Relationship Management,Pasadena,CA,United States,unknown,,2026-08-21 19:29:26.258996,2026-08-17 00:00:00,https://jobs.citi.com/job/pasadena/business-relationship-manager-san-gabriel-valley-area-assistant-vice-president/287/96266841088
CITIBANK,96027560944,Applications Development Sr Programmer Analyst (AI Focus) - Assistant Vice President,Software Engineering,Tampa,FL,United States,hybrid,,2026-08-21 19:29:27.145691,2026-08-14 00:00:00,https://jobs.citi.com/job/tampa/applications-development-sr-programmer-analyst-ai-focus-assistant-vice-president/287/96027560944
CITIBANK,92572658368,Agentic AI Engineer - Vice President,Data and AI,Tampa,FL,United States,hybrid,,2026-08-21 19:29:29.339655,2026-08-17 00:00:00,https://jobs.citi.com/job/tampa/agentic-ai-engineer-vice-president/287/92572658368
CITIBANK,99213788608,Senior Mortgage Lending Officer,Sales and Relationship Management,Oakland,CA,United States,hybrid,,2026-08-21 19:29:30.363702,2026-08-14 00:00:00,https://jobs.citi.com/job/oakland/senior-mortgage-lending-officer/287/99213788608
CITIBANK,99213775872,"Retail Area Manager Sacramento CA, Senior Vice President",Risk and Compliance,Citrus Heights,CA,United States,hybrid,,2026-08-21 19:29:31.467400,2026-08-14 00:00:00,https://jobs.citi.com/job/citrus-heights/retail-area-manager-sacramento-ca-senior-vice-president/287/99213775872
CITIBANK,99213775856,Research Specialist,Operations,O'Fallon,MO,United States,hybrid,,2026-08-21 19:29:32.427092,2026-08-14 00:00:00,https://jobs.citi.com/job/o-fallon/research-specialist/287/99213775856
CITIBANK,99213764816,Part-Time Universal Banker (20 Hours) - Flatbush Branch,Sales and Relationship Management,New York,NY,United States,unknown,,2026-08-21 19:29:34.443774,2026-08-14 00:00:00,https://jobs.citi.com/job/new-york/part-time-universal-banker-20-hours-flatbush-branch/287/99213764816
CITIBANK,99213764768,Part-Time Universal Banker (20 Hours) - Bilingual: English/Mandarin Preferred - Flushing Branch,Sales and Relationship Management,New York,NY,United States,unknown,,2026-08-21 19:29:35.324719,2026-08-14 00:00:00,https://jobs.citi.com/job/new-york/part-time-universal-banker-20-hours-bilingual-english-mandarin-preferred-flushing-branch/287/99213764768
CITIBANK,99213763968,"Part - Time Universal Banker (20 Hours), Eastlake Branch",Sales and Relationship Management,Chula Vista,CA,United States,unknown,,2026-08-21 19:29:36.398900,2026-08-14 00:00:00,https://jobs.citi.com/job/chula-vista/part-time-universal-banker-20-hours-eastlake-branch/287/99213763968
CITIBANK,99213761920,Mortgage Lending Officer SAFE Act - B12 - SAN FRANCISCO,Sales and Relationship Management,San Francisco,CA,United States,hybrid,,2026-08-21 19:29:37.444335,2026-08-14 00:00:00,https://jobs.citi.com/job/san-francisco/mortgage-lending-officer-safe-act-b12-san-francisco/287/99213761920
CITIBANK,99213761904,Mortgage Lending Officer SAFE Act - B12 - PARK RIDGE,Sales and Relationship Management,Park Ridge,IL,United States,hybrid,,2026-08-21 19:29:38.358941,2026-08-14 00:00:00,https://jobs.citi.com/job/park-ridge/mortgage-lending-officer-safe-act-b12-park-ridge/287/99213761904
CITIBANK,99213761888,Mortgage Lending Officer SAFE Act - B11 - VERNON HILLS,Risk and Compliance,Vernon Hills,IL,United States,hybrid,,2026-08-21 19:29:39.555032,2026-08-14 00:00:00,https://jobs.citi.com/job/vernon-hills/mortgage-lending-officer-safe-act-b11-vernon-hills/287/99213761888
CITIBANK,99213761504,"Model Identification and Assurance Review Analyst, Assistant Vice President",Risk and Compliance,Getzville,NY,United States,hybrid,,2026-08-21 19:29:40.406670,2026-08-14 00:00:00,https://jobs.citi.com/job/getzville/model-identification-and-assurance-review-analyst-assistant-vice-president/287/99213761504
CITIBANK,99213760624,"Marketing Effectiveness, Vice President",Risk and Compliance,New York,NY,United States,hybrid,,2026-08-21 19:29:41.437475,2026-08-14 00:00:00,https://jobs.citi.com/job/new-york/marketing-effectiveness-vice-president/287/99213760624
CITIBANK,99213748864,"Equity Research Senior Associate, FinTech & Financials",Risk and Compliance,New York,NY,United States,hybrid,,2026-08-21 19:29:43.183457,2026-08-14 00:00:00,https://jobs.citi.com/job/new-york/equity-research-senior-associate-fintech-and-financials/287/99213748864
CITIBANK,99213748720,Equity Research Analyst - Banks (Vice President),Risk and Compliance,New York,NY,United States,hybrid,,2026-08-21 19:29:43.456814,2026-08-14 00:00:00,https://jobs.citi.com/job/new-york/equity-research-analyst-banks-vice-president/287/99213748720
CITIBANK,99213746976,"Digital Reputation Management, Assistant Vice President",Data and AI,Jacksonville,FL,United States,hybrid,,2026-08-21 19:29:44.501138,2026-08-14 00:00:00,https://jobs.citi.com/job/jacksonville/digital-reputation-management-assistant-vice-president/287/99213746976
CITIBANK,99213721472,"AI Product Manager - Business Line Execution, Senior Vice President",Risk and Compliance,New York,NY,United States,hybrid,,2026-08-21 19:29:45.453791,2026-08-14 00:00:00,https://jobs.citi.com/job/new-york/ai-product-manager-business-line-execution-senior-vice-president/287/99213721472
CITIBANK,99183739136,Head Universal Banker - Brentwood Branch,Risk and Compliance,Brentwood,NY,United States,unknown,,2026-08-21 19:29:47.529898,2026-08-13 00:00:00,https://jobs.citi.com/job/brentwood/head-universal-banker-brentwood-branch/287/99183739136
CITIBANK,99183731456,Full Stack Java/React Technical Lead - Vice President,Software Engineering,Irving,TX,United States,hybrid,,2026-08-21 19:29:50.326837,2026-08-13 00:00:00,https://jobs.citi.com/job/irving/full-stack-java-react-technical-lead-vice-president/287/99183731456
CITIBANK,99183706880,"Branch Manager - Moynihan, Assistant Vice President",Risk and Compliance,New York,NY,United States,unknown,,2026-08-21 19:29:50.640056,2026-08-13 00:00:00,https://jobs.citi.com/job/new-york/branch-manager-moynihan-assistant-vice-president/287/99183706880
CITIBANK,99183706736,"Branch Manager - 5th & 16th Street Branch, Vice President",Risk and Compliance,New York,NY,United States,unknown,,2026-08-21 19:29:51.657578,2026-08-13 00:00:00,https://jobs.citi.com/job/new-york/branch-manager-5th-and-16th-street-branch-vice-president/287/99183706736
CITIBANK,99183693328,"AI Product & Capability Manager, Global Services - Senior Vice President",Risk and Compliance,New York,NY,United States,hybrid,,2026-08-21 19:29:52.480453,2026-08-13 00:00:00,https://jobs.citi.com/job/new-york/ai-product-and-capability-manager-global-services-senior-vice-president/287/99183693328
CITIBANK,99175548576,"Personal Banker SAFE Act, Bilingual English/Spanish Speaking Preferred, Bayfront Branch, Officer",Sales and Relationship Management,Miami,FL,United States,unknown,,2026-08-21 19:29:54.625187,2026-08-13 00:00:00,https://jobs.citi.com/job/miami/personal-banker-safe-act-bilingual-english-spanish-speaking-preferred-bayfront-branch-officer/287/99175548576
CITIBANK,99175547104,"Part-Time Universal Banker (20 Hours), Bilingual English/Spanish Speaking Preferred, Plantation Branch",Sales and Relationship Management,Plantation,FL,United States,unknown,,2026-08-21 19:29:55.601220,2026-08-13 00:00:00,https://jobs.citi.com/job/plantation/part-time-universal-banker-20-hours-bilingual-english-spanish-speaking-preferred-plantation-branch/287/99175547104
CITIBANK,99175547040,"Part-Time Universal Banker (20 Hours), Bilingual English/Spanish Speaking Preferred, Pines West Branch",Sales and Relationship Management,Pembroke Pines,FL,United States,unknown,,2026-08-21 19:29:56.604945,2026-08-13 00:00:00,https://jobs.citi.com/job/pembroke-pines/part-time-universal-banker-20-hours-bilingual-english-spanish-speaking-preferred-pines-west-branch/287/99175547040
CITIBANK,99175546880,"Part-Time Universal Banker (20 Hours), Bilingual English/Spanish Speaking Preferred, Dania Branch",Sales and Relationship Management,Dania Beach,FL,United States,unknown,,2026-08-21 19:29:57.611046,2026-08-13 00:00:00,https://jobs.citi.com/job/dania-beach/part-time-universal-banker-20-hours-bilingual-english-spanish-speaking-preferred-dania-branch/287/99175546880
CITIBANK,99175512272,Cash and Trade Processing Representative,Operations,Irving,TX,United States,unknown,,2026-08-21 19:29:58.721346,2026-08-13 00:00:00,https://jobs.citi.com/job/irving/cash-and-trade-processing-representative/287/99175512272
CITIBANK,99175511936,Cash and Trade Processing  Representative,Operations,Irving,TX,United States,unknown,,2026-08-21 19:30:00.770737,2026-08-13 00:00:00,https://jobs.citi.com/job/irving/cash-and-trade-processing-representative/287/99175511936
CITIBANK,99175511888,"Cash and Trade Process Representative - 2nd Shift Weekend (Sun, Mon, Fri, Sat 3:00PM - 1:30AM)",Operations,Irving,TX,United States,unknown,,2026-08-21 19:30:01.695310,2026-08-13 00:00:00,https://jobs.citi.com/job/irving/cash-and-trade-process-representative-2nd-shift-weekend-sun-mon-fri-sat-3-00pm-1-30am/287/99175511888
CITIBANK,99175511856,Cash and Trade Process Representative - 2nd Shift (Tues to Sat 3:00PM to 11:30PM),Operations,Irving,TX,United States,unknown,,2026-08-21 19:30:02.722226,2026-08-13 00:00:00,https://jobs.citi.com/job/irving/cash-and-trade-process-representative-2nd-shift-tues-to-sat-3-00pm-to-11-30pm/287/99175511856
CITIBANK,99130358128,"Equity Capital Markets Banking - Industrials, Power, Energy - Sr. Analyst",Operations,New York,NY,United States,hybrid,,2026-08-21 19:30:05.682119,2026-08-12 00:00:00,https://jobs.citi.com/job/new-york/equity-capital-markets-banking-industrials-power-energy-sr-analyst/287/99130358128
CITIBANK,98718097136,VP - Loan Closer Affordable Housing Citi Community Capital,Risk and Compliance,Los Angeles,CA,United States,hybrid,,2026-08-21 19:30:07.735986,2026-08-03 00:00:00,https://jobs.citi.com/job/los-angeles/vp-loan-closer-affordable-housing-citi-community-capital/287/98718097136
CITIBANK,98363638832,"Personal Banker SAFE Act, Los Angeles - Westside Area Branches, Officer",Sales and Relationship Management,Los Angeles,CA,United States,unknown,,2026-08-21 19:30:08.755705,2026-07-27 00:00:00,https://jobs.citi.com/job/los-angeles/personal-banker-safe-act-los-angeles-westside-area-branches-officer/287/98363638832
CITIBANK,98105523888,Senior Business Associate - Research Business Execution Team (Vice President),Risk and Compliance,Getzville,NY,United States,hybrid,,2026-08-21 19:30:09.801384,2026-08-14 00:00:00,https://jobs.citi.com/job/getzville/senior-business-associate-research-business-execution-team-vice-president/287/98105523888
CITIBANK,97838263888,"Digital PM Analyst, Assistant Vice President",Risk and Compliance,Irving,TX,United States,unknown,,2026-08-21 19:30:11.766935,2026-08-13 00:00:00,https://jobs.citi.com/job/irving/digital-pm-analyst-assistant-vice-president/287/97838263888
CITIBANK,97794741344,Investment Banking Senior Associate - Technology M&A,Sales and Relationship Management,San Francisco,CA,United States,unknown,,2026-08-21 19:30:12.752087,2026-07-14 00:00:00,https://jobs.citi.com/job/san-francisco/investment-banking-senior-associate-technology-m-and-a/287/97794741344
CITIBANK,97509316192,Lead AI Engineer,Data and AI,Irving,TX,United States,hybrid,,2026-08-21 19:30:13.870083,2026-08-13 00:00:00,https://jobs.citi.com/job/irving/lead-ai-engineer/287/97509316192
CITIBANK,97486716688,Personal Banker SAFE Act - (9th/42nd) Manhattan Plaza Branch,Sales and Relationship Management,New York,NY,United States,unknown,,2026-08-21 19:30:14.895890,2026-07-07 00:00:00,https://jobs.citi.com/job/new-york/personal-banker-safe-act-9th-42nd-manhattan-plaza-branch/287/97486716688
CITIBANK,97177102288,"Paid Search Media Tagging Manager, Paid Search Activation",Risk and Compliance,Irving,TX,United States,hybrid,,2026-08-21 19:30:15.806985,2026-08-13 00:00:00,https://jobs.citi.com/job/irving/paid-search-media-tagging-manager-paid-search-activation/287/97177102288
CITIBANK,96595095360,Senior Executive Assistant,Risk and Compliance,New York,NY,United States,hybrid,,2026-08-21 19:30:16.706258,2026-08-14 00:00:00,https://jobs.citi.com/job/new-york/senior-executive-assistant/287/96595095360
CITIBANK,96481837440,Citi Private Bank | UHNW Banker,Risk and Compliance,Washington,DC,United States,hybrid,,2026-08-21 19:30:17.827776,2026-06-15 00:00:00,https://jobs.citi.com/job/washington/citi-private-bank-uhnw-banker/287/96481837440
CITIBANK,96472568848,Data Engineer- ETL Developer - Assistant Vice President,Software Engineering,Tampa,FL,United States,hybrid,,2026-08-21 19:30:18.817584,2026-08-03 00:00:00,https://jobs.citi.com/job/tampa/data-engineer-etl-developer-assistant-vice-president/287/96472568848
CITIBANK,96046527072,Commercial Credit Officer – Commercial Banking (AVP),Risk and Compliance,Irving,TX,United States,hybrid,,2026-08-21 19:30:20.854139,2026-08-14 00:00:00,https://jobs.citi.com/job/irving/commercial-credit-officer-commercial-banking-avp/287/96046527072
CITIBANK,95413150560,Asset-Backed Securitization and Financing - Associate,Finance and Accounting,New York,NY,United States,unknown,,2026-08-21 19:30:21.803202,2026-08-14 00:00:00,https://jobs.citi.com/job/new-york/asset-backed-securitization-and-financing-associate/287/95413150560
CITIBANK,95337792144,CitiService Manager,Risk and Compliance,Tampa,FL,United States,hybrid,,2026-08-21 19:30:22.834396,2026-08-13 00:00:00,https://jobs.citi.com/job/tampa/citiservice-manager/287/95337792144
CITIBANK,94977565888,Senior Data Engineer - Vice President,Data and AI,Irving,TX,United States,hybrid,,2026-08-21 19:30:23.928241,2026-08-13 00:00:00,https://jobs.citi.com/job/irving/senior-data-engineer-vice-president/287/94977565888
CITIBANK,94977565872,Senior Data Engineer - Vice President,Data and AI,Irving,TX,United States,hybrid,,2026-08-21 19:30:24.950618,2026-08-13 00:00:00,https://jobs.citi.com/job/irving/senior-data-engineer-vice-president/287/94977565872
CITIBANK,94210533808,Citi Private Bank | UHNW Private Banker,Sales and Relationship Management,Chicago,IL,United States,hybrid,,2026-08-21 19:30:25.972022,2026-04-21 00:00:00,https://jobs.citi.com/job/chicago/citi-private-bank-uhnw-private-banker/287/94210533808
CITIBANK,93163179568,Senior Wealth Advisor | Queens,Risk and Compliance,Elmhurst,NY,United States,hybrid,,2026-08-21 19:30:26.992816,2026-03-24 00:00:00,https://jobs.citi.com/job/elmhurst/senior-wealth-advisor-queens/287/93163179568
CITIBANK,92603641152,Full Stack Developer - Assistant Vice President,Software Engineering,Tampa,FL,United States,hybrid,,2026-08-21 19:30:28.882410,2026-08-13 00:00:00,https://jobs.citi.com/job/tampa/full-stack-developer-assistant-vice-president/287/92603641152
CITIBANK,92572718304,Digital S/W Eng Sr Analyst - Assistant Vice President,Software Engineering,Tampa,FL,United States,hybrid,,2026-08-21 19:30:29.954833,2026-08-13 00:00:00,https://jobs.citi.com/job/tampa/digital-s-w-eng-sr-analyst-assistant-vice-president/287/92572718304
CITIBANK,92572718272,Digital S/W Eng Sr Analyst - Assistant Vice President,Software Engineering,Tampa,FL,United States,hybrid,,2026-08-21 19:30:30.938174,2026-08-13 00:00:00,https://jobs.citi.com/job/tampa/digital-s-w-eng-sr-analyst-assistant-vice-president/287/92572718272
CITIBANK,90595012224,"Low Latency Java Algo Developer, Fixed Income Trading, Vice President",Software Engineering,Tampa,FL,United States,hybrid,,2026-08-21 19:30:31.909912,2026-06-26 00:00:00,https://jobs.citi.com/job/tampa/low-latency-java-algo-developer-fixed-income-trading-vice-president/287/90595012224
CITIBANK,88684805136,Senior Wealth Advisor | Uptown Manhattan,Risk and Compliance,New York,NY,United States,hybrid,,2026-08-21 19:30:32.931352,2025-11-21 00:00:00,https://jobs.citi.com/job/new-york/senior-wealth-advisor-uptown-manhattan/287/88684805136
CITIBANK,88610418224,Senior Wealth Advisor | Midtown Manhattan,Risk and Compliance,New York,NY,United States,hybrid,,2026-08-21 19:30:33.992194,2026-05-12 00:00:00,https://jobs.citi.com/job/new-york/senior-wealth-advisor-midtown-manhattan/287/88610418224
CITIBANK,88581171632,Senior Wealth Advisor | Western Connecticut,Risk and Compliance,Greenwich,CT,United States,hybrid,,2026-08-21 19:30:35.010698,2025-11-18 00:00:00,https://jobs.citi.com/job/greenwich/senior-wealth-advisor-western-connecticut/287/88581171632
CITIBANK,88581171584,Senior Wealth Advisor | Staten Island,Risk and Compliance,New York,NY,United States,hybrid,,2026-08-21 19:30:35.911893,2025-11-18 00:00:00,https://jobs.citi.com/job/new-york/senior-wealth-advisor-staten-island/287/88581171584
CITIBANK,88581171488,Senior Wealth Advisor | Bronx,Risk and Compliance,New York,NY,United States,hybrid,,2026-08-21 19:30:37.948409,2025-11-18 00:00:00,https://jobs.citi.com/job/new-york/senior-wealth-advisor-bronx/287/88581171488
CITIBANK,88431984784,Senior Wealth Advisor | Westchester,Risk and Compliance,Greenburgh,NY,United States,hybrid,,2026-08-21 19:30:38.938410,2025-11-14 00:00:00,https://jobs.citi.com/job/greenburgh/senior-wealth-advisor-westchester/287/88431984784
CITIBANK,88431984656,Senior Wealth Advisor | Downtown Manhattan,Risk and Compliance,New York,NY,United States,hybrid,,2026-08-21 19:30:40.966630,2025-11-14 00:00:00,https://jobs.citi.com/job/new-york/senior-wealth-advisor-downtown-manhattan/287/88431984656
CITIBANK,88431926896,Senior Wealth Advisor | North Jersey,Risk and Compliance,Paramus,NJ,United States,hybrid,,2026-08-21 19:30:41.953440,2025-11-14 00:00:00,https://jobs.citi.com/job/paramus/senior-wealth-advisor-north-jersey/287/88431926896
CITIBANK,99156582736,Collateral Risk Analyst (Assistant Vice President),Risk and Compliance,New York,NY,United States,hybrid,,2026-08-21 19:30:42.978722,2026-08-13 00:00:00,https://jobs.citi.com/job/new-york/collateral-risk-analyst-assistant-vice-president/287/99156582736
CITIBANK,99156562032,"AI Product Strategy, Global Services - Director",Risk and Compliance,New York,NY,United States,hybrid,,2026-08-21 19:30:44.097208,2026-08-13 00:00:00,https://jobs.citi.com/job/new-york/ai-product-strategy-global-services-director/287/99156562032
CITIBANK,99156562016,"AI Product Manager, Issuer Services - Vice President",Risk and Compliance,New York,NY,United States,hybrid,,2026-08-21 19:30:45.017963,2026-08-13 00:00:00,https://jobs.citi.com/job/new-york/ai-product-manager-issuer-services-vice-president/287/99156562016
CITIBANK,99156561984,"AI Product Management – Conversational AI & Agentic Platforms, Global Services - Director",Risk and Compliance,New York,NY,United States,hybrid,,2026-08-21 19:30:45.897110,2026-08-13 00:00:00,https://jobs.citi.com/job/new-york/ai-product-management-conversational-ai-and-agentic-platforms-global-services-director/287/99156561984
CITIBANK,99156561760,"AI Agentic Development & Implementation, Global Services - Director",Risk and Compliance,New York,NY,United States,hybrid,,2026-08-21 19:30:47.074285,2026-08-13 00:00:00,https://jobs.citi.com/job/new-york/ai-agentic-development-and-implementation-global-services-director/287/99156561760
CITIBANK,99130419232,Senior Solutions Architect - Director,Risk and Compliance,Tampa,FL,United States,hybrid,,2026-08-21 19:30:48.106421,2026-08-12 00:00:00,https://jobs.citi.com/job/tampa/senior-solutions-architect-director/287/99130419232
CITIBANK,99130410144,Rates Salesperson,Sales and Relationship Management,New York,NY,United States,hybrid,,2026-08-21 19:30:49.004226,2026-08-12 00:00:00,https://jobs.citi.com/job/new-york/rates-salesperson/287/99130410144
CITIBANK,99130401968,Part-Time Teller (20 Hours) - Rochdale Village Branch,Risk and Compliance,New York,NY,United States,unknown,,2026-08-21 19:30:51.143303,2026-08-12 00:00:00,https://jobs.citi.com/job/new-york/part-time-teller-20-hours-rochdale-village-branch/287/99130401968
CITIBANK,99130392304,"Managing Director, Global Sovereign Advisory, Public Sector Banking (PSB)",Risk and Compliance,New York,NY,United States,hybrid,,2026-08-21 19:30:52.088579,2026-08-12 00:00:00,https://jobs.citi.com/job/new-york/managing-director-global-sovereign-advisory-public-sector-banking-psb/287/99130392304
CITIBANK,99130360960,Finance Technology Investments Senior Analyst AVP,Risk and Compliance,Getzville,NY,United States,unknown,,2026-08-21 19:30:53.091965,2026-08-12 00:00:00,https://jobs.citi.com/job/getzville/finance-technology-investments-senior-analyst-avp/287/99130360960
CITIBANK,99130359264,"Equity Research Analyst, SMID Biotech",Sales and Relationship Management,New York,NY,United States,hybrid,,2026-08-21 19:30:54.113385,2026-08-12 00:00:00,https://jobs.citi.com/job/new-york/equity-research-analyst-smid-biotech/287/99130359264
CITIBANK,99130346016,Client Onboarding Analyst,Operations,Tampa,FL,United States,hybrid,,2026-08-21 19:30:55.166571,2026-08-12 00:00:00,https://jobs.citi.com/job/tampa/client-onboarding-analyst/287/99130346016
CITIBANK,99130345984,Client Onboarding Analyst,Operations,Tampa,FL,United States,hybrid,,2026-08-21 19:30:56.127018,2026-08-12 00:00:00,https://jobs.citi.com/job/tampa/client-onboarding-analyst/287/99130345984
CITIBANK,99123114352,Universal Banker Part-Time (20 Hours) - New city Brach,Sales and Relationship Management,New City,NY,United States,unknown,,2026-08-21 19:30:58.210335,2026-08-12 00:00:00,https://jobs.citi.com/job/new-city/universal-banker-part-time-20-hours-new-city-brach/287/99123114352
CITIBANK,99123107872,Senior Python Architect/Developer - Vice President,Risk and Compliance,Jersey City,NJ,United States,hybrid,,2026-08-21 19:30:59.286647,2026-08-12 00:00:00,https://jobs.citi.com/job/jersey-city/senior-python-architect-developer-vice-president/287/99123107872
CITIBANK,99123099360,"Risk Arbitrage Trader, Director",Risk and Compliance,New York,NY,United States,hybrid,,2026-08-21 19:31:00.207834,2026-08-12 00:00:00,https://jobs.citi.com/job/new-york/risk-arbitrage-trader-director/287/99123099360
CITIBANK,99123087408,"Part-Time Universal Banker (20 Hours), Sheepshead Bay Branch",Sales and Relationship Management,New York,NY,United States,unknown,,2026-08-21 19:31:01.099268,2026-08-12 00:00:00,https://jobs.citi.com/job/new-york/part-time-universal-banker-20-hours-sheepshead-bay-branch/287/99123087408
CITIBANK,99123079296,Lead Generative AI Developer,Data and AI,New York,NY,United States,hybrid,,2026-08-21 19:31:02.126359,2026-08-12 00:00:00,https://jobs.citi.com/job/new-york/lead-generative-ai-developer/287/99123079296
CITIBANK,99123071856,"Head Universal Banker, Los Angeles Century City Branch",Risk and Compliance,Los Angeles,CA,United States,unknown,,2026-08-21 19:31:04.207879,2026-08-12 00:00:00,https://jobs.citi.com/job/los-angeles/head-universal-banker-los-angeles-century-city-branch/287/99123071856
CITIBANK,99123066368,"FDC Account Manager, Director",Risk and Compliance,New York,NY,United States,hybrid,,2026-08-21 19:31:05.193780,2026-08-12 00:00:00,https://jobs.citi.com/job/new-york/fdc-account-manager-director/287/99123066368
CITIBANK,99123061056,Corporate Banking Sr Analyst - Industrials,Operations,New York,NY,United States,hybrid,,2026-08-21 19:31:06.142984,2026-08-12 00:00:00,https://jobs.citi.com/job/new-york/corporate-banking-sr-analyst-industrials/287/99123061056
CITIBANK,99108091264,Investment Banking Senior Associate,Finance and Accounting,New York,NY,United States,hybrid,,2026-08-21 19:31:09.041149,2026-08-12 00:00:00,https://jobs.citi.com/job/new-york/investment-banking-senior-associate/287/99108091264
CITIBANK,98881169392,Industrial Trade Sales - VP,Risk and Compliance,New York,NY,United States,hybrid,,2026-08-21 19:31:11.237724,2026-08-07 00:00:00,https://jobs.citi.com/job/new-york/industrial-trade-sales-vp/287/98881169392
CITIBANK,98836130464,"Data Architecture Sr Grp Mgr, Director - VP",Risk and Compliance,Tampa,FL,United States,hybrid,,2026-08-21 19:31:12.251818,2026-08-06 00:00:00,https://jobs.citi.com/job/tampa/data-architecture-sr-grp-mgr-director-vp/287/98836130464
CITIBANK,98525895056,Digital Channel Analyst,Risk and Compliance,Charlotte,NC,United States,hybrid,,2026-08-21 19:31:13.267825,2026-07-30 00:00:00,https://jobs.citi.com/job/charlotte/digital-channel-analyst/287/98525895056
CITIBANK,98426775728,"Personal Banker SAFE Act, Chinatown/Jackson Branch (Bilingual Preferred: Mandarin or Cantonese)",Sales and Relationship Management,San Francisco,CA,United States,unknown,,2026-08-21 19:31:14.273806,2026-07-28 00:00:00,https://jobs.citi.com/job/san-francisco/personal-banker-safe-act-chinatown-jackson-branch-bilingual-preferred-mandarin-or-cantonese/287/98426775728
CITIBANK,98220958640,"Personal Banker SAFE Act, San Rafael Branch",Sales and Relationship Management,San Rafael,CA,United States,unknown,,2026-08-21 19:31:15.291706,2026-07-24 00:00:00,https://jobs.citi.com/job/san-rafael/personal-banker-safe-act-san-rafael-branch/287/98220958640
CITIBANK,98195474592,"Equity Research Senior Associate, Healthcare Services",Risk and Compliance,New York,NY,United States,hybrid,,2026-08-21 19:31:17.622255,2026-07-23 00:00:00,https://jobs.citi.com/job/new-york/equity-research-senior-associate-healthcare-services/287/98195474592
CITIBANK,98105526016,"Supervisory Analyst/Editor, Research Americas, Vice President",Risk and Compliance,San Francisco,CA,United States,hybrid,,2026-08-21 19:31:18.707783,2026-07-21 00:00:00,https://jobs.citi.com/job/san-francisco/supervisory-analyst-editor-research-americas-vice-president/287/98105526016
CITIBANK,98062874720,Personal Banker SAFE Act - Scarsdale Branch,Sales and Relationship Management,Scarsdale,NY,United States,unknown,,2026-08-21 19:31:19.649982,2026-07-20 00:00:00,https://jobs.citi.com/job/scarsdale/personal-banker-safe-act-scarsdale-branch/287/98062874720
CITIBANK,97913205216,"Part-Time Universal Banker (24 Hours), Bilingual English/Spanish Speaking Preferred, Bird Rd",Sales and Relationship Management,Miami,FL,United States,unknown,,2026-08-21 19:31:20.638960,2026-08-12 00:00:00,https://jobs.citi.com/job/miami/part-time-universal-banker-24-hours-bilingual-english-spanish-speaking-preferred-bird-rd/287/97913205216
CITIBANK,97824634144,"Senior Full-stack Java Engineer - Futures & Derivatives Clearing Technology, VP",Cloud and Infrastructure,Jersey City,NJ,United States,hybrid,,2026-08-21 19:31:21.538571,2026-07-15 00:00:00,https://jobs.citi.com/job/jersey-city/senior-full-stack-java-engineer-futures-and-derivatives-clearing-technology-vp/287/97824634144
CITIBANK,97824625952,"Personal Banker SAFE Act, Santa Clara Pruneridge Branch",Sales and Relationship Management,Santa Clara,CA,United States,unknown,,2026-08-21 19:31:23.681079,2026-07-15 00:00:00,https://jobs.citi.com/job/santa-clara/personal-banker-safe-act-santa-clara-pruneridge-branch/287/97824625952
CITIBANK,97735887696,"Personal Banker SAFE Act, Inner Richmond- San Francisco Branch (Bilingual Preferred: Mandarin or Cantonese)",Sales and Relationship Management,San Francisco,CA,United States,unknown,,2026-08-21 19:31:24.635112,2026-07-13 00:00:00,https://jobs.citi.com/job/san-francisco/personal-banker-safe-act-inner-richmond-san-francisco-branch-bilingual-preferred-mandarin-or-canton/287/97735887696
CITIBANK,96792883696,"Cyber Risk Sr. Group Manager, Director",Risk and Compliance,New York,NY,United States,hybrid,,2026-08-21 19:31:25.701618,2026-08-13 00:00:00,https://jobs.citi.com/job/new-york/cyber-risk-sr-group-manager-director/287/96792883696
CITIBANK,95295848400,Global Head of Prime Technology,Risk and Compliance,New York,NY,United States,unknown,,2026-08-21 19:31:27.713787,2026-08-12 00:00:00,https://jobs.citi.com/job/new-york/global-head-of-prime-technology/287/95295848400
CITIBANK,91137811456,"Java Backend Developer, Assistant Vice President",Software Engineering,New York,NY,United States,hybrid,,2026-08-21 19:31:28.586088,2026-08-13 00:00:00,https://jobs.citi.com/job/new-york/java-backend-developer-assistant-vice-president/287/91137811456
CITIBANK,88535769776,Senior Wealth Advisor | Suffolk County,Risk and Compliance,Huntington,NY,United States,hybrid,,2026-08-21 19:31:29.746973,2026-08-10 00:00:00,https://jobs.citi.com/job/huntington/senior-wealth-advisor-suffolk-county/287/88535769776
CITIBANK,99108113824,"Personal Banker SAFE Act, Mission Viejo Branch, Officer",Sales and Relationship Management,Mission Viejo,CA,United States,unknown,,2026-08-21 19:31:30.891025,2026-08-12 00:00:00,https://jobs.citi.com/job/mission-viejo/personal-banker-safe-act-mission-viejo-branch-officer/287/99108113824
CITIBANK,99108113408,"Personal Banker SAFE Act, Fremont Warm Springs Branch",Sales and Relationship Management,Fremont,CA,United States,unknown,,2026-08-21 19:31:31.850988,2026-08-12 00:00:00,https://jobs.citi.com/job/fremont/personal-banker-safe-act-fremont-warm-springs-branch/287/99108113408
CITIBANK,99108110928,"Part-Time Universal Banker (20 Hours), Bakersfield Stockdale Branch",Sales and Relationship Management,Bakersfield,CA,United States,unknown,,2026-08-21 19:31:32.830012,2026-08-12 00:00:00,https://jobs.citi.com/job/bakersfield/part-time-universal-banker-20-hours-bakersfield-stockdale-branch/287/99108110928
CITIBANK,99108109872,"Part-Time Teller (20 Hours), Bilingual Mandarin Speaking Preferred, Monterey Park Branch",Risk and Compliance,Monterey Park,CA,United States,unknown,,2026-08-21 19:31:33.758969,2026-08-12 00:00:00,https://jobs.citi.com/job/monterey-park/part-time-teller-20-hours-bilingual-mandarin-speaking-preferred-monterey-park-branch/287/99108109872
CITIBANK,99108090960,Investment Banking Director - Technology,Risk and Compliance,San Francisco,CA,United States,hybrid,,2026-08-21 19:31:34.775470,2026-08-12 00:00:00,https://jobs.citi.com/job/san-francisco/investment-banking-director-technology/287/99108090960
CITIBANK,99108090928,Investment Banking Director - Energy,Risk and Compliance,Houston,TX,United States,hybrid,,2026-08-21 19:31:36.758214,2026-08-12 00:00:00,https://jobs.citi.com/job/houston/investment-banking-director-energy/287/99108090928
CITIBANK,99108087968,"Head Universal Banker, Thousand Oaks/ Simi Valley Area",Risk and Compliance,Thousand Oaks,CA,United States,unknown,,2026-08-21 19:31:37.818745,2026-08-12 00:00:00,https://jobs.citi.com/job/thousand-oaks/head-universal-banker-thousand-oaks-simi-valley-area/287/99108087968
CITIBANK,99108084512,Gen AI Engineering Analyst - Vice President,Data and AI,Jacksonville,FL,United States,hybrid,,2026-08-21 19:31:38.775514,2026-08-12 00:00:00,https://jobs.citi.com/job/jacksonville/gen-ai-engineering-analyst-vice-president/287/99108084512
CITIBANK,99108077584,Digital Software Engineer Intermediate Analyst Officer,Software Engineering,Jacksonville,FL,United States,hybrid,,2026-08-21 19:31:39.807200,2026-08-12 00:00:00,https://jobs.citi.com/job/jacksonville/digital-software-engineer-intermediate-analyst-officer/287/99108077584
CITIBANK,99085115104,Part-Time Universal Banker (20 Hours) - Mineola Branch,Sales and Relationship Management,Mineola,NY,United States,unknown,,2026-08-21 19:31:40.751309,2026-08-11 00:00:00,https://jobs.citi.com/job/mineola/part-time-universal-banker-20-hours-mineola-branch/287/99085115104
CITIBANK,99085076976,Full Stack Tech Engineering Lead,Software Engineering,New York,NY,United States,hybrid,,2026-08-21 19:31:41.781663,2026-08-11 00:00:00,https://jobs.citi.com/job/new-york/full-stack-tech-engineering-lead/287/99085076976
CITIBANK,99075985568,Universal Banker Part-Time (20 Hours) - Merritt 7 Branch,Sales and Relationship Management,Norwalk,CT,United States,unknown,,2026-08-21 19:31:42.829083,2026-08-11 00:00:00,https://jobs.citi.com/job/norwalk/universal-banker-part-time-20-hours-merritt-7-branch/287/99075985568
CITIBANK,99075984560,Teller Part-Time (20 Hours) - Thornwood Branch,Risk and Compliance,Thornwood,NY,United States,unknown,,2026-08-21 19:31:43.795778,2026-08-11 00:00:00,https://jobs.citi.com/job/thornwood/teller-part-time-20-hours-thornwood-branch/287/99075984560
CITIBANK,99075977776,Senior Security Engineer – Digital Assets Platform - VP,Cybersecurity,New York,NY,United States,hybrid,,2026-08-21 19:31:44.872294,2026-08-11 00:00:00,https://jobs.citi.com/job/new-york/senior-security-engineer-digital-assets-platform-vp/287/99075977776
CITIBANK,99075972624,Senior Applied AI Full-Stack Engineer,Software Engineering,Jersey City,NJ,United States,hybrid,,2026-08-21 19:31:45.829636,2026-08-11 00:00:00,https://jobs.citi.com/job/jersey-city/senior-applied-ai-full-stack-engineer/287/99075972624
CITIBANK,99075958704,"Platform Product Manager, Equity Cash, Director",Risk and Compliance,New York,NY,United States,hybrid,,2026-08-21 19:31:47.863142,2026-08-11 00:00:00,https://jobs.citi.com/job/new-york/platform-product-manager-equity-cash-director/287/99075958704
CITIBANK,99075957456,Personal Banker SAFE Act - Seward Park Branch,Sales and Relationship Management,New York,NY,United States,unknown,,2026-08-21 19:31:48.877243,2026-08-11 00:00:00,https://jobs.citi.com/job/new-york/personal-banker-safe-act-seward-park-branch/287/99075957456
CITIBANK,99075956992,Personal Banker SAFE Act - Bilingual Spanish preferred - Columbia Heights Branch,Sales and Relationship Management,Washington,DC,United States,unknown,,2026-08-21 19:31:49.971940,2026-08-11 00:00:00,https://jobs.citi.com/job/washington/personal-banker-safe-act-bilingual-spanish-preferred-columbia-heights-branch/287/99075956992
CITIBANK,99075955520,Part-Time Universal Banker (20 Hours) - Syosset Branch,Sales and Relationship Management,Syosset,NY,United States,unknown,,2026-08-21 19:31:51.053730,2026-08-11 00:00:00,https://jobs.citi.com/job/syosset/part-time-universal-banker-20-hours-syosset-branch/287/99075955520
CITIBANK,99075954672,Part- Time Universal Banker (20 Hours)- Escondido Branch,Sales and Relationship Management,Escondido,CA,United States,unknown,,2026-08-21 19:31:51.892966,2026-08-11 00:00:00,https://jobs.citi.com/job/escondido/part-time-universal-banker-20-hours-escondido-branch/287/99075954672
CITIBANK,99075954544,Part Time Universal Banker (20 Hours) - Bilingual Spanish preferred - Columbia Heights Branch,Sales and Relationship Management,Washington,DC,United States,unknown,,2026-08-21 19:31:52.941046,2026-08-11 00:00:00,https://jobs.citi.com/job/washington/part-time-universal-banker-20-hours-bilingual-spanish-preferred-columbia-heights-branch/287/99075954544
CITIBANK,99075954528,"Part Time Teller (20 Hours), San Jose Eastridge Branch, (Bilingual Preferred: Vietnamese)",Risk and Compliance,San Jose,CA,United States,unknown,,2026-08-21 19:31:53.915518,2026-08-11 00:00:00,https://jobs.citi.com/job/san-jose/part-time-teller-20-hours-san-jose-eastridge-branch-bilingual-preferred-vietnamese/287/99075954528
CITIBANK,99075939968,Head Universal Banker - 3rd/64th Branch,Risk and Compliance,New York,NY,United States,unknown,,2026-08-21 19:31:54.970038,2026-08-11 00:00:00,https://jobs.citi.com/job/new-york/head-universal-banker-3rd-64th-branch/287/99075939968
CITIBANK,99075939760,Head of Personal Loans Core Platforms and Lending Integrations - Director,Risk and Compliance,Jacksonville,FL,United States,hybrid,,2026-08-21 19:31:56.025006,2026-08-11 00:00:00,https://jobs.citi.com/job/jacksonville/head-of-personal-loans-core-platforms-and-lending-integrations-director/287/99075939760
CITIBANK,99075930176,Dedicated Lending Associate SAFE Act - B10 - NEW YORK,Risk and Compliance,New York,NY,United States,hybrid,,2026-08-21 19:31:56.987245,2026-08-11 00:00:00,https://jobs.citi.com/job/new-york/dedicated-lending-associate-safe-act-b10-new-york/287/99075930176
CITIBANK,99075915856,"Business Relationship Manager - Queens East, AVP",Sales and Relationship Management,New York,NY,United States,unknown,,2026-08-21 19:31:59.018700,2026-08-11 00:00:00,https://jobs.citi.com/job/new-york/business-relationship-manager-queens-east-avp/287/99075915856
CITIBANK,99075913984,"Branch Manager - Moynihan, Assistant Vice President",Risk and Compliance,New York,NY,United States,unknown,,2026-08-21 19:32:00.005246,2026-08-11 00:00:00,https://jobs.citi.com/job/new-york/branch-manager-moynihan-assistant-vice-president/287/99075913984
CITIBANK,99075913904,"Branch Manager - East Brooklyn Branch, Vice President",Risk and Compliance,New York,NY,United States,unknown,,2026-08-21 19:32:00.986667,2026-08-11 00:00:00,https://jobs.citi.com/job/new-york/branch-manager-east-brooklyn-branch-vice-president/287/99075913904
CITIBANK,99075913808,"Branch Manager - Broadway/178th Street, Assistant Vice President",Risk and Compliance,New York,NY,United States,unknown,,2026-08-21 19:32:01.978430,2026-08-11 00:00:00,https://jobs.citi.com/job/new-york/branch-manager-broadway-178th-street-assistant-vice-president/287/99075913808
CITIBANK,99075913584,Blockchain/Web3 Java Engineer - Digital Assets Platform - VP,Software Engineering,New York,NY,United States,hybrid,,2026-08-21 19:32:03.068248,2026-08-11 00:00:00,https://jobs.citi.com/job/new-york/blockchain-web3-java-engineer-digital-assets-platform-vp/287/99075913584
CITIBANK,99075913520,Blockchain Senior Java Engineer - Digital Assets Platform - VP,Software Engineering,New York,NY,United States,hybrid,,2026-08-21 19:32:04.172220,2026-08-11 00:00:00,https://jobs.citi.com/job/new-york/blockchain-senior-java-engineer-digital-assets-platform-vp/287/99075913520
CITIBANK,98811696224,Sanctions Operations Analyst Bilingual,Risk and Compliance,Tampa,FL,United States,unknown,,2026-08-21 19:32:08.669477,2026-08-11 00:00:00,https://jobs.citi.com/job/tampa/sanctions-operations-analyst-bilingual/287/98811696224
CITIBANK,98804315504,"Managing Director, Head of Data, Storage and Middleware Services",Risk and Compliance,Irving,TX,United States,hybrid,,2026-08-21 19:32:09.624565,2026-08-05 00:00:00,https://jobs.citi.com/job/irving/managing-director-head-of-data-storage-and-middleware-services/287/98804315504
CITIBANK,98755966640,Client Experience Associate SAFE ACT - AVP - LOS ANGELES,Risk and Compliance,Los Angeles,CA,United States,hybrid,,2026-08-21 19:32:10.624495,2026-08-04 00:00:00,https://jobs.citi.com/job/los-angeles/client-experience-associate-safe-act-avp-los-angeles/287/98755966640
CITIBANK,98054505424,Infrastructure Syndications Banker - DCM - Director,Sales and Relationship Management,New York,NY,United States,unknown,,2026-08-21 19:32:12.420237,2026-07-20 00:00:00,https://jobs.citi.com/job/new-york/infrastructure-syndications-banker-dcm-director/287/98054505424
CITIBANK,97838251776,"Banking, Mid-Corporate Banking, Natural Resources (Energy), Full-time Analyst, Houston – US, 2027",Risk and Compliance,Houston,TX,United States,unknown,,2026-08-21 19:32:14.454796,2026-08-10 00:00:00,https://jobs.citi.com/job/houston/banking-mid-corporate-banking-natural-resources-energy-full-time-analyst-houston-us-2027/287/97838251776
CITIBANK,97193107088,Wealth Relationship Manager - Downtown Manhattan,Risk and Compliance,New York,NY,United States,unknown,,2026-08-21 19:32:15.654552,2026-07-01 00:00:00,https://jobs.citi.com/job/new-york/wealth-relationship-manager-downtown-manhattan/287/97193107088
CITIBANK,96310728032,"Senior Vice President, Commercial Loans and Capital Management, Citi Commercial Bank",Risk and Compliance,New York,NY,United States,hybrid,,2026-08-21 19:32:17.589099,2026-08-11 00:00:00,https://jobs.citi.com/job/new-york/senior-vice-president-commercial-loans-and-capital-management-citi-commercial-bank/287/96310728032
CITIBANK,96222615264,Fraud Specialist - Train On-Site Home Office Program - Salary up to $21.05/hour,Risk and Compliance,O'Fallon,MO,United States,hybrid,,2026-08-21 19:32:18.668397,2026-06-09 00:00:00,https://jobs.citi.com/job/o-fallon/fraud-specialist-train-on-site-home-office-program-salary-up-to-21-05-hour/287/96222615264
CITIBANK,94846498992,Junior Generative AI Application Developer,Data and AI,Irving,TX,United States,hybrid,,2026-08-21 19:32:20.758878,2026-08-11 00:00:00,https://jobs.citi.com/job/irving/junior-generative-ai-application-developer/287/94846498992
CITIBANK,94776534496,GenAI App Developer Lead Analyst - Python - Vice President,Software Engineering,Tampa,FL,United States,hybrid,,2026-08-21 19:32:21.644116,2026-08-12 00:00:00,https://jobs.citi.com/job/tampa/genai-app-developer-lead-analyst-python-vice-president/287/94776534496
CITIBANK,94342680368,Applications Development Java Programmer – Assistant Vice President,Software Engineering,New Castle,DE,United States,hybrid,,2026-08-21 19:32:22.636887,2026-04-24 00:00:00,https://jobs.citi.com/job/new-castle/applications-development-java-programmer-assistant-vice-president/287/94342680368
CITIBANK,94210515984,Gen AI Engineering Analyst - Vice President,Data and AI,Jacksonville,FL,United States,hybrid,,2026-08-21 19:32:23.665359,2026-06-02 00:00:00,https://jobs.citi.com/job/jacksonville/gen-ai-engineering-analyst-vice-president/287/94210515984
CITIBANK,93961487584,"Market Risk Senior Analyst, Assistant Vice President",Risk and Compliance,New York,NY,United States,unknown,,2026-08-21 19:32:24.660064,2026-08-11 00:00:00,https://jobs.citi.com/job/new-york/market-risk-senior-analyst-assistant-vice-president/287/93961487584
CITIBANK,93732387920,"Senior Web Developer, Vice President",Software Engineering,New York,NY,United States,unknown,,2026-08-21 19:32:25.671025,2026-07-01 00:00:00,https://jobs.citi.com/job/new-york/senior-web-developer-vice-president/287/93732387920
CITIBANK,93654911424,"Credit and Systematic Trading Front End Developer, Vice President",Software Engineering,New York,NY,United States,hybrid,,2026-08-21 19:32:26.704606,2026-08-11 00:00:00,https://jobs.citi.com/job/new-york/credit-and-systematic-trading-front-end-developer-vice-president/287/93654911424
CITIBANK,92719777552,"Citi Commercial Bank - Mid-Corp Relationship Manager, Consumer & Retail - Senior Vice President",Sales and Relationship Management,Chicago,IL,United States,hybrid,,2026-08-21 19:32:27.679375,2026-08-11 00:00:00,https://jobs.citi.com/job/chicago/citi-commercial-bank-mid-corp-relationship-manager-consumer-and-retail-senior-vice-president/287/92719777552
CITIBANK,92619331120,"Head of Human Resources Communications, Director",Human Resources,New York,NY,United States,hybrid,,2026-08-21 19:32:28.709884,2026-06-22 00:00:00,https://jobs.citi.com/job/new-york/head-of-human-resources-communications-director/287/92619331120
CITIBANK,89631582048,"Banking - Commercial Banking - Natural Resources & Energy,  Summer Analyst, Houston - US, 2027",Risk and Compliance,Houston,TX,United States,hybrid,,2026-08-21 19:37:15.070816,2026-08-10 00:00:00,https://jobs.citi.com/job/houston/banking-commercial-banking-natural-resources-and-energy-summer-analyst-houston-us-2027/287/89631582048
CITIBANK,99061950256,"Part-Time Universal Banker (20 Hours), Tustin Ranch Branch (Bilingual Preferred: Mandarin)",Sales and Relationship Management,Tustin,CA,United States,unknown,,2026-08-21 19:37:15.864574,2026-08-11 00:00:00,https://jobs.citi.com/job/tustin/part-time-universal-banker-20-hours-tustin-ranch-branch-bilingual-preferred-mandarin/287/99061950256
CITIBANK,99061949840,"Part-Time Universal Banker (20 Hours), Century City Branch",Sales and Relationship Management,Los Angeles,CA,United States,unknown,,2026-08-21 19:37:16.926970,2026-08-11 00:00:00,https://jobs.citi.com/job/los-angeles/part-time-universal-banker-20-hours-century-city-branch/287/99061949840
CITIBANK,99061934896,In-Business Market Risk Manager - C15 - NEW YORK,Risk and Compliance,New York,NY,United States,hybrid,,2026-08-21 19:37:17.940529,2026-08-11 00:00:00,https://jobs.citi.com/job/new-york/in-business-market-risk-manager-c15-new-york/287/99061934896
CITIBANK,99061893920,Applications Support Senior Analyst - Assistant Vice President,Risk and Compliance,Tampa,FL,United States,hybrid,,2026-08-21 19:37:21.198695,2026-08-11 00:00:00,https://jobs.citi.com/job/tampa/applications-support-senior-analyst-assistant-vice-president/287/99061893920
CITIBANK,99038749520,Senior Data & Analytics Lead – Data Transformation Programs,Risk and Compliance,Tampa,FL,United States,hybrid,,2026-08-21 19:37:22.336975,2026-08-10 00:00:00,https://jobs.citi.com/job/tampa/senior-data-and-analytics-lead-data-transformation-programs/287/99038749520
CITIBANK,99038736032,Project Sr Analyst Hyrbid,Operations,Getzville,NY,United States,hybrid,,2026-08-21 19:37:23.245228,2026-08-10 00:00:00,https://jobs.citi.com/job/getzville/project-sr-analyst-hyrbid/287/99038736032
CITIBANK,99038708544,Head Universal Banker - Madison/42nd Branch,Risk and Compliance,New York,NY,United States,unknown,,2026-08-21 19:37:24.396263,2026-08-10 00:00:00,https://jobs.citi.com/job/new-york/head-universal-banker-madison-42nd-branch/287/99038708544
CITIBANK,99031380336,Universal Banker Part-Time (20 Hours) - Ridgefield Branch,Sales and Relationship Management,Ridgefield,CT,United States,unknown,,2026-08-21 19:37:25.841426,2026-08-10 00:00:00,https://jobs.citi.com/job/ridgefield/universal-banker-part-time-20-hours-ridgefield-branch/287/99031380336
CITIBANK,99031347760,Part Time Universal Banker (20 Hours) - McLean Branch,Sales and Relationship Management,McLean,VA,United States,unknown,,2026-08-21 19:37:27.415069,2026-08-10 00:00:00,https://jobs.citi.com/job/mclean/part-time-universal-banker-20-hours-mclean-branch/287/99031347760
CITIBANK,99031341408,Marketing Lead Analyst,Risk and Compliance,Wilmington,DE,United States,hybrid,,2026-08-21 19:37:28.295878,2026-08-10 00:00:00,https://jobs.citi.com/job/wilmington/marketing-lead-analyst/287/99031341408
CITIBANK,98904638944,Senior Generative AI Developer,Data and AI,New York,NY,United States,hybrid,,2026-08-21 19:37:31.770296,2026-08-07 00:00:00,https://jobs.citi.com/job/new-york/senior-generative-ai-developer/287/98904638944
CITIBANK,98895864272,"Wealth Communications, Vice President",Risk and Compliance,New York,NY,United States,hybrid,,2026-08-21 19:37:32.375142,2026-08-07 00:00:00,https://jobs.citi.com/job/new-york/wealth-communications-vice-president/287/98895864272
CITIBANK,98881153824,Personal Banker SAFE Act - Nassau North Area,Sales and Relationship Management,Port Washington,NY,United States,unknown,,2026-08-21 19:37:33.617652,2026-08-07 00:00:00,https://jobs.citi.com/job/port-washington/personal-banker-safe-act-nassau-north-area/287/98881153824
CITIBANK,98704644192,Citi Private Bank | UHNW Banker | San Francisco & Palo Alto,Risk and Compliance,San Francisco,CA,United States,hybrid,,2026-08-21 19:37:34.520477,2026-05-27 00:00:00,https://jobs.citi.com/job/new-york/structurer-cash-prime-brokerage-assistant-vice-president/287/98704644192
CITIBANK,98054564480,"Quantitative Analyst, Equities Algorithmic Trading, VP",Risk and Compliance,New York,NY,United States,hybrid,,2026-08-21 19:37:36.395672,2026-08-10 00:00:00,https://jobs.citi.com/job/new-york/quantitative-analyst-equities-algorithmic-trading-vp/287/98054564480
CITIBANK,98054466768,Big Data/PySpark Engineering Lead - Vice President,Cloud and Infrastructure,Tampa,FL,United States,unknown,,2026-08-21 19:37:37.461049,2026-07-20 00:00:00,https://jobs.citi.com/job/tampa/big-data-pyspark-engineering-lead-vice-president/287/98054466768
CITIBANK,97486658224,"MD C16 Head of Account Opening and Client Service Operations, Wealth Operations",Risk and Compliance,New York,NY,United States,unknown,,2026-08-21 19:37:38.487310,2026-08-10 00:00:00,https://jobs.citi.com/job/new-york/md-c16-head-of-account-opening-and-client-service-operations-wealth-operations/287/97486658224
CITIBANK,96344760528,"Business Relationship Manager - Manhattan Area, Assistant Vice President",Sales and Relationship Management,New York,NY,United States,unknown,,2026-08-21 19:37:40.545719,2026-06-12 00:00:00,https://jobs.citi.com/job/new-york/business-relationship-manager-manhattan-area-assistant-vice-president/287/96344760528
CITIBANK,94287000464,Personal Banker SAFE Act - Manhattan Area,Sales and Relationship Management,New York,NY,United States,unknown,,2026-08-21 19:37:41.413727,2026-04-23 00:00:00,https://jobs.citi.com/job/new-york/personal-banker-safe-act-manhattan-area/287/94287000464
CITIBANK,93413504096,"Senior Java Developer, Vice President",Risk and Compliance,Jersey City,NJ,United States,hybrid,,2026-08-21 19:37:42.430271,2026-08-10 00:00:00,https://jobs.citi.com/job/jersey-city/senior-java-developer-vice-president/287/93413504096
CITIBANK,92619338624,Intermediate Credit Analyst Team Lead,Risk and Compliance,O'Fallon,MO,United States,hybrid,,2026-08-21 19:37:44.910551,2026-03-10 00:00:00,https://jobs.citi.com/job/o-fallon/intermediate-credit-analyst-team-lead/287/92619338624
CITIBANK,91842593344,"Cash Equities Electronic Sales and Origination, Director or Vice President",Sales and Relationship Management,New York,NY,United States,unknown,,2026-08-21 19:37:45.472551,2026-02-17 00:00:00,https://jobs.citi.com/job/new-york/cash-equities-electronic-sales-and-origination-director-or-vice-president/287/91842593344
CITIBANK,99017422896,"Senior AI Engineer, Banking Technology",Data and AI,Jersey City,NJ,United States,hybrid,,2026-08-21 19:37:46.526515,2026-08-10 00:00:00,https://jobs.citi.com/job/jersey-city/senior-ai-engineer-banking-technology/287/99017422896
CITIBANK,99017413856,"Personal Banker SAFE Act, Boynton Beach Area, Officer",Sales and Relationship Management,Boynton Beach,FL,United States,unknown,,2026-08-21 19:37:47.695786,2026-08-10 00:00:00,https://jobs.citi.com/job/boynton-beach/personal-banker-safe-act-boynton-beach-area-officer/287/99017413856
CITIBANK,99017413520,Personal Banker SAFE Act - Plainview Branch,Sales and Relationship Management,Plainview,NY,United States,unknown,,2026-08-21 19:37:48.616673,2026-08-10 00:00:00,https://jobs.citi.com/job/plainview/personal-banker-safe-act-plainview-branch/287/99017413520
CITIBANK,99017413168,Personal Banker SAFE Act - 176 Water Street Branch,Sales and Relationship Management,New York,NY,United States,unknown,,2026-08-21 19:37:49.495636,2026-08-10 00:00:00,https://jobs.citi.com/job/new-york/personal-banker-safe-act-176-water-street-branch/287/99017413168
CITIBANK,99017412272,"Part-Time Universal Banker (20 Hours), Bilingual English/Spanish Speaking Preferred, Doral Area",Sales and Relationship Management,Doral,FL,United States,unknown,,2026-08-21 19:37:50.587427,2026-08-10 00:00:00,https://jobs.citi.com/job/doral/part-time-universal-banker-20-hours-bilingual-english-spanish-speaking-preferred-doral-area/287/99017412272
CITIBANK,99017411936,"Part-Time Teller (20 Hours), Modesto Oakdale Branch",Risk and Compliance,Modesto,CA,United States,unknown,,2026-08-21 19:37:51.477139,2026-08-10 00:00:00,https://jobs.citi.com/job/modesto/part-time-teller-20-hours-modesto-oakdale-branch/287/99017411936
CITIBANK,99017396432,Head Universal Banker - Ridgefield Branch,Risk and Compliance,Ridgefield,CT,United States,unknown,,2026-08-21 19:37:53.581478,2026-08-10 00:00:00,https://jobs.citi.com/job/ridgefield/head-universal-banker-ridgefield-branch/287/99017396432
CITIBANK,99017383184,"Custody Risk & Control, Digital Assets Senior Manager - Director",Risk and Compliance,Tampa,FL,United States,hybrid,,2026-08-21 19:37:54.602780,2026-08-10 00:00:00,https://jobs.citi.com/job/tampa/custody-risk-and-control-digital-assets-senior-manager-director/287/99017383184
CITIBANK,98904629024,Python Development Operations Engineer Vice President,Operations,New York,NY,United States,hybrid,,2026-08-21 19:37:55.604654,2026-08-07 00:00:00,https://jobs.citi.com/job/new-york/python-development-operations-engineer-vice-president/287/98904629024
CITIBANK,98904617072,Part - Time Universal Banker (20 Hours) - Darien Branch (Chinese Language Preferred),Sales and Relationship Management,Darien,IL,United States,unknown,,2026-08-21 19:37:56.548542,2026-08-07 00:00:00,https://jobs.citi.com/job/darien/part-time-universal-banker-20-hours-darien-branch-chinese-language-preferred/287/98904617072
CITIBANK,98904607968,Lead Solutions Architect (AI/ML & Credit Card Technology),Risk and Compliance,Jacksonville,FL,United States,hybrid,,2026-08-21 19:37:57.560350,2026-08-07 00:00:00,https://jobs.citi.com/job/jacksonville/lead-solutions-architect-ai-ml-and-credit-card-technology/287/98904607968
CITIBANK,98904584576,ETF Operations Senior Manager Vice President,Operations,Boston,MA,United States,hybrid,,2026-08-21 19:37:58.426553,2026-08-07 00:00:00,https://jobs.citi.com/job/boston/etf-operations-senior-manager-vice-president/287/98904584576
CITIBANK,98904582256,Director of Technology Architect for Intraday Liquidity and Cash Management,Risk and Compliance,New York,NY,United States,hybrid,,2026-08-21 19:37:59.618889,2026-08-07 00:00:00,https://jobs.citi.com/job/new-york/director-of-technology-architect-for-intraday-liquidity-and-cash-management/287/98904582256
CITIBANK,98904574192,Corporate Banking – Financial Institutions (FIG) Network Banking (North America) - Sr. Analyst,Risk and Compliance,New York,NY,United States,hybrid,,2026-08-21 19:38:00.791460,2026-08-07 00:00:00,https://jobs.citi.com/job/new-york/corporate-banking-financial-institutions-fig-network-banking-north-america-sr-analyst/287/98904574192
CITIBANK,98904558912,Banker – Financial Institutions (FIG) Network Banking (North America) - VP,Risk and Compliance,New York,NY,United States,hybrid,,2026-08-21 19:38:01.692775,2026-08-07 00:00:00,https://jobs.citi.com/job/new-york/banker-financial-institutions-fig-network-banking-north-america-vp/287/98904558912
CITIBANK,98904532016,Alternative Investments Senior Lead,Operations,New York,NY,United States,hybrid,,2026-08-21 19:38:02.680313,2026-08-07 00:00:00,https://jobs.citi.com/job/new-york/alternative-investments-senior-lead/287/98904532016
CITIBANK,98895844736,"Personal Banker SAFE Act,  East  Whittier Branch- Los Angeles- Officer",Sales and Relationship Management,Los Angeles,CA,United States,unknown,,2026-08-21 19:38:04.721665,2026-08-07 00:00:00,https://jobs.citi.com/job/los-angeles/personal-banker-safe-act-east-whittier-branch-los-angeles-officer/287/98895844736
CITIBANK,98895841936,"Part-Time Teller (20 Hours), East Whittier Branch- Los Angeles",Risk and Compliance,Los Angeles,CA,United States,unknown,,2026-08-21 19:38:06.626544,2026-08-07 00:00:00,https://jobs.citi.com/job/los-angeles/part-time-teller-20-hours-east-whittier-branch-los-angeles/287/98895841936
CITIBANK,98895841584,"Part- Time Universal Banker (20 Hours), Fullerton Branch",Sales and Relationship Management,Fullerton,CA,United States,unknown,,2026-08-21 19:38:06.960181,2026-08-07 00:00:00,https://jobs.citi.com/job/fullerton/part-time-universal-banker-20-hours-fullerton-branch/287/98895841584
CITIBANK,98895841520,"Part- Time Teller (20 Hours), Anaheim Hills Branch",Risk and Compliance,Anaheim Hills,CA,United States,unknown,,2026-08-21 19:38:07.900454,2026-08-07 00:00:00,https://jobs.citi.com/job/anaheim-hills/part-time-teller-20-hours-anaheim-hills-branch/287/98895841520
CITIBANK,98881123488,Credit Risk Group Manager,Risk and Compliance,Irving,TX,United States,hybrid,,2026-08-21 19:38:09.947595,2026-08-07 00:00:00,https://jobs.citi.com/job/irving/credit-risk-group-manager/287/98881123488
CITIBANK,98811664112,Principal Engineer,Operations,Irving,TX,United States,hybrid,,2026-08-21 19:38:10.980109,2026-08-05 00:00:00,https://jobs.citi.com/job/irving/principal-engineer/287/98811664112
CITIBANK,98789760368,Personal Banker SAFE Act - Bilingual Spanish preferred  - Maryland/Capitol,Sales and Relationship Management,Gaithersburg,MD,United States,unknown,,2026-08-21 19:38:13.016670,2026-08-05 00:00:00,https://jobs.citi.com/job/gaithersburg/personal-banker-safe-act-bilingual-spanish-preferred-maryland-capitol/287/98789760368
CITIBANK,97442787648,Wealth Relationship Manager - Outer Richmond / Irving,Risk and Compliance,San Francisco,CA,United States,unknown,,2026-08-21 19:38:13.994636,2026-07-06 00:00:00,https://jobs.citi.com/job/san-francisco/wealth-relationship-manager-outer-richmond-irving/287/97442787648
CITIBANK,97241559152,Part-Time Universal Banker (20 Hours) - Bilingual Mandarin preferred - Rockville Branch,Sales and Relationship Management,Rockville,MD,United States,unknown,,2026-08-21 19:38:14.987466,2026-07-02 00:00:00,https://jobs.citi.com/job/rockville/part-time-universal-banker-20-hours-bilingual-mandarin-preferred-rockville-branch/287/97241559152
CITIBANK,96213527088,"Digital Product Developer, VP",Risk and Compliance,New Castle,DE,United States,hybrid,,2026-08-21 19:38:17.124674,2026-08-07 00:00:00,https://jobs.citi.com/job/new-castle/digital-product-developer-vp/287/96213527088
CITIBANK,95673145232,Applications Support Sr Analyst - Asst. Vice President,Operations,Houston,TX,United States,hybrid,,2026-08-21 19:38:17.992999,2026-05-28 00:00:00,https://jobs.citi.com/job/houston/applications-support-sr-analyst-asst-vice-president/287/95673145232
CITIBANK,95421933024,"Citi Commerce, Senior Account Executive",Sales and Relationship Management,New York,NY,United States,hybrid,,2026-08-21 19:38:19.066763,2026-06-02 00:00:00,https://jobs.citi.com/job/new-york/citi-commerce-senior-account-executive/287/95421933024
CITIBANK,94746318784,Lead Applications Development Engineer (Angular/Spring Boot)  - Vice President,Software Engineering,Jersey City,NJ,United States,hybrid,,2026-08-21 19:38:19.983053,2026-05-05 00:00:00,https://jobs.citi.com/job/jersey-city/lead-applications-development-engineer-angular-spring-boot-vice-president/287/94746318784
CITIBANK,94729519696,Solutions Architecture Analyst – Assistant Vice President,Data and AI,Irving,TX,United States,hybrid,,2026-08-21 19:38:21.041567,2026-05-05 00:00:00,https://jobs.citi.com/job/irving/solutions-architecture-analyst-assistant-vice-president/287/94729519696
CITIBANK,94514624208,Digital S/W Engineer Sr Mgr - Vice President,Risk and Compliance,Tampa,FL,United States,hybrid,,2026-08-21 19:38:22.031677,2026-08-07 00:00:00,https://jobs.citi.com/job/tampa/digital-s-w-engineer-sr-mgr-vice-president/287/94514624208
CITIBANK,98881162928,Senior Java Full Stack Developer- Assistant Vice President,Software Engineering,Tampa,FL,United States,hybrid,,2026-08-21 19:38:24.092085,2026-08-07 00:00:00,https://jobs.citi.com/job/tampa/senior-java-full-stack-developer-assistant-vice-president/287/98881162928
CITIBANK,98881155008,"Practice Management Group Manager, Senior Vice President",Risk and Compliance,New York,NY,United States,unknown,,2026-08-21 19:38:25.109812,2026-08-07 00:00:00,https://jobs.citi.com/job/new-york/practice-management-group-manager-senior-vice-president/287/98881155008
CITIBANK,98857402640,"Services Senior Digital Product Lead, CitiManager Platform – SVP",Product Management,New York,NY,United States,hybrid,,2026-08-21 19:38:25.933904,2026-08-06 00:00:00,https://jobs.citi.com/job/new-york/services-senior-digital-product-lead-citimanager-platform-svp/287/98857402640
CITIBANK,98857388256,"Part-Time Universal Banker (20 Hours), Bilingual Mandarin Speaking Preferred, Rosemead Branch",Sales and Relationship Management,Rosemead,CA,United States,unknown,,2026-08-21 19:38:27.391168,2026-08-06 00:00:00,https://jobs.citi.com/job/rosemead/part-time-universal-banker-20-hours-bilingual-mandarin-speaking-preferred-rosemead-branch/287/98857388256
CITIBANK,98857315536,Associate Finance Tax Analyst,Finance and Accounting,New Castle,DE,United States,hybrid,,2026-08-21 19:38:28.082636,2026-08-06 00:00:00,https://jobs.citi.com/job/new-castle/associate-finance-tax-analyst/287/98857315536
CITIBANK,98857307264,Applications Development Group Manager - Senior Vice President,Cloud and Infrastructure,Tampa,FL,United States,hybrid,,2026-08-21 19:38:29.916803,2026-08-06 00:00:00,https://jobs.citi.com/job/tampa/applications-development-group-manager-senior-vice-president/287/98857307264
CITIBANK,98849894240,Teller Part-Time (20 Hours) - Bilingual English/Spanish Speaking Preferred - Westchester & Crosby Branch,Risk and Compliance,New York,NY,United States,unknown,,2026-08-21 19:38:30.222691,2026-08-06 00:00:00,https://jobs.citi.com/job/new-york/teller-part-time-20-hours-bilingual-english-spanish-speaking-preferred-westchester-and-crosby-branch/287/98849894240
CITIBANK,98849894224,Teller Part-Time (20 Hours) - Bilingual English/Spanish Speaking Preferred - Westchester & Crosby Branch,Risk and Compliance,New York,NY,United States,unknown,,2026-08-21 19:38:32.785747,2026-08-06 00:00:00,https://jobs.citi.com/job/new-york/teller-part-time-20-hours-bilingual-english-spanish-speaking-preferred-westchester-and-crosby-branch/287/98849894224
CITIBANK,98849890976,Service Process Coordinator -  Lead,Risk and Compliance,Sioux Falls,SD,United States,unknown,,2026-08-21 19:38:33.539451,2026-08-06 00:00:00,https://jobs.citi.com/job/sioux-falls/service-process-coordinator-lead/287/98849890976
CITIBANK,98849874416,Personal Banker SAFE Act - Glen Cove Branch,Sales and Relationship Management,Glen Cove,NY,United States,unknown,,2026-08-21 19:38:34.719005,2026-08-06 00:00:00,https://jobs.citi.com/job/glen-cove/personal-banker-safe-act-glen-cove-branch/287/98849874416
CITIBANK,98849871968,"Part-Time Universal Banker (20 Hours), Costa Mesa Harbor Branch",Sales and Relationship Management,Costa Mesa,CA,United States,unknown,,2026-08-21 19:38:35.677543,2026-08-06 00:00:00,https://jobs.citi.com/job/costa-mesa/part-time-universal-banker-20-hours-costa-mesa-harbor-branch/287/98849871968
CITIBANK,98849867456,Part-Time Universal Banker (20 Hours) - Staten Island Area,Sales and Relationship Management,New York,NY,United States,unknown,,2026-08-21 19:38:36.680532,2026-08-06 00:00:00,https://jobs.citi.com/job/new-york/part-time-universal-banker-20-hours-staten-island-area/287/98849867456
CITIBANK,98849867296,Part-Time Universal Banker (20 Hour) - Brooklyn Area,Sales and Relationship Management,New York,NY,United States,unknown,,2026-08-21 19:38:37.699695,2026-08-06 00:00:00,https://jobs.citi.com/job/new-york/part-time-universal-banker-20-hour-brooklyn-area/287/98849867296
CITIBANK,98849866624,"Part- Time Universal Banker (20 Hours), San Marcos Branch",Sales and Relationship Management,San Marcos,CA,United States,unknown,,2026-08-21 19:38:38.724884,2026-08-06 00:00:00,https://jobs.citi.com/job/san-marcos/part-time-universal-banker-20-hours-san-marcos-branch/287/98849866624
CITIBANK,98849848944,"Forward Deployed Engineer, AI Transformation - Director",Data and AI,New York,NY,United States,hybrid,,2026-08-21 19:38:39.724306,2026-08-06 00:00:00,https://jobs.citi.com/job/new-york/forward-deployed-engineer-ai-transformation-director/287/98849848944
CITIBANK,98849848256,"Equity Research Senior Associate, REITs",Risk and Compliance,New York,NY,United States,hybrid,,2026-08-21 19:38:40.767449,2026-08-06 00:00:00,https://jobs.citi.com/job/new-york/equity-research-senior-associate-reits/287/98849848256
CITIBANK,98849840592,Data & Analytics Lead – Data Transformation Programs,Cloud and Infrastructure,Jacksonville,FL,United States,hybrid,,2026-08-21 19:38:41.755831,2026-08-06 00:00:00,https://jobs.citi.com/job/jacksonville/data-and-analytics-lead-data-transformation-programs/287/98849840592
CITIBANK,98811647040,Corporate Banker - Financial Institutions - Asset Managers / NBFI - Director,Sales and Relationship Management,New York,NY,United States,hybrid,,2026-08-21 19:38:44.765556,2026-08-05 00:00:00,https://jobs.citi.com/job/new-york/corporate-banker-financial-institutions-asset-managers-nbfi-director/287/98811647040
CITIBANK,98755943776,Analyst – Residential Mortgage Analytics - C11 - NEW YORK,Risk and Compliance,New York,NY,United States,hybrid,,2026-08-21 19:38:45.786020,2026-08-04 00:00:00,https://jobs.citi.com/job/new-york/analyst-residential-mortgage-analytics-c11-new-york/287/98755943776
CITIBANK,98704601904,AVP Wholesale Lending Operations,Operations,Irving,TX,United States,hybrid,,2026-08-21 19:38:46.740075,2026-08-03 00:00:00,https://jobs.citi.com/job/irving/avp-wholesale-lending-operations/287/98704601904
CITIBANK,98434617248,"Senior KDB+ Engineer, Vice President",Operations,Jersey City,NJ,United States,hybrid,,2026-08-21 19:38:48.755903,2026-07-28 00:00:00,https://jobs.citi.com/job/jersey-city/senior-kdb-engineer-vice-president/287/98434617248
CITIBANK,97882425712,Lead Solution Architect- Senior Vice President,Operations,New York,NY,United States,hybrid,,2026-08-21 19:38:49.958719,2026-07-16 00:00:00,https://jobs.citi.com/job/new-york/lead-solution-architect-senior-vice-president/287/97882425712
CITIBANK,97486782272,"Wealth Relationship Manager - SAFE ACT - Elmhurst, NY",Risk and Compliance,Elmhurst,NY,United States,unknown,,2026-08-21 19:38:50.872780,2026-07-07 00:00:00,https://jobs.citi.com/job/elmhurst/wealth-relationship-manager-safe-act-elmhurst-ny/287/97486782272
CITIBANK,96783422672,"Wealth Relationship Manager - Forest Hills, NY",Risk and Compliance,New York,NY,United States,unknown,,2026-08-21 19:38:51.861979,2026-06-22 00:00:00,https://jobs.citi.com/job/new-york/wealth-relationship-manager-forest-hills-ny/287/96783422672
CITIBANK,96525859600,Senior Application Development Lead-Senior Vice President,Cloud and Infrastructure,Tampa,FL,United States,hybrid,,2026-08-21 19:38:52.824622,2026-07-31 00:00:00,https://jobs.citi.com/job/tampa/senior-application-development-lead-senior-vice-president/287/96525859600
CITIBANK,95900440816,Senior Programmatic Media Manager - Citi Commerce,Risk and Compliance,Irving,TX,United States,unknown,,2026-08-21 19:38:54.841604,2026-08-06 00:00:00,https://jobs.citi.com/job/irving/senior-programmatic-media-manager-citi-commerce/287/95900440816
CITIBANK,98836165552,Senior Big Data Developer,Software Engineering,Tampa,FL,United States,hybrid,,2026-08-21 19:38:56.679925,2026-08-06 00:00:00,https://jobs.citi.com/job/tampa/senior-big-data-developer/287/98836165552
CITIBANK,98836160992,Production Engineering Manager - SVP,Risk and Compliance,Irving,TX,United States,hybrid,,2026-08-21 19:38:56.958988,2026-08-06 00:00:00,https://jobs.citi.com/job/irving/production-engineering-manager-svp/287/98836160992
CITIBANK,98836141344,"Head Universal Banker, Long Beach Bixby Knolls Branch",Risk and Compliance,Long Beach,CA,United States,unknown,,2026-08-21 19:38:57.912979,2026-08-06 00:00:00,https://jobs.citi.com/job/long-beach/head-universal-banker-long-beach-bixby-knolls-branch/287/98836141344
CITIBANK,98836136896,"Functions - Internal Audit, Summer Analyst, New York - USA, 2027",Audit,New York,NY,United States,hybrid,,2026-08-21 19:38:59.783512,2026-08-06 00:00:00,https://jobs.citi.com/job/new-york/functions-internal-audit-summer-analyst-new-york-usa-2027/287/98836136896
CITIBANK,98836135664,"Forward Deployed Engineer, AI Transformation - Senior Vice President",Data and AI,Tampa,FL,United States,hybrid,,2026-08-21 19:39:00.938429,2026-08-06 00:00:00,https://jobs.citi.com/job/tampa/forward-deployed-engineer-ai-transformation-senior-vice-president/287/98836135664
CITIBANK,98836126976,Counterparty Credit Risk - Private Equity (Senior Vice President),Risk and Compliance,New York,NY,United States,hybrid,,2026-08-21 19:39:02.046002,2026-08-06 00:00:00,https://jobs.citi.com/job/new-york/counterparty-credit-risk-private-equity-senior-vice-president/287/98836126976
CITIBANK,98811696304,Sanctions Operations Processing Analyst,Operations,Getzville,NY,United States,hybrid,,2026-08-21 19:39:03.019208,2026-08-05 00:00:00,https://jobs.citi.com/job/getzville/sanctions-operations-processing-analyst/287/98811696304
CITIBANK,98811691104,Principal Engineer - Vice President,Risk and Compliance,Jersey City,NJ,United States,hybrid,,2026-08-21 19:39:03.987044,2026-08-05 00:00:00,https://jobs.citi.com/job/jersey-city/principal-engineer-vice-president/287/98811691104
CITIBANK,98811689600,Personal Banker SAFE Act - Lexington/59th Branch,Sales and Relationship Management,New York,NY,United States,unknown,,2026-08-21 19:39:05.032113,2026-08-05 00:00:00,https://jobs.citi.com/job/new-york/personal-banker-safe-act-lexington-59th-branch/287/98811689600
CITIBANK,98811688224,"Part-Time Universal Banker (20 Hours), Beaumont Branch",Sales and Relationship Management,Beaumont,CA,United States,unknown,,2026-08-21 19:39:05.964830,2026-08-05 00:00:00,https://jobs.citi.com/job/beaumont/part-time-universal-banker-20-hours-beaumont-branch/287/98811688224
CITIBANK,98811676784,IT Project Group Manager - Senior Vice President,Risk and Compliance,Tampa,FL,United States,hybrid,,2026-08-21 19:39:07.049368,2026-08-05 00:00:00,https://jobs.citi.com/job/tampa/it-project-group-manager-senior-vice-president/287/98811676784
CITIBANK,98811673712,"Head of Partner Engagement & Strategy, Managing Director",Sales and Relationship Management,New York,NY,United States,hybrid,,2026-08-21 19:39:07.914051,2026-08-05 00:00:00,https://jobs.citi.com/job/new-york/head-of-partner-engagement-and-strategy-managing-director/287/98811673712
CITIBANK,98811673248,"Head of Business Development - USCC, Managing Director",Sales and Relationship Management,New York,NY,United States,hybrid,,2026-08-21 19:39:09.135966,2026-08-05 00:00:00,https://jobs.citi.com/job/new-york/head-of-business-development-uscc-managing-director/287/98811673248
CITIBANK,98811644224,Client Experience Associate SAFE ACT - AVP - New York,Risk and Compliance,New York,NY,United States,hybrid,,2026-08-21 19:39:10.022643,2026-08-05 00:00:00,https://jobs.citi.com/job/new-york/client-experience-associate-safe-act-avp-new-york/287/98811644224
CITIBANK,98811638992,"Branch Manager Safe Act Surfside Miami Dade FL, Vice President",Risk and Compliance,Surfside,FL,United States,unknown,,2026-08-21 19:39:11.053132,2026-08-05 00:00:00,https://jobs.citi.com/job/surfside/branch-manager-safe-act-surfside-miami-dade-fl-vice-president/287/98811638992
CITIBANK,98811638880,"Branch Manager Safe Act Mid Beach/ Miami Beach FL, Vice President",Risk and Compliance,Miami Beach,FL,United States,unknown,,2026-08-21 19:39:13.181526,2026-08-05 00:00:00,https://jobs.citi.com/job/miami-beach/branch-manager-safe-act-mid-beach-miami-beach-fl-vice-president/287/98811638880
CITIBANK,98804345936,Senior Mortgage Lending Officer SAFE Act - NORTH LAS VEGAS,Sales and Relationship Management,North Las Vegas,NV,United States,unknown,,2026-08-21 19:39:14.148207,2026-08-05 00:00:00,https://jobs.citi.com/job/north-las-vegas/senior-mortgage-lending-officer-safe-act-north-las-vegas/287/98804345936
CITIBANK,98804342448,Senior Ad Trafficking Specialist,Risk and Compliance,Irving,TX,United States,hybrid,,2026-08-21 19:39:15.087634,2026-08-05 00:00:00,https://jobs.citi.com/job/irving/senior-ad-trafficking-specialist/287/98804342448
CITIBANK,98804316688,Media Planning Associate,Risk and Compliance,Irving,TX,United States,hybrid,,2026-08-21 19:39:16.144115,2026-08-05 00:00:00,https://jobs.citi.com/job/irving/media-planning-associate/287/98804316688
CITIBANK,98804316656,Media Lead Analyst,Risk and Compliance,Irving,TX,United States,hybrid,,2026-08-21 19:39:16.984583,2026-08-05 00:00:00,https://jobs.citi.com/job/irving/media-lead-analyst/287/98804316656
CITIBANK,98804298320,"Group Manager, Advertising Trafficking &  Advertising Operations",Operations,Irving,TX,United States,hybrid,,2026-08-21 19:39:18.166463,2026-08-05 00:00:00,https://jobs.citi.com/job/irving/group-manager-advertising-trafficking-and-advertising-operations/287/98804298320
CITIBANK,98804275296,"Branch Go-to-Market Activation Program Management Lead, VP",Risk and Compliance,New York,NY,United States,hybrid,,2026-08-21 19:39:19.269350,2026-08-05 00:00:00,https://jobs.citi.com/job/new-york/branch-go-to-market-activation-program-management-lead-vp/287/98804275296
CITIBANK,98804275248,"Branch Go-to-Market Activation Program Management Lead, VP",Risk and Compliance,Glendale,CA,United States,hybrid,,2026-08-21 19:39:20.143451,2026-08-05 00:00:00,https://jobs.citi.com/job/glendale/branch-go-to-market-activation-program-management-lead-vp/287/98804275248
CITIBANK,98804275216,"Branch Go-to-Market Activation Program Management Lead, VP",Risk and Compliance,Miami,FL,United States,hybrid,,2026-08-21 19:39:21.316310,2026-08-05 00:00:00,https://jobs.citi.com/job/miami/branch-go-to-market-activation-program-management-lead-vp/287/98804275216
CITIBANK,98804275184,"Branch Go-to-Market Activation Program Management Lead, VP",Risk and Compliance,San Francisco,CA,United States,hybrid,,2026-08-21 19:39:22.117195,2026-08-05 00:00:00,https://jobs.citi.com/job/san-francisco/branch-go-to-market-activation-program-management-lead-vp/287/98804275184
CITIBANK,98804265040,Architecture Sr Lead Analyst,Risk and Compliance,Irving,TX,United States,hybrid,,2026-08-21 19:39:24.190547,2026-08-05 00:00:00,https://jobs.citi.com/job/irving/architecture-sr-lead-analyst/287/98804265040
CITIBANK,98789709920,Architecture Senior Lead Analyst,Risk and Compliance,Irving,TX,United States,hybrid,,2026-08-21 19:39:26.308456,2026-08-05 00:00:00,https://jobs.citi.com/job/irving/architecture-senior-lead-analyst/287/98789709920
CITIBANK,98764036960,Financial Officer – Partnership Credit Cards - Vice President,Risk and Compliance,Wilmington,DE,United States,hybrid,,2026-08-21 19:39:27.286170,2026-08-04 00:00:00,https://jobs.citi.com/job/wilmington/financial-officer-partnership-credit-cards-vice-president/287/98764036960
CITIBANK,96641842880,Wealth Relationship Manager - Hanford,Risk and Compliance,Hanford,CA,United States,unknown,,2026-08-21 19:39:30.281285,2026-06-19 00:00:00,https://jobs.citi.com/job/hanford/wealth-relationship-manager-hanford/287/96641842880
CITIBANK,96516482784,Investment Banking Analyst - Financial Institutions Group,Risk and Compliance,New York,NY,United States,unknown,,2026-08-21 19:39:31.324606,2026-08-06 00:00:00,https://jobs.citi.com/job/new-york/investment-banking-analyst-financial-institutions-group/287/96516482784
CITIBANK,93639707152,"Functions - Internal Audit, Summer Analyst, Tampa - USA, 2027",Audit,Tampa,FL,United States,hybrid,,2026-08-21 19:39:32.372928,2026-08-06 00:00:00,https://jobs.citi.com/job/tampa/functions-internal-audit-summer-analyst-tampa-usa-2027/287/93639707152
CITIBANK,93639707136,"Functions - Internal Audit, Summer Analyst, Dallas - USA, 2027",Audit,Irving,TX,United States,hybrid,,2026-08-21 19:39:33.309995,2026-08-06 00:00:00,https://jobs.citi.com/job/irving/functions-internal-audit-summer-analyst-dallas-usa-2027/287/93639707136
CITIBANK,98789776752,Universal Banker - Reston Branch,Sales and Relationship Management,Reston,VA,United States,unknown,,2026-08-21 19:39:35.316201,2026-08-05 00:00:00,https://jobs.citi.com/job/reston/universal-banker-reston-branch/287/98789776752
CITIBANK,98764076256,"Pruneridge Santa Clara Branch Manager, Vice President",Risk and Compliance,Santa Clara,CA,United States,unknown,,2026-08-21 19:39:36.297965,2026-08-04 00:00:00,https://jobs.citi.com/job/santa-clara/pruneridge-santa-clara-branch-manager-vice-president/287/98764076256
CITIBANK,98764069568,Part-Time Teller (20 Hours) - South Westbury Branch,Risk and Compliance,Westbury,NY,United States,unknown,,2026-08-21 19:39:37.310351,2026-08-04 00:00:00,https://jobs.citi.com/job/westbury/part-time-teller-20-hours-south-westbury-branch/287/98764069568
CITIBANK,98764064384,Mutual Fund Tax Associate Analyst,Finance and Accounting,Boston,MA,United States,hybrid,,2026-08-21 19:39:38.145910,2026-08-04 00:00:00,https://jobs.citi.com/job/boston/mutual-fund-tax-associate-analyst/287/98764064384
CITIBANK,98764049104,"Investor Relations, Strategy, & M&A Senior Executive Assistant",Risk and Compliance,New York,NY,United States,hybrid,,2026-08-21 19:39:39.724304,2026-08-04 00:00:00,https://jobs.citi.com/job/new-york/investor-relations-strategy-and-m-and-a-senior-executive-assistant/287/98764049104
CITIBANK,98764023840,Core Java Developer - Trading / Securities Lending - Vice President,Software Engineering,New York,NY,United States,hybrid,,2026-08-21 19:39:40.371665,2026-08-04 00:00:00,https://jobs.citi.com/job/new-york/core-java-developer-trading-securities-lending-vice-president/287/98764023840
CITIBANK,98764012560,"Branch Manager Safe Act Palisades/ Washington D.C, Assistant Vice President",Risk and Compliance,Washington,DC,United States,unknown,,2026-08-21 19:39:41.392144,2026-08-04 00:00:00,https://jobs.citi.com/job/washington/branch-manager-safe-act-palisades-washington-d-c-assistant-vice-president/287/98764012560
CITIBANK,98756019808,Relationship Associate - Corporate Banking,Risk and Compliance,Houston,TX,United States,hybrid,,2026-08-21 19:39:42.417180,2026-08-04 00:00:00,https://jobs.citi.com/job/houston/relationship-associate-corporate-banking/287/98756019808
CITIBANK,98756002384,Part-Time Teller (20 Hours) - East Meadow Branch,Risk and Compliance,East Meadow,NY,United States,unknown,,2026-08-21 19:39:45.037324,2026-08-04 00:00:00,https://jobs.citi.com/job/east-meadow/part-time-teller-20-hours-east-meadow-branch/287/98756002384
CITIBANK,98755999088,Mortgage Lending Officer SAFE Act - B11 - PLANTATION,Risk and Compliance,Plantation,FL,United States,hybrid,,2026-08-21 19:39:45.479979,2026-08-04 00:00:00,https://jobs.citi.com/job/plantation/mortgage-lending-officer-safe-act-b11-plantation/287/98755999088
CITIBANK,98755999056,Mortgage Lending Officer SAFE Act - B11 - MIAMI,Risk and Compliance,Miami,FL,United States,hybrid,,2026-08-21 19:39:46.458886,2026-08-04 00:00:00,https://jobs.citi.com/job/miami/mortgage-lending-officer-safe-act-b11-miami/287/98755999056
CITIBANK,98755972832,CRE Finance Banker  - Vice President,Sales and Relationship Management,New York,NY,United States,unknown,,2026-08-21 19:39:47.412273,2026-08-04 00:00:00,https://jobs.citi.com/job/new-york/cre-finance-banker-vice-president/287/98755972832
CITIBANK,98755966688,Client Experience Associate SAFE ACT - AVP - LOS ANGELES,Risk and Compliance,Los Angeles,CA,United States,hybrid,,2026-08-21 19:39:48.419998,2026-08-04 00:00:00,https://jobs.citi.com/job/los-angeles/client-experience-associate-safe-act-avp-los-angeles/287/98755966688
CITIBANK,98755966592,Client Experience Associate SAFE ACT - AVP - CHICAGO,Risk and Compliance,Chicago,IL,United States,hybrid,,2026-08-21 19:39:49.407355,2026-08-04 00:00:00,https://jobs.citi.com/job/chicago/client-experience-associate-safe-act-avp-chicago/287/98755966592
CITIBANK,98742228160,Business Analysis Sr Manager,Business Analysis,Irving,TX,United States,hybrid,,2026-08-21 19:39:51.426670,2026-08-04 00:00:00,https://jobs.citi.com/job/irving/business-analysis-sr-manager/287/98742228160
CITIBANK,98426770032,OTC Derivative Settlements Assistant Vice President,Operations,Jersey City,NJ,United States,hybrid,,2026-08-21 19:39:53.437425,2026-07-28 00:00:00,https://jobs.citi.com/job/jersey-city/otc-derivative-settlements-assistant-vice-president/287/98426770032
CITIBANK,95682325136,Part-Time Universal Banker (20 Hours) - Brooklyn Area,Sales and Relationship Management,New York,NY,United States,unknown,,2026-08-21 19:39:55.700897,2026-07-09 00:00:00,https://jobs.citi.com/job/new-york/part-time-universal-banker-20-hours-brooklyn-area/287/95682325136
CITIBANK,95413192416,Registered Client Service Associate,Sales and Relationship Management,San Jose,CA,United States,hybrid,,2026-08-21 19:39:56.582998,2026-08-04 00:00:00,https://jobs.citi.com/job/san-jose/registered-client-service-associate/287/95413192416
CITIBANK,98742272704,"Personal Banker SAFE Act, Walnut Creek Branch, Officer",Sales and Relationship Management,Walnut Creek,CA,United States,unknown,,2026-08-21 19:39:58.592154,2026-08-04 00:00:00,https://jobs.citi.com/job/walnut-creek/personal-banker-safe-act-walnut-creek-branch-officer/287/98742272704
CITIBANK,98742272448,"Personal Banker SAFE Act, Los Angeles Main Branch, Officer",Sales and Relationship Management,Los Angeles,CA,United States,unknown,,2026-08-21 19:39:59.518340,2026-08-04 00:00:00,https://jobs.citi.com/job/los-angeles/personal-banker-safe-act-los-angeles-main-branch-officer/287/98742272448
CITIBANK,98742272256,"Personal Banker SAFE Act, Encinitas Branch, Officer",Sales and Relationship Management,Encinitas,CA,United States,unknown,,2026-08-21 19:40:00.564251,2026-08-04 00:00:00,https://jobs.citi.com/job/encinitas/personal-banker-safe-act-encinitas-branch-officer/287/98742272256
CITIBANK,98742271984,"Personal Banker SAFE Act, Bilingual English/Spanish Speaking Preferred, Midtown Miami Branch, Officer",Sales and Relationship Management,Miami,FL,United States,unknown,,2026-08-21 19:40:01.620629,2026-08-04 00:00:00,https://jobs.citi.com/job/miami/personal-banker-safe-act-bilingual-english-spanish-speaking-preferred-midtown-miami-branch-officer/287/98742271984
CITIBANK,98742268720,"Part-Time Universal Banker (20 Hours), Bilingual English/Spanish Speaking Preferred, Doral Area",Sales and Relationship Management,Doral,FL,United States,unknown,,2026-08-21 19:40:02.544706,2026-08-04 00:00:00,https://jobs.citi.com/job/doral/part-time-universal-banker-20-hours-bilingual-english-spanish-speaking-preferred-doral-area/287/98742268720
CITIBANK,98742267104,"Part- Time Universal Banker (20 Hours), Palos Verdes Branch",Sales and Relationship Management,Rolling Hills Estates,CA,United States,unknown,,2026-08-21 19:40:03.541377,2026-08-04 00:00:00,https://jobs.citi.com/job/rolling-hills-estates/part-time-universal-banker-20-hours-palos-verdes-branch/287/98742267104
CITIBANK,98742267056,Part- Time Universal Banker (20 Hours)- Marina Branch,Sales and Relationship Management,San Francisco,CA,United States,unknown,,2026-08-21 19:40:04.601131,2026-08-04 00:00:00,https://jobs.citi.com/job/san-francisco/part-time-universal-banker-20-hours-marina-branch/287/98742267056
CITIBANK,98742236816,"Corporate Banking, Vice President - Aerospace & Defense",Finance and Accounting,New York,NY,United States,hybrid,,2026-08-21 19:40:05.602175,2026-08-04 00:00:00,https://jobs.citi.com/job/new-york/corporate-banking-vice-president-aerospace-and-defense/287/98742236816
CITIBANK,98742236768,"Corporate Banking, Associate - Aerospace & Defense",Sales and Relationship Management,New York,NY,United States,hybrid,,2026-08-21 19:40:06.579111,2026-08-04 00:00:00,https://jobs.citi.com/job/new-york/corporate-banking-associate-aerospace-and-defense/287/98742236768
CITIBANK,98742236704,"Corporate Banking, Analyst - Mobility, Aerospace & Defense",Sales and Relationship Management,New York,NY,United States,hybrid,,2026-08-21 19:40:07.618581,2026-08-04 00:00:00,https://jobs.citi.com/job/new-york/corporate-banking-analyst-mobility-aerospace-and-defense/287/98742236704
CITIBANK,98742236640,"Corporate Banking, Analyst - Mobility, Aerospace & Defense",Sales and Relationship Management,New York,NY,United States,hybrid,,2026-08-21 19:40:09.699964,2026-08-04 00:00:00,https://jobs.citi.com/job/new-york/corporate-banking-analyst-mobility-aerospace-and-defense/287/98742236640
CITIBANK,98731728144,Stress Testing 2nd LOD Lead Analyst,Risk and Compliance,Irving,TX,United States,hybrid,,2026-08-21 19:40:10.718240,2026-08-04 00:00:00,https://jobs.citi.com/job/irving/stress-testing-2nd-lod-lead-analyst/287/98731728144
CITIBANK,98718065120,Part-Time Universal Banker (20 Hours) - Lynbrook Branch,Sales and Relationship Management,Lynbrook,NY,United States,unknown,,2026-08-21 19:40:11.899280,2026-08-03 00:00:00,https://jobs.citi.com/job/lynbrook/part-time-universal-banker-20-hours-lynbrook-branch/287/98718065120
CITIBANK,98718040464,"Fullstack Java Developer, Vice President",Software Engineering,Irving,TX,United States,hybrid,,2026-08-21 19:40:12.498087,2026-08-03 00:00:00,https://jobs.citi.com/job/irving/fullstack-java-developer-vice-president/287/98718040464
CITIBANK,98704646304,Universal Banker - Bridgeport Branch,Sales and Relationship Management,Bridgeport,CT,United States,unknown,,2026-08-21 19:40:13.648101,2026-08-03 00:00:00,https://jobs.citi.com/job/bridgeport/universal-banker-bridgeport-branch/287/98704646304
CITIBANK,98704632816,"Prime Services Account Manager, Director",Risk and Compliance,New York,NY,United States,unknown,,2026-08-21 19:40:14.673402,2026-08-03 00:00:00,https://jobs.citi.com/job/new-york/prime-services-account-manager-director/287/98704632816
CITIBANK,98704627264,Mortgage Sales Support Representative (SAFE Act),Sales and Relationship Management,Vernon Hills,IL,United States,hybrid,,2026-08-21 19:40:15.673748,2026-08-03 00:00:00,https://jobs.citi.com/job/vernon-hills/mortgage-sales-support-representative-safe-act/287/98704627264
CITIBANK,98704620480,Investment Banking Associate - Metals & Mining,Sales and Relationship Management,Los Angeles,CA,United States,hybrid,,2026-08-21 19:40:16.731034,2026-08-03 00:00:00,https://jobs.citi.com/job/los-angeles/investment-banking-associate-metals-and-mining/287/98704620480
CITIBANK,98704599408,Applied AI Engineering Director for Banking Technology,Data and AI,Jersey City,NJ,United States,hybrid,,2026-08-21 19:40:18.648003,2026-08-03 00:00:00,https://jobs.citi.com/job/jersey-city/applied-ai-engineering-director-for-banking-technology/287/98704599408
CITIBANK,98704596448,Account Specialist Wholesale Lending Operations Citi Community Capital,Operations,Tampa,FL,United States,hybrid,,2026-08-21 19:40:19.730400,2026-08-03 00:00:00,https://jobs.citi.com/job/tampa/account-specialist-wholesale-lending-operations-citi-community-capital/287/98704596448
CITIBANK,98534982960,Part-Time Teller (24 Hours) - Hicksville Branch,Risk and Compliance,Hicksville,NY,United States,unknown,,2026-08-21 19:40:21.843208,2026-07-30 00:00:00,https://jobs.citi.com/job/hicksville/part-time-teller-24-hours-hicksville-branch/287/98534982960
CITIBANK,98534966960,"Functions - Internal Audit, Full-Time Analyst, New York - USA, 2027",Audit,New York,NY,United States,hybrid,,2026-08-21 19:40:22.675215,2026-07-30 00:00:00,https://jobs.citi.com/job/new-york/functions-internal-audit-full-time-analyst-new-york-usa-2027/287/98534966960
CITIBANK,98187981328,"Branch Manager Mountain View CA, Vice President",Risk and Compliance,Mountain View,CA,United States,unknown,,2026-08-21 19:40:23.827317,2026-07-23 00:00:00,https://jobs.citi.com/job/mountain-view/branch-manager-mountain-view-ca-vice-president/287/98187981328
CITIBANK,98105478720,"Cross Asset Solutions Salesperson Solutions for Financial Intermediaries, Vice President",Sales and Relationship Management,New York,NY,United States,unknown,,2026-08-21 19:40:24.799163,2026-07-21 00:00:00,https://jobs.citi.com/job/new-york/cross-asset-solutions-salesperson-solutions-for-financial-intermediaries-vice-president/287/98105478720
CITIBANK,96792965280,Personal Banker SAFE Act - Vienna Branch,Sales and Relationship Management,Vienna,VA,United States,unknown,,2026-08-21 19:40:26.841512,2026-06-22 00:00:00,https://jobs.citi.com/job/vienna/personal-banker-safe-act-vienna-branch/287/96792965280
CITIBANK,95139903424,Financial Strategy Group (FSG) – Investment Banking Analyst,Risk and Compliance,New York,NY,United States,unknown,,2026-08-21 19:40:27.755204,2026-08-03 00:00:00,https://jobs.citi.com/job/new-york/financial-strategy-group-fsg-investment-banking-analyst/287/95139903424
CITIBANK,94729477712,"Software Banker, Senior Relationship Manager - Citi Commercial Bank",Sales and Relationship Management,San Francisco,CA,United States,hybrid,,2026-08-21 19:40:28.802843,2026-07-21 00:00:00,https://jobs.citi.com/job/san-francisco/software-banker-senior-relationship-manager-citi-commercial-bank/287/94729477712
CITIBANK,98695796944,Senior Java Angular Engineer - Tech Lead - Vice President,Software Engineering,Jersey City,NJ,United States,hybrid,,2026-08-21 19:40:30.788091,2026-08-03 00:00:00,https://jobs.citi.com/job/jersey-city/senior-java-angular-engineer-tech-lead-vice-president/287/98695796944
CITIBANK,98695751264,Client Onboarding Associate Analyst,Risk and Compliance,Getzville,NY,United States,hybrid,,2026-08-21 19:40:31.702909,2026-08-03 00:00:00,https://jobs.citi.com/job/getzville/client-onboarding-associate-analyst/287/98695751264
CITIBANK,98695745680,"Branch Manager Safe Act Burbank CA, Vice President",Risk and Compliance,Burbank,CA,United States,unknown,,2026-08-21 19:40:32.832337,2026-08-03 00:00:00,https://jobs.citi.com/job/burbank/branch-manager-safe-act-burbank-ca-vice-president/287/98695745680
CITIBANK,98588489776,"Wealth Relationship Manager - NAPERVILLE, IL",Risk and Compliance,Naperville,IL,United States,unknown,,2026-08-21 19:40:33.853412,2026-07-31 00:00:00,https://jobs.citi.com/job/naperville/wealth-relationship-manager-naperville-il/287/98588489776
CITIBANK,98588484368,Universal Banker Part-Time (20 Hours) - Ridgefield Branch,Sales and Relationship Management,Ridgefield,CT,United States,unknown,,2026-08-21 19:40:34.898381,2026-07-31 00:00:00,https://jobs.citi.com/job/ridgefield/universal-banker-part-time-20-hours-ridgefield-branch/287/98588484368
CITIBANK,98588484240,Universal Banker Part-Time (20 Hours) - Clifton Branch,Sales and Relationship Management,Clifton,NJ,United States,unknown,,2026-08-21 19:40:35.882876,2026-07-31 00:00:00,https://jobs.citi.com/job/clifton/universal-banker-part-time-20-hours-clifton-branch/287/98588484240
CITIBANK,98588484160,Universal Banker - Allerton Ave Branch,Sales and Relationship Management,New York,NY,United States,unknown,,2026-08-21 19:40:36.891058,2026-07-31 00:00:00,https://jobs.citi.com/job/new-york/universal-banker-allerton-ave-branch/287/98588484160
CITIBANK,98588463488,Sec & Derivatives Sr Analyst,Risk and Compliance,Getzville,NY,United States,unknown,,2026-08-21 19:40:37.864005,2026-07-31 00:00:00,https://jobs.citi.com/job/getzville/sec-and-derivatives-sr-analyst/287/98588463488
CITIBANK,98588461584,"Relationship Associate, Vice President - BCMA Real Estate",Risk and Compliance,New York,NY,United States,hybrid,,2026-08-21 19:40:38.870812,2026-07-31 00:00:00,https://jobs.citi.com/job/new-york/relationship-associate-vice-president-bcma-real-estate/287/98588461584
CITIBANK,98588456000,"Personal Banker SAFE Act, Jackson Heights/74th Street Branch",Sales and Relationship Management,New York,NY,United States,unknown,,2026-08-21 19:40:39.867517,2026-07-31 00:00:00,https://jobs.citi.com/job/new-york/personal-banker-safe-act-jackson-heights-74th-street-branch/287/98588456000
CITIBANK,98588455056,Personal Banker SAFE Act - Bilingual English/Spanish Speaking Preferred - Castle Hill Branch,Sales and Relationship Management,New York,NY,United States,unknown,,2026-08-21 19:40:40.952095,2026-07-31 00:00:00,https://jobs.citi.com/job/new-york/personal-banker-safe-act-bilingual-english-spanish-speaking-preferred-castle-hill-branch/287/98588455056
CITIBANK,98588454592,"Part-Time Universal Banker (20 Hours), USC-Vermont Branch",Sales and Relationship Management,Los Angeles,CA,United States,unknown,,2026-08-21 19:40:42.207876,2026-07-31 00:00:00,https://jobs.citi.com/job/los-angeles/part-time-universal-banker-20-hours-usc-vermont-branch/287/98588454592
CITIBANK,98588454368,"Part-Time Universal Banker (20 Hours), Park Slope Branch",Sales and Relationship Management,New York,NY,United States,unknown,,2026-08-21 19:40:44.760343,2026-07-31 00:00:00,https://jobs.citi.com/job/new-york/part-time-universal-banker-20-hours-park-slope-branch/287/98588454368
CITIBANK,98588454176,"Part-Time Universal Banker (20 Hours), Flatbush Branch",Sales and Relationship Management,New York,NY,United States,unknown,,2026-08-21 19:40:44.972134,2026-07-31 00:00:00,https://jobs.citi.com/job/new-york/part-time-universal-banker-20-hours-flatbush-branch/287/98588454176
CITIBANK,98588453744,"Part-Time Teller (20 Hours), Richmond Hill Branch",Risk and Compliance,New York,,United States,unknown,,2026-08-21 19:40:45.874712,2026-07-31 00:00:00,https://jobs.citi.com/job/new-york/part-time-teller-20-hours-richmond-hill-branch/287/98588453744
CITIBANK,98588453728,"Part-Time Teller (20 Hours), Rego Park Branch",Risk and Compliance,New York,NY,United States,unknown,,2026-08-21 19:40:47.006560,2026-07-31 00:00:00,https://jobs.citi.com/job/new-york/part-time-teller-20-hours-rego-park-branch/287/98588453728
CITIBANK,98588418816,Cash and Trade Processing Associate Analyst 2,Operations,Getzville,NY,United States,hybrid,,2026-08-21 19:40:48.040984,2026-07-31 00:00:00,https://jobs.citi.com/job/getzville/cash-and-trade-processing-associate-analyst-2/287/98588418816
CITIBANK,98588414064,Big Data PySpark Lead Engineer - Vice President,Risk and Compliance,Jersey City,NJ,United States,hybrid,,2026-08-21 19:40:49.017374,2026-07-31 00:00:00,https://jobs.citi.com/job/jersey-city/big-data-pyspark-lead-engineer-vice-president/287/98588414064
CITIBANK,98562526192,Credit Portfolio Officer,Data and AI,Wilmington,DE,United States,hybrid,,2026-08-21 19:40:51.069716,2026-07-31 00:00:00,https://jobs.citi.com/job/wilmington/credit-portfolio-officer/287/98562526192
CITIBANK,97869462112,Strategic Partnerships Lead - SVP,Sales and Relationship Management,New York,NY,United States,unknown,,2026-08-21 19:40:52.920898,2026-07-31 00:00:00,https://jobs.citi.com/job/new-york/strategic-partnerships-lead-svp/287/97869462112
CITIBANK,97193026800,Data Governance Foundation Sr Analyst - AVP,Risk and Compliance,Getzville,NY,United States,hybrid,,2026-08-21 19:40:54.060933,2026-07-01 00:00:00,https://jobs.citi.com/job/getzville/data-governance-foundation-sr-analyst-avp/287/97193026800
CITIBANK,95121516128,Senior Back-End Java Developer — Trading Platforms,Software Engineering,Jersey City,NJ,United States,hybrid,,2026-08-21 19:40:55.097003,2026-05-15 00:00:00,https://jobs.citi.com/job/jersey-city/senior-back-end-java-developer-trading-platforms/287/95121516128
CITIBANK,95121516112,Senior Back-End Java Developer — Trading Platforms,Software Engineering,Jersey City,NJ,United States,hybrid,,2026-08-21 19:40:56.089833,2026-05-15 00:00:00,https://jobs.citi.com/job/jersey-city/senior-back-end-java-developer-trading-platforms/287/95121516112
CITIBANK,98562560864,"Personal Banker SAFE Act - Selma Branch, Officer",Sales and Relationship Management,Selma,CA,United States,unknown,,2026-08-21 19:40:57.099362,2026-07-31 00:00:00,https://jobs.citi.com/job/selma/personal-banker-safe-act-selma-branch-officer/287/98562560864
CITIBANK,98562526912,Custody Product Manager,Risk and Compliance,New York,NY,United States,hybrid,,2026-08-21 19:40:59.134845,2026-07-31 00:00:00,https://jobs.citi.com/job/new-york/custody-product-manager/287/98562526912
CITIBANK,98562524320,Corporate Banker - Metals & Mining - VP,Sales and Relationship Management,New York,NY,United States,unknown,,2026-08-21 19:41:00.154468,2026-07-31 00:00:00,https://jobs.citi.com/job/new-york/corporate-banker-metals-and-mining-vp/287/98562524320
CITIBANK,98534995696,Security Derivatives Intermediate Associate Analyst,Risk and Compliance,Tampa,FL,United States,hybrid,,2026-08-21 19:41:01.323627,2026-07-30 00:00:00,https://jobs.citi.com/job/tampa/security-derivatives-intermediate-associate-analyst/287/98534995696
CITIBANK,98534972048,Investment Banking Sr Analyst - Healthcare,Operations,New York,NY,United States,unknown,,2026-08-21 19:41:03.620969,2026-07-30 00:00:00,https://jobs.citi.com/job/new-york/investment-banking-sr-analyst-healthcare/287/98534972048
CITIBANK,98534969248,Global Trade & Working Capital Loans Product Senior Lead - SVP,Operations,New York,NY,United States,hybrid,,2026-08-21 19:41:03.942877,2026-07-30 00:00:00,https://jobs.citi.com/job/new-york/global-trade-and-working-capital-loans-product-senior-lead-svp/287/98534969248
CITIBANK,98534966992,"Functions - Internal Audit, Full-Time Analyst, Tampa - USA, 2027",Audit,Tampa,FL,United States,hybrid,,2026-08-21 19:41:04.855066,2026-07-30 00:00:00,https://jobs.citi.com/job/tampa/functions-internal-audit-full-time-analyst-tampa-usa-2027/287/98534966992
CITIBANK,98534966928,"Functions - Internal Audit, Full-Time Analyst, Dallas - USA, 2027",Audit,Irving,TX,United States,hybrid,,2026-08-21 19:41:05.883419,2026-07-30 00:00:00,https://jobs.citi.com/job/irving/functions-internal-audit-full-time-analyst-dallas-usa-2027/287/98534966928
CITIBANK,98534955408,Corporate Insurance Senior Group Manager / Director,Risk and Compliance,Charlotte,NC,United States,hybrid,,2026-08-21 19:41:06.875179,2026-07-30 00:00:00,https://jobs.citi.com/job/charlotte/corporate-insurance-senior-group-manager-director/287/98534955408
CITIBANK,98534946784,Citi Commercial Bank - Mid-Corp Relationship Manager - Director,Sales and Relationship Management,Denver,CO,United States,hybrid,,2026-08-21 19:41:07.912988,2026-07-30 00:00:00,https://jobs.citi.com/job/denver/citi-commercial-bank-mid-corp-relationship-manager-director/287/98534946784
CITIBANK,98525956720,"VP, Business Development Lead Officer, CitiMortgage - San Francisco/Oakland/San Jose",Sales and Relationship Management,Sacramento,CA,United States,unknown,,2026-08-21 19:41:08.936002,2026-07-30 00:00:00,https://jobs.citi.com/job/sacramento/vp-business-development-lead-officer-citimortgage-san-francisco-oakland-san-jose/287/98525956720
CITIBANK,98525947456,Senior Java Tech Lead Analyst - Vice President,Cloud and Infrastructure,Tampa,FL,United States,hybrid,,2026-08-21 19:41:10.896122,2026-07-30 00:00:00,https://jobs.citi.com/job/tampa/senior-java-tech-lead-analyst-vice-president/287/98525947456
CITIBANK,98511094016,Lead Data Engineer – Vice President,Data and AI,Jersey City,NJ,United States,hybrid,,2026-08-21 19:41:11.813481,2026-07-30 00:00:00,https://jobs.citi.com/job/jersey-city/lead-data-engineer-vice-president/287/98511094016
CITIBANK,97486694432,Municipal Prepay Structuring – Spread Products - Vice President/Director,Risk and Compliance,New York,NY,United States,unknown,,2026-08-21 19:41:13.954651,2026-07-07 00:00:00,https://jobs.citi.com/job/new-york/municipal-prepay-structuring-spread-products-vice-president-director/287/97486694432
CITIBANK,97153195216,Personal Banker SAFE Act - Georgetown Branch,Sales and Relationship Management,Washington,DC,United States,unknown,,2026-08-21 19:41:14.987097,2026-06-30 00:00:00,https://jobs.citi.com/job/washington/personal-banker-safe-act-georgetown-branch/287/97153195216
CITIBANK,97153195168,Personal Banker SAFE Act - Farragut West Branch,Sales and Relationship Management,Washington,DC,United States,unknown,,2026-08-21 19:41:15.963061,2026-06-30 00:00:00,https://jobs.citi.com/job/washington/personal-banker-safe-act-farragut-west-branch/287/97153195168
CITIBANK,95936171920,Digital S/W Engineer Senior Analyst SDE - iOS Development,Software Engineering,Jacksonville,FL,United States,hybrid,,2026-08-21 19:41:16.948403,2026-07-30 00:00:00,https://jobs.citi.com/job/jacksonville/digital-s-w-engineer-senior-analyst-sde-ios-development/287/95936171920
CITIBANK,88431984752,Senior Wealth Advisor SAFE Act - Miami,Risk and Compliance,Miami,FL,United States,unknown,,2026-08-21 19:41:18.979027,2025-11-14 00:00:00,https://jobs.citi.com/job/miami/senior-wealth-advisor-safe-act-miami/287/88431984752
CITIBANK,98511103328,"Personal Banker SAFE Act, Boynton Beach Branch, Officer",Sales and Relationship Management,Boynton Beach,FL,United States,unknown,,2026-08-21 19:41:19.994796,2026-07-30 00:00:00,https://jobs.citi.com/job/boynton-beach/personal-banker-safe-act-boynton-beach-branch-officer/287/98511103328
CITIBANK,98511103120,"Personal Banker SAFE Act, Bilingual English/Spanish Speaking Preferred, Delray Beach Branch, Officer",Sales and Relationship Management,Delray Beach,FL,United States,unknown,,2026-08-21 19:41:21.027583,2026-07-30 00:00:00,https://jobs.citi.com/job/delray-beach/personal-banker-safe-act-bilingual-english-spanish-speaking-preferred-delray-beach-branch-officer/287/98511103120
CITIBANK,98511103072,"Personal Banker SAFE Act, Bilingual English/Spanish Speaking Preferred, Arthur Godfrey Branch, Officer",Sales and Relationship Management,Miami Beach,FL,United States,unknown,,2026-08-21 19:41:22.012631,2026-07-30 00:00:00,https://jobs.citi.com/job/miami-beach/personal-banker-safe-act-bilingual-english-spanish-speaking-preferred-arthur-godfrey-branch-officer/287/98511103072
CITIBANK,98511101616,"Part-Time Universal Banker (20 Hours), Bilingual English/Spanish Speaking Preferred, Downtown Miami Area",Sales and Relationship Management,Miami,FL,United States,unknown,,2026-08-21 19:41:23.040568,2026-07-30 00:00:00,https://jobs.citi.com/job/miami/part-time-universal-banker-20-hours-bilingual-english-spanish-speaking-preferred-downtown-miami-area/287/98511101616
CITIBANK,98511100608,Paid Media Audience Strategy & Data Architecture Lead,Risk and Compliance,Irving,TX,United States,unknown,,2026-08-21 19:41:25.041502,2026-07-30 00:00:00,https://jobs.citi.com/job/irving/paid-media-audience-strategy-and-data-architecture-lead/287/98511100608
CITIBANK,98511074256,"Corporate Banking Sr Associate - TMT (Tech, Media, Telecom)",Operations,San Francisco,CA,United States,unknown,,2026-08-21 19:41:26.008847,2026-07-30 00:00:00,https://jobs.citi.com/job/san-francisco/corporate-banking-sr-associate-tmt-tech-media-telecom/287/98511074256
CITIBANK,98511073936,"Corporate Banker - TMT (Tech, Media, Telecom) - VP",Sales and Relationship Management,San Francisco,CA,United States,unknown,,2026-08-21 19:41:27.083451,2026-07-30 00:00:00,https://jobs.citi.com/job/san-francisco/corporate-banker-tmt-tech-media-telecom-vp/287/98511073936
CITIBANK,98511073904,"Corporate Banker - TMT (Tech, Media, Telecom) - Associate / Sr. Associate",Sales and Relationship Management,San Francisco,CA,United States,unknown,,2026-08-21 19:41:28.008266,2026-07-30 00:00:00,https://jobs.citi.com/job/san-francisco/corporate-banker-tmt-tech-media-telecom-associate-sr-associate/287/98511073904
CITIBANK,98481878992,Securities and Derivatives Associate Analyst 2 Bilingual Spanish English,Operations,Tampa,FL,United States,hybrid,,2026-08-21 19:41:29.061102,2026-07-29 00:00:00,https://jobs.citi.com/job/tampa/securities-and-derivatives-associate-analyst-2-bilingual-spanish-english/287/98481878992
CITIBANK,98481874384,Programmatic Media Group Manager,Operations,Irving,TX,United States,unknown,,2026-08-21 19:41:30.161631,2026-07-29 00:00:00,https://jobs.citi.com/job/irving/programmatic-media-group-manager/287/98481874384
CITIBANK,98481861792,Mortgage Lending Officer SAFE Act  - DANVILLE,Risk and Compliance,Danville,CA,United States,unknown,,2026-08-21 19:41:31.076625,2026-07-29 00:00:00,https://jobs.citi.com/job/danville/mortgage-lending-officer-safe-act-danville/287/98481861792
CITIBANK,98481844352,Full Stack Software Engineer - Vice President,Software Engineering,Irving,TX,United States,unknown,,2026-08-21 19:41:32.061383,2026-07-29 00:00:00,https://jobs.citi.com/job/irving/full-stack-software-engineer-vice-president/287/98481844352
CITIBANK,98481828064,Community Lending Officer - San Jose,Risk and Compliance,San Jose,CA,United States,unknown,,2026-08-21 19:41:33.093996,2026-07-29 00:00:00,https://jobs.citi.com/job/san-jose/community-lending-officer-san-jose/287/98481828064
CITIBANK,98481821840,Cash and Trade Processing Associate Analyst Two,Operations,Tampa,FL,United States,hybrid,,2026-08-21 19:41:33.999152,2026-07-29 00:00:00,https://jobs.citi.com/job/tampa/cash-and-trade-processing-associate-analyst-two/287/98481821840
CITIBANK,98473588448,GenAI Engineering and Transformation Senior Manager,Data and AI,Tampa,FL,United States,hybrid,,2026-08-21 19:41:36.088212,2026-07-29 00:00:00,https://jobs.citi.com/job/tampa/genai-engineering-and-transformation-senior-manager/287/98473588448
CITIBANK,98434679280,Head of Master Reference Data Operations MD (C16),Risk and Compliance,New York,NY,United States,unknown,,2026-08-21 19:41:38.215516,2026-07-28 00:00:00,https://jobs.citi.com/job/new-york/head-of-master-reference-data-operations-md-c16/287/98434679280
CITIBANK,98412622480,Client Onboarding Associate Analyst,Risk and Compliance,Getzville,NY,United States,hybrid,,2026-08-21 19:41:39.001685,2026-07-28 00:00:00,https://jobs.citi.com/job/getzville/client-onboarding-associate-analyst/287/98412622480
CITIBANK,96862793168,Document Support Specialist - Overnights,Risk and Compliance,Sioux Falls,SD,United States,unknown,,2026-08-21 19:41:40.161241,2026-07-14 00:00:00,https://jobs.citi.com/job/sioux-falls/document-support-specialist-overnights/287/96862793168
CITIBANK,96525759472,"Business Banking Relationship Manager Chicago City / Suburban Area, Assistant Vice President",Sales and Relationship Management,Chicago,IL,United States,unknown,,2026-08-21 19:41:41.155400,2026-07-30 00:00:00,https://jobs.citi.com/job/chicago/business-banking-relationship-manager-chicago-city-suburban-area-assistant-vice-president/287/96525759472
CITIBANK,95640482128,Part-Time Teller (20 Hours) - Glenview Branch,Risk and Compliance,Glenview,IL,United States,unknown,,2026-08-21 19:41:43.250716,2026-07-30 00:00:00,https://jobs.citi.com/job/glenview/part-time-teller-20-hours-glenview-branch/287/95640482128
CITIBANK,98731710816,Product Specialist,Operations,New York,NY,United States,hybrid,,2026-08-21 19:41:44.153231,2026-08-04 00:00:00,https://jobs.citi.com/job/new-york/product-specialist/287/98731710816
CITIBANK,98731663408,Banker,Sales and Relationship Management,Houston,TX,United States,hybrid,,2026-08-21 19:41:45.056288,2026-08-04 00:00:00,https://jobs.citi.com/job/houston/banker/287/98731663408
CITIBANK,98457990416,"Personal Banker SAFE Act, San Fernando Branch, Officer",Sales and Relationship Management,San Fernando,CA,United States,unknown,,2026-08-21 19:41:46.161196,2026-07-29 00:00:00,https://jobs.citi.com/job/san-fernando/personal-banker-safe-act-san-fernando-branch-officer/287/98457990416
CITIBANK,98457986864,"Part-Time Teller (20 Hours), City of Industry Branch",Risk and Compliance,City of Industry,CA,United States,unknown,,2026-08-21 19:41:47.156897,2026-07-29 00:00:00,https://jobs.citi.com/job/city-of-industry/part-time-teller-20-hours-city-of-industry-branch/287/98457986864
CITIBANK,98457940880,"Branch Manager Safe Act Downtown Miami FL, Assiatant Vice President",Risk and Compliance,Miami,FL,United States,unknown,,2026-08-21 19:41:48.728723,2026-07-29 00:00:00,https://jobs.citi.com/job/miami/branch-manager-safe-act-downtown-miami-fl-assiatant-vice-president/287/98457940880
CITIBANK,98434724256,Wealth Relationship Manager - Manhattan,Risk and Compliance,New York,NY,United States,unknown,,2026-08-21 19:41:49.177436,2026-07-28 00:00:00,https://jobs.citi.com/job/new-york/wealth-relationship-manager-manhattan/287/98434724256
CITIBANK,98434724080,Wealth Relationship Manager - 34th Street,Risk and Compliance,New York,NY,United States,unknown,,2026-08-21 19:41:50.589534,2026-07-28 00:00:00,https://jobs.citi.com/job/new-york/wealth-relationship-manager-34th-street/287/98434724080
CITIBANK,98434721936,Universal Banker Part-Time (20 Hours) - Thornwood Branch,Sales and Relationship Management,Thornwood,NY,United States,unknown,,2026-08-21 19:41:51.232540,2026-07-28 00:00:00,https://jobs.citi.com/job/thornwood/universal-banker-part-time-20-hours-thornwood-branch/287/98434721936
CITIBANK,98434721808,Underwriter,Risk and Compliance,New York,NY,United States,hybrid,,2026-08-21 19:41:52.092617,2026-07-28 00:00:00,https://jobs.citi.com/job/new-york/underwriter/287/98434721808
CITIBANK,98434720992,Teller Part-Time (20 Hours) - Bronx Branch,Risk and Compliance,New York,NY,United States,unknown,,2026-08-21 19:41:54.218172,2026-07-28 00:00:00,https://jobs.citi.com/job/new-york/teller-part-time-20-hours-bronx-branch/287/98434720992
CITIBANK,98434699024,Personal Banker SAFE Act - Brooklyn Area,Sales and Relationship Management,New York,NY,United States,unknown,,2026-08-21 19:41:55.317689,2026-07-28 00:00:00,https://jobs.citi.com/job/new-york/personal-banker-safe-act-brooklyn-area/287/98434699024
CITIBANK,98434698928,Personal Banker SAFE Act - Allerton Branch,Sales and Relationship Management,New York,NY,United States,unknown,,2026-08-21 19:41:57.068307,2026-07-28 00:00:00,https://jobs.citi.com/job/new-york/personal-banker-safe-act-allerton-branch/287/98434698928
CITIBANK,98434697904,"Part-Time Universal Banker (20 Hours), Queens West Area",Sales and Relationship Management,New York,NY,United States,unknown,,2026-08-21 19:41:57.285032,2026-07-28 00:00:00,https://jobs.citi.com/job/new-york/part-time-universal-banker-20-hours-queens-west-area/287/98434697904
CITIBANK,98434680128,"Head Universal Banker, Thousand Oaks/ Simi Valley Area",Risk and Compliance,Simi Valley,CA,United States,unknown,,2026-08-21 19:41:58.401193,2026-07-28 00:00:00,https://jobs.citi.com/job/simi-valley/head-universal-banker-thousand-oaks-simi-valley-area/287/98434680128
CITIBANK,98434678912,Head of Customer Marketing Insights,Finance and Accounting,New York,NY,United States,hybrid,,2026-08-21 19:41:59.335830,2026-07-28 00:00:00,https://jobs.citi.com/job/new-york/head-of-customer-marketing-insights/287/98434678912
CITIBANK,98426792048,Universal Banker Part-Time (20 Hours) - Cos Cob Branch,Sales and Relationship Management,Cos Cob,CT,United States,unknown,,2026-08-21 19:42:00.348938,2026-07-28 00:00:00,https://jobs.citi.com/job/cos-cob/universal-banker-part-time-20-hours-cos-cob-branch/287/98426792048
CITIBANK,98426791952,Underwriter,Operations,New York,NY,United States,hybrid,,2026-08-21 19:42:01.290921,2026-07-28 00:00:00,https://jobs.citi.com/job/new-york/underwriter/287/98426791952
CITIBANK,98426744800,Fraud Operations Specialist Train onsite Work from Home. Salary up to $21.05/hour,Operations,San Antonio,TX,United States,unknown,,2026-08-21 19:42:02.309927,2026-07-28 00:00:00,https://jobs.citi.com/job/san-antonio/fraud-operations-specialist-train-onsite-work-from-home-salary-up-to-21-05-hour/287/98426744800
CITIBANK,98426737216,Community Lending Officer Las Vegas,Risk and Compliance,Las Vegas,NV,United States,unknown,,2026-08-21 19:42:04.396855,2026-07-28 00:00:00,https://jobs.citi.com/job/las-vegas/community-lending-officer-las-vegas/287/98426737216
CITIBANK,98148057856,"Personal Banker SAFE Act, Escondido Branch, Officer",Sales and Relationship Management,Escondido,CA,United States,unknown,,2026-08-21 19:42:07.778605,2026-07-22 00:00:00,https://jobs.citi.com/job/escondido/personal-banker-safe-act-escondido-branch-officer/287/98148057856
CITIBANK,97824625248,"Personal Banker SAFE Act, IBC Montgomery Branch",Sales and Relationship Management,San Francisco,CA,United States,unknown,,2026-08-21 19:42:08.953975,2026-07-15 00:00:00,https://jobs.citi.com/job/san-francisco/personal-banker-safe-act-ibc-montgomery-branch/287/97824625248
CITIBANK,97735886960,"Personal Banker SAFE Act, Danville (Blackhawk) Branch, Officer",Sales and Relationship Management,Danville,CA,United States,unknown,,2026-08-21 19:42:11.004834,2026-07-13 00:00:00,https://jobs.citi.com/job/danville/personal-banker-safe-act-danville-blackhawk-branch-officer/287/97735886960
CITIBANK,97083874176,VP Media Sciences and Measurement,Risk and Compliance,New York,NY,United States,hybrid,,2026-08-21 19:42:11.680165,2026-07-28 00:00:00,https://jobs.citi.com/job/new-york/vp-media-sciences-and-measurement/287/97083874176
CITIBANK,96783188896,"Applications Development Sr Programmer Analyst, Assistant Vice President",Software Engineering,Tampa,FL,United States,hybrid,,2026-08-21 19:42:12.775874,2026-07-28 00:00:00,https://jobs.citi.com/job/tampa/applications-development-sr-programmer-analyst-assistant-vice-president/287/96783188896
CITIBANK,96310840144,Principal Engineer - Vice President,Risk and Compliance,Jersey City,NJ,United States,hybrid,,2026-08-21 19:42:14.188591,2026-06-11 00:00:00,https://jobs.citi.com/job/jersey-city/principal-engineer-vice-president/287/96310840144
CITIBANK,95728594352,"Part-Time Universal Banker (20 Hours), Union City Branch",Sales and Relationship Management,Union City,CA,United States,unknown,,2026-08-21 19:42:14.809855,2026-05-29 00:00:00,https://jobs.citi.com/job/union-city/part-time-universal-banker-20-hours-union-city-branch/287/95728594352
CITIBANK,95673444880,Wholesale Lending Operations,Operations,Irving,TX,United States,hybrid,,2026-08-21 19:42:16.865393,2026-07-28 00:00:00,https://jobs.citi.com/job/irving/wholesale-lending-operations/287/95673444880
CITIBANK,95304609680,Lead Java and Data Engineer,Data and AI,Tampa,FL,United States,hybrid,,2026-08-21 19:42:17.810891,2026-05-19 00:00:00,https://jobs.citi.com/job/tampa/lead-java-and-data-engineer/287/95304609680
CITIBANK,98388454112,"Structurer, Equities Multi Asset Group, Vice President",Risk and Compliance,New York,NY,United States,unknown,,2026-08-21 19:42:18.812569,2026-07-27 00:00:00,https://jobs.citi.com/job/new-york/structurer-equities-multi-asset-group-vice-president/287/98388454112
CITIBANK,98388454016,"Strategic Equity Solutions Origination Structurer, Assistant Vice President",Risk and Compliance,New York,NY,United States,unknown,,2026-08-21 19:42:19.833249,2026-07-27 00:00:00,https://jobs.citi.com/job/new-york/strategic-equity-solutions-origination-structurer-assistant-vice-president/287/98388454016
CITIBANK,98388437904,"Personal Banker SAFE Act, Bilingual English/Spanish Speaking Preferred, Boca Woodfield Branch, Officer",Sales and Relationship Management,Boca Raton,FL,United States,unknown,,2026-08-21 19:42:21.944540,2026-07-27 00:00:00,https://jobs.citi.com/job/boca-raton/personal-banker-safe-act-bilingual-english-spanish-speaking-preferred-boca-woodfield-branch-officer/287/98388437904
CITIBANK,98388418576,Investment Banking Associate - Industrials,Sales and Relationship Management,Chicago,IL,United States,unknown,,2026-08-21 19:42:22.872190,2026-07-27 00:00:00,https://jobs.citi.com/job/chicago/investment-banking-associate-industrials/287/98388418576
CITIBANK,98388394832,"Branch Manager Safe Act Boca Mizner FL, Vice President",Risk and Compliance,Boca Raton,FL,United States,unknown,,2026-08-21 19:42:23.904821,2026-07-27 00:00:00,https://jobs.citi.com/job/boca-raton/branch-manager-safe-act-boca-mizner-fl-vice-president/287/98388394832
CITIBANK,98388394720,"Branch Manager - Nassau Central Area, Vice President",Risk and Compliance,Plainview,NY,United States,unknown,,2026-08-21 19:42:24.924647,2026-07-27 00:00:00,https://jobs.citi.com/job/plainview/branch-manager-nassau-central-area-vice-president/287/98388394720
CITIBANK,98380838320,"Personal Banker SAFE Act, Bilingual English/Spanish Speaking Preferred, Oakland Park Branch, Officer",Sales and Relationship Management,Fort Lauderdale,FL,United States,unknown,,2026-08-21 19:42:25.953787,2026-07-27 00:00:00,https://jobs.citi.com/job/fort-lauderdale/personal-banker-safe-act-bilingual-english-spanish-speaking-preferred-oakland-park-branch-officer/287/98380838320
CITIBANK,98380836432,"Part-Time Universal Banker (20 Hours), Bilingual English/Spanish Speaking Preferred, Doral Branch",Sales and Relationship Management,Miami,FL,United States,unknown,,2026-08-21 19:42:26.976878,2026-07-27 00:00:00,https://jobs.citi.com/job/miami/part-time-universal-banker-20-hours-bilingual-english-spanish-speaking-preferred-doral-branch/287/98380836432
CITIBANK,98380816032,"Director, Structuring – Non-Agency Residential Mortgages",Risk and Compliance,New York,NY,United States,unknown,,2026-08-21 19:42:27.935909,2026-07-27 00:00:00,https://jobs.citi.com/job/new-york/director-structuring-non-agency-residential-mortgages/287/98380816032
CITIBANK,98363604544,Investment Sales Lead,Sales and Relationship Management,Miami,FL,United States,hybrid,,2026-08-21 19:42:29.972610,2026-07-27 00:00:00,https://jobs.citi.com/job/miami/investment-sales-lead/287/98363604544
CITIBANK,98363509968,Business Analytics Senior Analyst,Risk and Compliance,New York,NY,United States,hybrid,,2026-08-21 19:42:30.982172,2026-07-27 00:00:00,https://jobs.citi.com/job/new-york/business-analytics-senior-analyst/287/98363509968
CITIBANK,98363492944,Applications Development Technical Lead Analyst,Software Engineering,Jersey City,NJ,United States,hybrid,,2026-08-21 19:42:31.968680,2026-07-27 00:00:00,https://jobs.citi.com/job/jersey-city/applications-development-technical-lead-analyst/287/98363492944
CITIBANK,97869410272,"Equity Research Senior Associate, Autos, Assistant Vice President",Risk and Compliance,Getzville,NY,United States,hybrid,,2026-08-21 19:42:33.000076,2026-07-16 00:00:00,https://jobs.citi.com/job/getzville/equity-research-senior-associate-autos-assistant-vice-president/287/97869410272
CITIBANK,96300521392,Full Stack Java & React Engineer,Software Engineering,Tampa,FL,United States,unknown,,2026-08-21 19:42:35.005668,2026-07-27 00:00:00,https://jobs.citi.com/job/tampa/full-stack-java-and-react-engineer/287/96300521392
CITIBANK,95346253312,Digital S/W Eng Lead Analyst - C13 - IRVING,Software Engineering,Irving,TX,United States,unknown,,2026-08-21 19:42:35.925298,2026-07-28 00:00:00,https://jobs.citi.com/job/irving/digital-s-w-eng-lead-analyst-c13-irving/287/95346253312
CITIBANK,94263456592,"Applications Development Sr Programmer Analyst, Assistant Vice President",Software Engineering,Jersey City,NJ,United States,hybrid,,2026-08-21 19:42:36.977121,2026-07-27 00:00:00,https://jobs.citi.com/job/jersey-city/applications-development-sr-programmer-analyst-assistant-vice-president/287/94263456592
CITIBANK,91594800384,Senior Wealth Advisor- SAFE ACT,Risk and Compliance,Miami,FL,United States,unknown,,2026-08-21 19:42:38.067448,2026-02-10 00:00:00,https://jobs.citi.com/job/miami/senior-wealth-advisor-safe-act/287/91594800384
CITIBANK,98363648448,Regulatory Engagement -Prudential Coverage & Governance Advisory Lead- Director,Risk and Compliance,New York,NY,United States,hybrid,,2026-08-21 19:42:39.041735,2026-07-27 00:00:00,https://jobs.citi.com/job/new-york/regulatory-engagement-prudential-coverage-and-governance-advisory-lead-director/287/98363648448
CITIBANK,98363634736,"Part-Time Universal Banker (20 Hours), Los Angelas, Eagle Rock Branch",Sales and Relationship Management,Los Angeles,CA,United States,unknown,,2026-08-21 19:42:41.042599,2026-07-27 00:00:00,https://jobs.citi.com/job/los-angeles/part-time-universal-banker-20-hours-los-angelas-eagle-rock-branch/287/98363634736
CITIBANK,98363524624,Digital Wealth Technology Project Manager,Project and Program Management,Irving,TX,United States,unknown,,2026-08-21 19:42:42.123466,2026-07-27 00:00:00,https://jobs.citi.com/job/irving/digital-wealth-technology-project-manager/287/98363524624
CITIBANK,98242617648,Part-Time Teller (20 Hours) - (Spanish/English Speaking Preferred)- Central Islip Branch,Risk and Compliance,Central Islip,NY,United States,unknown,,2026-08-21 19:42:42.896329,2026-07-24 00:00:00,https://jobs.citi.com/job/central-islip/part-time-teller-20-hours-spanish-english-speaking-preferred-central-islip-branch/287/98242617648
CITIBANK,98242513664,Agency MBS Trader – VP,Risk and Compliance,New York,NY,United States,unknown,,2026-08-21 19:42:44.041911,2026-07-24 00:00:00,https://jobs.citi.com/job/new-york/agency-mbs-trader-vp/287/98242513664
CITIBANK,98236395408,"Personal Banker SAFE Act, Bilingual: English/Spanish Preferred, Ridgewood Branch",Sales and Relationship Management,New York,NY,United States,unknown,,2026-08-21 19:42:45.081303,2026-07-24 00:00:00,https://jobs.citi.com/job/new-york/personal-banker-safe-act-bilingual-english-spanish-preferred-ridgewood-branch/287/98236395408
CITIBANK,98236335248,Client Manager-  First Line Client Specialist Hybrid,Operations,Getzville,NY,United States,hybrid,,2026-08-21 19:42:46.149677,2026-07-24 00:00:00,https://jobs.citi.com/job/getzville/client-manager-first-line-client-specialist-hybrid/287/98236335248
CITIBANK,98062867120,"Head of AI Solutions, COO Technology - MD (C16)",Risk and Compliance,New York,NY,United States,hybrid,,2026-08-21 19:42:48.524151,2026-07-20 00:00:00,https://jobs.citi.com/job/new-york/head-of-ai-solutions-coo-technology-md-c16/287/98062867120
CITIBANK,97926289664,"Head of Corporate Shared Services Technology, MD (C16)",Risk and Compliance,New York,NY,United States,hybrid,,2026-08-21 19:42:49.110858,2026-07-17 00:00:00,https://jobs.citi.com/job/new-york/head-of-corporate-shared-services-technology-md-c16/287/97926289664
CITIBANK,95140010688,"Wealth Marketing Content Strategy, Director",Sales and Relationship Management,New York,NY,United States,hybrid,,2026-08-21 19:42:51.102634,2026-07-24 00:00:00,https://jobs.citi.com/job/new-york/wealth-marketing-content-strategy-director/287/95140010688
CITIBANK,98220974800,Teller Part-Time (20 Hours) - Fordham Branch,Risk and Compliance,New York,NY,United States,unknown,,2026-08-21 19:42:52.132367,2026-07-24 00:00:00,https://jobs.citi.com/job/new-york/teller-part-time-20-hours-fordham-branch/287/98220974800
CITIBANK,98220944800,Java Tech Lead – Vice President,Software Engineering,Irving,TX,United States,hybrid,,2026-08-21 19:42:53.281215,2026-07-24 00:00:00,https://jobs.citi.com/job/irving/java-tech-lead-vice-president/287/98220944800
CITIBANK,98220917280,Citi Private Bank | UHNW Private Banker,Sales and Relationship Management,Denver,CO,United States,hybrid,,2026-08-21 19:42:54.172902,2026-07-24 00:00:00,https://jobs.citi.com/job/denver/citi-private-bank-uhnw-private-banker/287/98220917280
CITIBANK,98195501616,"Personal Banker SAFE Act, Bilingual Mandarin Speaking Preferred, Arcadia-Downtown Branch, Officer",Sales and Relationship Management,Arcadia,CA,United States,unknown,,2026-08-21 19:42:55.179488,2026-07-23 00:00:00,https://jobs.citi.com/job/arcadia/personal-banker-safe-act-bilingual-mandarin-speaking-preferred-arcadia-downtown-branch-officer/287/98195501616
CITIBANK,98195483888,Investment Counselor Lead - Director,Risk and Compliance,Jacksonville,FL,United States,unknown,,2026-08-21 19:42:56.175954,2026-07-23 00:00:00,https://jobs.citi.com/job/jacksonville/investment-counselor-lead-director/287/98195483888
CITIBANK,98188104080,Wealth Service Associate,Risk and Compliance,O'Fallon,MO,United States,hybrid,,2026-08-21 19:42:57.171864,2026-07-23 00:00:00,https://jobs.citi.com/job/o-fallon/wealth-service-associate/287/98188104080
CITIBANK,98187989536,Citi Wealth Lending | Lending Advisor,Risk and Compliance,New York,NY,United States,unknown,,2026-08-21 19:42:58.239995,2026-07-23 00:00:00,https://jobs.citi.com/job/new-york/citi-wealth-lending-lending-advisor/287/98187989536
CITIBANK,98098242400,Part-Time Universal Banker (26 Hours) - Nassau South Area,Sales and Relationship Management,Massapequa Park,NY,United States,unknown,,2026-08-21 19:43:03.102288,2026-07-21 00:00:00,https://jobs.citi.com/job/massapequa-park/part-time-universal-banker-26-hours-nassau-south-area/287/98098242400
CITIBANK,98054482880,Digital Software Engineer Angular,Software Engineering,Irving,TX,United States,unknown,,2026-08-21 19:43:03.383720,2026-07-20 00:00:00,https://jobs.citi.com/job/irving/digital-software-engineer-angular/287/98054482880
CITIBANK,96881857648,Client Solutions and Delivery Lead for Data and AI - VP,Sales and Relationship Management,New York,NY,United States,hybrid,,2026-08-21 19:43:04.225750,2026-07-20 00:00:00,https://jobs.citi.com/job/new-york/client-solutions-and-delivery-lead-for-data-and-ai-vp/287/96881857648
CITIBANK,95982041952,Credit Risk Officer – Alternatives (Hedge Funds & Private Markets) - Vice President,Risk and Compliance,New York,NY,United States,hybrid,,2026-08-21 19:43:05.452343,2026-06-04 00:00:00,https://jobs.citi.com/job/new-york/credit-risk-officer-alternatives-hedge-funds-and-private-markets-vice-president/287/95982041952
CITIBANK,95728516992,"Equity Advisory Sales for Healthcare Investors, Director",Sales and Relationship Management,New York,NY,United States,unknown,,2026-08-21 19:43:06.378281,2026-05-29 00:00:00,https://jobs.citi.com/job/new-york/equity-advisory-sales-for-healthcare-investors-director/287/95728516992
CITIBANK,95673435984,Senior Voluntary Corporate Actions Analyst Assistant Vice President,Operations,Jersey City,NJ,United States,hybrid,,2026-08-21 19:43:07.385146,2026-05-28 00:00:00,https://jobs.citi.com/job/jersey-city/senior-voluntary-corporate-actions-analyst-assistant-vice-president/287/95673435984
CITIBANK,98244918240,Non-Trading Market Risk Mgmt Senior Analyst,Risk and Compliance,Getzville,NY,United States,hybrid,,2026-08-21 19:43:08.379496,2026-07-24 00:00:00,https://jobs.citi.com/job/getzville/non-trading-market-risk-mgmt-senior-analyst/287/98244918240
CITIBANK,98171071792,"Part-Time Universal Banker (20 Hours), Calabasas Branch",Sales and Relationship Management,Calabasas,CA,United States,unknown,,2026-08-21 19:43:10.385846,2026-07-23 00:00:00,https://jobs.citi.com/job/calabasas/part-time-universal-banker-20-hours-calabasas-branch/287/98171071792
CITIBANK,98171028144,Corporate Structurer,Risk and Compliance,New York,NY,United States,hybrid,,2026-08-21 19:43:11.420999,2026-07-23 00:00:00,https://jobs.citi.com/job/new-york/corporate-structurer/287/98171028144
CITIBANK,98148086224,VP Banker - Global Infrastructure Coverage,Sales and Relationship Management,New York,NY,United States,unknown,,2026-08-21 19:43:12.379316,2026-07-22 00:00:00,https://jobs.citi.com/job/new-york/vp-banker-global-infrastructure-coverage/287/98148086224
CITIBANK,98148071904,Senior Data Engineer - Vice President,Data and AI,Irving,TX,United States,hybrid,,2026-08-21 19:43:13.550379,2026-07-22 00:00:00,https://jobs.citi.com/job/irving/senior-data-engineer-vice-president/287/98148071904
CITIBANK,98140814880,Senior Lead Counsel - Director,Legal,New York,NY,United States,unknown,,2026-08-21 19:43:14.499560,2026-07-22 00:00:00,https://jobs.citi.com/job/new-york/senior-lead-counsel-director/287/98140814880
CITIBANK,98140813312,Senior Full Stack Java Developer - Vice President,Software Engineering,Jersey City,NJ,United States,hybrid,,2026-08-21 19:43:15.488977,2026-07-22 00:00:00,https://jobs.citi.com/job/jersey-city/senior-full-stack-java-developer-vice-president/287/98140813312
CITIBANK,98140810352,Risk Reporting 2LOD Sr. Analyst,Risk and Compliance,Getzville,NY,United States,hybrid,,2026-08-21 19:43:16.424004,2026-07-22 00:00:00,https://jobs.citi.com/job/getzville/risk-reporting-2lod-sr-analyst/287/98140810352
CITIBANK,98140804672,Personal Banker SAFE Act - Lombard Branch,Sales and Relationship Management,Lombard,IL,United States,unknown,,2026-08-21 19:43:17.483187,2026-07-22 00:00:00,https://jobs.citi.com/job/lombard/personal-banker-safe-act-lombard-branch/287/98140804672
CITIBANK,98140792096,"In-Business Risk Structurer, Prime, Director",Risk and Compliance,New York,NY,United States,unknown,,2026-08-21 19:43:19.772032,2026-07-22 00:00:00,https://jobs.citi.com/job/new-york/in-business-risk-structurer-prime-director/287/98140792096
CITIBANK,98140779024,"Business Relationship Manager - Brooklyn, Mandarin/Cantonese Speaking preferred - Assistant Vice President",Sales and Relationship Management,New York,NY,United States,unknown,,2026-08-21 19:43:20.502902,2026-07-22 00:00:00,https://jobs.citi.com/job/new-york/business-relationship-manager-brooklyn-mandarin-cantonese-speaking-preferred-assistant-vice-preside/287/98140779024
CITIBANK,98140777920,"Branch Manager - East Brooklyn Branch, Vice President",Risk and Compliance,New York,NY,United States,unknown,,2026-08-21 19:43:21.548667,2026-07-22 00:00:00,https://jobs.citi.com/job/new-york/branch-manager-east-brooklyn-branch-vice-president/287/98140777920
CITIBANK,97200535408,Structuring – Non-Agency Residential Mortgages - Vice President,Risk and Compliance,New York,NY,United States,unknown,,2026-08-21 19:43:23.653707,2026-07-01 00:00:00,https://jobs.citi.com/job/new-york/structuring-non-agency-residential-mortgages-vice-president/287/97200535408
CITIBANK,95047073776,Investment Banking Associate - Healthcare,Risk and Compliance,New York,NY,United States,unknown,,2026-08-21 19:43:24.576038,2026-07-07 00:00:00,https://jobs.citi.com/job/new-york/investment-banking-associate-healthcare/287/95047073776
CITIBANK,93983583808,Java Lead Engineer  Credit Risk Technology - Vice President,Risk and Compliance,Irving,TX,United States,hybrid,,2026-08-21 19:43:25.542856,2026-04-15 00:00:00,https://jobs.citi.com/job/irving/java-lead-engineer-credit-risk-technology-vice-president/287/93983583808
CITIBANK,98242610896,Model/Anlys/Valid Officer,Operations,New York,NY,United States,hybrid,,2026-08-21 19:43:27.533859,2026-07-24 00:00:00,https://jobs.citi.com/job/new-york/model-anlys-valid-officer/287/98242610896
CITIBANK,98242586496,Implementation Management Senior Specialist,Risk and Compliance,Tampa,FL,United States,hybrid,,2026-08-21 19:43:28.616890,2026-07-24 00:00:00,https://jobs.citi.com/job/tampa/implementation-management-senior-specialist/287/98242586496
CITIBANK,98124901184,Personal Banker SAFE Act - Madison/91st Branch,Sales and Relationship Management,New York,NY,United States,unknown,,2026-08-21 19:43:29.642181,2026-07-22 00:00:00,https://jobs.citi.com/job/new-york/personal-banker-safe-act-madison-91st-branch/287/98124901184
CITIBANK,98124900272,"Part-Time Universal Banker (20 Hours), Newbury Park Branch",Sales and Relationship Management,Newbury Park,CA,United States,unknown,,2026-08-21 19:43:30.596122,2026-07-22 00:00:00,https://jobs.citi.com/job/newbury-park/part-time-universal-banker-20-hours-newbury-park-branch/287/98124900272
CITIBANK,98124872096,Full Stack Developer - Vice President,Software Engineering,Irving,TX,United States,hybrid,,2026-08-21 19:43:31.615270,2026-07-22 00:00:00,https://jobs.citi.com/job/irving/full-stack-developer-vice-president/287/98124872096
CITIBANK,98105534224,Wealth Relationship Manager SAFE Act - Assistant Vice President,Risk and Compliance,New York,NY,United States,unknown,,2026-08-21 19:43:32.652912,2026-07-21 00:00:00,https://jobs.citi.com/job/new-york/wealth-relationship-manager-safe-act-assistant-vice-president/287/98105534224
CITIBANK,98105502544,"Managing Director, Private Banker",Risk and Compliance,Jacksonville,FL,United States,hybrid,,2026-08-21 19:43:33.640216,2026-07-21 00:00:00,https://jobs.citi.com/job/jacksonville/managing-director-private-banker/287/98105502544
CITIBANK,98105490352,Head of Program Management - Wealth,Risk and Compliance,New York,NY,United States,hybrid,,2026-08-21 19:43:34.696268,2026-07-21 00:00:00,https://jobs.citi.com/job/new-york/head-of-program-management-wealth/287/98105490352
CITIBANK,98105463216,AVP Senior Java Developer,Software Engineering,Rutherford,NJ,United States,hybrid,,2026-08-21 19:43:36.710753,2026-07-21 00:00:00,https://jobs.citi.com/job/rutherford/avp-senior-java-developer/287/98105463216
CITIBANK,98105453712,Application Development Technical Lead,Software Engineering,Jersey City,NJ,United States,hybrid,,2026-08-21 19:43:37.716387,2026-07-21 00:00:00,https://jobs.citi.com/job/jersey-city/application-development-technical-lead/287/98105453712
CITIBANK,98098185232,"Citi Commercial Bank - Business Development Specialist, Vice President",Sales and Relationship Management,Washington,DC,United States,hybrid,,2026-08-21 19:43:39.703241,2026-07-21 00:00:00,https://jobs.citi.com/job/washington/citi-commercial-bank-business-development-specialist-vice-president/287/98098185232
CITIBANK,98098154192,Application Support Senior Analyst – Assistant Vice President,Operations,New York,NY,United States,hybrid,,2026-08-21 19:43:40.713237,2026-07-21 00:00:00,https://jobs.citi.com/job/new-york/application-support-senior-analyst-assistant-vice-president/287/98098154192
CITIBANK,98054524352,Lead Python Developer - Vice President,Software Engineering,Jersey City,NJ,United States,hybrid,,2026-08-21 19:43:41.694639,2026-07-20 00:00:00,https://jobs.citi.com/job/jersey-city/lead-python-developer-vice-president/287/98054524352
CITIBANK,97934556896,"Branch Manager Safe Act, Newark CA, Area Assistant Vice President",Risk and Compliance,Newark,CA,United States,unknown,,2026-08-21 19:43:42.753158,2026-07-17 00:00:00,https://jobs.citi.com/job/newark/branch-manager-safe-act-newark-ca-area-assistant-vice-president/287/97934556896
CITIBANK,96641842896,Wealth Relationship Manager - Hillsdale,Risk and Compliance,San Mateo,CA,United States,unknown,,2026-08-21 19:43:44.716842,2026-06-19 00:00:00,https://jobs.citi.com/job/san-mateo/wealth-relationship-manager-hillsdale/287/96641842896
CITIBANK,96291566048,Apps Development Sr Manager - C13 - TAMPA,Cloud and Infrastructure,Tampa,FL,United States,hybrid,,2026-08-21 19:43:45.728137,2026-06-11 00:00:00,https://jobs.citi.com/job/tampa/apps-development-sr-manager-c13-tampa/287/96291566048
CITIBANK,95945763856,Digital S/W Sr Engineer - Vice President,Risk and Compliance,Jacksonville,FL,United States,hybrid,,2026-08-21 19:43:46.753677,2026-06-03 00:00:00,https://jobs.citi.com/job/jacksonville/digital-s-w-sr-engineer-vice-president/287/95945763856
CITIBANK,98140794192,IT Business Lead Analyst,Risk and Compliance,Irving,TX,United States,hybrid,,2026-08-21 19:43:47.722562,2026-07-22 00:00:00,https://jobs.citi.com/job/irving/it-business-lead-analyst/287/98140794192
CITIBANK,98054543584,Part-Time Teller (20 Hours) - Hewlett Branch,Risk and Compliance,Hewlett,NY,United States,unknown,,2026-08-21 19:43:49.757210,2026-07-20 00:00:00,https://jobs.citi.com/job/hewlett/part-time-teller-20-hours-hewlett-branch/287/98054543584
CITIBANK,98054503616,"Head Universal Banker, Irvine Branch",Risk and Compliance,Irvine,CA,United States,unknown,,2026-08-21 19:43:50.826293,2026-07-20 00:00:00,https://jobs.citi.com/job/irvine/head-universal-banker-irvine-branch/287/98054503616
CITIBANK,98054456112,Application Development Tech Lead Analyst,Risk and Compliance,Tampa,FL,United States,hybrid,,2026-08-21 19:43:51.832507,2026-07-20 00:00:00,https://jobs.citi.com/job/tampa/application-development-tech-lead-analyst/287/98054456112
CITIBANK,95936171904,Digital S/W Engineer Senior Analyst SDE - Android Development,Software Engineering,Jacksonville,FL,United States,hybrid,,2026-08-21 19:43:53.753019,2026-06-03 00:00:00,https://jobs.citi.com/job/jacksonville/digital-s-w-engineer-senior-analyst-sde-android-development/287/95936171904
CITIBANK,95379710576,Apps Sup Tech Lead Analyst,Risk and Compliance,New York,NY,United States,hybrid,,2026-08-21 19:43:54.779161,2026-07-20 00:00:00,https://jobs.citi.com/job/new-york/apps-sup-tech-lead-analyst/287/95379710576
CITIBANK,93468375824,"Agency Securities Finance Trader, VP",Risk and Compliance,New York,NY,United States,hybrid,,2026-08-21 19:43:56.894456,2026-07-20 00:00:00,https://jobs.citi.com/job/new-york/agency-securities-finance-trader-vp/287/93468375824
CITIBANK,98041697264,"Branch Manager Safe Act Downtown Miami FL, Area- Assistant Vice President",Risk and Compliance,Miami,FL,United States,unknown,,2026-08-21 19:43:57.771005,2026-07-20 00:00:00,https://jobs.citi.com/job/miami/branch-manager-safe-act-downtown-miami-fl-area-assistant-vice-president/287/98041697264
CITIBANK,97934593488,Part-Time Universal Banker (28 Hours) - Chicago Lawn Branch,Sales and Relationship Management,Chicago,IL,United States,unknown,,2026-08-21 19:43:58.791472,2026-07-17 00:00:00,https://jobs.citi.com/job/chicago/part-time-universal-banker-28-hours-chicago-lawn-branch/287/97934593488
CITIBANK,97926317488,"Part-Time Universal Banker (20 Hours), Fremont Warm Springs Branch",Sales and Relationship Management,Fremont,CA,United States,unknown,,2026-08-21 19:43:59.758785,2026-07-17 00:00:00,https://jobs.citi.com/job/fremont/part-time-universal-banker-20-hours-fremont-warm-springs-branch/287/97926317488
CITIBANK,97913207008,"Portfolio Advisor, Citi Wealth CIO.",Risk and Compliance,New York,NY,United States,hybrid,,2026-08-21 19:44:01.808137,2026-07-17 00:00:00,https://jobs.citi.com/job/new-york/portfolio-advisor-citi-wealth-cio/287/97913207008
CITIBANK,97913200560,Messaging Compliance Engineer - Vice President,Risk and Compliance,Irving,TX,United States,hybrid,,2026-08-21 19:44:03.068013,2026-07-17 00:00:00,https://jobs.citi.com/job/irving/messaging-compliance-engineer-vice-president/287/97913200560
CITIBANK,97913146800,Applications Development Senior Programmer Analyst - AVP,Software Engineering,Tampa,FL,United States,hybrid,,2026-08-21 19:44:04.326229,2026-07-17 00:00:00,https://jobs.citi.com/job/tampa/applications-development-senior-programmer-analyst-avp/287/97913146800
CITIBANK,97890248320,Senior Executive Assistant,Risk and Compliance,New York,NY,United States,hybrid,,2026-08-21 19:44:05.446227,2026-07-16 00:00:00,https://jobs.citi.com/job/new-york/senior-executive-assistant/287/97890248320
CITIBANK,97890236384,Part-Time (20 Hours) Teller - Bilingual English/Spanish Speaking Preferred - Castle Hill Branch,Risk and Compliance,New York,NY,United States,unknown,,2026-08-21 19:44:05.704220,2026-07-16 00:00:00,https://jobs.citi.com/job/new-york/part-time-20-hours-teller-bilingual-english-spanish-speaking-preferred-castle-hill-branch/287/97890236384
CITIBANK,97890236336,Part-Time (20 Hours) Teller - Bilingual English/Spanish Speaking Preferred - Baychester Branch,Risk and Compliance,New York,NY,United States,unknown,,2026-08-21 19:44:07.848387,2026-07-16 00:00:00,https://jobs.citi.com/job/new-york/part-time-20-hours-teller-bilingual-english-spanish-speaking-preferred-baychester-branch/287/97890236336
CITIBANK,97890231728,"Markets - Commodities, Full-Time Analyst, Houston - US, 2027",Sales and Relationship Management,Houston,TX,United States,unknown,,2026-08-21 19:44:08.971024,2026-07-16 00:00:00,https://jobs.citi.com/job/houston/markets-commodities-full-time-analyst-houston-us-2027/287/97890231728
CITIBANK,97890223952,IT Business Lead Analyst,Risk and Compliance,Irving,TX,United States,hybrid,,2026-08-21 19:44:09.961620,2026-07-16 00:00:00,https://jobs.citi.com/job/irving/it-business-lead-analyst/287/97890223952
CITIBANK,97890205296,"Client Experience Associate SAFE Act, AVP - Dallas, TX",Risk and Compliance,Dallas,TX,United States,hybrid,,2026-08-21 19:44:10.917563,2026-07-16 00:00:00,https://jobs.citi.com/job/dallas/client-experience-associate-safe-act-avp-dallas-tx/287/97890205296
CITIBANK,97882433776,Mortgage Lending Officer SAFE Act - SAN JOSE,Risk and Compliance,San Jose,CA,United States,unknown,,2026-08-21 19:44:11.889904,2026-07-16 00:00:00,https://jobs.citi.com/job/san-jose/mortgage-lending-officer-safe-act-san-jose/287/97882433776
CITIBANK,97882433616,Mortgage Lending Officer SAFE Act - LOS ALTOS,Risk and Compliance,Los Altos Hills,CA,United States,unknown,,2026-08-21 19:44:12.894460,2026-07-16 00:00:00,https://jobs.citi.com/job/los-altos-hills/mortgage-lending-officer-safe-act-los-altos/287/97882433616
CITIBANK,97882433168,Product Strategy & Plan Lead Analyst - C13 - JACKSONVILLE,Risk and Compliance,Jacksonville,FL,United States,hybrid,,2026-08-21 19:44:13.909031,2026-08-11 00:00:00,https://jobs.citi.com/job/santa-clara/mortgage-lending-officer-safe-act-santa-clara/287/97882433168
CITIBANK,97882412384,Infra/Platform Asset Management Analyst - Asst. Vice President,Risk and Compliance,Tampa,FL,United States,hybrid,,2026-08-21 19:44:14.948563,2026-07-16 00:00:00,https://jobs.citi.com/job/tampa/infra-platform-asset-management-analyst-asst-vice-president/287/97882412384
CITIBANK,97882401904,Finance Risk 1LOD Lead Analyst,Risk and Compliance,Tampa,FL,United States,hybrid,,2026-08-21 19:44:15.926624,2026-07-16 00:00:00,https://jobs.citi.com/job/tampa/finance-risk-1lod-lead-analyst/287/97882401904
CITIBANK,97882347392,Applications Support Lead Analyst - Vice President,Risk and Compliance,Tampa,FL,United States,hybrid,,2026-08-21 19:44:17.978489,2026-07-16 00:00:00,https://jobs.citi.com/job/tampa/applications-support-lead-analyst-vice-president/287/97882347392
CITIBANK,97882343936,Application Support Lead Analyst - Vice President,Risk and Compliance,Tampa,FL,United States,hybrid,,2026-08-21 19:44:18.978430,2026-07-16 00:00:00,https://jobs.citi.com/job/tampa/application-support-lead-analyst-vice-president/287/97882343936
CITIBANK,97869442992,"Personal Banker SAFE Act, Bilingual Mandarin Speaking Preferred, Alhambra Branch, Officer",Sales and Relationship Management,Alhambra,CA,United States,unknown,,2026-08-21 19:44:19.966531,2026-07-16 00:00:00,https://jobs.citi.com/job/alhambra/personal-banker-safe-act-bilingual-mandarin-speaking-preferred-alhambra-branch-officer/287/97869442992
CITIBANK,97869409440,Engineering Lead Analyst,Risk and Compliance,Irving,TX,United States,hybrid,,2026-08-21 19:44:20.938867,2026-07-16 00:00:00,https://jobs.citi.com/job/irving/engineering-lead-analyst/287/97869409440
CITIBANK,97193095152,"Short Term Credit Trader, VP",Risk and Compliance,New York,NY,United States,unknown,,2026-08-21 19:44:23.001176,2026-07-16 00:00:00,https://jobs.citi.com/job/new-york/short-term-credit-trader-vp/287/97193095152
CITIBANK,96267020080,"Senior Vice President, Leveraged Finance Credit Underwriting",Risk and Compliance,New York,NY,United States,hybrid,,2026-08-21 19:44:24.008028,2026-06-10 00:00:00,https://jobs.citi.com/job/new-york/senior-vice-president-leveraged-finance-credit-underwriting/287/96267020080
CITIBANK,93716450880,CitiService Director CitiService Investor,Operations,New York,NY,United States,hybrid,,2026-08-21 19:44:24.983149,2026-07-16 00:00:00,https://jobs.citi.com/job/new-york/citiservice-director-citiservice-investor/287/93716450880
CITIBANK,92572698544,Cloud Engineer - Vice President,Cloud and Infrastructure,Tampa,FL,United States,hybrid,,2026-08-21 19:44:26.172691,2026-07-16 00:00:00,https://jobs.citi.com/job/tampa/cloud-engineer-vice-president/287/92572698544
CITIBANK,98242610960,Model/Anlys/Valid Sr Analyst,Risk and Compliance,New York,NY,United States,hybrid,,2026-08-21 19:44:26.983834,2026-07-24 00:00:00,https://jobs.citi.com/job/new-york/model-anlys-valid-sr-analyst/287/98242610960
CITIBANK,97869445744,Production Support Lead Engineer - Vice President,Risk and Compliance,Tampa,FL,United States,hybrid,,2026-08-21 19:44:27.992364,2026-07-16 00:00:00,https://jobs.citi.com/job/tampa/production-support-lead-engineer-vice-president/287/97869445744
CITIBANK,97869381216,Applications Development Senior Manager - Vice President,Risk and Compliance,Jersey City,NJ,United States,hybrid,,2026-08-21 19:44:29.911482,2026-07-16 00:00:00,https://jobs.citi.com/job/jersey-city/applications-development-senior-manager-vice-president/287/97869381216
CITIBANK,97845676112,Personal Banker SAFE Act - Manhattan Square Area,Sales and Relationship Management,New York,NY,United States,unknown,,2026-08-21 19:44:31.070069,2026-07-15 00:00:00,https://jobs.citi.com/job/new-york/personal-banker-safe-act-manhattan-square-area/287/97845676112
CITIBANK,96971657488,"Media Lead Analyst, Vice President",Risk and Compliance,New York,NY,United States,hybrid,,2026-08-21 19:44:32.930547,2026-07-15 00:00:00,https://jobs.citi.com/job/new-york/media-lead-analyst-vice-president/287/96971657488
CITIBANK,95863990944,Wealth Relationship Manager - SAFE ACT - Yorktown Heights,Risk and Compliance,Yorktown Heights,NY,United States,unknown,,2026-08-21 19:44:34.063514,2026-06-01 00:00:00,https://jobs.citi.com/job/yorktown-heights/wealth-relationship-manager-safe-act-yorktown-heights/287/95863990944
CITIBANK,95121521936,Banker - GNB - Japan Desk - Director or Vice President,Sales and Relationship Management,New York,NY,United States,unknown,,2026-08-21 19:44:35.070254,2026-07-15 00:00:00,https://jobs.citi.com/job/new-york/banker-gnb-japan-desk-director-or-vice-president/287/95121521936
CITIBANK,97884351488,Fin Solutions Sr. Analyst,Risk and Compliance,New York,NY,United States,hybrid,,2026-08-21 19:44:36.110998,2026-07-16 00:00:00,https://jobs.citi.com/job/new-york/fin-solutions-sr-analyst/287/97884351488
CITIBANK,97859648384,Data Quality Lead Analyst,Risk and Compliance,Wilmington,DE,United States,hybrid,,2026-08-21 19:44:36.974837,2026-07-16 00:00:00,https://jobs.citi.com/job/wilmington/data-quality-lead-analyst/287/97859648384
CITIBANK,97859633008,Applications Development Tech Lead Analyst,Risk and Compliance,New York,NY,United States,hybrid,,2026-08-21 19:44:38.127771,2026-07-16 00:00:00,https://jobs.citi.com/job/new-york/applications-development-tech-lead-analyst/287/97859633008
CITIBANK,97801964272,Info Security Tech Sr Analyst Assistant Vice President -C12-conversion,Risk and Compliance,Irving,TX,United States,hybrid,,2026-08-21 19:44:40.179706,2026-07-14 00:00:00,https://jobs.citi.com/job/irving/info-security-tech-sr-analyst-assistant-vice-president-c12-conversion/287/97801964272
CITIBANK,97794780304,Production Management Global Support Group Manager - Director,Risk and Compliance,Tampa,FL,United States,hybrid,,2026-08-21 19:44:41.128371,2026-07-14 00:00:00,https://jobs.citi.com/job/tampa/production-management-global-support-group-manager-director/287/97794780304
CITIBANK,97781934000,Vice President Loan Documentation and Processing Lead Analyst,Operations,Irving,TX,United States,hybrid,,2026-08-21 19:44:42.162433,2026-07-14 00:00:00,https://jobs.citi.com/job/irving/vice-president-loan-documentation-and-processing-lead-analyst/287/97781934000
CITIBANK,97781900912,Model/Analysis/Validation Officer,Risk and Compliance,New York,NY,United States,hybrid,,2026-08-21 19:44:44.023346,2026-07-14 00:00:00,https://jobs.citi.com/job/new-york/model-analysis-validation-officer/287/97781900912
CITIBANK,97781860048,"Branch Manager - Rock Plaza, Vice President",Risk and Compliance,New York,NY,United States,unknown,,2026-08-21 19:44:45.080564,2026-07-14 00:00:00,https://jobs.citi.com/job/new-york/branch-manager-rock-plaza-vice-president/287/97781860048
CITIBANK,97083874128,VP Marketing Data Science,Data and AI,New York,NY,United States,hybrid,,2026-08-21 19:44:46.184045,2026-06-29 00:00:00,https://jobs.citi.com/job/new-york/vp-marketing-data-science/287/97083874128
CITIBANK,97083871056,SVP Media Sciences and Measurement,Risk and Compliance,New York,NY,United States,hybrid,,2026-08-21 19:44:47.231216,2026-06-29 00:00:00,https://jobs.citi.com/job/new-york/svp-media-sciences-and-measurement/287/97083871056
CITIBANK,97083871040,SVP Marketing Data Science,Data and AI,New York,NY,United States,hybrid,,2026-08-21 19:44:48.247386,2026-06-29 00:00:00,https://jobs.citi.com/job/new-york/svp-marketing-data-science/287/97083871040
CITIBANK,97083870976,SVP Business Intelligence and Analytics Lead,Risk and Compliance,Irving,TX,United States,hybrid,,2026-08-21 19:44:49.258081,2026-06-29 00:00:00,https://jobs.citi.com/job/irving/svp-business-intelligence-and-analytics-lead/287/97083870976
CITIBANK,95844819808,Digital S/W Engineer Senior Analyst,Software Engineering,Jacksonville,FL,United States,hybrid,,2026-08-21 19:44:50.264645,2026-06-01 00:00:00,https://jobs.citi.com/job/jacksonville/digital-s-w-engineer-senior-analyst/287/95844819808
CITIBANK,95245160400,Part Time Teller (20 Hours) Jerome Ave,Risk and Compliance,New York,NY,United States,unknown,,2026-08-21 19:44:52.251210,2026-07-14 00:00:00,https://jobs.citi.com/job/new-york/part-time-teller-20-hours-jerome-ave/287/95245160400
CITIBANK,98140806544,Product Developer,Risk and Compliance,Irving,TX,United States,hybrid,,2026-08-21 19:44:53.120231,2026-07-22 00:00:00,https://jobs.citi.com/job/irving/product-developer/287/98140806544
CITIBANK,97781864528,"Client Experience Associate SAFE Act - AVP - San Francisco, CA",Risk and Compliance,San Francisco,CA,United States,hybrid,,2026-08-21 19:44:54.354855,2026-07-14 00:00:00,https://jobs.citi.com/job/san-francisco/client-experience-associate-safe-act-avp-san-francisco-ca/287/97781864528
CITIBANK,97757708240,"Senior Programmer, Fixed Income, Assistant Vice President",Software Engineering,New York,NY,United States,hybrid,,2026-08-21 19:44:55.319868,2026-07-13 00:00:00,https://jobs.citi.com/job/new-york/senior-programmer-fixed-income-assistant-vice-president/287/97757708240
CITIBANK,97757674864,Intermediate Associate Graphics Specialist,Risk and Compliance,Getzville,NY,United States,unknown,,2026-08-21 19:44:56.276114,2026-07-13 00:00:00,https://jobs.citi.com/job/getzville/intermediate-associate-graphics-specialist/287/97757674864
CITIBANK,97757656912,Creative Administrator,Risk and Compliance,Getzville,NY,United States,unknown,,2026-08-21 19:44:57.286311,2026-07-13 00:00:00,https://jobs.citi.com/job/getzville/creative-administrator/287/97757656912
CITIBANK,97750218304,Head Universal Banker - Somers Branch,Sales and Relationship Management,Somers,NY,United States,unknown,,2026-08-21 19:44:59.345537,2026-07-13 00:00:00,https://jobs.citi.com/job/somers/head-universal-banker-somers-branch/287/97750218304
CITIBANK,97750170320,"Branch Manager - Brooklyn West, Vice President",Risk and Compliance,New York,NY,United States,unknown,,2026-08-21 19:45:00.379523,2026-07-13 00:00:00,https://jobs.citi.com/job/new-york/branch-manager-brooklyn-west-vice-president/287/97750170320
CITIBANK,97735850128,Data Quality Lead Analyst,Risk and Compliance,Getzville,NY,United States,hybrid,,2026-08-21 19:45:01.307415,2026-07-13 00:00:00,https://jobs.citi.com/job/getzville/data-quality-lead-analyst/287/97735850128
CITIBANK,93430355616,Investment Banker - Financial Institutions - Banks & Depositories - VP,Sales and Relationship Management,New York,NY,United States,unknown,,2026-08-21 19:45:03.343263,2026-07-13 00:00:00,https://jobs.citi.com/job/new-york/investment-banker-financial-institutions-banks-and-depositories-vp/287/93430355616
CITIBANK,97735897408,Senior Backend Developer Assistant Vice President,Software Engineering,Irving,TX,United States,hybrid,,2026-08-21 19:45:04.370825,2026-07-13 00:00:00,https://jobs.citi.com/job/irving/senior-backend-developer-assistant-vice-president/287/97735897408
CITIBANK,97735883616,"Part-Time Universal Banker (20 Hours), Fremont Branch",Sales and Relationship Management,Fremont,CA,United States,unknown,,2026-08-21 19:45:05.688837,2026-07-13 00:00:00,https://jobs.citi.com/job/fremont/part-time-universal-banker-20-hours-fremont-branch/287/97735883616
CITIBANK,97735881088,"Part-Time Teller (20 Hours), Lafayette Branch",Risk and Compliance,Lafayette,CA,United States,unknown,,2026-08-21 19:45:06.409666,2026-07-13 00:00:00,https://jobs.citi.com/job/lafayette/part-time-teller-20-hours-lafayette-branch/287/97735881088
CITIBANK,97625825136,"Client Experience Associate SAFE Act, AVP - Houston, Texas",Risk and Compliance,Houston,TX,United States,hybrid,,2026-08-21 19:45:07.334659,2026-07-10 00:00:00,https://jobs.citi.com/job/houston/client-experience-associate-safe-act-avp-houston-texas/287/97625825136
CITIBANK,97625822544,"Citi Commercial Bank - Mid-Corp Relationship Manager, Business & Professional Services - Director",Risk and Compliance,Los Angeles,CA,United States,hybrid,,2026-08-21 19:45:08.370111,2026-07-10 00:00:00,https://jobs.citi.com/job/los-angeles/citi-commercial-bank-mid-corp-relationship-manager-business-and-professional-services-director/287/97625822544
CITIBANK,97479193536,CitiService Financial Institution Head,Risk and Compliance,Tampa,FL,United States,hybrid,,2026-08-21 19:45:10.349471,2026-07-10 00:00:00,https://jobs.citi.com/job/tampa/citiservice-financial-institution-head/287/97479193536
CITIBANK,96568369280,"Branch Manager - Chinatown, Bilingual Mandarin/Cantonese Speaking Preferred - Sr Vice President",Risk and Compliance,New York,NY,United States,unknown,,2026-08-21 19:45:12.319520,2026-06-17 00:00:00,https://jobs.citi.com/job/new-york/branch-manager-chinatown-bilingual-mandarin-cantonese-speaking-preferred-sr-vice-president/287/96568369280
CITIBANK,94969292992,VP Java Applications Development Sr. Tech Lead,Risk and Compliance,Jersey City,NJ,United States,hybrid,,2026-08-21 19:45:13.340479,2026-05-11 00:00:00,https://jobs.citi.com/job/jersey-city/vp-java-applications-development-sr-tech-lead/287/94969292992
CITIBANK,97579137024,"Product Simplification & Resilience Lead, Global Core Payments - SVP",Risk and Compliance,New York,NY,United States,hybrid,,2026-08-21 19:45:14.734487,2026-07-09 00:00:00,https://jobs.citi.com/job/new-york/product-simplification-and-resilience-lead-global-core-payments-svp/287/97579137024
CITIBANK,97579123616,Marketing Product Manager – Digital Growth & AI Innovation,Product Management,Irving,TX,United States,hybrid,,2026-08-21 19:45:15.392445,2026-07-09 00:00:00,https://jobs.citi.com/job/irving/marketing-product-manager-digital-growth-and-ai-innovation/287/97579123616
CITIBANK,97435533648,Senior Executive Talent Acquisition Partner – Wealth & USCC - NEW YORK,Human Resources,New York,NY,United States,hybrid,,2026-08-21 19:45:17.268249,2026-07-06 00:00:00,https://jobs.citi.com/job/new-york/senior-executive-talent-acquisition-partner-wealth-and-uscc-new-york/287/97435533648
CITIBANK,97200519168,Securities and Derivatives Associate Analyst Bilingual,Operations,Tampa,FL,United States,hybrid,,2026-08-21 19:45:18.432551,2026-07-01 00:00:00,https://jobs.citi.com/job/tampa/securities-and-derivatives-associate-analyst-bilingual/287/97200519168
CITIBANK,97093701936,"Personal Banker SAFE Act - San Ramon Branch, Officer",Sales and Relationship Management,San Ramon,CA,United States,unknown,,2026-08-21 19:45:19.705185,2026-06-29 00:00:00,https://jobs.citi.com/job/san-ramon/personal-banker-safe-act-san-ramon-branch-officer/287/97093701936
CITIBANK,96953045520,"Client Experience Associate SAFE ACT, Assistant Vice President",Risk and Compliance,Washington,DC,United States,unknown,,2026-08-21 19:45:20.542881,2026-06-26 00:00:00,https://jobs.citi.com/job/washington/client-experience-associate-safe-act-assistant-vice-president/287/96953045520
CITIBANK,96837575728,"Senior Lead Developer - Real Time Pricing and Risk, Vice President",Software Engineering,New York,NY,United States,hybrid,,2026-08-21 19:45:21.379976,2026-06-23 00:00:00,https://jobs.citi.com/job/new-york/senior-lead-developer-real-time-pricing-and-risk-vice-president/287/96837575728
CITIBANK,94961002960,"Part-Time Universal Banker (20 Hours), Bilingual English/Spanish Speaking Preferred, Plantation Branch",Sales and Relationship Management,Plantation,FL,United States,unknown,,2026-08-21 19:45:22.481762,2026-07-09 00:00:00,https://jobs.citi.com/job/plantation/part-time-universal-banker-20-hours-bilingual-english-spanish-speaking-preferred-plantation-branch/287/94961002960
CITIBANK,94334555504,"Applications Development Technology Lead Analyst, Vice President",Risk and Compliance,Jersey City,NJ,United States,hybrid,,2026-08-21 19:45:23.417475,2026-06-04 00:00:00,https://jobs.citi.com/job/jersey-city/applications-development-technology-lead-analyst-vice-president/287/94334555504
CITIBANK,83325112608,"Services Data Governance Lead Analyst, VP",Risk and Compliance,New York,NY,United States,hybrid,,2026-08-21 19:45:24.266145,2026-07-10 00:00:00,https://jobs.citi.com/job/new-york/services-data-governance-lead-analyst-vp/287/83325112608
CITIBANK,97531685376,Test Data Mgmt / Sr App Development Engineer - VP,Software Engineering,Jacksonville,FL,United States,hybrid,,2026-08-21 19:45:26.675355,2026-07-08 00:00:00,https://jobs.citi.com/job/jacksonville/test-data-mgmt-sr-app-development-engineer-vp/287/97531685376
CITIBANK,97531660384,Sanctions Operations Analyst Bilingual,Risk and Compliance,Tampa,FL,United States,hybrid,,2026-08-21 19:45:27.407761,2026-07-08 00:00:00,https://jobs.citi.com/job/tampa/sanctions-operations-analyst-bilingual/287/97531660384
CITIBANK,97531645184,"Personal Banker SAFE Act, Bilingual English/Spanish Speaking Preferred, Alhambra Branch, Officer",Sales and Relationship Management,Coral Gables,FL,United States,unknown,,2026-08-21 19:45:28.417512,2026-07-08 00:00:00,https://jobs.citi.com/job/coral-gables/personal-banker-safe-act-bilingual-english-spanish-speaking-preferred-alhambra-branch-officer/287/97531645184
CITIBANK,97523157920,Wealth Relationship Manager - Simi Valley,Risk and Compliance,Simi Valley,CA,United States,unknown,,2026-08-21 19:45:29.417816,2026-07-08 00:00:00,https://jobs.citi.com/job/simi-valley/wealth-relationship-manager-simi-valley/287/97523157920
CITIBANK,97523101472,Part-Time (20 Hours) Teller - Newark Branch,Risk and Compliance,Newark,NJ,United States,unknown,,2026-08-21 19:45:30.476236,2026-07-08 00:00:00,https://jobs.citi.com/job/newark/part-time-20-hours-teller-newark-branch/287/97523101472
CITIBANK,96257381440,Mortgage Lending Officer SAFE Act - LOS ANGELES,Risk and Compliance,Los Angeles,CA,United States,unknown,,2026-08-21 19:45:32.539346,2026-06-10 00:00:00,https://jobs.citi.com/job/los-angeles/mortgage-lending-officer-safe-act-los-angeles/287/96257381440
CITIBANK,95538264704,Applications Development Technology Lead – Vice President,Risk and Compliance,Rutherford,NJ,United States,hybrid,,2026-08-21 19:45:33.468603,2026-05-25 00:00:00,https://jobs.citi.com/job/rutherford/applications-development-technology-lead-vice-president/287/95538264704
CITIBANK,92844619072,Senior Production Engineer - VP,Software Engineering,New York,NY,United States,hybrid,,2026-08-21 19:45:34.566701,2026-03-16 00:00:00,https://jobs.citi.com/job/new-york/senior-production-engineer-vp/287/92844619072
CITIBANK,97509349664,"Personal Banker SAFE Act, San Ramon Branch, Officer",Sales and Relationship Management,San Ramon,CA,United States,unknown,,2026-08-21 19:45:35.596850,2026-07-08 00:00:00,https://jobs.citi.com/job/san-ramon/personal-banker-safe-act-san-ramon-branch-officer/287/97509349664
CITIBANK,97509338592,"Part-Time Universal Banker (20 Hours), Sherman Oaks Branch",Sales and Relationship Management,Los Angeles,CA,United States,unknown,,2026-08-21 19:45:36.622180,2026-07-08 00:00:00,https://jobs.citi.com/job/los-angeles/part-time-universal-banker-20-hours-sherman-oaks-branch/287/97509338592
CITIBANK,97509337664,"Part-Time Universal Banker (20 Hours), Pleasant Hill Branch",Sales and Relationship Management,Pleasant Hill,CA,United States,unknown,,2026-08-21 19:45:38.563520,2026-07-08 00:00:00,https://jobs.citi.com/job/pleasant-hill/part-time-universal-banker-20-hours-pleasant-hill-branch/287/97509337664
CITIBANK,97509309904,"Infrastructure Technology Lead, Senior Vice President",Cloud and Infrastructure,New York,NY,United States,hybrid,,2026-08-21 19:45:39.608981,2026-07-08 00:00:00,https://jobs.citi.com/job/new-york/infrastructure-technology-lead-senior-vice-president/287/97509309904
CITIBANK,97486759824,Senior Full stack Application developer,Software Engineering,Tampa,FL,United States,hybrid,,2026-08-21 19:45:40.616911,2026-07-07 00:00:00,https://jobs.citi.com/job/tampa/senior-full-stack-application-developer/287/97486759824
CITIBANK,97486600384,Alternative Investments Director,Sales and Relationship Management,New York,NY,United States,unknown,,2026-08-21 19:45:41.597129,2026-07-07 00:00:00,https://jobs.citi.com/job/new-york/alternative-investments-director/287/97486600384
CITIBANK,97479183744,"Branch Manager - Queens West, Vice President",Risk and Compliance,New York,NY,United States,unknown,,2026-08-21 19:45:42.495908,2026-07-07 00:00:00,https://jobs.citi.com/job/new-york/branch-manager-queens-west-vice-president/287/97479183744
CITIBANK,97466378112,"Wealth Relationship Manager SAFE ACT - Albertson, NY",Risk and Compliance,Albertson,NY,United States,unknown,,2026-08-21 19:45:43.691495,2026-07-07 00:00:00,https://jobs.citi.com/job/albertson/wealth-relationship-manager-safe-act-albertson-ny/287/97466378112
CITIBANK,93983632768,Senior Tableau Developer – Assistant Vice President,Software Engineering,Irving,TX,United States,hybrid,,2026-08-21 19:45:45.668237,2026-07-08 00:00:00,https://jobs.citi.com/job/irving/senior-tableau-developer-assistant-vice-president/287/93983632768
CITIBANK,93724044704,Global Rates - AI Engineer - VP,Data and AI,New York,NY,United States,unknown,,2026-08-21 19:45:46.598787,2026-07-07 00:00:00,https://jobs.citi.com/job/new-york/global-rates-ai-engineer-vp/287/93724044704
CITIBANK,75497785040,Citi Wealth - Wealth Relationship Manager - Rego Park,Risk and Compliance,New York,NY,United States,unknown,,2026-08-21 19:45:47.670261,2025-05-07 00:00:00,https://jobs.citi.com/job/new-york/citi-wealth-wealth-relationship-manager-rego-park/287/75497785040
CITIBANK,97466376080,Wealth Relationship Manager - Allerton Avenue,Risk and Compliance,New York,NY,United States,unknown,,2026-08-21 19:45:48.706278,2026-07-07 00:00:00,https://jobs.citi.com/job/new-york/wealth-relationship-manager-allerton-avenue/287/97466376080
CITIBANK,97466359424,Treasury & Liquidity Operations Group Manager,Risk and Compliance,New York,NY,United States,unknown,,2026-08-21 19:45:49.676059,2026-07-07 00:00:00,https://jobs.citi.com/job/new-york/treasury-and-liquidity-operations-group-manager/287/97466359424
CITIBANK,97466259776,Non-Financial Regulatory Reporting Global Lead,Risk and Compliance,New York,NY,United States,unknown,,2026-08-21 19:45:51.689815,2026-07-07 00:00:00,https://jobs.citi.com/job/new-york/non-financial-regulatory-reporting-global-lead/287/97466259776
CITIBANK,97442752416,"Retail Client Salesperson, Solutions for Financial Intermediaries, Vice President or Assistant Vice President",Sales and Relationship Management,New York,NY,United States,unknown,,2026-08-21 19:45:52.695962,2026-07-06 00:00:00,https://jobs.citi.com/job/new-york/retail-client-salesperson-solutions-for-financial-intermediaries-vice-president-or-assistant-vice-p/287/97442752416
CITIBANK,97442743344,"Personal Banker SAFE Act, Selma Branch, Officer",Sales and Relationship Management,Selma,CA,United States,unknown,,2026-08-21 19:45:53.657365,2026-07-06 00:00:00,https://jobs.citi.com/job/selma/personal-banker-safe-act-selma-branch-officer/287/97442743344
CITIBANK,97442735200,"Part-Time Universal Banker (20 Hours), Stonestown Branch (Bilingual Preferred: Cantonese or Mandarin)",Sales and Relationship Management,San Francisco,CA,United States,unknown,,2026-08-21 19:45:54.742341,2026-07-06 00:00:00,https://jobs.citi.com/job/san-francisco/part-time-universal-banker-20-hours-stonestown-branch-bilingual-preferred-cantonese-or-mandarin/287/97442735200
CITIBANK,97442734640,"Part-Time Universal Banker (20 Hours), Oakland MacArthur Branch",Sales and Relationship Management,Oakland,CA,United States,unknown,,2026-08-21 19:45:55.745960,2026-07-06 00:00:00,https://jobs.citi.com/job/oakland/part-time-universal-banker-20-hours-oakland-macarthur-branch/287/97442734640
CITIBANK,97442698784,Full Stack Engineer Lead Java/React- Vice President,Software Engineering,Tampa,FL,United States,unknown,,2026-08-21 19:45:56.721920,2026-07-06 00:00:00,https://jobs.citi.com/job/tampa/full-stack-engineer-lead-java-react-vice-president/287/97442698784
CITIBANK,97442698736,Full Stack Engineer Lead Java/Angular - Vice President,Software Engineering,Tampa,FL,United States,hybrid,,2026-08-21 19:45:57.759313,2026-07-06 00:00:00,https://jobs.citi.com/job/tampa/full-stack-engineer-lead-java-angular-vice-president/287/97442698736
CITIBANK,97442670272,"Branch Manager Safe Act Downtown Washington D.C Area, Assistant Vice President",Risk and Compliance,Washington,DC,United States,unknown,,2026-08-21 19:45:58.704298,2026-07-06 00:00:00,https://jobs.citi.com/job/washington/branch-manager-safe-act-downtown-washington-d-c-area-assistant-vice-president/287/97442670272
CITIBANK,97435571168,Wealth Relationship Manager  - Utica/Clarkson,Risk and Compliance,New York,NY,United States,unknown,,2026-08-21 19:45:59.745302,2026-07-06 00:00:00,https://jobs.citi.com/job/new-york/wealth-relationship-manager-utica-clarkson/287/97435571168
CITIBANK,97435570320,Wealth - Investment Counselor - Senior Vice President,Legal,New York,NY,United States,unknown,,2026-08-21 19:46:00.785422,2026-07-06 00:00:00,https://jobs.citi.com/job/new-york/wealth-investment-counselor-senior-vice-president/287/97435570320
CITIBANK,97435492256,"In-Business Risk Structurer for Equity Derivatives, Vice President",Risk and Compliance,New York,NY,United States,unknown,,2026-08-21 19:46:01.742238,2026-07-06 00:00:00,https://jobs.citi.com/job/new-york/in-business-risk-structurer-for-equity-derivatives-vice-president/287/97435492256
CITIBANK,97193062032,"NAM Futures and Derivatives Clearing Product Manager, Prime Services, Director or Vice President",Risk and Compliance,New York,NY,United States,unknown,,2026-08-21 19:46:03.793751,2026-07-01 00:00:00,https://jobs.citi.com/job/new-york/nam-futures-and-derivatives-clearing-product-manager-prime-services-director-or-vice-president/287/97193062032
CITIBANK,97083792592,"Analyst, Media Sciences and Measurement",Risk and Compliance,New York,NY,United States,hybrid,,2026-08-21 19:46:04.775618,2026-06-29 00:00:00,https://jobs.citi.com/job/new-york/analyst-media-sciences-and-measurement/287/97083792592
CITIBANK,96027628432,"Managing Director, Private Banker, Palo Alto",Risk and Compliance,Palo Alto,CA,United States,unknown,,2026-08-21 19:46:06.782108,2026-06-05 00:00:00,https://jobs.citi.com/job/palo-alto/managing-director-private-banker-palo-alto/287/96027628432
CITIBANK,96027628384,"Managing Director, Private Banker, Downtown San Francisco",Risk and Compliance,San Francisco,CA,United States,unknown,,2026-08-21 19:46:07.781408,2026-06-05 00:00:00,https://jobs.citi.com/job/san-francisco/managing-director-private-banker-downtown-san-francisco/287/96027628384
CITIBANK,95900399216,Portfolio Construction & Analytics – Senior Lead Portuguese,Risk and Compliance,New York,NY,United States,hybrid,,2026-08-21 19:46:08.828978,2026-06-24 00:00:00,https://jobs.citi.com/job/new-york/portfolio-construction-and-analytics-senior-lead-portuguese/287/95900399216
CITIBANK,95863916336,"Managing Director, Private Banker, Orange County",Risk and Compliance,Costa Mesa,CA,United States,unknown,,2026-08-21 19:46:09.861485,2026-06-01 00:00:00,https://jobs.citi.com/job/costa-mesa/managing-director-private-banker-orange-county/287/95863916336
CITIBANK,95863916288,"Managing Director, Private Banker, Beverly Hills",Risk and Compliance,Beverly Hills,CA,United States,unknown,,2026-08-21 19:46:10.836940,2026-06-01 00:00:00,https://jobs.citi.com/job/beverly-hills/managing-director-private-banker-beverly-hills/287/95863916288
CITIBANK,97250131392,Post Trade Compliance Coordinator Assistant Vice President,Risk and Compliance,Columbus,OH,United States,hybrid,,2026-08-21 19:46:12.866783,2026-07-02 00:00:00,https://jobs.citi.com/job/columbus/post-trade-compliance-coordinator-assistant-vice-president/287/97250131392
CITIBANK,97250106528,"In-Business Risk Structurer for Equity Derivatives, Director",Risk and Compliance,New York,NY,United States,unknown,,2026-08-21 19:46:13.881825,2026-07-02 00:00:00,https://jobs.citi.com/job/new-york/in-business-risk-structurer-for-equity-derivatives-director/287/97250106528
CITIBANK,97250097232,Full Stack Java/Cloud Developer - Assistant Vice President,Software Engineering,New Castle,DE,United States,hybrid,,2026-08-21 19:46:14.909637,2026-07-02 00:00:00,https://jobs.citi.com/job/new-castle/full-stack-java-cloud-developer-assistant-vice-president/287/97250097232
CITIBANK,97250083760,"Corporate Communications Lead - Commercial Banking, Senior Vice President",Risk and Compliance,New York,NY,United States,unknown,,2026-08-21 19:46:15.696819,2026-07-02 00:00:00,https://jobs.citi.com/job/new-york/corporate-communications-lead-commercial-banking-senior-vice-president/287/97250083760
CITIBANK,97241561024,"Personal Banker SAFE Act, Bilingual English/Spanish Speaking Preferred, Downtown Miami Area, Officer",Sales and Relationship Management,Miami,FL,United States,unknown,,2026-08-21 19:46:16.883397,2026-07-02 00:00:00,https://jobs.citi.com/job/miami/personal-banker-safe-act-bilingual-english-spanish-speaking-preferred-downtown-miami-area-officer/287/97241561024
CITIBANK,97241503728,"Business Communications Manager – Citi Wealth, Vice President",Risk and Compliance,New York,NY,United States,hybrid,,2026-08-21 19:46:18.921316,2026-07-02 00:00:00,https://jobs.citi.com/job/new-york/business-communications-manager-citi-wealth-vice-president/287/97241503728
CITIBANK,94059789152,Operations Core Project Lead Analyst,Risk and Compliance,Getzville,NY,United States,hybrid,,2026-08-21 19:46:19.724455,2026-07-02 00:00:00,https://jobs.citi.com/job/getzville/operations-core-project-lead-analyst/287/94059789152
CITIBANK,97223946192,"Part-Time Teller (20 Hours), West Portal Branch",Risk and Compliance,San Francisco,CA,United States,unknown,,2026-08-21 19:46:20.958226,2026-07-02 00:00:00,https://jobs.citi.com/job/san-francisco/part-time-teller-20-hours-west-portal-branch/287/97223946192
CITIBANK,97223844240,Agentic AI Technical  Lead,Software Engineering,Jersey City,NJ,United States,unknown,,2026-08-21 19:46:22.881564,2026-07-02 00:00:00,https://jobs.citi.com/job/jersey-city/agentic-ai-technical-lead/287/97223844240
CITIBANK,97193097136,"Synthetic Prime Brokerage Trader, Director",Risk and Compliance,New York,NY,United States,unknown,,2026-08-21 19:46:23.965020,2026-07-01 00:00:00,https://jobs.citi.com/job/new-york/synthetic-prime-brokerage-trader-director/287/97193097136
CITIBANK,94689608672,Digital Software Engineer Lead Analyst VP,Software Engineering,Irving,TX,United States,hybrid,,2026-08-21 19:46:24.943259,2026-07-01 00:00:00,https://jobs.citi.com/job/irving/digital-software-engineer-lead-analyst-vp/287/94689608672
CITIBANK,94188487328,Apps Dev Tech Lead Analyst - Vice President,Risk and Compliance,Irving,TX,United States,hybrid,,2026-08-21 19:46:25.947917,2026-07-01 00:00:00,https://jobs.citi.com/job/irving/apps-dev-tech-lead-analyst-vice-president/287/94188487328
CITIBANK,96161827328,"Wealth Relationship Manager - SAFE ACT - Northport, NY",Risk and Compliance,Elwood,NY,United States,unknown,,2026-08-21 19:46:29.107417,2026-06-08 00:00:00,https://jobs.citi.com/job/elwood/wealth-relationship-manager-safe-act-northport-ny/287/96161827328
CITIBANK,96161827264,"Wealth Relationship Manager - SAFE ACT - Farmingdale, NY",Risk and Compliance,Farmingdale,NY,United States,unknown,,2026-08-21 19:46:29.950245,2026-06-08 00:00:00,https://jobs.citi.com/job/farmingdale/wealth-relationship-manager-safe-act-farmingdale-ny/287/96161827264
CITIBANK,93460220480,VP Transaction Manager (ABL),Risk and Compliance,New York,NY,United States,hybrid,,2026-08-21 19:46:30.993389,2026-06-30 00:00:00,https://jobs.citi.com/job/new-york/vp-transaction-manager-abl/287/93460220480
CITIBANK,87325325008,Director Private Banker - Colombian Market,Risk and Compliance,Miami,FL,United States,hybrid,,2026-08-21 19:46:32.031149,2026-07-01 00:00:00,https://jobs.citi.com/job/miami/director-private-banker-colombian-market/287/87325325008
CITIBANK,97130436192,Security Architect - Senior Vice President,Risk and Compliance,Tampa,FL,United States,hybrid,,2026-08-21 19:46:33.036187,2026-06-30 00:00:00,https://jobs.citi.com/job/tampa/security-architect-senior-vice-president/287/97130436192
CITIBANK,97103102096,Digital Assets Blockchain Java Developer - AVP,Software Engineering,New York,NY,United States,hybrid,,2026-08-21 19:46:34.857057,2026-06-29 00:00:00,https://jobs.citi.com/job/new-york/digital-assets-blockchain-java-developer-avp/287/97103102096
CITIBANK,97093711760,"Personal Banker SAFE Act, San Bruno Branch, Officer",Sales and Relationship Management,San Bruno,CA,United States,unknown,,2026-08-21 19:46:36.114892,2026-06-29 00:00:00,https://jobs.citi.com/job/san-bruno/personal-banker-safe-act-san-bruno-branch-officer/287/97093711760
CITIBANK,95121552784,"Part-Time Universal Banker (20 Hours), Sacramento Area",Sales and Relationship Management,Citrus Heights,CA,United States,unknown,,2026-08-21 19:46:37.654401,2026-05-15 00:00:00,https://jobs.citi.com/job/citrus-heights/part-time-universal-banker-20-hours-sacramento-area/287/95121552784
CITIBANK,94067335120,"Client Experience Associate SAFE ACT, Assistant Vice President",Risk and Compliance,Miami,FL,United States,hybrid,,2026-08-21 19:46:39.740841,2026-06-29 00:00:00,https://jobs.citi.com/job/miami/client-experience-associate-safe-act-assistant-vice-president/287/94067335120
CITIBANK,93983632784,Senior Tableau Developer – Assistant Vice President,Software Engineering,Irving,TX,United States,hybrid,,2026-08-21 19:46:40.068862,2026-06-29 00:00:00,https://jobs.citi.com/job/irving/senior-tableau-developer-assistant-vice-president/287/93983632784
CITIBANK,93723987104,VP Python Tech Lead,Cloud and Infrastructure,Rutherford,NJ,United States,hybrid,,2026-08-21 19:46:41.120701,2026-04-08 00:00:00,https://jobs.citi.com/job/rutherford/vp-python-tech-lead/287/93723987104
CITIBANK,96971629472,Investment Banking Associate - Industrials,Risk and Compliance,New York,NY,United States,unknown,,2026-08-21 19:46:42.048724,2026-06-26 00:00:00,https://jobs.citi.com/job/new-york/investment-banking-associate-industrials/287/96971629472
CITIBANK,96971588656,Data Governance Foundation Lead Analyst Vice President,Risk and Compliance,Getzville,NY,United States,hybrid,,2026-08-21 19:46:43.078661,2026-06-26 00:00:00,https://jobs.citi.com/job/getzville/data-governance-foundation-lead-analyst-vice-president/287/96971588656
CITIBANK,96962388128,Part-Time Universal Banker (20 Hours) - Smithaven Branch,Sales and Relationship Management,Lake Grove,NY,United States,unknown,,2026-08-21 19:46:44.091525,2026-06-26 00:00:00,https://jobs.citi.com/job/lake-grove/part-time-universal-banker-20-hours-smithaven-branch/287/96962388128
CITIBANK,96962323088,Investment Banking Senior Analyst - M&A,Product Management,New York,NY,United States,unknown,,2026-08-21 19:46:45.122420,2026-06-26 00:00:00,https://jobs.citi.com/job/new-york/investment-banking-senior-analyst-m-and-a/287/96962323088
CITIBANK,96962309744,Full Time Universal Banker - Holbrook Branch,Sales and Relationship Management,New York,NY,United States,unknown,,2026-08-21 19:46:46.149685,2026-06-26 00:00:00,https://jobs.citi.com/job/new-york/full-time-universal-banker-holbrook-branch/287/96962309744
CITIBANK,96962290608,Data Governance Foundation Lead Analyst Vice President,Risk and Compliance,Getzville,NY,United States,hybrid,,2026-08-21 19:46:47.071955,2026-06-26 00:00:00,https://jobs.citi.com/job/getzville/data-governance-foundation-lead-analyst-vice-president/287/96962290608
CITIBANK,96962215232,AI Transformation Group Manager,Risk and Compliance,Jersey City,NJ,United States,hybrid,,2026-08-21 19:46:49.021956,2026-06-26 00:00:00,https://jobs.citi.com/job/jersey-city/ai-transformation-group-manager/287/96962215232
CITIBANK,93490262352,Python Developer - Vice President,Software Engineering,Rutherford,NJ,United States,hybrid,,2026-08-21 19:46:50.034690,2026-04-02 00:00:00,https://jobs.citi.com/job/rutherford/python-developer-vice-president/287/93490262352
CITIBANK,92960156416,Investment Banking Senior Associate - Healthcare,Sales and Relationship Management,New York,NY,United States,unknown,,2026-08-21 19:46:51.124741,2026-03-19 00:00:00,https://jobs.citi.com/job/new-york/investment-banking-senior-associate-healthcare/287/92960156416
CITIBANK,96953087056,Technology Product Owner - Sr. Vice President,Risk and Compliance,Irving,TX,United States,hybrid,,2026-08-21 19:46:52.191784,2026-06-26 00:00:00,https://jobs.citi.com/job/irving/technology-product-owner-sr-vice-president/287/96953087056
CITIBANK,96953069344,Part-Time Universal Banker (20 Hours) - Fremont Branch,Sales and Relationship Management,Fremont,CA,United States,unknown,,2026-08-21 19:46:53.315667,2026-06-26 00:00:00,https://jobs.citi.com/job/fremont/part-time-universal-banker-20-hours-fremont-branch/287/96953069344
CITIBANK,96927181136,Salesperson - Vice President - New York,Sales and Relationship Management,New York,NY,United States,unknown,,2026-08-21 19:46:54.241564,2026-06-25 00:00:00,https://jobs.citi.com/job/new-york/salesperson-vice-president-new-york/287/96927181136
CITIBANK,96927131040,LATAM Markets Direct Access (MDA) Specialist | Senior Vice President,Risk and Compliance,New York,NY,United States,unknown,,2026-08-21 19:46:55.267043,2026-06-25 00:00:00,https://jobs.citi.com/job/new-york/latam-markets-direct-access-mda-specialist-senior-vice-president/287/96927131040
CITIBANK,96927108672,Head of Data Architecture - Director,Risk and Compliance,Tampa,FL,United States,hybrid,,2026-08-21 19:46:56.205932,2026-06-25 00:00:00,https://jobs.citi.com/job/tampa/head-of-data-architecture-director/287/96927108672
CITIBANK,96927027968,Assistant Vice President - Credit Portfolio Sr Analyst - Hybrid,Risk and Compliance,O'Fallon,MO,United States,hybrid,,2026-08-21 19:46:57.063948,2026-06-25 00:00:00,https://jobs.citi.com/job/o-fallon/assistant-vice-president-credit-portfolio-sr-analyst-hybrid/287/96927027968
CITIBANK,96927016432,Applications Development Sr Programmer Java/Angular - AVP,Software Engineering,Irving,TX,United States,hybrid,,2026-08-21 19:46:59.219210,2026-06-25 00:00:00,https://jobs.citi.com/job/irving/applications-development-sr-programmer-java-angular-avp/287/96927016432
CITIBANK,95430484144,"Business Relationship Manager - Safe Act Miami/Broward FL, , Assistant Vice President",Sales and Relationship Management,West Palm Beach,FL,United States,unknown,,2026-08-21 19:47:00.700626,2026-05-22 00:00:00,https://jobs.citi.com/job/west-palm-beach/business-relationship-manager-safe-act-miami-broward-fl-assistant-vice-president/287/95430484144
CITIBANK,94059789200,Operations Core Project Lead Analyst,Operations,Getzville,NY,United States,hybrid,,2026-08-21 19:47:01.268177,2026-06-25 00:00:00,https://jobs.citi.com/job/getzville/operations-core-project-lead-analyst/287/94059789200
CITIBANK,92171866064,"Branch Manager Manhattan, Vice President",Risk and Compliance,New York,NY,United States,unknown,,2026-08-21 19:47:02.438893,2026-06-25 00:00:00,https://jobs.citi.com/job/new-york/branch-manager-manhattan-vice-president/287/92171866064
CITIBANK,96907352496,Senior Full Stack Lead Developer - VP,Software Engineering,Irving,TX,United States,hybrid,,2026-08-21 19:47:03.353998,2026-06-25 00:00:00,https://jobs.citi.com/job/irving/senior-full-stack-lead-developer-vp/287/96907352496
CITIBANK,96881990176,Senior Mortgage Lending Officer (SAFE Act) - FL,Sales and Relationship Management,Palm Beach Gardens,FL,United States,hybrid,,2026-08-21 19:47:05.315289,2026-06-24 00:00:00,https://jobs.citi.com/job/palm-beach-gardens/senior-mortgage-lending-officer-safe-act-fl/287/96881990176
CITIBANK,96872538512,"Product Manager, Prime Product and Margin, Director",Risk and Compliance,New York,NY,United States,hybrid,,2026-08-21 19:47:06.347007,2026-06-24 00:00:00,https://jobs.citi.com/job/new-york/product-manager-prime-product-and-margin-director/287/96872538512
CITIBANK,96862791792,Dedicated Lending Associate (SAFE Act),Risk and Compliance,Palm Beach Gardens,FL,United States,hybrid,,2026-08-21 19:47:07.287112,2026-06-24 00:00:00,https://jobs.citi.com/job/palm-beach-gardens/dedicated-lending-associate-safe-act/287/96862791792
CITIBANK,96267001840,Senior Python Engineer - Applications Development Sr Programmer Analyst - Assistant Vice President,Software Engineering,Rutherford,NJ,United States,hybrid,,2026-08-21 19:47:09.382499,2026-06-10 00:00:00,https://jobs.citi.com/job/rutherford/senior-python-engineer-applications-development-sr-programmer-analyst-assistant-vice-president/287/96267001840
CITIBANK,96862820240,Securities Finance Product Developer - VP,Software Engineering,New York,NY,United States,hybrid,,2026-08-21 19:47:10.342386,2026-06-24 00:00:00,https://jobs.citi.com/job/new-york/securities-finance-product-developer-vp/287/96862820240
CITIBANK,96837425008,Business Command Center Major Incident/Cyber Lead - Vice President,Cybersecurity,Tampa,FL,United States,hybrid,,2026-08-21 19:47:11.354241,2026-06-23 00:00:00,https://jobs.citi.com/job/tampa/business-command-center-major-incident-cyber-lead-vice-president/287/96837425008
CITIBANK,96837424960,Business Command Center Major Incident/Cyber Lead,Cybersecurity,Tampa,FL,United States,hybrid,,2026-08-21 19:47:12.337516,2026-06-23 00:00:00,https://jobs.citi.com/job/tampa/business-command-center-major-incident-cyber-lead/287/96837424960
CITIBANK,96827954528,"Head Universal Banker, Chula Vista Area",Risk and Compliance,Chula Vista,CA,United States,unknown,,2026-08-21 19:47:13.503306,2026-06-23 00:00:00,https://jobs.citi.com/job/chula-vista/head-universal-banker-chula-vista-area/287/96827954528
CITIBANK,96827869232,AI & Offensive Security Analyst - Vice President,Cybersecurity,Irving,TX,United States,hybrid,,2026-08-21 19:47:14.833706,2026-06-23 00:00:00,https://jobs.citi.com/job/irving/ai-and-offensive-security-analyst-vice-president/287/96827869232
CITIBANK,96472556208,"Client Experience Associate SAFE ACT, Assistant Vice President",Risk and Compliance,Chicago,IL,United States,hybrid,,2026-08-21 19:47:16.462950,2026-06-15 00:00:00,https://jobs.citi.com/job/chicago/client-experience-associate-safe-act-assistant-vice-president/287/96472556208
CITIBANK,96247737296,"Part- Time Universal Banker (20 Hours), Anaheim Hills Branch",Sales and Relationship Management,Anaheim Hills,CA,United States,unknown,,2026-08-21 19:47:17.404867,2026-06-10 00:00:00,https://jobs.citi.com/job/anaheim-hills/part-time-universal-banker-20-hours-anaheim-hills-branch/287/96247737296
CITIBANK,94746334400,Senior Applications Development Engineer (Angular/Spring Boot)  - Assistant Vice President,Risk and Compliance,Jersey City,NJ,United States,hybrid,,2026-08-21 19:47:18.438025,2026-05-05 00:00:00,https://jobs.citi.com/job/jersey-city/senior-applications-development-engineer-angular-spring-boot-assistant-vice-president/287/94746334400
CITIBANK,96793010336,Wealth - Investment Counselor - Senior Vice President,Risk and Compliance,Atlanta,GA,United States,unknown,,2026-08-21 19:47:19.441664,2026-06-22 00:00:00,https://jobs.citi.com/job/atlanta/wealth-investment-counselor-senior-vice-president/287/96793010336
CITIBANK,96793003984,Trade Support Specialist Lead Analyst VP,Risk and Compliance,Getzville,NY,United States,hybrid,,2026-08-21 19:47:20.432597,2026-06-22 00:00:00,https://jobs.citi.com/job/getzville/trade-support-specialist-lead-analyst-vp/287/96793003984
CITIBANK,96792861536,"Business Relationship Manager San Jose CA Area, Assistant Vice President",Sales and Relationship Management,San Jose,CA,United States,unknown,,2026-08-21 19:47:21.592284,2026-06-22 00:00:00,https://jobs.citi.com/job/san-jose/business-relationship-manager-san-jose-ca-area-assistant-vice-president/287/96792861536
CITIBANK,96783423136,Wealth Relationship Manager - Spanish River,Risk and Compliance,Boca Raton,FL,United States,unknown,,2026-08-21 19:47:23.434247,2026-06-22 00:00:00,https://jobs.citi.com/job/boca-raton/wealth-relationship-manager-spanish-river/287/96783423136
CITIBANK,96783422640,Wealth Relationship Manager - Queens/39th,Risk and Compliance,New York,NY,United States,unknown,,2026-08-21 19:47:24.666290,2026-06-22 00:00:00,https://jobs.citi.com/job/new-york/wealth-relationship-manager-queens-39th/287/96783422640
CITIBANK,96783421936,Wealth Relationship Manager - Court Square,Risk and Compliance,New York,NY,United States,unknown,,2026-08-21 19:47:25.481254,2026-06-22 00:00:00,https://jobs.citi.com/job/new-york/wealth-relationship-manager-court-square/287/96783421936
CITIBANK,96783374512,Senior Application Support Engineer - Assistant Vice President,Cloud and Infrastructure,Tampa,FL,United States,hybrid,,2026-08-21 19:47:26.607546,2026-06-22 00:00:00,https://jobs.citi.com/job/tampa/senior-application-support-engineer-assistant-vice-president/287/96783374512
CITIBANK,96783192928,Assistant Vice President - Loan Processing Manager - Mortgage (Hybrid),Operations,Tucson,AZ,United States,hybrid,,2026-08-21 19:47:27.485668,2026-06-22 00:00:00,https://jobs.citi.com/job/tucson/assistant-vice-president-loan-processing-manager-mortgage-hybrid/287/96783192928
CITIBANK,95673294736,Investor Services Solution Sales Lead – SVP,Sales and Relationship Management,New York,NY,United States,hybrid,,2026-08-21 19:47:28.448709,2026-05-28 00:00:00,https://jobs.citi.com/job/new-york/investor-services-solution-sales-lead-svp/287/95673294736
CITIBANK,95673145328,Applications Support Sr Analyst - Asst. Vice President,Risk and Compliance,Houston,TX,United States,hybrid,,2026-08-21 19:47:29.541037,2026-05-28 00:00:00,https://jobs.citi.com/job/houston/applications-support-sr-analyst-asst-vice-president/287/95673145328
CITIBANK,95264000672,Lending Advisor,Sales and Relationship Management,Dallas,TX,United States,hybrid,,2026-08-21 19:47:30.350965,2026-06-22 00:00:00,https://jobs.citi.com/job/dallas/lending-advisor/287/95264000672
CITIBANK,94854501856,Head of Direct Private Investments,Risk and Compliance,New York,NY,United States,hybrid,,2026-08-21 19:47:32.532668,2026-06-22 00:00:00,https://jobs.citi.com/job/new-york/head-of-direct-private-investments/287/94854501856
CITIBANK,94439166144,"Equities Cash, Trading GUI Lead -  Senior Vice President – Jersey City",Risk and Compliance,Jersey City,NJ,United States,hybrid,,2026-08-21 19:47:33.361493,2026-04-27 00:00:00,https://jobs.citi.com/job/jersey-city/equities-cash-trading-gui-lead-senior-vice-president-jersey-city/287/94439166144
CITIBANK,96595084544,"Part-Time Teller (20 Hours), Modesto Area Branches",Risk and Compliance,Modesto,CA,United States,unknown,,2026-08-21 19:47:34.550400,2026-06-18 00:00:00,https://jobs.citi.com/job/modesto/part-time-teller-20-hours-modesto-area-branches/287/96595084544
CITIBANK,96641843008,Wealth Relationship Manager - Newark CA,Risk and Compliance,Newark,CA,United States,unknown,,2026-08-21 19:47:35.513900,2026-06-19 00:00:00,https://jobs.citi.com/job/newark/wealth-relationship-manager-newark-ca/287/96641843008
CITIBANK,96641842960,Wealth Relationship Manager - Modesto Oakdale,Risk and Compliance,Modesto,CA,United States,unknown,,2026-08-21 19:47:36.547144,2026-06-19 00:00:00,https://jobs.citi.com/job/modesto/wealth-relationship-manager-modesto-oakdale/287/96641842960
CITIBANK,96641824560,Principal AI Engineer - Vice President,Data and AI,Tampa,FL,United States,hybrid,,2026-08-21 19:47:37.535800,2026-06-19 00:00:00,https://jobs.citi.com/job/tampa/principal-ai-engineer-vice-president/287/96641824560
CITIBANK,96641824432,Pricing Execution and Reporting Analyst,Risk and Compliance,Charlotte,NC,United States,unknown,,2026-08-21 19:47:38.590130,2026-06-19 00:00:00,https://jobs.citi.com/job/charlotte/pricing-execution-and-reporting-analyst/287/96641824432
CITIBANK,96641824416,Pricing Exception and Controls Lead Analyst,Risk and Compliance,Charlotte,NC,United States,unknown,,2026-08-21 19:47:39.637540,2026-06-19 00:00:00,https://jobs.citi.com/job/charlotte/pricing-exception-and-controls-lead-analyst/287/96641824416
CITIBANK,96615092672,Senior Wealth Advisor | Los Angeles,Risk and Compliance,Los Angeles,CA,United States,unknown,,2026-08-21 19:47:41.578134,2026-06-18 00:00:00,https://jobs.citi.com/job/los-angeles/senior-wealth-advisor-los-angeles/287/96615092672
CITIBANK,96604589648,SVP Lead Full Stack Engineer (M&A Technology & AI),Software Engineering,Irving,TX,United States,hybrid,,2026-08-21 19:47:42.611206,2026-06-18 00:00:00,https://jobs.citi.com/job/irving/svp-lead-full-stack-engineer-m-and-a-technology-and-ai/287/96604589648
CITIBANK,96604436432,Lead Generative AI Python  Engineer - Vice President,Data and AI,Jersey City,NJ,United States,hybrid,,2026-08-21 19:47:43.596943,2026-06-18 00:00:00,https://jobs.citi.com/job/jersey-city/lead-generative-ai-python-engineer-vice-president/287/96604436432
CITIBANK,96604404464,Generative AI - Group Manager - Senior Vice President,Data and AI,Jersey City,NJ,United States,unknown,,2026-08-21 19:47:44.635195,2026-06-18 00:00:00,https://jobs.citi.com/job/jersey-city/generative-ai-group-manager-senior-vice-president/287/96604404464
CITIBANK,94597485472,Asset-Backed Securitization & Financing - VP/ Director,Risk and Compliance,New York,NY,United States,unknown,,2026-08-21 19:47:45.660245,2026-05-01 00:00:00,https://jobs.citi.com/job/new-york/asset-backed-securitization-and-financing-vp-director/287/94597485472
CITIBANK,93794941376,Citi Wealth - Wealth Relationship Manager SAFE Act - North Jersey,Risk and Compliance,Paramus,NJ,United States,unknown,,2026-08-21 19:47:46.780711,2026-06-18 00:00:00,https://jobs.citi.com/job/paramus/citi-wealth-wealth-relationship-manager-safe-act-north-jersey/287/93794941376
CITIBANK,96595106304,Wealth Relationship Manager –Manhattan,Risk and Compliance,New York,NY,United States,unknown,,2026-08-21 19:47:47.614149,2026-06-18 00:00:00,https://jobs.citi.com/job/new-york/wealth-relationship-manager-manhattan/287/96595106304
CITIBANK,96595084400,"Part-Time Teller (20 Hours), Fresno Sunnyside Branch",Risk and Compliance,Fresno,CA,United States,unknown,,2026-08-21 19:47:48.641953,2026-06-18 00:00:00,https://jobs.citi.com/job/fresno/part-time-teller-20-hours-fresno-sunnyside-branch/287/96595084400
CITIBANK,96595083872,Part- Time Universal Banker (20 Hours)- Manhattan Beach Branch,Sales and Relationship Management,Manhattan Beach,CA,United States,unknown,,2026-08-21 19:47:49.695233,2026-06-18 00:00:00,https://jobs.citi.com/job/manhattan-beach/part-time-universal-banker-20-hours-manhattan-beach-branch/287/96595083872
CITIBANK,96568467584,PMAE Program Manager - VP,Risk and Compliance,Tampa,FL,United States,hybrid,,2026-08-21 19:47:51.657179,2026-06-17 00:00:00,https://jobs.citi.com/job/tampa/pmae-program-manager-vp/287/96568467584
CITIBANK,96568467376,"Personal Banker SAFE Act, San Ramon Branch, Officer",Sales and Relationship Management,San Ramon,CA,United States,unknown,,2026-08-21 19:47:52.708551,2026-06-17 00:00:00,https://jobs.citi.com/job/san-ramon/personal-banker-safe-act-san-ramon-branch-officer/287/96568467376
CITIBANK,96560089552,"Small Business Sales Manager - Queens/Brooklyn, Senior Vice President",Sales and Relationship Management,New York,NY,United States,hybrid,,2026-08-21 19:47:53.666551,2026-06-17 00:00:00,https://jobs.citi.com/job/new-york/small-business-sales-manager-queens-brooklyn-senior-vice-president/287/96560089552
CITIBANK,96161827584,Wealth Relationship Manager SAFE Act,Risk and Compliance,Los Angeles,CA,United States,unknown,,2026-08-21 19:47:54.697491,2026-06-08 00:00:00,https://jobs.citi.com/job/los-angeles/wealth-relationship-manager-safe-act/287/96161827584
CITIBANK,94961024736,Wealth Relationship Manager SAFE ACT Burbank,Risk and Compliance,Burbank,CA,United States,unknown,,2026-08-21 19:47:55.657849,2026-05-11 00:00:00,https://jobs.citi.com/job/burbank/wealth-relationship-manager-safe-act-burbank/287/94961024736
CITIBANK,94961024640,Wealth Relationship Manager SAFE ACT - La Canada,Risk and Compliance,La Cañada Flintridge,CA,United States,unknown,,2026-08-21 19:47:56.819626,2026-05-11 00:00:00,https://jobs.citi.com/job/la-canada-flintridge/wealth-relationship-manager-safe-act-la-canada/287/94961024640
CITIBANK,94784448512,Technical Engineering Leader - Director,Risk and Compliance,Jersey City,NJ,United States,hybrid,,2026-08-21 19:47:57.681089,2026-05-06 00:00:00,https://jobs.citi.com/job/jersey-city/technical-engineering-leader-director/287/94784448512
CITIBANK,94768512656,Wealth Relationship Manager SAFE ACT - Wilshire Westwood,Risk and Compliance,Los Angeles,CA,United States,unknown,,2026-08-21 19:47:58.762147,2026-05-06 00:00:00,https://jobs.citi.com/job/los-angeles/wealth-relationship-manager-safe-act-wilshire-westwood/287/94768512656
CITIBANK,94768512592,Wealth Relationship Manager SAFE ACT - Las Vegas (Lakes Branch),Risk and Compliance,Las Vegas,NV,United States,unknown,,2026-08-21 19:47:59.792060,2026-05-06 00:00:00,https://jobs.citi.com/job/las-vegas/wealth-relationship-manager-safe-act-las-vegas-lakes-branch/287/94768512592
CITIBANK,96550926432,Applications Support Manager - Asst. Vice President,Risk and Compliance,Tampa,FL,United States,hybrid,,2026-08-21 19:48:00.686421,2026-06-17 00:00:00,https://jobs.citi.com/job/tampa/applications-support-manager-asst-vice-president/287/96550926432
CITIBANK,96525869680,Senior Python Developer,Software Engineering,New York,NY,United States,hybrid,,2026-08-21 19:48:02.595325,2026-06-16 00:00:00,https://jobs.citi.com/job/new-york/senior-python-developer/287/96525869680
CITIBANK,96516423184,Architecture Sr Lead Analyst - Senior Vice President,Risk and Compliance,Tampa,FL,United States,unknown,,2026-08-21 19:48:03.703565,2026-06-16 00:00:00,https://jobs.citi.com/job/tampa/architecture-sr-lead-analyst-senior-vice-president/287/96516423184
CITIBANK,94454945536,"Lead Software Engineer – Java, Microservices & Cloud - Vice President",Software Engineering,Tampa,FL,United States,hybrid,,2026-08-21 19:48:04.788455,2026-04-27 00:00:00,https://jobs.citi.com/job/tampa/lead-software-engineer-java-microservices-and-cloud-vice-president/287/94454945536
CITIBANK,94303420576,Universal Banker - Manhattan Area,Sales and Relationship Management,New York,NY,United States,unknown,,2026-08-21 19:48:06.828754,2026-04-23 00:00:00,https://jobs.citi.com/job/new-york/universal-banker-manhattan-area/287/94303420576
CITIBANK,93794941344,Citi Wealth - Wealth Relationship Manager SAFE Act - Brooklyn,Risk and Compliance,New York,NY,United States,unknown,,2026-08-21 19:48:07.772039,2026-06-16 00:00:00,https://jobs.citi.com/job/new-york/citi-wealth-wealth-relationship-manager-safe-act-brooklyn/287/93794941344
CITIBANK,72465907728,"Investment Banking Associate/ Senior Associate, Mergers and Acquisitions (""M&A"")",Risk and Compliance,New York,NY,United States,unknown,,2026-08-21 19:48:08.673252,2025-06-13 00:00:00,https://jobs.citi.com/job/new-york/investment-banking-associate-senior-associate-mergers-and-acquisitions-m-and-a/287/72465907728
CITIBANK,95982075488,Markets E-Trading Risk & Controls Senior Vice President,Risk and Compliance,New York,NY,United States,hybrid,,2026-08-21 19:48:09.809181,2026-06-15 00:00:00,https://jobs.citi.com/job/new-york/markets-e-trading-risk-and-controls-senior-vice-president/287/95982075488
CITIBANK,96463792512,"Personal Banker SAFE Act, Dublin Branch, Officer",Sales and Relationship Management,Dublin,CA,United States,unknown,,2026-08-21 19:48:10.823769,2026-06-15 00:00:00,https://jobs.citi.com/job/dublin/personal-banker-safe-act-dublin-branch-officer/287/96463792512
CITIBANK,96463786464,Multi Asset Class Portfolio Manager,Sales and Relationship Management,New York,NY,United States,unknown,,2026-08-21 19:48:11.649881,2026-06-15 00:00:00,https://jobs.citi.com/job/new-york/multi-asset-class-portfolio-manager/287/96463786464
CITIBANK,96344799392,"Fixed Income Financing Trader, US Credit and Emerging Markets, Vice President or Assistant Vice President",Risk and Compliance,New York,NY,United States,unknown,,2026-08-21 19:48:12.785743,2026-06-12 00:00:00,https://jobs.citi.com/job/new-york/fixed-income-financing-trader-us-credit-and-emerging-markets-vice-president-or-assistant-vice-presi/287/96344799392
CITIBANK,96344760560,"Business Relationship Manager - Nassau South, Assistant Vice President",Sales and Relationship Management,Franklin Square,NY,United States,unknown,,2026-08-21 19:48:13.818399,2026-06-12 00:00:00,https://jobs.citi.com/job/franklin-square/business-relationship-manager-nassau-south-assistant-vice-president/287/96344760560
CITIBANK,96344760544,"Business Relationship Manager - Nassau North, Assistant Vice President",Sales and Relationship Management,Huntington,NY,United States,unknown,,2026-08-21 19:48:16.783218,2026-06-12 00:00:00,https://jobs.citi.com/job/huntington/business-relationship-manager-nassau-north-assistant-vice-president/287/96344760544
CITIBANK,96300677824,Wealth Relationship Manager SAFE Act -ALISO VIEJO,Risk and Compliance,Aliso Viejo,CA,United States,unknown,,2026-08-21 19:48:17.111068,2026-06-11 00:00:00,https://jobs.citi.com/job/aliso-viejo/wealth-relationship-manager-safe-act-aliso-viejo/287/96300677824
CITIBANK,96300593312,"Personal Banker SAFE Act, Camden Branch",Sales and Relationship Management,San Jose,CA,United States,unknown,,2026-08-21 19:48:18.310184,2026-06-11 00:00:00,https://jobs.citi.com/job/san-jose/personal-banker-safe-act-camden-branch/287/96300593312
CITIBANK,96300566560,"NAM Futures Strategy Salesperson, Director",Sales and Relationship Management,New York,NY,United States,unknown,,2026-08-21 19:48:19.122031,2026-06-11 00:00:00,https://jobs.citi.com/job/new-york/nam-futures-strategy-salesperson-director/287/96300566560
CITIBANK,96267020512,"US Advisory Salesperson, Equities Research Sales, Director",Sales and Relationship Management,New York,NY,United States,unknown,,2026-08-21 19:48:21.190018,2026-06-10 00:00:00,https://jobs.citi.com/job/new-york/us-advisory-salesperson-equities-research-sales-director/287/96267020512
CITIBANK,96267001888,Senior Python Engineer - Applications Development Sr Programmer Analyst - C12 - RUTHERFORD,Software Engineering,Rutherford,NJ,United States,hybrid,,2026-08-21 19:48:22.102931,2026-06-10 00:00:00,https://jobs.citi.com/job/rutherford/senior-python-engineer-applications-development-sr-programmer-analyst-c12-rutherford/287/96267001888
CITIBANK,96267000128,Senior Lead Python Engineer  - Applications Development Group Manager - C14 - RUTHERFORD,Cloud and Infrastructure,Rutherford,NJ,United States,hybrid,,2026-08-21 19:48:23.234628,2026-06-10 00:00:00,https://jobs.citi.com/job/rutherford/senior-lead-python-engineer-applications-development-group-manager-c14-rutherford/287/96267000128
CITIBANK,96266808032,Apps Development Group Manager - C14 - RUTHERFORD,Risk and Compliance,Rutherford,NJ,United States,unknown,,2026-08-21 19:48:24.266012,2026-06-10 00:00:00,https://jobs.citi.com/job/rutherford/apps-development-group-manager-c14-rutherford/287/96266808032
CITIBANK,96257441952,Senior Engineering Manager Trade Management Equities Acceleration - Director,Risk and Compliance,Jersey City,NJ,United States,hybrid,,2026-08-21 19:48:25.174265,2026-06-10 00:00:00,https://jobs.citi.com/job/jersey-city/senior-engineering-manager-trade-management-equities-acceleration-director/287/96257441952
CITIBANK,96257431984,"Sales Trader, Agency Program Trading, Vice President",Sales and Relationship Management,New York,NY,United States,unknown,,2026-08-21 19:48:26.272033,2026-06-10 00:00:00,https://jobs.citi.com/job/new-york/sales-trader-agency-program-trading-vice-president/287/96257431984
CITIBANK,96257381744,Mortgage Lending Officer SAFE Act - Tustin,Risk and Compliance,Fountain Valley,CA,United States,unknown,,2026-08-21 19:48:27.176933,2026-06-10 00:00:00,https://jobs.citi.com/job/fountain-valley/mortgage-lending-officer-safe-act-tustin/287/96257381744
CITIBANK,96257381392,Mortgage Lending Officer SAFE Act - HUNTINGTON PARK,Risk and Compliance,Huntington Park,CA,United States,unknown,,2026-08-21 19:48:28.156744,2026-06-10 00:00:00,https://jobs.citi.com/job/huntington-park/mortgage-lending-officer-safe-act-huntington-park/287/96257381392
CITIBANK,96257381312,Mortgage Lending Officer SAFE Act - GARDEN GROVE,Risk and Compliance,Garden Grove,CA,United States,unknown,,2026-08-21 19:48:29.363177,2026-06-10 00:00:00,https://jobs.citi.com/job/garden-grove/mortgage-lending-officer-safe-act-garden-grove/287/96257381312
CITIBANK,96257381072,Mortgage Lending Officer SAFE Act  - VENTURA,Risk and Compliance,Ventura,CA,United States,unknown,,2026-08-21 19:48:30.198599,2026-06-10 00:00:00,https://jobs.citi.com/job/ventura/mortgage-lending-officer-safe-act-ventura/287/96257381072
CITIBANK,96257380816,Mortgage Lending Officer SAFE Act  - PASADENA,Risk and Compliance,Pasadena,CA,United States,unknown,,2026-08-21 19:48:32.295879,2026-06-10 00:00:00,https://jobs.citi.com/job/pasadena/mortgage-lending-officer-safe-act-pasadena/287/96257380816
CITIBANK,96257380736,Mortgage Lending Officer SAFE Act  - INGLEWOOD,Risk and Compliance,Inglewood,CA,United States,unknown,,2026-08-21 19:48:33.273724,2026-06-10 00:00:00,https://jobs.citi.com/job/inglewood/mortgage-lending-officer-safe-act-inglewood/287/96257380736
CITIBANK,96257380656,Mortgage Lending Officer SAFE Act  - BROOKLYN,Risk and Compliance,New York,NY,United States,unknown,,2026-08-21 19:48:34.293121,2026-06-10 00:00:00,https://jobs.citi.com/job/new-york/mortgage-lending-officer-safe-act-brooklyn/287/96257380656
CITIBANK,96222623856,"FX Options Trader, VP/AVP",Risk and Compliance,New York,NY,United States,unknown,,2026-08-21 19:48:35.280893,2026-06-09 00:00:00,https://jobs.citi.com/job/new-york/fx-options-trader-vp-avp/287/96222623856
CITIBANK,95936216416,"Product Commercial Cards Sales Senior Specialist , VIce President,  New York",Sales and Relationship Management,New York,NY,United States,hybrid,,2026-08-21 19:48:37.263172,2026-06-03 00:00:00,https://jobs.citi.com/job/new-york/product-commercial-cards-sales-senior-specialist-vice-president-new-york/287/95936216416
CITIBANK,95863988688,"Vice President, Banker, Mergers & Acquisitions (M&A)",Sales and Relationship Management,San Francisco,CA,United States,unknown,,2026-08-21 19:48:38.281139,2026-06-01 00:00:00,https://jobs.citi.com/job/san-francisco/vice-president-banker-mergers-and-acquisitions-m-and-a/287/95863988688
CITIBANK,96179947872,Wealth Relationship Manager SAFE Act - SOLANA BEACH,Risk and Compliance,Solana Beach,CA,United States,unknown,,2026-08-21 19:48:39.308222,2026-06-08 00:00:00,https://jobs.citi.com/job/solana-beach/wealth-relationship-manager-safe-act-solana-beach/287/96179947872
CITIBANK,96179935392,Structured Commodity Trade Finance Specialist - VP,Risk and Compliance,New York,NY,United States,hybrid,,2026-08-21 19:48:40.430020,2026-06-08 00:00:00,https://jobs.citi.com/job/new-york/structured-commodity-trade-finance-specialist-vp/287/96179935392
CITIBANK,96161827360,"Wealth Relationship Manager - SAFE ACT - Westbury, NY",Risk and Compliance,Westbury,NY,United States,unknown,,2026-08-21 19:48:41.282295,2026-06-08 00:00:00,https://jobs.citi.com/job/westbury/wealth-relationship-manager-safe-act-westbury-ny/287/96161827360
CITIBANK,96161821104,"Senior Wealth Advisor SAFE Act  – Miramar, FL",Risk and Compliance,Miramar,FL,United States,unknown,,2026-08-21 19:48:42.261411,2026-06-08 00:00:00,https://jobs.citi.com/job/miramar/senior-wealth-advisor-safe-act-miramar-fl/287/96161821104
CITIBANK,95863916304,"Managing Director, Private Banker, Los Angeles",Risk and Compliance,Los Angeles,CA,United States,unknown,,2026-08-21 19:48:44.205964,2026-06-01 00:00:00,https://jobs.citi.com/job/los-angeles/managing-director-private-banker-los-angeles/287/95863916304
CITIBANK,95630713552,Senior Backend Principal Developer,Software Engineering,Jersey City,NJ,United States,hybrid,,2026-08-21 19:48:45.572250,2026-05-27 00:00:00,https://jobs.citi.com/job/jersey-city/senior-backend-principal-developer/287/95630713552
CITIBANK,96161827296,Wealth Relationship Manager - SAFE ACT - Long Island City,Risk and Compliance,New York,NY,United States,unknown,,2026-08-21 19:48:46.368196,2026-06-08 00:00:00,https://jobs.citi.com/job/new-york/wealth-relationship-manager-safe-act-long-island-city/287/96161827296
CITIBANK,96161827616,Wealth Relationship Manager SAFE Act,Risk and Compliance,Los Angeles,CA,United States,unknown,,2026-08-21 19:48:47.340909,2026-06-08 00:00:00,https://jobs.citi.com/job/los-angeles/wealth-relationship-manager-safe-act/287/96161827616
CITIBANK,96161827600,Wealth Relationship Manager SAFE Act,Risk and Compliance,Los Angeles,CA,United States,unknown,,2026-08-21 19:48:48.362993,2026-06-08 00:00:00,https://jobs.citi.com/job/los-angeles/wealth-relationship-manager-safe-act/287/96161827600
CITIBANK,96046689824,Vice President - Country Risk Officer - Risk Management (Hybrid),Risk and Compliance,Irving,TX,United States,hybrid,,2026-08-21 19:48:49.406229,2026-06-05 00:00:00,https://jobs.citi.com/job/irving/vice-president-country-risk-officer-risk-management-hybrid/287/96046689824
CITIBANK,96027628336,"Managing Director, Investment Counselor, Palo Alto",Risk and Compliance,Palo Alto,CA,United States,unknown,,2026-08-21 19:48:51.382165,2026-06-05 00:00:00,https://jobs.citi.com/job/palo-alto/managing-director-investment-counselor-palo-alto/287/96027628336
CITIBANK,96027628288,"Managing Director, Investment Counselor, Downtown San Francisco",Risk and Compliance,San Francisco,CA,United States,unknown,,2026-08-21 19:48:52.437344,2026-06-05 00:00:00,https://jobs.citi.com/job/san-francisco/managing-director-investment-counselor-downtown-san-francisco/287/96027628288
CITIBANK,96027604832,Credit Officer - Alternatives (Hedge Funds & Private Markets) - AVP,Risk and Compliance,New York,NY,United States,hybrid,,2026-08-21 19:48:53.419884,2026-06-05 00:00:00,https://jobs.citi.com/job/new-york/credit-officer-alternatives-hedge-funds-and-private-markets-avp/287/96027604832
CITIBANK,96027594688,Capital Markets Data Governance Foundation Senior Lead Analyst Senior Vice President,Risk and Compliance,Charlotte,NC,United States,hybrid,,2026-08-21 19:48:54.429610,2026-06-05 00:00:00,https://jobs.citi.com/job/charlotte/capital-markets-data-governance-foundation-senior-lead-analyst-senior-vice-president/287/96027594688
CITIBANK,94263434048,"Application Development Group Manager, Senior Vice President",Risk and Compliance,Jersey City,NJ,United States,hybrid,,2026-08-21 19:48:56.416813,2026-06-04 00:00:00,https://jobs.citi.com/job/jersey-city/application-development-group-manager-senior-vice-president/287/94263434048
CITIBANK,95708720320,"Citi Commerce, Account Executive",Sales and Relationship Management,New York,NY,United States,hybrid,,2026-08-21 19:48:58.403416,2026-06-02 00:00:00,https://jobs.citi.com/job/new-york/citi-commerce-account-executive/287/95708720320
CITIBANK,93185184592,Gen AI Software Engineer - Vice President,Software Engineering,Jacksonville,FL,United States,hybrid,,2026-08-21 19:48:59.328904,2026-06-03 00:00:00,https://jobs.citi.com/job/jacksonville/gen-ai-software-engineer-vice-president/287/93185184592
CITIBANK,95890749792,Core Trade Structuring Lead - SVP,Risk and Compliance,New York,NY,United States,hybrid,,2026-08-21 19:49:01.479111,2026-06-02 00:00:00,https://jobs.citi.com/job/new-york/core-trade-structuring-lead-svp/287/95890749792
CITIBANK,95863916256,"Managing Director, Investment Counselor, Orange County",Risk and Compliance,Costa Mesa,CA,United States,unknown,,2026-08-21 19:49:02.502266,2026-06-01 00:00:00,https://jobs.citi.com/job/costa-mesa/managing-director-investment-counselor-orange-county/287/95863916256
CITIBANK,95863916080,"Managing Director, Investment Counselor, Los Angeles",Risk and Compliance,Los Angeles,CA,United States,unknown,,2026-08-21 19:49:03.489891,2026-06-01 00:00:00,https://jobs.citi.com/job/los-angeles/managing-director-investment-counselor-los-angeles/287/95863916080
CITIBANK,95863916064,"Managing Director, Investment Counselor, Beverly Hills",Risk and Compliance,Beverly Hills,CA,United States,unknown,,2026-08-21 19:49:04.442573,2026-06-01 00:00:00,https://jobs.citi.com/job/beverly-hills/managing-director-investment-counselor-beverly-hills/287/95863916064
CITIBANK,95863848048,Digital Software Engineer Senior Analyst - Assistant Vice President,Software Engineering,Tampa,FL,United States,hybrid,,2026-08-21 19:49:05.382254,2026-06-01 00:00:00,https://jobs.citi.com/job/tampa/digital-software-engineer-senior-analyst-assistant-vice-president/287/95863848048
CITIBANK,95854400848,"Quantitative Trader, Equities Central Risk Book, Director or Vice President",Risk and Compliance,New York,NY,United States,unknown,,2026-08-21 19:49:06.543880,2026-06-01 00:00:00,https://jobs.citi.com/job/new-york/quantitative-trader-equities-central-risk-book-director-or-vice-president/287/95854400848
CITIBANK,95854365168,NAM Head of Client Engagement,Risk and Compliance,New York,NY,United States,hybrid,,2026-08-21 19:49:07.385113,2026-06-01 00:00:00,https://jobs.citi.com/job/new-york/nam-head-of-client-engagement/287/95854365168
CITIBANK,94605979120,"Branch Manager SAFE Act Thousand Oaks CA, Assistant Vice President",Risk and Compliance,Thousand Oaks,CA,United States,unknown,,2026-08-21 19:49:09.513954,2026-05-01 00:00:00,https://jobs.citi.com/job/thousand-oaks/branch-manager-safe-act-thousand-oaks-ca-assistant-vice-president/287/94605979120
CITIBANK,94334655552,Nonlinear Rates Risk Technical Analyst – Vice President,Risk and Compliance,New York,NY,United States,hybrid,,2026-08-21 19:49:10.414260,2026-04-24 00:00:00,https://jobs.citi.com/job/new-york/nonlinear-rates-risk-technical-analyst-vice-president/287/94334655552
CITIBANK,95844852656,"Personal Banker SAFE ACT, Modesto McHenry Branch, Officer",Sales and Relationship Management,Modesto,CA,United States,unknown,,2026-08-21 19:49:11.638427,2026-06-01 00:00:00,https://jobs.citi.com/job/modesto/personal-banker-safe-act-modesto-mchenry-branch-officer/287/95844852656
CITIBANK,95708778528,"Swap Trader, Funding and Resource Management, Vice President",Risk and Compliance,New York,NY,United States,unknown,,2026-08-21 19:49:12.530372,2026-05-29 00:00:00,https://jobs.citi.com/job/new-york/swap-trader-funding-and-resource-management-vice-president/287/95708778528
CITIBANK,79230562768,Citi Wealth - Wealth Relationship Manager - Utopia Branch,Risk and Compliance,New York,NY,United States,unknown,,2026-08-21 19:49:14.800497,2025-05-07 00:00:00,https://jobs.citi.com/job/new-york/citi-wealth-wealth-relationship-manager-utopia-branch/287/79230562768
CITIBANK,95630830192,"Index and Cross Asset ETF Volatility Trader, Director or Vice President",Risk and Compliance,New York,NY,United States,unknown,,2026-08-21 19:49:15.622343,2026-05-27 00:00:00,https://jobs.citi.com/job/new-york/index-and-cross-asset-etf-volatility-trader-director-or-vice-president/287/95630830192
CITIBANK,94172857344,"Personal Banker SAFE ACT, San Pablo | Richmond | Albany Area, Officer",Sales and Relationship Management,San Pablo,CA,United States,unknown,,2026-08-21 19:49:16.552067,2026-04-20 00:00:00,https://jobs.citi.com/job/san-pablo/personal-banker-safe-act-san-pablo-richmond-albany-area-officer/287/94172857344
CITIBANK,95621986832,Mortgage Lending Officer SAFE Act  - UNIONDALE,Risk and Compliance,Uniondale,NY,United States,unknown,,2026-08-21 19:49:17.603937,2026-05-27 00:00:00,https://jobs.citi.com/job/uniondale/mortgage-lending-officer-safe-act-uniondale/287/95621986832
CITIBANK,95588457024,Product Manager – Alternative and Investment Manager Solutions,Product Management,New York,NY,United States,unknown,,2026-08-21 19:49:18.737548,2026-05-26 00:00:00,https://jobs.citi.com/job/new-york/product-manager-alternative-and-investment-manager-solutions/287/95588457024
CITIBANK,95080389536,"Wealth Relationship Manager SAFE Act - Naperville, IL",Risk and Compliance,Naperville,IL,United States,unknown,,2026-08-21 19:49:20.716784,2026-05-14 00:00:00,https://jobs.citi.com/job/naperville/wealth-relationship-manager-safe-act-naperville-il/287/95080389536
CITIBANK,95080389424,"Wealth Relationship Manager SAFE Act - Evanston, IL",Risk and Compliance,Evanston,IL,United States,unknown,,2026-08-21 19:49:21.680450,2026-05-14 00:00:00,https://jobs.citi.com/job/evanston/wealth-relationship-manager-safe-act-evanston-il/287/95080389424
CITIBANK,95080389376,Wealth Relationship Manager SAFE Act - Chinatown - Chicago (Multilingual Skills Required),Risk and Compliance,Chicago,IL,United States,unknown,,2026-08-21 19:49:22.697400,2026-05-14 00:00:00,https://jobs.citi.com/job/chicago/wealth-relationship-manager-safe-act-chinatown-chicago-multilingual-skills-required/287/95080389376
CITIBANK,93916069296,Applications Support  - Officer,Risk and Compliance,Irving,TX,United States,hybrid,,2026-08-21 19:49:23.546013,2026-04-13 00:00:00,https://jobs.citi.com/job/irving/applications-support-officer/287/93916069296
CITIBANK,95413187584,"Personal Banker SAFE Act, Fremont Branch",Sales and Relationship Management,Fremont,CA,United States,unknown,,2026-08-21 19:49:24.644793,2026-05-22 00:00:00,https://jobs.citi.com/job/fremont/personal-banker-safe-act-fremont-branch/287/95413187584
CITIBANK,95379929760,"Part Time Universal Banker (20 Hours), Santa Ana Branch (Bilingual Preferred: Spanish)",Sales and Relationship Management,Santa Ana,CA,United States,unknown,,2026-08-21 19:49:25.675921,2026-05-21 00:00:00,https://jobs.citi.com/job/santa-ana/part-time-universal-banker-20-hours-santa-ana-branch-bilingual-preferred-spanish/287/95379929760
CITIBANK,93163075376,Dedicated Lending Associate SAFE Act - NEW YORK,Risk and Compliance,New York,NY,United States,unknown,,2026-08-21 19:49:27.687356,2026-03-24 00:00:00,https://jobs.citi.com/job/new-york/dedicated-lending-associate-safe-act-new-york/287/93163075376
CITIBANK,95304805152,SR. Data Engineer - Assistant Vice President,Data and AI,Irving,TX,United States,hybrid,,2026-08-21 19:49:28.613329,2026-05-19 00:00:00,https://jobs.citi.com/job/irving/sr-data-engineer-assistant-vice-president/287/95304805152
CITIBANK,95304805136,Sr. Data Engineer - Assistant Vice President,Data and AI,Irving,TX,United States,hybrid,,2026-08-21 19:49:29.600048,2026-05-19 00:00:00,https://jobs.citi.com/job/irving/sr-data-engineer-assistant-vice-president/287/95304805136
CITIBANK,95296019600,Wealth Relationship Manager SAFE ACT - Upland,Risk and Compliance,Upland,CA,United States,unknown,,2026-08-21 19:49:30.709109,2026-05-19 00:00:00,https://jobs.citi.com/job/upland/wealth-relationship-manager-safe-act-upland/287/95296019600
CITIBANK,95295849344,Head of Applied AI & Agent Factory - Managing Director,Risk and Compliance,New York,NY,United States,unknown,,2026-08-21 19:49:31.752797,2026-05-19 00:00:00,https://jobs.citi.com/job/new-york/head-of-applied-ai-and-agent-factory-managing-director/287/95295849344
CITIBANK,95295849152,Head of AI-First Development (Firmwide AI) - Managing Director,Risk and Compliance,New York,NY,United States,unknown,,2026-08-21 19:49:32.638243,2026-05-19 00:00:00,https://jobs.citi.com/job/new-york/head-of-ai-first-development-firmwide-ai-managing-director/287/95295849152
CITIBANK,95245167920,Portfolio Manager - CLO Primary Team - Spread Products Financing& Securitization - AVP,Risk and Compliance,New York,NY,United States,unknown,,2026-08-21 19:49:34.652126,2026-05-18 00:00:00,https://jobs.citi.com/job/new-york/portfolio-manager-clo-primary-team-spread-products-financing-and-securitization-avp/287/95245167920
CITIBANK,95139989984,"Personal Banker SAFE ACT, Sacramento Area, Officer",Sales and Relationship Management,Citrus Heights,CA,United States,unknown,,2026-08-21 19:49:35.793901,2026-05-15 00:00:00,https://jobs.citi.com/job/citrus-heights/personal-banker-safe-act-sacramento-area-officer/287/95139989984
CITIBANK,95097292976,"Personal Banker SAFE ACT, Las Vegas Area, Officer",Sales and Relationship Management,Las Vegas,NV,United States,unknown,,2026-08-21 19:49:37.814495,2026-05-14 00:00:00,https://jobs.citi.com/job/las-vegas/personal-banker-safe-act-las-vegas-area-officer/287/95097292976
CITIBANK,95097287408,"Part-Time Universal Banker (20 Hours), Las Vegas Area",Sales and Relationship Management,Las Vegas,NV,United States,unknown,,2026-08-21 19:49:38.791591,2026-05-14 00:00:00,https://jobs.citi.com/job/las-vegas/part-time-universal-banker-20-hours-las-vegas-area/287/95097287408
CITIBANK,95088928496,Wealth -  Investment Sales Senior Lead - Senior Vice President,Sales and Relationship Management,New York,NY,United States,hybrid,,2026-08-21 19:49:39.790232,2026-05-14 00:00:00,https://jobs.citi.com/job/new-york/wealth-investment-sales-senior-lead-senior-vice-president/287/95088928496
CITIBANK,95047119520,"Part-Time Teller (20 Hours), Las Vegas Area",Risk and Compliance,Las Vegas,NV,United States,unknown,,2026-08-21 19:49:41.827784,2026-05-13 00:00:00,https://jobs.citi.com/job/las-vegas/part-time-teller-20-hours-las-vegas-area/287/95047119520
CITIBANK,94737235216,US Rates Strategist - Treasury Trading,Finance and Accounting,New York,NY,United States,unknown,,2026-08-21 19:49:42.874276,2026-05-05 00:00:00,https://jobs.citi.com/job/new-york/us-rates-strategist-treasury-trading/287/94737235216
CITIBANK,93802603216,Portfolio Management and Analytics VP/Director,Risk and Compliance,Houston,TX,United States,hybrid,,2026-08-21 19:49:44.500123,2026-04-10 00:00:00,https://jobs.citi.com/job/houston/portfolio-management-and-analytics-vp-director/287/93802603216
CITIBANK,93460221024,"Wealth Relationship Manager SAFE Act - Orland Park, IL",Risk and Compliance,Orland Park,IL,United States,unknown,,2026-08-21 19:49:44.965158,2026-04-01 00:00:00,https://jobs.citi.com/job/orland-park/wealth-relationship-manager-safe-act-orland-park-il/287/93460221024
CITIBANK,95039126128,"Personal Banker SAFE ACT, Clovis Branch, Officer",Sales and Relationship Management,Clovis,CA,United States,unknown,,2026-08-21 19:49:45.866610,2026-05-13 00:00:00,https://jobs.citi.com/job/clovis/personal-banker-safe-act-clovis-branch-officer/287/95039126128
CITIBANK,95008382352,Mortgage Lending Officer SAFE Act - SAN FRANCISCO,Risk and Compliance,San Francisco,CA,United States,unknown,,2026-08-21 19:49:46.873307,2026-05-12 00:00:00,https://jobs.citi.com/job/san-francisco/mortgage-lending-officer-safe-act-san-francisco/287/95008382352
CITIBANK,95008256880,Community Mortgage Lending Officer SAFE Act -  SAN FRANCISCO,Risk and Compliance,San Francisco,CA,United States,unknown,,2026-08-21 19:49:48.954457,2026-05-12 00:00:00,https://jobs.citi.com/job/san-francisco/community-mortgage-lending-officer-safe-act-san-francisco/287/95008256880
CITIBANK,95000196352,Investment Banking Vice President  - Energy,Sales and Relationship Management,Houston,TX,United States,unknown,,2026-08-21 19:49:49.907567,2026-05-12 00:00:00,https://jobs.citi.com/job/houston/investment-banking-vice-president-energy/287/95000196352
CITIBANK,87753985456,"Head of Digital Strategy & Execution, Wealth Marketing, Director",Risk and Compliance,New York,NY,United States,hybrid,,2026-08-21 19:49:51.036350,2026-05-12 00:00:00,https://jobs.citi.com/job/new-york/head-of-digital-strategy-and-execution-wealth-marketing-director/287/87753985456
CITIBANK,94854577536,Senior Software Engineer (Assistant Vice President) – Margin Technology,Software Engineering,Tampa,FL,United States,unknown,,2026-08-21 19:49:51.783691,2026-05-08 00:00:00,https://jobs.citi.com/job/tampa/senior-software-engineer-assistant-vice-president-margin-technology/287/94854577536
CITIBANK,94854577520,Senior Software Engineer (Assistant Vice President) – Margin Technology,Software Engineering,Tampa,FL,United States,unknown,,2026-08-21 19:49:52.919457,2026-05-08 00:00:00,https://jobs.citi.com/job/tampa/senior-software-engineer-assistant-vice-president-margin-technology/287/94854577520
CITIBANK,94854577504,Senior Software Engineer (Assistant Vice President) – Margin Technology,Software Engineering,Jersey City,NJ,United States,unknown,,2026-08-21 19:49:53.798541,2026-05-08 00:00:00,https://jobs.citi.com/job/jersey-city/senior-software-engineer-assistant-vice-president-margin-technology/287/94854577504
CITIBANK,94846516448,Senior Data Developer Tech Lead - Vice President,Software Engineering,Irving,TX,United States,hybrid,,2026-08-21 19:49:55.819917,2026-05-08 00:00:00,https://jobs.citi.com/job/irving/senior-data-developer-tech-lead-vice-president/287/94846516448
CITIBANK,94823964480,Wealth Investments Supervisory Technology Application Development Lead - SVP,Risk and Compliance,Jersey City,NJ,United States,hybrid,,2026-08-21 19:49:56.828216,2026-05-07 00:00:00,https://jobs.citi.com/job/jersey-city/wealth-investments-supervisory-technology-application-development-lead-svp/287/94823964480
CITIBANK,94815512688,Senior Data Developer Tech Lead - Vice President,Software Engineering,Irving,TX,United States,hybrid,,2026-08-21 19:49:57.800050,2026-05-07 00:00:00,https://jobs.citi.com/job/irving/senior-data-developer-tech-lead-vice-president/287/94815512688
CITIBANK,94807145872,Big Data Support Engineer- Assistant Vice President,Cloud and Infrastructure,Irving,TX,United States,hybrid,,2026-08-21 19:49:58.832998,2026-05-07 00:00:00,https://jobs.citi.com/job/irving/big-data-support-engineer-assistant-vice-president/287/94807145872
CITIBANK,94776533776,Gas Scheduler,Risk and Compliance,Houston,TX,United States,unknown,,2026-08-21 19:50:00.003890,2026-05-06 00:00:00,https://jobs.citi.com/job/houston/gas-scheduler/287/94776533776
CITIBANK,94768457376,Asset-Backed Securitization & Financing (“ABS&F”) - Vice President,Sales and Relationship Management,New York,NY,United States,unknown,,2026-08-21 19:50:02.064371,2026-05-06 00:00:00,https://jobs.citi.com/job/new-york/asset-backed-securitization-and-financing-abs-and-f-vice-president/287/94768457376
CITIBANK,94729513088,Senior Data Architect – Assistant Vice President,Risk and Compliance,Irving,TX,United States,hybrid,,2026-08-21 19:50:03.222721,2026-05-05 00:00:00,https://jobs.citi.com/job/irving/senior-data-architect-assistant-vice-president/287/94729513088
CITIBANK,94029712304,Community Mortgage Lending Officer (SAFE Act) - IL,Risk and Compliance,Crystal Lake,IL,United States,hybrid,,2026-08-21 19:50:03.962137,2026-04-16 00:00:00,https://jobs.citi.com/job/crystal-lake/community-mortgage-lending-officer-safe-act-il/287/94029712304
CITIBANK,94552302224,Quality Software Engineer Lead Vice President,Software Engineering,Tampa,FL,United States,hybrid,,2026-08-21 19:50:05.867535,2026-04-30 00:00:00,https://jobs.citi.com/job/tampa/quality-software-engineer-lead-vice-president/287/94552302224
CITIBANK,94492638704,"Part Time Universal Banker (20 Hours), San Rafael Branch",Sales and Relationship Management,San Rafael,CA,United States,unknown,,2026-08-21 19:50:06.964052,2026-04-28 00:00:00,https://jobs.citi.com/job/san-rafael/part-time-universal-banker-20-hours-san-rafael-branch/287/94492638704
CITIBANK,94484664512,Software Engineer - Assistant Vice President,Software Engineering,Jersey City,NJ,United States,hybrid,,2026-08-21 19:50:07.861942,2026-04-28 00:00:00,https://jobs.citi.com/job/jersey-city/software-engineer-assistant-vice-president/287/94484664512
CITIBANK,94454955376,"Part Time Universal Banker (20 Hours), Cypress Branch",Sales and Relationship Management,Cypress,CA,United States,unknown,,2026-08-21 19:50:09.010592,2026-04-27 00:00:00,https://jobs.citi.com/job/cypress/part-time-universal-banker-20-hours-cypress-branch/287/94454955376
CITIBANK,94447066032,Senior GenAI Engineering - Director,Data and AI,Tampa,FL,United States,hybrid,,2026-08-21 19:50:10.880462,2026-04-27 00:00:00,https://jobs.citi.com/job/tampa/senior-genai-engineering-director/287/94447066032
CITIBANK,94303376016,Part-Time (20 Hours) Universal Banker - Manhattan Area,Sales and Relationship Management,New York,NY,United States,unknown,,2026-08-21 19:50:12.018090,2026-04-23 00:00:00,https://jobs.citi.com/job/new-york/part-time-20-hours-universal-banker-manhattan-area/287/94303376016
CITIBANK,93961393504,Artificial Intelligence Risk and Control Controls Officer - VP,Risk and Compliance,Irving,TX,United States,hybrid,,2026-08-21 19:50:13.099922,2026-04-14 00:00:00,https://jobs.citi.com/job/irving/artificial-intelligence-risk-and-control-controls-officer-vp/287/93961393504
CITIBANK,94210558576,"Part-Time Universal Banker (20 Hours), Century City Branch",Sales and Relationship Management,Los Angeles,CA,United States,unknown,,2026-08-21 19:50:15.149321,2026-04-21 00:00:00,https://jobs.citi.com/job/los-angeles/part-time-universal-banker-20-hours-century-city-branch/287/94210558576
CITIBANK,94188638912,QA Lead — Automation & Quality Engineering - VP,Product Management,Tampa,FL,United States,hybrid,,2026-08-21 19:50:16.174739,2026-04-20 00:00:00,https://jobs.citi.com/job/tampa/qa-lead-automation-and-quality-engineering-vp/287/94188638912
CITIBANK,94029793584,Senior Java Big Data Developer - Assistant Vice President,Software Engineering,Jersey City,NJ,United States,hybrid,,2026-08-21 19:50:16.980234,2026-04-16 00:00:00,https://jobs.citi.com/job/jersey-city/senior-java-big-data-developer-assistant-vice-president/287/94029793584
CITIBANK,93983632800,Senior Tableau Developer – Assistant Vice President,Software Engineering,Tampa,FL,United States,hybrid,,2026-08-21 19:50:18.112546,2026-04-15 00:00:00,https://jobs.citi.com/job/tampa/senior-tableau-developer-assistant-vice-president/287/93983632800
CITIBANK,93794935360,Backend Java Developer - Vice President,Software Engineering,Rutherford,NJ,United States,hybrid,,2026-08-21 19:50:20.998934,2026-04-10 00:00:00,https://jobs.citi.com/job/rutherford/backend-java-developer-vice-president/287/93794935360
CITIBANK,93724104768,"Services - Summer Analyst Program, New York City - US, 2027",Risk and Compliance,New York,NY,United States,unknown,,2026-08-21 19:50:21.093520,2026-04-08 00:00:00,https://jobs.citi.com/job/new-york/services-summer-analyst-program-new-york-city-us-2027/287/93724104768
CITIBANK,93693362944,FTP Lead Analyst - VP,Risk and Compliance,Charlotte,NC,United States,hybrid,,2026-08-21 19:50:22.261408,2026-04-07 00:00:00,https://jobs.citi.com/job/charlotte/ftp-lead-analyst-vp/287/93693362944
CITIBANK,93647153104,"SVP, Trading Desk Information Mgmt. Sr Lead/Quantitative Analyst",Risk and Compliance,New York,NY,United States,unknown,,2026-08-21 19:50:23.255655,2026-04-06 00:00:00,https://jobs.citi.com/job/new-york/svp-trading-desk-information-mgmt-sr-lead-quantitative-analyst/287/93647153104
CITIBANK,91693631696,Senior Wealth Advisor SAFE Act,Risk and Compliance,Chicago,IL,United States,unknown,,2026-08-21 19:50:24.328061,2026-02-13 00:00:00,https://jobs.citi.com/job/chicago/senior-wealth-advisor-safe-act/287/91693631696
CITIBANK,93452195856,Engineering Lead Analyst - Vice President,Software Engineering,Irving,TX,United States,unknown,,2026-08-21 19:50:26.215825,2026-04-01 00:00:00,https://jobs.citi.com/job/irving/engineering-lead-analyst-vice-president/287/93452195856
CITIBANK,89122287728,Correspondent Associate Credit Analyst,Risk and Compliance,Jacksonville,FL,United States,hybrid,,2026-08-21 19:50:27.280678,2025-12-03 00:00:00,https://jobs.citi.com/job/jacksonville/correspondent-associate-credit-analyst/287/89122287728
CITIBANK,92999806176,"Senior Trader, Funding and Resource Management, Director",Risk and Compliance,New York,NY,United States,unknown,,2026-08-21 19:50:28.310338,2026-03-20 00:00:00,https://jobs.citi.com/job/new-york/senior-trader-funding-and-resource-management-director/287/92999806176
CITIBANK,92883086816,"Client Experience Associate SAFE ACT, Assistant Vice President",Risk and Compliance,Washington,DC,United States,hybrid,,2026-08-21 19:50:30.403763,2026-03-17 00:00:00,https://jobs.citi.com/job/washington/client-experience-associate-safe-act-assistant-vice-president/287/92883086816
CITIBANK,92657986000,"Personal Banker SAFE ACT, Piedmont Avenue Branch, Officer",Sales and Relationship Management,Oakland,CA,United States,unknown,,2026-08-21 19:50:31.428127,2026-03-11 00:00:00,https://jobs.citi.com/job/oakland/personal-banker-safe-act-piedmont-avenue-branch-officer/287/92657986000
CITIBANK,92642116032,"Part-Time Universal Banker (20 Hours), Richmond Branch",Sales and Relationship Management,Richmond,CA,United States,unknown,,2026-08-21 19:50:32.349830,2026-03-11 00:00:00,https://jobs.citi.com/job/richmond/part-time-universal-banker-20-hours-richmond-branch/287/92642116032
CITIBANK,82424312720,Wealth Relationship Manager - Miami Center Hub (Multilingual Skills Required),Risk and Compliance,Miami,FL,United States,unknown,,2026-08-21 19:50:33.386449,2026-01-05 00:00:00,https://jobs.citi.com/job/miami/wealth-relationship-manager-miami-center-hub-multilingual-skills-required/287/82424312720
CITIBANK,90347378400,Head of Wealth at Work Advisors,Risk and Compliance,Miami,FL,United States,hybrid,,2026-08-21 19:50:34.391077,2026-01-07 00:00:00,https://jobs.citi.com/job/miami/head-of-wealth-at-work-advisors/287/90347378400
CITIBANK,91544919312,"Part-Time Teller (20 Hours), Bilingual English/Spanish Speaking Preferred, Fruitvale Village Branch",Risk and Compliance,Oakland,CA,United States,unknown,,2026-08-21 19:50:37.402961,2026-02-09 00:00:00,https://jobs.citi.com/job/oakland/part-time-teller-20-hours-bilingual-english-spanish-speaking-preferred-fruitvale-village-branch/287/91544919312
CITIBANK,91544919264,"Part-Time Teller (20 Hours), Berkeley Branch",Risk and Compliance,Berkeley,CA,United States,unknown,,2026-08-21 19:50:38.430574,2026-02-09 00:00:00,https://jobs.citi.com/job/berkeley/part-time-teller-20-hours-berkeley-branch/287/91544919264
CITIBANK,91165348096,Wealth Relationship Manager SAFE Act,Risk and Compliance,San Francisco,CA,United States,unknown,,2026-08-21 19:50:39.427885,2026-01-29 00:00:00,https://jobs.citi.com/job/san-francisco/wealth-relationship-manager-safe-act/287/91165348096
CITIBANK,91095670768,Starburst Senior Data Engineer- Vice President,Data and AI,Irving,TX,United States,hybrid,,2026-08-21 19:50:41.301234,2026-01-27 00:00:00,https://jobs.citi.com/job/irving/starburst-senior-data-engineer-vice-president/287/91095670768
CITIBANK,90822902368,Wealth Relationship Manager SAFE Act,Risk and Compliance,Santa Clara,CA,United States,unknown,,2026-08-21 19:50:42.441297,2026-01-21 00:00:00,https://jobs.citi.com/job/santa-clara/wealth-relationship-manager-safe-act/287/90822902368
CITIBANK,90822902352,Wealth Relationship Manager SAFE Act,Risk and Compliance,Mountain View,CA,United States,unknown,,2026-08-21 19:50:43.441007,2026-01-21 00:00:00,https://jobs.citi.com/job/mountain-view/wealth-relationship-manager-safe-act/287/90822902352
CITIBANK,90822902304,Wealth Relationship Manager SAFE Act,Risk and Compliance,San Jose,CA,United States,unknown,,2026-08-21 19:50:44.466302,2026-01-21 00:00:00,https://jobs.citi.com/job/san-jose/wealth-relationship-manager-safe-act/287/90822902304
CITIBANK,89809477504,"Markets - Sales and Trading, Summer Analyst, New York City - US, 2027",Sales and Relationship Management,New York,NY,United States,hybrid,,2026-08-21 19:50:46.382097,2025-12-22 00:00:00,https://jobs.citi.com/job/new-york/markets-sales-and-trading-summer-analyst-new-york-city-us-2027/287/89809477504
CITIBANK,89809477472,"Markets - Quantitative Analysis, Summer Analyst - New York City - US, 2027",Data and AI,New York,NY,United States,hybrid,,2026-08-21 19:50:47.348688,2025-12-22 00:00:00,https://jobs.citi.com/job/new-york/markets-quantitative-analysis-summer-analyst-new-york-city-us-2027/287/89809477472
CITIBANK,89667237008,"Part-Time Teller (20 Hours), Albany Branch",Risk and Compliance,Albany,CA,United States,unknown,,2026-08-21 19:50:48.556124,2025-12-18 00:00:00,https://jobs.citi.com/job/albany/part-time-teller-20-hours-albany-branch/287/89667237008
CITIBANK,89623977296,Citi Wealth at Work - Banker - Director,Sales and Relationship Management,Beverly Hills,CA,United States,hybrid,,2026-08-21 19:50:49.599462,2025-12-17 00:00:00,https://jobs.citi.com/job/beverly-hills/citi-wealth-at-work-banker-director/287/89623977296
CITIBANK,89588822752,Big Data Support Engineer Lead - Vice President,Cloud and Infrastructure,Irving,TX,United States,hybrid,,2026-08-21 19:50:50.517143,2025-12-16 00:00:00,https://jobs.citi.com/job/irving/big-data-support-engineer-lead-vice-president/287/89588822752
CITIBANK,85283630768,Citi Private Bank: Banker Team Leader - Managing Director,Risk and Compliance,New York,NY,United States,unknown,,2026-08-21 19:50:53.694666,2025-08-21 00:00:00,https://jobs.citi.com/job/new-york/citi-private-bank-banker-team-leader-managing-director/287/85283630768
CITIBANK,84663672944,Private Banker,Risk and Compliance,New York,NY,United States,unknown,,2026-08-21 19:50:54.556572,2025-08-05 00:00:00,https://jobs.citi.com/job/new-york/private-banker/287/84663672944
CITIBANK,83534543808,Citi Private Bank - UHNW Private Banker - Director / MD,Sales and Relationship Management,Atlanta,GA,United States,hybrid,,2026-08-21 19:50:55.577741,2025-07-08 00:00:00,https://jobs.citi.com/job/atlanta/citi-private-bank-uhnw-private-banker-director-md/287/83534543808
CITIBANK,99545072032,"Senior Java Developer, Vice President",Software Engineering,Jersey City,NJ,United States,hybrid,,2026-08-21 19:56:15.989336,2026-08-21 00:00:00,https://jobs.citi.com/job/jersey-city/senior-java-developer-vice-president/287/99545072032
CITIBANK,99545065328,Recovery Manager - Assistant Vice President,Risk and Compliance,Florence,KY,United States,hybrid,,2026-08-21 19:56:18.016981,2026-08-21 00:00:00,https://jobs.citi.com/job/florence/recovery-manager-assistant-vice-president/287/99545065328
CITIBANK,99545032528,Head of Controls for the U.S. Retail Banking and Citigold,Risk and Compliance,New York,NY,United States,hybrid,,2026-08-21 19:56:21.048299,2026-08-21 00:00:00,https://jobs.citi.com/job/new-york/head-of-controls-for-the-u-s-retail-banking-and-citigold/287/99545032528
CITIBANK,98562572368,"Senior Vice President, Card Payments Partnership & Product Commercialization (Hybrid)",Sales and Relationship Management,New York,NY,United States,hybrid,,2026-08-21 19:56:35.142578,2026-07-31 00:00:00,https://jobs.citi.com/job/new-york/senior-vice-president-card-payments-partnership-and-product-commercialization-hybrid/287/98562572368
CITIBANK,97781912848,Principal Engineer – Vice President,Cloud and Infrastructure,Irving,TX,United States,hybrid,,2026-08-21 19:56:38.183930,2026-07-14 00:00:00,https://jobs.citi.com/job/irving/principal-engineer-vice-president/287/97781912848
CITIBANK,93999657904,Mortgage Home Lending Officer,Risk and Compliance,Boca Raton,FL,United States,hybrid,,2026-08-21 19:56:41.369451,2026-04-15 00:00:00,https://jobs.citi.com/job/boca-raton/mortgage-home-lending-officer/287/93999657904
CITIBANK,99532159312,Managers Control Self-Assessment Group Manager - US Retail Bank & Citigold Global Assessment Unit,Risk and Compliance,O'Fallon,MO,United States,hybrid,,2026-08-21 19:56:54.389576,2026-08-21 00:00:00,https://jobs.citi.com/job/o-fallon/managers-control-self-assessment-group-manager-us-retail-bank-and-citigold-global-assessment-unit/287/99532159312
CITIBANK,99508178080,Marketing Data Analyst - In House Creative Agency,Data and AI,Schaumburg,IL,United States,hybrid,,2026-08-21 19:57:09.666598,2026-08-20 00:00:00,https://jobs.citi.com/job/schaumburg/marketing-data-analyst-in-house-creative-agency/287/99508178080
CITIBANK,99508167104,IT Business Lead Analyst - Vice President,Risk and Compliance,Irving,TX,United States,hybrid,,2026-08-21 19:57:11.778647,2026-08-20 00:00:00,https://jobs.citi.com/job/irving/it-business-lead-analyst-vice-president/287/99508167104
CITIBANK,99501132176,Managers Control Self-Assessment Group Manager - Branch & Payments,Risk and Compliance,New York,NY,United States,hybrid,,2026-08-21 19:57:18.495648,2026-08-21 00:00:00,https://jobs.citi.com/job/new-york/managers-control-self-assessment-group-manager-branch-and-payments/287/99501132176
CITIBANK,99501124080,Intermediate DevOps Engineer,Cloud and Infrastructure,Tampa,FL,United States,hybrid,,2026-08-21 19:57:19.699159,2026-08-20 00:00:00,https://jobs.citi.com/job/tampa/intermediate-devops-engineer/287/99501124080
CITIBANK,99501112400,"Director, Mid-Corp Relationship Manager - Media & Comms",Risk and Compliance,Los Angeles,CA,United States,hybrid,,2026-08-21 19:57:25.734609,2026-08-20 00:00:00,https://jobs.citi.com/job/los-angeles/director-mid-corp-relationship-manager-media-and-comms/287/99501112400
CITIBANK,99501087888,"Assessment & Design Sr. Lead - Wealth Lending Controls, Senior Vice President",Risk and Compliance,Irving,TX,United States,hybrid,,2026-08-21 19:57:28.730774,2026-08-20 00:00:00,https://jobs.citi.com/job/irving/assessment-and-design-sr-lead-wealth-lending-controls-senior-vice-president/287/99501087888
CITIBANK,99061949872,"Part-Time Universal Banker (20 Hours), Concord/ Walnut Creek Area",Sales and Relationship Management,Concord,CA,United States,unknown,,2026-08-21 19:57:38.903131,2026-08-11 00:00:00,https://jobs.citi.com/job/concord/part-time-universal-banker-20-hours-concord-walnut-creek-area/287/99061949872
CITIBANK,97579072352,AI/ML Engineer - Engineering Excellence (Full Stack Developer),Software Engineering,Irving,TX,United States,hybrid,,2026-08-21 19:57:45.681638,2026-08-21 00:00:00,https://jobs.citi.com/job/irving/ai-ml-engineer-engineering-excellence-full-stack-developer/287/97579072352
CITIBANK,89659013184,"Personal Banker SAFE Act, Fremont/ Union City Area, Officer (Bilingual Mandarin Preferred)",Sales and Relationship Management,Fremont,CA,United States,unknown,,2026-08-21 19:57:54.937861,2025-12-18 00:00:00,https://jobs.citi.com/job/fremont/personal-banker-safe-act-fremont-union-city-area-officer-bilingual-mandarin-preferred/287/89659013184
CITIBANK,88394329696,Senior Audit Manager ~ AI Governance and Risks,Risk and Compliance,New York,NY,United States,hybrid,,2026-08-21 19:57:55.845960,2026-07-16 00:00:00,https://jobs.citi.com/job/new-york/senior-audit-manager-ai-governance-and-risks/287/88394329696
CITIBANK,99487070016,"VP, Competitive Intelligence Insights",Risk and Compliance,Schaumburg,IL,United States,hybrid,,2026-08-21 19:57:58.855823,2026-08-20 00:00:00,https://jobs.citi.com/job/schaumburg/vp-competitive-intelligence-insights/287/99487070016
CITIBANK,99487026736,Global Head of Wealth Data & Analytics Production Management - Director,Risk and Compliance,Jersey City,NJ,United States,hybrid,,2026-08-21 19:57:59.772188,2026-08-20 00:00:00,https://jobs.citi.com/job/jersey-city/global-head-of-wealth-data-and-analytics-production-management-director/287/99487026736
CITIBANK,99487021328,"Director, Mid-Corp Relationship Manager - Consumer & Retail",Sales and Relationship Management,Chicago,IL,United States,hybrid,,2026-08-21 19:58:02.867353,2026-08-20 00:00:00,https://jobs.citi.com/job/chicago/director-mid-corp-relationship-manager-consumer-and-retail/287/99487021328
CITIBANK,99461087952,"Digital Software Mobile Developer, iOS, Android",Software Engineering,Irving,TX,United States,hybrid,,2026-08-21 19:58:11.044720,2026-08-19 00:00:00,https://jobs.citi.com/job/irving/digital-software-mobile-developer-ios-android/287/99461087952
CITIBANK,99461087104,Digital PM Analyst,Risk and Compliance,New York,NY,United States,hybrid,,2026-08-21 19:58:11.952037,2026-08-19 00:00:00,https://jobs.citi.com/job/new-york/digital-pm-analyst/287/99461087104
CITIBANK,99451017840,"Managing Director, Media & Communications Banker, Citi Commercial Bank (CCB)",Sales and Relationship Management,Los Angeles,CA,United States,hybrid,,2026-08-21 19:58:25.178286,2026-08-19 00:00:00,https://jobs.citi.com/job/los-angeles/managing-director-media-and-communications-banker-citi-commercial-bank-ccb/287/99451017840
CITIBANK,99450985344,Digital PM Lead Analyst,Operations,New York,NY,United States,hybrid,,2026-08-21 19:58:30.128175,2026-08-19 00:00:00,https://jobs.citi.com/job/new-york/digital-pm-lead-analyst/287/99450985344
CITIBANK,99450982304,"Credit Portfolio Officer, Vice President",Risk and Compliance,Atlanta,GA,United States,hybrid,,2026-08-21 19:58:30.979973,2026-08-19 00:00:00,https://jobs.citi.com/job/atlanta/credit-portfolio-officer-vice-president/287/99450982304
CITIBANK,99413248208,Senior Java Developer Assistant Vice President,Software Engineering,Irving,TX,United States,hybrid,,2026-08-21 19:58:42.334381,2026-08-18 00:00:00,https://jobs.citi.com/job/irving/senior-java-developer-assistant-vice-president/287/99413248208
CITIBANK,99405761024,"Product Management - Customer Engagement, Assistant Vice President (Hybrid)",Sales and Relationship Management,Wilmington,DE,United States,hybrid,,2026-08-21 19:58:43.105169,2026-08-18 00:00:00,https://jobs.citi.com/job/wilmington/product-management-customer-engagement-assistant-vice-president-hybrid/287/99405761024
CITIBANK,99017404928,"Lead Generative AI Engineer, VP",Data and AI,Irving,TX,United States,hybrid,,2026-08-21 19:58:47.434817,2026-08-19 00:00:00,https://jobs.citi.com/job/irving/lead-generative-ai-engineer-vp/287/99017404928
CITIBANK,98388451744,Senior Vice President - Credit Portfolio Senior Officer - Hybrid,Risk and Compliance,Wilmington,DE,United States,hybrid,,2026-08-21 19:58:49.223298,2026-07-27 00:00:00,https://jobs.citi.com/job/wilmington/senior-vice-president-credit-portfolio-senior-officer-hybrid/287/98388451744
CITIBANK,97479237728,Product Manager Complex Assets - VP,Risk and Compliance,Boston,MA,United States,unknown,,2026-08-21 19:58:54.297143,2026-08-19 00:00:00,https://jobs.citi.com/job/boston/product-manager-complex-assets-vp/287/97479237728
CITIBANK,97435490576,MD Global Head of Hardware & Complex Vendor Management,Risk and Compliance,New York,NY,United States,hybrid,,2026-08-21 19:58:55.582586,2026-08-19 00:00:00,https://jobs.citi.com/job/new-york/md-global-head-of-hardware-and-complex-vendor-management/287/97435490576
CITIBANK,94969286736,SVP Senior C++ Market Data Engineer,Data and AI,Jersey City,NJ,United States,hybrid,,2026-08-21 19:59:03.556795,2026-05-11 00:00:00,https://jobs.citi.com/job/jersey-city/svp-senior-c-market-data-engineer/287/94969286736
CITIBANK,93999657840,Mortgage Community Lending Officer,Risk and Compliance,Vernon Hills,IL,United States,hybrid,,2026-08-21 19:59:09.556838,2026-04-15 00:00:00,https://jobs.citi.com/job/vernon-hills/mortgage-community-lending-officer/287/93999657840
CITIBANK,93639731680,Senior Mainframe Developer,Software Engineering,Jacksonville,FL,United States,hybrid,,2026-08-21 19:59:10.561984,2026-04-06 00:00:00,https://jobs.citi.com/job/jacksonville/senior-mainframe-developer/287/93639731680
CITIBANK,91650820080,Wealth Relationship Manager | DMV Market,Risk and Compliance,Rockville,MD,United States,unknown,,2026-08-21 19:59:12.593868,2026-02-12 00:00:00,https://jobs.citi.com/job/rockville/wealth-relationship-manager-dmv-market/287/91650820080
CITIBANK,83534543776,Citi Private Bank | UHNW Investment Counselor,Risk and Compliance,Houston,TX,United States,hybrid,,2026-08-21 19:59:16.692856,2025-07-08 00:00:00,https://jobs.citi.com/job/houston/citi-private-bank-uhnw-investment-counselor/287/83534543776
CITIBANK,99436940240,Ops Support Sr. Manager - Divisional Underwriting Manager for Distributed Retail Fulfillment,Risk and Compliance,,,United States,remote,,2026-08-21 19:59:20.756957,2026-08-19 00:00:00,https://jobs.citi.com/job/jefferson-city/ops-support-sr-manager-divisional-underwriting-manager-for-distributed-retail-fulfillment/287/99436940240
CITIBANK,99413215216,Intelligence Lead Analyst - Vice President,Cybersecurity,Tampa,FL,United States,hybrid,,2026-08-21 19:59:30.567783,2026-08-18 00:00:00,https://jobs.citi.com/job/tampa/intelligence-lead-analyst-vice-president/287/99413215216
CITIBANK,99413213152,GenAI Tech Lead- Senior Vice President,Data and AI,Tampa,FL,United States,hybrid,,2026-08-21 19:59:32.604786,2026-08-18 00:00:00,https://jobs.citi.com/job/tampa/genai-tech-lead-senior-vice-president/287/99413213152
CITIBANK,99405718864,Commercial Credit Officer,Risk and Compliance,Irving,TX,United States,hybrid,,2026-08-21 19:59:54.742555,2026-08-18 00:00:00,https://jobs.citi.com/job/irving/commercial-credit-officer/287/99405718864
CITIBANK,99405710512,"Banker, Vice President – Corporate Banking U.S. Subsidiaries – Healthcare or Consumer Coverage",Sales and Relationship Management,New York,NY,United States,hybrid,,2026-08-21 19:59:58.719785,2026-08-18 00:00:00,https://jobs.citi.com/job/new-york/banker-vice-president-corporate-banking-u-s-subsidiaries-healthcare-or-consumer-coverage/287/99405710512
CITIBANK,99405710496,"Banker, Vice President - Corporate Banking U.S. Subsidiaries – Industrials Coverage",Sales and Relationship Management,New York,NY,United States,hybrid,,2026-08-21 19:59:59.749719,2026-08-18 00:00:00,https://jobs.citi.com/job/new-york/banker-vice-president-corporate-banking-u-s-subsidiaries-industrials-coverage/287/99405710496
CITIBANK,99405710480,"Banker, Director – Corporate Banking U.S. Subsidiaries - Industrials Coverage",Sales and Relationship Management,New York,NY,United States,hybrid,,2026-08-21 20:00:00.747894,2026-08-18 00:00:00,https://jobs.citi.com/job/new-york/banker-director-corporate-banking-u-s-subsidiaries-industrials-coverage/287/99405710480
CITIBANK,99405710464,"Banker, Director - Corporate Banking U.S. Subsidiaries - Tech Coverage",Sales and Relationship Management,New York,NY,United States,hybrid,,2026-08-21 20:00:02.004259,2026-08-18 00:00:00,https://jobs.citi.com/job/new-york/banker-director-corporate-banking-u-s-subsidiaries-tech-coverage/287/99405710464
CITIBANK,99405694784,"Applications Support Senior Analyst, Assistant Vice President",Cloud and Infrastructure,Jacksonville,FL,United States,hybrid,,2026-08-21 20:00:05.028266,2026-08-18 00:00:00,https://jobs.citi.com/job/jacksonville/applications-support-senior-analyst-assistant-vice-president/287/99405694784
CITIBANK,99221459088,"Algo and e-Trading Applications Development Manager, Director",Risk and Compliance,New York,NY,United States,hybrid,,2026-08-21 20:00:17.216854,2026-08-14 00:00:00,https://jobs.citi.com/job/new-york/algo-and-e-trading-applications-development-manager-director/287/99221459088
CITIBANK,99156644944,Virtual Accounts Product Manager - VP,Product Management,New Castle,DE,United States,unknown,,2026-08-21 20:00:17.798638,2026-08-18 00:00:00,https://jobs.citi.com/job/new-castle/virtual-accounts-product-manager-vp/287/99156644944
CITIBANK,99038676256,"AVP, Physical Security Technology Administrator",Risk and Compliance,New Castle,DE,United States,hybrid,,2026-08-21 20:00:22.929421,2026-08-10 00:00:00,https://jobs.citi.com/job/new-castle/avp-physical-security-technology-administrator/287/99038676256
CITIBANK,99038668352,"Algo Developer, Fixed Income Trading, Senior Vice President",Software Engineering,Jersey City,NJ,United States,hybrid,,2026-08-21 20:00:24.033185,2026-08-10 00:00:00,https://jobs.citi.com/job/jersey-city/algo-developer-fixed-income-trading-senior-vice-president/287/99038668352
CITIBANK,98764075152,"Product Developer / Business Analyst - Counterparty Credit Risk Stress Testing, Vice President",Risk and Compliance,Irving,TX,United States,hybrid,,2026-08-21 20:00:28.036678,2026-08-18 00:00:00,https://jobs.citi.com/job/irving/product-developer-business-analyst-counterparty-credit-risk-stress-testing-vice-president/287/98764075152
CITIBANK,98236345728,"Digital PM Lead Analyst, Vice President",Operations,Irving,TX,United States,hybrid,,2026-08-21 20:00:34.064158,2026-08-18 00:00:00,https://jobs.citi.com/job/irving/digital-pm-lead-analyst-vice-president/287/98236345728
CITIBANK,97531595440,Citi Commercial Bank - Relationship Manager  - Director,Sales and Relationship Management,Miami,FL,United States,hybrid,,2026-08-21 20:00:39.976369,2026-08-18 00:00:00,https://jobs.citi.com/job/miami/citi-commercial-bank-relationship-manager-director/287/97531595440
CITIBANK,96213464896,Gen AI Software Engineer - Vice President,Software Engineering,Jacksonville,FL,United States,hybrid,,2026-08-21 20:00:49.132793,2026-08-19 00:00:00,https://jobs.citi.com/job/jacksonville/gen-ai-software-engineer-vice-president/287/96213464896
CITIBANK,99364728272,Field Sales Representative -  OhioTelecommuter USA,Sales and Relationship Management,,,United States,remote,,2026-08-21 20:01:05.202332,2026-08-17 00:00:00,https://jobs.citi.com/job/columbus/field-sales-representative-ohiotelecommuter-usa/287/99364728272
CITIBANK,99357218768,Asset Servicing Intermediate Associate Analyst Hybrid,Operations,Getzville,NY,United States,hybrid,,2026-08-21 20:01:17.339592,2026-08-17 00:00:00,https://jobs.citi.com/job/getzville/asset-servicing-intermediate-associate-analyst-hybrid/287/99357218768
CITIBANK,98434670592,"Director, Premium Customer Experience & Wealth Integration (Hybrid)",Risk and Compliance,New York,NY,United States,hybrid,,2026-08-21 20:01:36.472648,2026-08-17 00:00:00,https://jobs.citi.com/job/new-york/director-premium-customer-experience-and-wealth-integration-hybrid/287/98434670592
CITIBANK,97083818192,AVP Media Sciences and Measurement,Risk and Compliance,Irving,TX,United States,hybrid,,2026-08-21 20:01:45.466660,2026-08-17 00:00:00,https://jobs.citi.com/job/irving/avp-media-sciences-and-measurement/287/97083818192
CITIBANK,96818319776,ETL Application Support Analyst,Operations,Tampa,FL,United States,hybrid,,2026-08-21 20:01:48.492707,2026-08-18 00:00:00,https://jobs.citi.com/job/tampa/etl-application-support-analyst/287/96818319776
CITIBANK,96783245760,Cyber Risk Senior Officer  - Senior Vice President,Risk and Compliance,Irving,TX,United States,hybrid,,2026-08-21 20:01:49.356979,2026-08-17 00:00:00,https://jobs.citi.com/job/irving/cyber-risk-senior-officer-senior-vice-president/287/96783245760
CITIBANK,95121532640,Digital Software Engineer Sr. Analyst - Assistant Vice President,Software Engineering,Irving,TX,United States,hybrid,,2026-08-21 20:01:53.553900,2026-08-17 00:00:00,https://jobs.citi.com/job/irving/digital-software-engineer-sr-analyst-assistant-vice-president/287/95121532640
CITIBANK,92459890032,"Applications Development Technology Sr. Lead Analyst, Senior Vice President",Risk and Compliance,Jersey City,NJ,United States,hybrid,,2026-08-21 20:01:57.642674,2026-08-17 00:00:00,https://jobs.citi.com/job/jersey-city/applications-development-technology-sr-lead-analyst-senior-vice-president/287/92459890032
CITIBANK,98904584208,"Equity Research Associate (Semis, Networking, Hardware, Quantum)",Risk and Compliance,New York,NY,United States,hybrid,,2026-08-21 20:02:02.569697,2026-08-07 00:00:00,https://jobs.citi.com/job/new-york/equity-research-associate-semis-networking-hardware-quantum/287/98904584208
CITIBANK,99340960784,Financial Reporting Assistant Vice President,Risk and Compliance,Columbus,OH,United States,hybrid,,2026-08-21 20:02:10.500996,2026-08-17 00:00:00,https://jobs.citi.com/job/columbus/financial-reporting-assistant-vice-president/287/99340960784
CITIBANK,99229477920,Field Sales Sr Officer,Sales and Relationship Management,,,United States,remote,,2026-08-21 20:02:18.840649,2026-08-14 00:00:00,https://jobs.citi.com/job/tallahassee/field-sales-sr-officer/287/99229477920
CITIBANK,99229475920,"Director, Services Operations AI Governance & AI-First Ways of Working",Operations,New York,NY,United States,hybrid,,2026-08-21 20:02:19.728050,2026-08-14 00:00:00,https://jobs.citi.com/job/new-york/director-services-operations-ai-governance-and-ai-first-ways-of-working/287/99229475920
CITIBANK,99229475888,"Director, Services Operations Agentic Workflow & Implementation",Risk and Compliance,New York,NY,United States,hybrid,,2026-08-21 20:02:20.810401,2026-08-14 00:00:00,https://jobs.citi.com/job/new-york/director-services-operations-agentic-workflow-and-implementation/287/99229475888
CITIBANK,99085093184,"Lead Counsel – Markets Contract and ISDA Negotiations, Senior Vice President",Legal,Tampa,FL,United States,hybrid,,2026-08-21 20:02:37.947447,2026-08-11 00:00:00,https://jobs.citi.com/job/tampa/lead-counsel-markets-contract-and-isda-negotiations-senior-vice-president/287/99085093184
CITIBANK,98481793024,Applications Support Technology Lead Analyst - Vice President,Risk and Compliance,Jacksonville,FL,United States,hybrid,,2026-08-21 20:02:45.000823,2026-07-29 00:00:00,https://jobs.citi.com/job/jacksonville/applications-support-technology-lead-analyst-vice-president/287/98481793024
CITIBANK,97509280432,"Business Banking Relationship Manager South San Diego CA, Assistant Vice President",Sales and Relationship Management,San Diego,CA,United States,unknown,,2026-08-21 20:02:50.879527,2026-07-08 00:00:00,https://jobs.citi.com/job/san-diego/business-banking-relationship-manager-south-san-diego-ca-assistant-vice-president/287/97509280432
CITIBANK,96170614656,Gen AI/Python Developer  - Assistant Vice President,Software Engineering,Tampa,FL,United States,hybrid,,2026-08-21 20:02:56.094246,2026-08-17 00:00:00,https://jobs.citi.com/job/tampa/gen-ai-python-developer-assistant-vice-president/287/96170614656
CITIBANK,89093918368,Senior Wealth Advisor SAFE Act,Risk and Compliance,Boca Raton,FL,United States,hybrid,,2026-08-21 20:03:00.620395,2025-12-02 00:00:00,https://jobs.citi.com/job/boca-raton/senior-wealth-advisor-safe-act/287/89093918368
CITIBANK,99213798304,Technology Lead Business Analyst,Risk and Compliance,Schaumburg,IL,United States,hybrid,,2026-08-21 20:03:01.166806,2026-08-14 00:00:00,https://jobs.citi.com/job/schaumburg/technology-lead-business-analyst/287/99213798304
CITIBANK,99213725776,Apps Dev Tech Sr Lead Analyst - Senior Vice President,Risk and Compliance,Irving,TX,United States,hybrid,,2026-08-21 20:03:18.252788,2026-08-14 00:00:00,https://jobs.citi.com/job/irving/apps-dev-tech-sr-lead-analyst-senior-vice-president/287/99213725776
CITIBANK,99213725712,Apps Dev Tech Lead Analyst - Vice President,Risk and Compliance,Irving,TX,United States,hybrid,,2026-08-21 20:03:19.317578,2026-08-14 00:00:00,https://jobs.citi.com/job/irving/apps-dev-tech-lead-analyst-vice-president/287/99213725712
CITIBANK,99183725504,"Director, Wholesale Loan Transaction Management",Risk and Compliance,New York,NY,United States,hybrid,,2026-08-21 20:03:24.150414,2026-08-13 00:00:00,https://jobs.citi.com/job/new-york/director-wholesale-loan-transaction-management/287/99183725504
CITIBANK,99175514752,"Cobrand Acquisition Strategy, Performance & Analytics",Risk and Compliance,Irving,TX,United States,hybrid,,2026-08-21 20:03:35.292285,2026-08-13 00:00:00,https://jobs.citi.com/job/irving/cobrand-acquisition-strategy-performance-and-analytics/287/99175514752
CITIBANK,98836101680,Artificial Intelligence (AI) Offensive Security Analyst,Cybersecurity,Tampa,FL,United States,hybrid,,2026-08-21 20:03:49.370320,2026-08-06 00:00:00,https://jobs.citi.com/job/tampa/artificial-intelligence-ai-offensive-security-analyst/287/98836101680
CITIBANK,98588405168,AVP Project Senior Analyst,Risk and Compliance,New Castle,DE,United States,hybrid,,2026-08-21 20:03:52.219532,2026-07-31 00:00:00,https://jobs.citi.com/job/new-castle/avp-project-senior-analyst/287/98588405168
CITIBANK,98195507456,Regional Marketing Senior Lead Analyst,Risk and Compliance,San Francisco,CA,United States,hybrid,,2026-08-21 20:03:55.510829,2026-07-23 00:00:00,https://jobs.citi.com/job/san-francisco/regional-marketing-senior-lead-analyst/287/98195507456
CITIBANK,98105452688,VP Engineering – Electronic Trading,Risk and Compliance,Jersey City,NJ,United States,hybrid,,2026-08-21 20:03:57.263915,2026-07-21 00:00:00,https://jobs.citi.com/job/jersey-city/vp-engineering-electronic-trading/287/98105452688
CITIBANK,97618084912,Bilingual Loan Processor,Operations,O'Fallon,MO,United States,unknown,,2026-08-21 20:04:01.383924,2026-08-13 00:00:00,https://jobs.citi.com/job/o-fallon/bilingual-loan-processor/287/97618084912
CITIBANK,95346239584,"Citi Agency & Trust, Director, Structured Capital Markets Sales",Sales and Relationship Management,New York,NY,United States,unknown,,2026-08-21 20:04:11.468637,2026-08-13 00:00:00,https://jobs.citi.com/job/new-york/citi-agency-and-trust-director-structured-capital-markets-sales/287/95346239584
CITIBANK,94729524928,Wealth Relationship Manager - San Carlos,Risk and Compliance,Mountain View,CA,United States,unknown,,2026-08-21 20:04:15.516777,2026-05-05 00:00:00,https://jobs.citi.com/job/mountain-view/wealth-relationship-manager-san-carlos/287/94729524928
CITIBANK,89374418352,Citi Private Bank | UHNW Private Banker,Risk and Compliance,Greenwich,CT,United States,hybrid,,2026-08-21 20:04:23.572102,2025-12-10 00:00:00,https://jobs.citi.com/job/greenwich/citi-private-bank-uhnw-private-banker/287/89374418352
CITIBANK,99156602752,Generative AI Senior Delivery Lead,Data and AI,Tampa,FL,United States,hybrid,,2026-08-21 20:04:34.435080,2026-08-13 00:00:00,https://jobs.citi.com/job/tampa/generative-ai-senior-delivery-lead/287/99156602752
CITIBANK,95728479552,Citi Private Bank | Investment Counselor | San Francisco & Palo Alto,Risk and Compliance,San Francisco,CA,United States,hybrid,,2026-08-21 20:05:23.769193,2026-05-29 00:00:00,https://jobs.citi.com/job/san-francisco/citi-private-bank-investment-counselor-san-francisco-and-palo-alto/287/95728479552
CITIBANK,95728479520,Citi Private Bank | Investment Counselor | Beverly Hills & Orange County,Risk and Compliance,Beverly Hills,CA,United States,hybrid,,2026-08-21 20:05:24.908361,2026-05-29 00:00:00,https://jobs.citi.com/job/beverly-hills/citi-private-bank-investment-counselor-beverly-hills-and-orange-county/287/95728479520
CITIBANK,95640372240,Citi Private Bank | UHNW Banker | Beverly Hills & Orange County,Risk and Compliance,Beverly Hills,CA,United States,hybrid,,2026-08-21 20:05:26.149789,2026-05-27 00:00:00,https://jobs.citi.com/job/beverly-hills/citi-private-bank-uhnw-banker-beverly-hills-and-orange-county/287/95640372240
CITIBANK,95640372224,Citi Private Bank | UHNW Banker | San Francisco & Palo Alto,Risk and Compliance,San Francisco,CA,United States,hybrid,,2026-08-21 20:05:26.929437,2026-05-27 00:00:00,https://jobs.citi.com/job/san-francisco/citi-private-bank-uhnw-banker-san-francisco-and-palo-alto/287/95640372224
CITIBANK,87633007152,Senior Wealth Advisor | California (Northern & Southern),Risk and Compliance,San Francisco,CA,United States,hybrid,,2026-08-21 20:05:31.956491,2025-10-24 00:00:00,https://jobs.citi.com/job/san-francisco/senior-wealth-advisor-california-northern-and-southern/287/87633007152
CITIBANK,99075984256,Technology Product Owner,Risk and Compliance,Tampa,FL,United States,hybrid,,2026-08-21 20:05:52.897457,2026-08-11 00:00:00,https://jobs.citi.com/job/tampa/technology-product-owner/287/99075984256
CITIBANK,99075939440,"Head of Growth Enablement, Managing Director",Sales and Relationship Management,Charlotte,NC,United States,unknown,,2026-08-21 20:06:06.054611,2026-08-11 00:00:00,https://jobs.citi.com/job/charlotte/head-of-growth-enablement-managing-director/287/99075939440
CITIBANK,98789770640,Senior Product Manager - Digital Payments,Product Management,Irving,TX,United States,hybrid,,2026-08-21 20:06:24.409287,2026-08-11 00:00:00,https://jobs.citi.com/job/irving/senior-product-manager-digital-payments/287/98789770640
CITIBANK,92580503488,Machine Learning Engineer Vice President,Data and AI,Jersey City,NJ,United States,hybrid,,2026-08-21 20:06:49.581059,2026-03-09 00:00:00,https://jobs.citi.com/job/jersey-city/machine-learning-engineer-vice-president/287/92580503488
CITIBANK,92580467328,Generative AI Solutions Application Development Lead Senior Vice President,Data and AI,Jersey City,NJ,United States,hybrid,,2026-08-21 20:06:50.223919,2026-03-09 00:00:00,https://jobs.citi.com/job/jersey-city/generative-ai-solutions-application-development-lead-senior-vice-president/287/92580467328
CITIBANK,99061954640,Product Strategy & Plan Lead Analyst - C13 - JACKSONVILLE,Risk and Compliance,Jacksonville,FL,United States,hybrid,,2026-08-21 20:06:52.530278,2026-08-11 00:00:00,https://jobs.citi.com/job/jacksonville/product-strategy-and-plan-lead-analyst-c13-jacksonville/287/99061954640
CITIBANK,99061933072,Head of Cards Acquisition Analytics,Risk and Compliance,New York,NY,United States,hybrid,,2026-08-21 20:06:56.544604,2026-08-11 00:00:00,https://jobs.citi.com/job/new-york/head-of-cards-acquisition-analytics/287/99061933072
CITIBANK,99038739344,Registered Beneficiary Services Representative,Risk and Compliance,O'Fallon,MO,United States,unknown,,2026-08-21 20:07:00.648456,2026-08-10 00:00:00,https://jobs.citi.com/job/o-fallon/registered-beneficiary-services-representative/287/99038739344
CITIBANK,99038735760,"Program Management Lead, Whole Lending Operations- Vice President",Operations,Irving,TX,United States,hybrid,,2026-08-21 20:07:02.327627,2026-08-10 00:00:00,https://jobs.citi.com/job/irving/program-management-lead-whole-lending-operations-vice-president/287/99038735760
CITIBANK,99031289232,"Cyber Risk Remediation & Technology Modernization, Senior Vice President",Risk and Compliance,Jersey City,NJ,United States,hybrid,,2026-08-21 20:07:10.508166,2026-08-10 00:00:00,https://jobs.citi.com/job/jersey-city/cyber-risk-remediation-and-technology-modernization-senior-vice-president/287/99031289232
CITIBANK,96872437888,"Client Financials Solutions Lead Department, Apps Development - Director",Cloud and Infrastructure,Tampa,FL,United States,hybrid,,2026-08-21 20:07:25.632808,2026-06-24 00:00:00,https://jobs.citi.com/job/tampa/client-financials-solutions-lead-department-apps-development-director/287/96872437888
CITIBANK,99017366784,"Branch Services Lead Analyst - On-Boarding & Servicing, VP",Operations,Jacksonville,FL,United States,hybrid,,2026-08-21 20:07:35.051733,2026-08-10 00:00:00,https://jobs.citi.com/job/jacksonville/branch-services-lead-analyst-on-boarding-and-servicing-vp/287/99017366784
CITIBANK,98904607504,Lead Java Developer - Senior Vice President,Software Engineering,New Castle,DE,United States,hybrid,,2026-08-21 20:07:48.118322,2026-08-07 00:00:00,https://jobs.citi.com/job/new-castle/lead-java-developer-senior-vice-president/287/98904607504
CITIBANK,98836169280,"Senior Product Manager, Digital Payments - Small Business",Risk and Compliance,Irving,TX,United States,hybrid,,2026-08-21 20:08:01.104997,2026-08-07 00:00:00,https://jobs.citi.com/job/irving/senior-product-manager-digital-payments-small-business/287/98836169280
CITIBANK,98062862016,Java Developer (Electronic Equities) – Vice President,Software Engineering,Jersey City,NJ,United States,hybrid,,2026-08-21 20:08:05.210442,2026-07-20 00:00:00,https://jobs.citi.com/job/jersey-city/java-developer-electronic-equities-vice-president/287/98062862016
CITIBANK,97442768624,Senior KDB+ Specialist - Equities Technology - Senior Vice President,Risk and Compliance,Jersey City,NJ,United States,hybrid,,2026-08-21 20:08:07.624573,2026-07-06 00:00:00,https://jobs.citi.com/job/jersey-city/senior-kdb-specialist-equities-technology-senior-vice-president/287/97442768624
CITIBANK,96507120448,"Personal Banker SAFE Act, Bilingual English/Spanish Speaking Preferred, Fort Lauderdale Area",Sales and Relationship Management,Fort Lauderdale,FL,United States,unknown,,2026-08-21 20:08:10.284764,2026-07-17 00:00:00,https://jobs.citi.com/job/fort-lauderdale/personal-banker-safe-act-bilingual-english-spanish-speaking-preferred-fort-lauderdale-area/287/96507120448
CITIBANK,98857400400,Senior Python Developer,Software Engineering,Jersey City,NJ,United States,hybrid,,2026-08-21 20:08:22.397580,2026-08-06 00:00:00,https://jobs.citi.com/job/jersey-city/senior-python-developer/287/98857400400
CITIBANK,98849851952,Global Workforce Optimization Data Architecture Lead Analyst Vice President,Operations,Jacksonville,FL,United States,hybrid,,2026-08-21 20:08:35.472381,2026-08-06 00:00:00,https://jobs.citi.com/job/jacksonville/global-workforce-optimization-data-architecture-lead-analyst-vice-president/287/98849851952
CITIBANK,95346317632,Loan IQ SDK Senior Lead Developer - Senior Vice President,Software Engineering,Jersey City,NJ,United States,hybrid,,2026-08-21 20:08:52.703716,2026-06-22 00:00:00,https://jobs.citi.com/job/jersey-city/loan-iq-sdk-senior-lead-developer-senior-vice-president/287/95346317632
CITIBANK,98811717824,Wealth Solutions Advisor SAFE Act,Risk and Compliance,Jacksonville,FL,United States,hybrid,,2026-08-21 20:09:00.893110,2026-08-05 00:00:00,https://jobs.citi.com/job/jacksonville/wealth-solutions-advisor-safe-act/287/98811717824
CITIBANK,98811717808,Wealth Solutions Advisor SAFE Act,Risk and Compliance,Jacksonville,FL,United States,hybrid,,2026-08-21 20:09:01.812435,2026-08-05 00:00:00,https://jobs.citi.com/job/jacksonville/wealth-solutions-advisor-safe-act/287/98811717808
CITIBANK,98755999024,Mortgage Lending Officer SAFE Act - B11 - Bethesda,Risk and Compliance,Bethesda,MD,United States,hybrid,,2026-08-21 20:09:29.583868,2026-08-04 00:00:00,https://jobs.citi.com/job/bethesda/mortgage-lending-officer-safe-act-b11-bethesda/287/98755999024
