company,source_job_id,title,role_family,city,state,country,workplace_type,employment_type,first_seen_at,source_posted_at,posting_url
GOLDMAN_SACHS,174552,"Asset & Wealth Management, Platform Management, Analyst - Dallas",Risk and Compliance,Dallas,TX,United States,unknown,,2026-07-20 19:36:52.425354,,https://higher.gs.com/roles/174552
GOLDMAN_SACHS,166512,"Asset & Wealth Management, Private Wealth Management, Goldman Sachs Family Office, Digital Estate Planning, Vice President - Dallas",Finance and Accounting,Dallas,TX,United States,unknown,,2026-07-20 19:36:53.356118,,https://higher.gs.com/roles/166512
GOLDMAN_SACHS,178627,"Global Banking & Markets Management and Strategy – Analyst, New York",Risk and Compliance,New York,NY,United States,unknown,,2026-07-20 19:36:54.340686,,https://higher.gs.com/roles/178627
GOLDMAN_SACHS,179010,"GBM - Public, Securities, Prime Services Clearing Risk, Associate, New York",Risk and Compliance,New York,NY,United States,unknown,,2026-07-20 19:36:55.339773,,https://higher.gs.com/roles/179010
GOLDMAN_SACHS,179085,"GBM - Securities, Prime Services Futures and Clearing Risk, Associate, New York",Risk and Compliance,New York,NY,United States,unknown,,2026-07-20 19:36:56.365851,,https://higher.gs.com/roles/179085
GOLDMAN_SACHS,179011,"GBM - Public, Securities, Prime Services Clearing Risk, Vice President, New York",Risk and Compliance,New York,NY,United States,unknown,,2026-07-20 19:36:57.333181,,https://higher.gs.com/roles/179011
GOLDMAN_SACHS,169992,"Asset & Wealth Management, Private, Growth Platform Team, Associate",Cloud and Infrastructure,New York,NY,United States,unknown,,2026-07-20 19:36:58.343737,,https://higher.gs.com/roles/169992
GOLDMAN_SACHS,176398,"Asset & Wealth Management, XIG, Portfolio Strategy & Risk Management, Associate / VP - New York",Risk and Compliance,New York,NY,United States,unknown,,2026-07-20 19:36:59.362877,,https://higher.gs.com/roles/176398
GOLDMAN_SACHS,178008,"Legal, Employment Law Attorney, Vice President, Dallas & New York City",Legal,New York,NY,United States,unknown,,2026-07-20 19:37:00.359841,,https://higher.gs.com/roles/178008
GOLDMAN_SACHS,178946,Corporate Planning & Management-GP Operations-Dallas-Senior Analyst,Risk and Compliance,Dallas,TX,United States,unknown,,2026-07-20 19:37:02.425933,,https://higher.gs.com/roles/178946
GOLDMAN_SACHS,162936,"AWM, Marcus by Goldman Sachs, Customer Retention, Marketing, Vice President, New York, NY",Risk and Compliance,,NY,United States,unknown,,2026-07-20 19:37:04.418369,,https://higher.gs.com/roles/162936
GOLDMAN_SACHS,146573,"Asset & Wealth Management, Goldman Sachs Ayco, Workplace Advisory Solutions, Relationship Management,  Analyst, Dallas, TX",Sales and Relationship Management,Dallas,TX,United States,unknown,,2026-07-20 19:37:05.443938,,https://higher.gs.com/roles/146573
GOLDMAN_SACHS,178444,"Asset & Wealth Management - Deerfield - Associate, Sales Support - 719927",Risk and Compliance,Deerfield,IL,United States,unknown,,2026-07-20 19:37:08.467676,,https://higher.gs.com/roles/178444
GOLDMAN_SACHS,179719,"Compliance - Salt Lake City - Associate, Regulatory Compliance - 10072130",Risk and Compliance,Salt Lake City,UT,United States,unknown,,2026-07-20 19:37:09.508977,,https://higher.gs.com/roles/179719
GOLDMAN_SACHS,177540,"Asset & Wealth Management, MAS, Third Party Wealth, Models PM, Vice President - New York",Risk and Compliance,New York,NY,United States,unknown,,2026-07-20 19:37:10.530533,,https://higher.gs.com/roles/177540
GOLDMAN_SACHS,160722,"Internal Audit, Risk, Business Audit, Associate, Salt Lake City",Risk and Compliance,Salt Lake City,UT,United States,unknown,,2026-07-20 19:37:11.431334,,https://higher.gs.com/roles/160722
GOLDMAN_SACHS,178407,"GBM - Investment Banking Associate, M&A Capital Markets - New York",Sales and Relationship Management,New York,NY,United States,unknown,,2026-07-20 21:37:18.431407,,https://higher.gs.com/roles/178407
GOLDMAN_SACHS,177438,Controllers Operations-Global Position Reporting-Dallas-Vice President,Risk and Compliance,Dallas,TX,United States,unknown,,2026-07-20 21:37:19.355925,,https://higher.gs.com/roles/177438
GOLDMAN_SACHS,177346,"Compliance, Markets Surveillance, Associate, Salt Lake City",Risk and Compliance,Salt Lake City,UT,United States,unknown,,2026-07-20 21:39:22.455821,,https://higher.gs.com/roles/177346
GOLDMAN_SACHS,170046,"Senior Software Engineer, Global Banking & Markets, Trading Technology",Software Engineering,Salt Lake City,UT,United States,unknown,,2026-07-20 21:39:42.566569,,https://higher.gs.com/roles/170046
GOLDMAN_SACHS,172655,"Network Engineer, Global Banking & Markets, Electronic Trading Platform",Cloud and Infrastructure,New York,NY,United States,unknown,,2026-07-20 21:39:43.549734,,https://higher.gs.com/roles/172655
GOLDMAN_SACHS,167342,"Production Engineer, Global Banking & Markets, FICC Systematic Market Making (SMM) - Vice President / Associate",Cloud and Infrastructure,New York,NY,United States,unknown,,2026-07-20 21:39:44.556243,,https://higher.gs.com/roles/167342
GOLDMAN_SACHS,174140,AWM Management-L2-New York-Associate-Product Management,Risk and Compliance,New York,NY,United States,unknown,,2026-07-20 21:39:46.562393,,https://higher.gs.com/roles/174140
GOLDMAN_SACHS,163773,"AWM, Marcus by Goldman Sachs, Fraud Product Lead, Vice President - Richardson, TX",Product Management,Richardson,TX,United States,unknown,,2026-07-20 21:39:48.620223,,https://higher.gs.com/roles/163773
GOLDMAN_SACHS,162921,"Product Manager, Asset & Wealth Management, Public Investing",Product Management,New York,NY,United States,unknown,,2026-07-20 21:39:49.608864,,https://higher.gs.com/roles/162921
GOLDMAN_SACHS,156350,Asset & Wealth Management Operations - Private Wealth Management – Trade Management & Settlement Operations Senior Associate / Associate - Salt Lake City,Operations,Salt Lake City,UT,United States,unknown,,2026-07-20 21:39:50.615917,,https://higher.gs.com/roles/156350
GOLDMAN_SACHS,176855,"Controllers – Dallas - Associate, Regulatory Reporting – Portfolio Level - 9005250",Risk and Compliance,Dallas,TX,United States,unknown,,2026-07-20 21:39:51.633738,,https://higher.gs.com/roles/176855
GOLDMAN_SACHS,176856,"Engineering Division - Draper - Vice President, Systems Engineering - 389899",Cloud and Infrastructure,Draper,UT,United States,unknown,,2026-07-20 21:39:52.678212,,https://higher.gs.com/roles/176856
GOLDMAN_SACHS,176882,"Global Banking & Markets - New York - Vice President, Banker – Industry/Country Coverage - 9594313",Sales and Relationship Management,New York,NY,United States,unknown,,2026-07-20 21:39:53.635516,,https://higher.gs.com/roles/176882
GOLDMAN_SACHS,176871,"Engineering -Dallas, Texas - Vice President, Software Engineering - 3912564",Software Engineering,Dallas,TX,United States,unknown,,2026-07-20 21:39:54.651171,,https://higher.gs.com/roles/176871
GOLDMAN_SACHS,176854,"Asset & Wealth Management-New York-Vice President, Product Management-9134893",Product Management,New York,NY,United States,unknown,,2026-07-20 21:39:55.653184,,https://higher.gs.com/roles/176854
GOLDMAN_SACHS,176853,"Risk - Salt Lake City - Associate, Software Engineering - 777858",Risk and Compliance,Salt Lake City,UT,United States,unknown,,2026-07-20 21:39:56.671018,,https://higher.gs.com/roles/176853
GOLDMAN_SACHS,179114,"Asset & Wealth Management, Private Wealth Management, Marketing Designer, Analyst - Miami, FL",Risk and Compliance,Miami,FL,United States,unknown,,2026-07-20 21:39:57.706259,,https://higher.gs.com/roles/179114
GOLDMAN_SACHS,179194,Asset Management Public-Trade Management - Shared-Salt Lake City-Vice President,Risk and Compliance,Salt Lake City,UT,United States,unknown,,2026-07-20 21:39:58.688341,,https://higher.gs.com/roles/179194
GOLDMAN_SACHS,177618,"GBM - Public,  Electronic Cash Market Making, Quantitative Engineering, Vice President - New York",Software Engineering,New York,NY,United States,unknown,,2026-07-20 21:39:59.689972,,https://higher.gs.com/roles/177618
GOLDMAN_SACHS,178296,Global Banking & Markets Operations-Fis Sales & Trading Services-Dallas-Associate,Operations,Dallas,TX,United States,unknown,,2026-07-20 21:40:00.696466,,https://higher.gs.com/roles/178296
GOLDMAN_SACHS,178979,"Asset & Wealth Management, Private Wealth Management, Goldman Sachs Trust Company, Estate Associate - New York",Legal,New York,NY,United States,unknown,,2026-07-20 21:40:01.702859,,https://higher.gs.com/roles/178979
GOLDMAN_SACHS,179570,"Compliance, Business Intelligence Group, Associate, Dallas",Risk and Compliance,Dallas,TX,United States,unknown,,2026-07-20 21:40:02.744066,,https://higher.gs.com/roles/179570
GOLDMAN_SACHS,169846,"Asset & Wealth Management, Private Wealth Management, Financial Analyst - Seattle",Finance and Accounting,Seattle,WA,United States,unknown,,2026-07-20 21:40:04.708478,,https://higher.gs.com/roles/169846
GOLDMAN_SACHS,159795,Internal Audit - Business and Finance Audit | Analyst | Salt Lake City,Audit,Salt Lake City,UT,United States,unknown,,2026-07-20 21:40:05.707101,,https://higher.gs.com/roles/159795
GOLDMAN_SACHS,178261,"Global Banking & Markets - New York - Vice President, Banker – Industry/Country Coverage - 10079487",Sales and Relationship Management,New York,NY,United States,unknown,,2026-07-20 21:40:06.749193,,https://higher.gs.com/roles/178261
GOLDMAN_SACHS,176746,"Compliance - Salt Lake City- Associate, Financial Crime Controls - 10071990",Risk and Compliance,Salt Lake City,UT,United States,unknown,,2026-07-20 21:40:21.778202,,https://higher.gs.com/roles/176746
GOLDMAN_SACHS,176709,"Global Banking & Markets (Investment Banking) - New York - Vice President, Product Management - 754858",Product Management,New York,NY,United States,unknown,,2026-07-20 21:40:22.762557,,https://higher.gs.com/roles/176709
GOLDMAN_SACHS,176759,"Engineering Division - New York - Associate, Project Management - 9298528",Risk and Compliance,New York,NY,United States,unknown,,2026-07-20 21:40:23.927414,,https://higher.gs.com/roles/176759
GOLDMAN_SACHS,176744,"Asset & Wealth Management - Richardson - Associate, Software Engineering - 5093673",Software Engineering,Richardson,TX,United States,unknown,,2026-07-20 21:40:24.816467,,https://higher.gs.com/roles/176744
GOLDMAN_SACHS,176765,"Global Banking & Markets-New York-Associate, Banker-Industry/Country Coverage-10109248",Sales and Relationship Management,New York,NY,United States,unknown,,2026-07-20 21:40:25.814018,,https://higher.gs.com/roles/176765
GOLDMAN_SACHS,176745,"Global Banking & Markets (Operations)-New York - Associate, Risk Governance- 8930318",Risk and Compliance,New York,NY,United States,unknown,,2026-07-20 21:40:26.827882,,https://higher.gs.com/roles/176745
GOLDMAN_SACHS,176733,"Controllers – Dallas - Associate, Financial Accounting - 8497122",Finance and Accounting,Dallas,TX,United States,unknown,,2026-07-20 21:40:27.853898,,https://higher.gs.com/roles/176733
GOLDMAN_SACHS,178179,"Asset & Wealth Management, Private Wealth Management, Equity Structuring, Vice President - New York",Risk and Compliance,New York,NY,United States,unknown,,2026-07-20 21:40:28.883882,,https://higher.gs.com/roles/178179
GOLDMAN_SACHS,168978,Asset& Wealth Management-Software Engineering-Associate-New York,Software Engineering,New York,NY,United States,unknown,,2026-07-20 21:40:29.884657,,https://higher.gs.com/roles/168978
GOLDMAN_SACHS,175483,"Marcus by Goldman Sachs, Delivery Workforce Planning and Hiring Process Manager, Vice President - Richardson, TX",Risk and Compliance,Richardson,TX,United States,unknown,,2026-07-20 21:40:30.866225,,https://higher.gs.com/roles/175483
GOLDMAN_SACHS,175503,Controllers Operations-Global Position Reporting-Dallas-Analyst,Risk and Compliance,Dallas,TX,United States,unknown,,2026-07-20 21:40:31.855629,,https://higher.gs.com/roles/175503
GOLDMAN_SACHS,179446,"Executive Office, Speaker & Conference Strategy, Vice President, New York",Risk and Compliance,New York,NY,United States,unknown,,2026-07-20 21:40:32.946863,,https://higher.gs.com/roles/179446
GOLDMAN_SACHS,167536,"Asset & Wealth Management, Quantitative Equity Solutions - Client Portfolio Management, Analyst - Dallas",Finance and Accounting,Dallas,TX,United States,unknown,,2026-07-20 21:40:33.870983,,https://higher.gs.com/roles/167536
GOLDMAN_SACHS,176350,"Asset & Wealth Management, ETF Investment Strategy, Analyst - Wheaton, IL",Sales and Relationship Management,Chicago,IL,United States,unknown,,2026-07-20 21:40:34.880847,,https://higher.gs.com/roles/176350
GOLDMAN_SACHS,139331,"Algo Developer, Global Banking & Markets, Electronic Trading",Software Engineering,New York,NY,United States,unknown,,2026-07-20 21:40:35.879056,,https://higher.gs.com/roles/139331
GOLDMAN_SACHS,165732,AMD Public-New York-Vice President-Quantitative Engineering,Risk and Compliance,New York,NY,United States,unknown,,2026-07-20 21:40:36.950286,,https://higher.gs.com/roles/165732
GOLDMAN_SACHS,159806,Operations | Analyst | Salt Lake City,Risk and Compliance,Salt Lake City,UT,United States,unknown,,2026-07-20 21:40:37.945563,,https://higher.gs.com/roles/159806
GOLDMAN_SACHS,137676,"Risk, AI Model Validation, Vice President,  New York",Risk and Compliance,New York,NY,United States,unknown,,2026-07-20 21:40:39.915584,,https://higher.gs.com/roles/137676
GOLDMAN_SACHS,179388,Corporate Treasury-Salt Lake City-Analyst-Liquidity Execution,Finance and Accounting,Salt Lake City,UT,United States,unknown,,2026-07-20 21:40:40.920745,,https://higher.gs.com/roles/179388
GOLDMAN_SACHS,179508,"Controllers - Dallas - Associate, Financial Accounting - 10113206",Finance and Accounting,Dallas,TX,United States,unknown,,2026-07-20 21:40:43.927483,,https://higher.gs.com/roles/179508
GOLDMAN_SACHS,179503,"AWM, Private Bank, Credit Underwriter, Analyst, Dallas, TX",Risk and Compliance,Dallas,TX,United States,unknown,,2026-07-20 21:40:44.945641,,https://higher.gs.com/roles/179503
GOLDMAN_SACHS,152916,"Human Capital Management (HCM) Strategy, Senior Project Manager, Vice President, New York City",Risk and Compliance,New York,NY,United States,unknown,,2026-07-20 21:40:45.940004,,https://higher.gs.com/roles/152916
GOLDMAN_SACHS,176110,Engineering-Associate–Foundation Engineering Product Management-Operations,Operations,Salt Lake City,UT,United States,unknown,,2026-07-20 21:40:46.923476,,https://higher.gs.com/roles/176110
GOLDMAN_SACHS,177779,"Head of Experience Research, Wealth Management, New York City",Software Engineering,New York,NY,United States,unknown,,2026-07-20 21:40:47.959562,,https://higher.gs.com/roles/177779
GOLDMAN_SACHS,168533,"Controllers, AWM Fund Accounting Private, Associate, Dallas",Finance and Accounting,Dallas,TX,United States,unknown,,2026-07-20 21:40:48.959678,,https://higher.gs.com/roles/168533
GOLDMAN_SACHS,179364,Global Banking & Markets - Transaction Banking - Dallas,Risk and Compliance,Dallas,TX,United States,unknown,,2026-07-20 21:40:49.939959,,https://higher.gs.com/roles/179364
GOLDMAN_SACHS,178124,"Risk-Dallas-Vice President, Software Engineering-3704179",Risk and Compliance,Dallas,TX,United States,unknown,,2026-07-20 21:40:50.952769,,https://higher.gs.com/roles/178124
GOLDMAN_SACHS,178378,"Quantitative Developer, Global Banking & Markets, Systematic Market Marking",Software Engineering,New York,NY,United States,unknown,,2026-07-20 21:40:52.085098,,https://higher.gs.com/roles/178378
GOLDMAN_SACHS,164029,Asset & Wealth Management - Android Mobile Engineer - Marcus - Associate - Richardson,Software Engineering,Richardson,TX,United States,unknown,,2026-07-20 21:41:03.126056,,https://higher.gs.com/roles/164029
GOLDMAN_SACHS,137519,"Risk, Credit Risk, Analyst, Salt Lake City",Risk and Compliance,Salt Lake City,UT,United States,unknown,,2026-07-20 21:41:11.055036,,https://higher.gs.com/roles/137519
GOLDMAN_SACHS,178303,"Asset & Wealth Management, Private Wealth Management, Digital Marketing Analyst-New York",Risk and Compliance,New York,NY,United States,unknown,,2026-07-20 21:41:12.046565,,https://higher.gs.com/roles/178303
GOLDMAN_SACHS,178508,"Controllers, Private Valuation Oversight/Product Control, Associate",Finance and Accounting,Salt Lake City,UT,United States,unknown,,2026-07-20 21:41:13.046774,,https://higher.gs.com/roles/178508
GOLDMAN_SACHS,174660,"Asset & Wealth Management, Multi-Asset Solutions: Portfolio Construction and Manager Research - Private Markets Specialist, Vice President - New York",Risk and Compliance,New York,NY,United States,unknown,,2026-07-20 21:41:14.070042,,https://higher.gs.com/roles/174660
GOLDMAN_SACHS,159515,Asset & Wealth Management - Software Engineer - Vice President - New York,Software Engineering,New York,NY,United States,unknown,,2026-07-20 21:41:15.085008,,https://higher.gs.com/roles/159515
GOLDMAN_SACHS,178283,"AWM, GS Ayco Workplace Advisory Solutions, Relationship Manager - Vice President, New York, NY",Sales and Relationship Management,New York,NY,United States,unknown,,2026-07-20 21:41:16.096287,,https://higher.gs.com/roles/178283
GOLDMAN_SACHS,179209,"Corporate Planning & Management, Product & Reporting, Associate, Dallas",Risk and Compliance,Dallas,TX,United States,unknown,,2026-07-20 21:41:17.097829,,https://higher.gs.com/roles/179209
GOLDMAN_SACHS,179120,"Controllers, Private Valuation Oversight/Product Control, Associate, New York",Finance and Accounting,New York,NY,United States,unknown,,2026-07-20 21:41:18.091930,,https://higher.gs.com/roles/179120
GOLDMAN_SACHS,172300,Asset Management Public-Fund Services - Public-Dallas-Associate,Risk and Compliance,Dallas,TX,United States,unknown,,2026-07-20 21:41:19.105600,,https://higher.gs.com/roles/172300
GOLDMAN_SACHS,176468,"Quantitative Strategist, Global Banking & Markets, Commodities Trading - Sao Paulo / New York City",Cloud and Infrastructure,New York,NY,United States,unknown,,2026-07-20 21:41:20.114447,,https://higher.gs.com/roles/176468
GOLDMAN_SACHS,177001,Global Banking & Markets Operations-Prime Margin Lending-New York-Analyst,Operations,New York,NY,United States,unknown,,2026-07-20 21:41:21.089234,,https://higher.gs.com/roles/177001
GOLDMAN_SACHS,179014,"AWM, GS Ayco, Workplace Advisory Solutions, Regional Business Development - Vice President - Newport Beach",Sales and Relationship Management,Newport Beach,CA,United States,unknown,,2026-07-20 21:41:23.116150,,https://higher.gs.com/roles/179014
GOLDMAN_SACHS,179118,"AWM, GS Ayco, Workplace Advisory Solutions, Regional Business Development, Vice President - Chicago",Sales and Relationship Management,Chicago,IL,United States,unknown,,2026-07-20 21:41:24.130099,,https://higher.gs.com/roles/179118
GOLDMAN_SACHS,178004,"HCM - Dallas - Vice President, Data Analytics & Reporting - 9607793",Risk and Compliance,Dallas,TX,United States,unknown,,2026-07-20 21:41:25.109732,,https://higher.gs.com/roles/178004
GOLDMAN_SACHS,177980,"Global Banking & Markets - Salt Lake City - Vice President, Divisional CFO - 9849475",Risk and Compliance,Salt Lake City,UT,United States,unknown,,2026-07-20 21:41:26.131585,,https://higher.gs.com/roles/177980
GOLDMAN_SACHS,173976,"Quantitative Strategist, Global Banking & Markets, Commodities Trading - Vice President",Cloud and Infrastructure,New York,NY,United States,unknown,,2026-07-20 21:41:27.157431,,https://higher.gs.com/roles/173976
GOLDMAN_SACHS,176736,"Controllers, Legal Entity Controllers (Financial Accounting), Associate",Finance and Accounting,Salt Lake City,UT,United States,unknown,,2026-07-20 21:41:28.144607,,https://higher.gs.com/roles/176736
GOLDMAN_SACHS,178586,Global Banking & Markets Operations - Asset Servicing Pre Event - New York - Associate,Operations,New York,NY,United States,unknown,,2026-07-20 21:41:29.149617,,https://higher.gs.com/roles/178586
GOLDMAN_SACHS,177975,"Global Banking & Markets- New York- Vice President, Banker - Industry/Country Coverage- 9682795",Sales and Relationship Management,New York,NY,United States,unknown,,2026-07-20 21:41:30.173057,,https://higher.gs.com/roles/177975
GOLDMAN_SACHS,177977,"Asset & Wealth Management - Miami - Associate, Sales - 9381986",Finance and Accounting,Miami,FL,United States,unknown,,2026-07-20 21:41:31.208168,,https://higher.gs.com/roles/177977
GOLDMAN_SACHS,177961,"Office of Regulatory Relations - New York - Associate, Project Management - 4488972",Risk and Compliance,New York,NY,United States,unknown,,2026-07-20 21:41:32.166015,,https://higher.gs.com/roles/177961
GOLDMAN_SACHS,176547,"Asset & Wealth Management- Miami- Associate, Sales- 10066406",Sales and Relationship Management,Miami,FL,United States,unknown,,2026-07-20 21:41:40.188392,,https://higher.gs.com/roles/176547
GOLDMAN_SACHS,168139,"Asset & Wealth Management, Global Risk Management, Multi-Asset Risk, Vice President - New York",Risk and Compliance,New York,NY,United States,unknown,,2026-07-20 21:41:41.220645,,https://higher.gs.com/roles/168139
GOLDMAN_SACHS,153467,Asset & Wealth Management - Sr. Quantitative Portfolio Strats - Vice President - New York,Software Engineering,,NY,United States,unknown,,2026-07-20 21:41:42.219944,,https://higher.gs.com/roles/153467
GOLDMAN_SACHS,179013,"AWM, GS Ayco, Workplace Advisory Solutions, Regional Business Development - Vice President, Atlanta",Sales and Relationship Management,Atlanta,GA,United States,unknown,,2026-07-20 21:41:43.220418,,https://higher.gs.com/roles/179013
GOLDMAN_SACHS,167404,"Quantitative Strategist, Global Banking & Markets, Equities Structured Products",Risk and Compliance,New York,NY,United States,unknown,,2026-07-20 21:41:44.254968,,https://higher.gs.com/roles/167404
GOLDMAN_SACHS,178286,"AWM, GS Ayco Workplace Advisory Solutions, Relationship Manager - Vice President, NewPort Beach, CA",Sales and Relationship Management,Newport Beach,CA,United States,unknown,,2026-07-20 21:41:45.237794,,https://higher.gs.com/roles/178286
GOLDMAN_SACHS,178281,"AWM, GS Ayco Workplace Advisory Solutions, Relationship Manager - Vice President, Chicago, IL",Sales and Relationship Management,Chicago,IL,United States,unknown,,2026-07-20 21:41:46.235696,,https://higher.gs.com/roles/178281
GOLDMAN_SACHS,178282,"AWM, GS Ayco Workplace Advisory Solutions, Relationship Manager - Vice President, Atlanta, GA",Sales and Relationship Management,Atlanta,GA,United States,unknown,,2026-07-20 21:41:47.252203,,https://higher.gs.com/roles/178282
GOLDMAN_SACHS,178879,"AWM, Private Bank, Regional Lending Advisor, Associate/ Jr. Vice President- Los Angeles",Risk and Compliance,Los Angeles,CA,United States,unknown,,2026-07-20 21:41:48.260848,,https://higher.gs.com/roles/178879
GOLDMAN_SACHS,166643,"Asset & Wealth Management, Product Management, Private Wealth Management - New York",Risk and Compliance,New York,NY,United States,unknown,,2026-07-20 21:41:49.272333,,https://higher.gs.com/roles/166643
GOLDMAN_SACHS,179273,"Asset & Wealth Management - New York - Vice President, Investing & Portfolio Management - 9872660",Risk and Compliance,New York,NY,United States,unknown,,2026-07-20 21:41:50.256801,,https://higher.gs.com/roles/179273
GOLDMAN_SACHS,178478,"Risk, Market Risk, Associate, New York",Risk and Compliance,New York,NY,United States,unknown,,2026-07-20 21:41:51.284409,,https://higher.gs.com/roles/178478
GOLDMAN_SACHS,171345,"Human Capital Management (HCM) Strategy, Compensation & Rewards Sr. Product Management, Vice President",Product Management,New York,NY,United States,unknown,,2026-07-20 21:41:52.293977,,https://higher.gs.com/roles/171345
GOLDMAN_SACHS,152915,"Human Capital Management (HCM) Strategy, Artificial Intelligence (AI) Product Strategist, Vice President, New York City",Risk and Compliance,New York,NY,United States,unknown,,2026-07-20 21:41:53.310866,,https://higher.gs.com/roles/152915
GOLDMAN_SACHS,177771,Internal Audit-Data Analytics -New York-Vice President,Audit,New York,NY,United States,unknown,,2026-07-20 21:41:55.309553,,https://higher.gs.com/roles/177771
GOLDMAN_SACHS,135162,"Tax, Business and Data Intelligence, Analyst, Jersey City",Finance and Accounting,Jersey City,NJ,United States,unknown,,2026-07-20 21:41:56.297528,,https://higher.gs.com/roles/135162
GOLDMAN_SACHS,179263,"Compliance - Salt Lake City - Vice President, Business Unit Compliance- 10076305",Risk and Compliance,Salt Lake City,UT,United States,unknown,,2026-07-20 21:41:57.307789,,https://higher.gs.com/roles/179263
GOLDMAN_SACHS,159061,"Asset & Wealth Management, Ayco Administrative Assistant, Dallas",Sales and Relationship Management,Dallas,TX,United States,unknown,,2026-07-20 21:41:58.282309,,https://higher.gs.com/roles/159061
GOLDMAN_SACHS,177645,"Software Engineer, Global Banking & Markets, Front Office Technology",Software Engineering,New York,NY,United States,unknown,,2026-07-20 21:41:59.308378,,https://higher.gs.com/roles/177645
GOLDMAN_SACHS,161083,"Asset & Wealth Management, Private Wealth Management, Wealth Management Professional, Associate - Washington D.C.",Risk and Compliance,Washington,DC,United States,unknown,,2026-07-20 21:42:01.415734,,https://higher.gs.com/roles/161083
GOLDMAN_SACHS,179077,"Transaction Banking, Delivery Program Manager, Vice President",Project and Program Management,New York,NY,United States,unknown,,2026-07-20 21:42:21.424449,,https://higher.gs.com/roles/179077
GOLDMAN_SACHS,178036,"Corporate Treasury, New York, Associate, Software Engineering",Software Engineering,New York,NY,United States,unknown,,2026-07-20 21:42:22.467979,,https://higher.gs.com/roles/178036
GOLDMAN_SACHS,178035,"Corporate Treasury, New York, Vice President, Software Engineering",Software Engineering,New York,NY,United States,unknown,,2026-07-20 21:42:23.454598,,https://higher.gs.com/roles/178035
GOLDMAN_SACHS,179210,"Asset & Wealth Management, Private Wealth Management, Goldman Sachs Family Office, Private Client Accounting and Payment Services Lead, Vice President - Dallas",Finance and Accounting,Dallas,TX,United States,unknown,,2026-07-20 21:42:24.471246,,https://higher.gs.com/roles/179210
GOLDMAN_SACHS,178867,"Compliance-The Core Compliance, Associate, Dallas",Risk and Compliance,Dallas,TX,United States,unknown,,2026-07-20 21:42:25.511432,,https://higher.gs.com/roles/178867
GOLDMAN_SACHS,169642,"Asset & Wealth Management, Goldman Sachs Ayco, Relationship Management, Analyst, Atlanta, GA",Sales and Relationship Management,Atlanta,GA,United States,unknown,,2026-07-20 21:42:26.472641,,https://higher.gs.com/roles/169642
GOLDMAN_SACHS,148187,"Internal Audit, FICC Auditor, Vice President, Salt Lake City",Audit,Salt Lake City,UT,United States,unknown,,2026-07-20 21:42:27.491308,,https://higher.gs.com/roles/148187
GOLDMAN_SACHS,176984,"Asset & Wealth Management, Wealth Investment Solutions (WIS), Digital Product Manager, Analyst - New York",Risk and Compliance,New York,NY,United States,unknown,,2026-07-20 21:42:28.548596,,https://higher.gs.com/roles/176984
GOLDMAN_SACHS,175129,"GBM Private, Capital Solutions Group, Public Sector Financing, Sports, Vice President - New York",Risk and Compliance,New York,NY,United States,unknown,,2026-07-20 21:42:29.475929,,https://higher.gs.com/roles/175129
GOLDMAN_SACHS,172993,C# Software Developer - Vice President - Dallas - Engineering,Software Engineering,Dallas,TX,United States,unknown,,2026-07-20 21:42:31.466761,,https://higher.gs.com/roles/172993
GOLDMAN_SACHS,153226,"Internal Audit, Data Analytics, Technology Audit, Vice President, Dallas",Audit,Dallas,TX,United States,unknown,,2026-07-20 21:42:32.474612,,https://higher.gs.com/roles/153226
GOLDMAN_SACHS,154746,"Internal Audit, Controllers & Tax - Technology Audit, Associate, New York",Finance and Accounting,New York,NY,United States,unknown,,2026-07-20 21:42:33.477560,,https://higher.gs.com/roles/154746
GOLDMAN_SACHS,178679,"Asset & Wealth Management, Strategic Client Services (SCS) , Vice President",Risk and Compliance,New York,NY,United States,unknown,,2026-07-20 21:42:34.500958,,https://higher.gs.com/roles/178679
GOLDMAN_SACHS,156142,"Internal Audit, Technology Auditor-Investment Banking, Associate",Audit,Dallas,TX,United States,unknown,,2026-07-20 21:42:36.495345,,https://higher.gs.com/roles/156142
GOLDMAN_SACHS,177524,Corporate Treasury-Resource Deployment & Strategy-Salt Lake City-Analyst,Risk and Compliance,Salt Lake City,UT,United States,unknown,,2026-07-20 21:42:38.501466,,https://higher.gs.com/roles/177524
GOLDMAN_SACHS,173938,"Global Banking & Markets Private, Classic - Natural Resources, Houston, Analyst",Sales and Relationship Management,Houston,TX,United States,unknown,,2026-07-20 21:42:39.484665,,https://higher.gs.com/roles/173938
GOLDMAN_SACHS,178894,"Asset & Wealth Management, Alternative Capital Markets, Associate - New York",Sales and Relationship Management,New York,NY,United States,unknown,,2026-07-20 21:42:41.546671,,https://higher.gs.com/roles/178894
GOLDMAN_SACHS,178406,"GBM - Private - Investment Banking Associate, Activism & Shareholder Advisory - New York",Risk and Compliance,New York,NY,United States,unknown,,2026-07-20 21:42:42.538716,,https://higher.gs.com/roles/178406
GOLDMAN_SACHS,177983,"Legal, Legal Strategy Management & Operations, Senior Analyst/Associate, New York City",Legal,New York,NY,United States,unknown,,2026-07-20 21:42:43.542760,,https://higher.gs.com/roles/177983
GOLDMAN_SACHS,179180,"Global Banking & Markets- Dallas- Associate, Regulatory Reporting - Trade Level- 10219895",Risk and Compliance,Dallas,TX,United States,unknown,,2026-07-20 21:42:44.548625,,https://higher.gs.com/roles/179180
GOLDMAN_SACHS,178613,"Asset & Wealth Management, Product Development - Innovator ETF's, Vice President - Wheaton IL",Risk and Compliance,Chicago,IL,United States,unknown,,2026-07-20 21:42:45.565180,,https://higher.gs.com/roles/178613
GOLDMAN_SACHS,169684,"Senior Software Engineer, Global Banking & Markets, Equities Trading Technology",Operations,New York,NY,United States,unknown,,2026-07-20 21:42:46.550356,,https://higher.gs.com/roles/169684
GOLDMAN_SACHS,179178,"Asset & Wealth Management-Richardson-Associate, External Product Specialists–10253069",Data and AI,Richardson,TX,United States,unknown,,2026-07-20 21:42:47.566336,,https://higher.gs.com/roles/179178
GOLDMAN_SACHS,178574,"Global Banking & Markets, GS Select, National Accounts Manager, Associate - New York",Operations,New York,NY,United States,unknown,,2026-07-20 21:42:48.586417,,https://higher.gs.com/roles/178574
GOLDMAN_SACHS,170579,Corporate Treasury Operations-Trade Processing-New York-Associate,Operations,New York,NY,United States,unknown,,2026-07-20 21:42:49.594704,,https://higher.gs.com/roles/170579
GOLDMAN_SACHS,149561,"Internal Audit, Equities Auditor, Vice President, Salt Lake City",Audit,Salt Lake City,UT,United States,unknown,,2026-07-20 21:42:50.599641,,https://higher.gs.com/roles/149561
GOLDMAN_SACHS,177745,"Global Banking & Markets- New York- Associate, Banker-Industry/Country Coverage- 9673502",Sales and Relationship Management,New York,NY,United States,unknown,,2026-07-20 21:42:51.599778,,https://higher.gs.com/roles/177745
GOLDMAN_SACHS,177752,"Asset & Wealth Management - New York - Associate, Investing & Portfolio Management – Private - 9333245",Cloud and Infrastructure,New York,NY,United States,unknown,,2026-07-20 21:42:52.584706,,https://higher.gs.com/roles/177752
GOLDMAN_SACHS,177877,"Global Banking & Markets - New York - Associate, Banker-Industry/Country Coverage – 9904540",Sales and Relationship Management,New York,NY,United States,unknown,,2026-07-20 21:42:53.611163,,https://higher.gs.com/roles/177877
GOLDMAN_SACHS,177782,"Global Banking & Markets - New York - Associate, Settlements- 9283349",Risk and Compliance,New York,NY,United States,unknown,,2026-07-20 21:42:54.594975,,https://higher.gs.com/roles/177782
GOLDMAN_SACHS,177876,"Global Banking & Markets-Salt Lake City-Senior Associate, Trade Processing-8949915",Risk and Compliance,Salt Lake City,UT,United States,unknown,,2026-07-20 21:42:55.614401,,https://higher.gs.com/roles/177876
GOLDMAN_SACHS,177738,"Risk Division- New York- Vice President, Credit Risk- 8637952",Risk and Compliance,New York,NY,United States,unknown,,2026-07-20 21:42:56.612960,,https://higher.gs.com/roles/177738
GOLDMAN_SACHS,177879,"Global Banking & Markets - New York - Associate, Banker – Industry/Country Coverage - 10113155",Sales and Relationship Management,New York,NY,United States,unknown,,2026-07-20 21:42:57.642906,,https://higher.gs.com/roles/177879
GOLDMAN_SACHS,177865,"Platform Solutions- Richardson- Vice President, Analytics & Reporting- 9848762",Operations,Richardson,TX,United States,unknown,,2026-07-20 21:42:58.682155,,https://higher.gs.com/roles/177865
GOLDMAN_SACHS,177780,"Global Banking and Markets (Client Ops)- Salt Lake City- Snr Associate, Client Onboarding & Configuration - 9713864",Risk and Compliance,Salt Lake City,UT,United States,unknown,,2026-07-20 21:42:59.628976,,https://higher.gs.com/roles/177780
GOLDMAN_SACHS,177767,"Global Banking & Markets- New York- Associate, Banker-Industry Country Coverage- 9872318",Sales and Relationship Management,New York,NY,United States,unknown,,2026-07-20 21:43:00.609723,,https://higher.gs.com/roles/177767
GOLDMAN_SACHS,177766,"Platform Solutions – Dallas – Associate, Software Engineering – 4208762",Software Engineering,Dallas,TX,United States,unknown,,2026-07-20 21:43:01.626157,,https://higher.gs.com/roles/177766
GOLDMAN_SACHS,177746,"Global Banking & Markets - New York - Associate, Banker - Industry/Country Coverage – 9872404",Sales and Relationship Management,New York,NY,United States,unknown,,2026-07-20 21:43:02.739560,,https://higher.gs.com/roles/177746
GOLDMAN_SACHS,179172,"Asset & Wealth Management - New York - Associate, External Product Specialists - 10243378",Risk and Compliance,New York,NY,United States,unknown,,2026-07-20 21:43:03.657301,,https://higher.gs.com/roles/179172
GOLDMAN_SACHS,161628,"AI/ML Engineer, Global Banking & Markets, Front Office Technology",Data and AI,Dallas,TX,United States,unknown,,2026-07-20 21:43:12.764677,,https://higher.gs.com/roles/161628
GOLDMAN_SACHS,173275,"Compliance, Surveillance & Models-Software Engineering, Vice President, Dallas",Risk and Compliance,Dallas,TX,United States,unknown,,2026-07-20 21:43:13.776563,,https://higher.gs.com/roles/173275
GOLDMAN_SACHS,175615,"GBM - Public, US Leveraged Finance, Fundamental Strategies Group Associate / Vice President - New York",Risk and Compliance,New York,NY,United States,unknown,,2026-07-20 21:43:14.788199,,https://higher.gs.com/roles/175615
GOLDMAN_SACHS,153924,"Risk, Enterprise Risk Management – Climate Risk and Digital Assets, Analyst, Salt Lake City",Risk and Compliance,Salt Lake City,UT,United States,unknown,,2026-07-20 21:43:15.787623,,https://higher.gs.com/roles/153924
GOLDMAN_SACHS,169228,"Global Investment Research, Credit Research Analyst",Cloud and Infrastructure,Salt Lake City,UT,United States,unknown,,2026-07-20 21:43:16.793381,,https://higher.gs.com/roles/169228
GOLDMAN_SACHS,154066,Asset & Wealth Management - Scrum Master  - Associate - Dallas,Project and Program Management,Dallas,TX,United States,unknown,,2026-07-20 21:43:17.818477,,https://higher.gs.com/roles/154066
GOLDMAN_SACHS,177659,AMD Public-Dallas-Associate-Security Engineering,Cybersecurity,Dallas,TX,United States,unknown,,2026-07-20 21:43:18.832987,,https://higher.gs.com/roles/177659
GOLDMAN_SACHS,177184,"GBM- IB Classic - Investment Banking Associate, Industrials - New York",Legal,New York,NY,United States,unknown,,2026-07-20 21:43:19.825819,,https://higher.gs.com/roles/177184
GOLDMAN_SACHS,177370,"GBM, Private, Investment Banking Associate, FIG (Asset Management) - New York",Risk and Compliance,New York,NY,United States,unknown,,2026-07-20 21:43:20.859722,,https://higher.gs.com/roles/177370
GOLDMAN_SACHS,167424,"GBM - Private - Investment Banking Associate, Industrials - Chicago",Legal,Chicago,IL,United States,unknown,,2026-07-20 21:43:21.900133,,https://higher.gs.com/roles/167424
GOLDMAN_SACHS,157273,"GBM - Private - Investment Banking Vice President, CMG FIG (FinTech) - New York",Legal,New York,NY,United States,unknown,,2026-07-20 21:43:22.873502,,https://higher.gs.com/roles/157273
GOLDMAN_SACHS,171395,Asset Management - XIG Investment Oversight-Public - Salt Lake City - Vice President,Risk and Compliance,Salt Lake City,UT,United States,unknown,,2026-07-20 21:43:23.957995,,https://higher.gs.com/roles/171395
GOLDMAN_SACHS,177585,Asset & Wealth Management - New York - Vice President - 9507008,Risk and Compliance,New York,NY,United States,unknown,,2026-07-20 21:43:24.859926,,https://higher.gs.com/roles/177585
GOLDMAN_SACHS,177621,"Global Banking & Markets - New York - Vice President, Trading - 9032011",Risk and Compliance,New York,NY,United States,unknown,,2026-07-20 21:43:25.869503,,https://higher.gs.com/roles/177621
GOLDMAN_SACHS,160657,"Global Banking & Markets Public, Marquee Product Manager, Vice President - New York",Product Management,New York,NY,United States,unknown,,2026-07-20 21:43:26.878985,,https://higher.gs.com/roles/160657
GOLDMAN_SACHS,165894,"Global Banking & Markets Private , Corporate Derivatives Underwriting Associate -Dallas",Risk and Compliance,Dallas,TX,United States,unknown,,2026-07-20 21:43:30.908398,,https://higher.gs.com/roles/165894
GOLDMAN_SACHS,177969,"Controllers, Ayco Corporate Controllers - Accounts Receivable Analyst, Albany",Finance and Accounting,Albany,NY,United States,unknown,,2026-07-20 21:43:32.907165,,https://higher.gs.com/roles/177969
GOLDMAN_SACHS,165485,Data Engineering - Data Quality Assurance Regional Manager - Vice President - Dallas,Data and AI,Dallas,TX,United States,unknown,,2026-07-20 21:43:33.908840,,https://higher.gs.com/roles/165485
GOLDMAN_SACHS,178681,"Controllers, Derivatives External Reporting Controller, Vice President, Jersey City",Finance and Accounting,Jersey City,NJ,United States,unknown,,2026-07-20 21:43:34.922379,,https://higher.gs.com/roles/178681
GOLDMAN_SACHS,178631,"Compliance, Enterprise Compliance Office- Risk Assessments, Associate, NY",Risk and Compliance,New York,NY,United States,unknown,,2026-07-20 21:43:36.918465,,https://higher.gs.com/roles/178631
GOLDMAN_SACHS,175552,"GBM - Public, ETF Trading, Vice President - New York",Data and AI,New York,NY,United States,unknown,,2026-07-20 21:43:38.983382,,https://higher.gs.com/roles/175552
GOLDMAN_SACHS,176405,Global Banking & Markets Operations - Private Transaction Banking - Onboarding - Dallas - Vice President,Risk and Compliance,Dallas,TX,United States,unknown,,2026-07-20 21:43:39.954140,,https://higher.gs.com/roles/176405
GOLDMAN_SACHS,177509,"Corporate Treasury - Salt Lake City - Associate, Liquidity Risk - 9815128",Risk and Compliance,Salt Lake City,UT,United States,unknown,,2026-07-20 21:43:40.953084,,https://higher.gs.com/roles/177509
GOLDMAN_SACHS,177503,"Engineering Division- New York-Vice President, Software Engineering- 4637826",Software Engineering,New York,NY,United States,unknown,,2026-07-20 21:43:41.947569,,https://higher.gs.com/roles/177503
GOLDMAN_SACHS,177507,"Engineering -New York - Associate, Software Engineering – 3396053",Software Engineering,New York,NY,United States,unknown,,2026-07-20 21:43:42.954271,,https://higher.gs.com/roles/177507
GOLDMAN_SACHS,177511,"Platform Solutions- Richardson- Associate, Software Engineering- 3266716",Software Engineering,Richardson,TX,United States,unknown,,2026-07-20 21:43:43.969409,,https://higher.gs.com/roles/177511
GOLDMAN_SACHS,177508,Platform Solutions- Atlanta - Vice President - 3645014,Risk and Compliance,Atlanta,GA,United States,unknown,,2026-07-20 21:43:44.992594,,https://higher.gs.com/roles/177508
GOLDMAN_SACHS,177502,"Engineering-Dallas-Vice President, Software Engineering-5121448",Software Engineering,Dallas,TX,United States,unknown,,2026-07-20 21:43:46.003728,,https://higher.gs.com/roles/177502
GOLDMAN_SACHS,177145,"Asset & Wealth Management, MAS, Public/Privates and Tactical Tilt Funds PM, Associate - New York",Risk and Compliance,New York,NY,United States,unknown,,2026-07-20 21:43:47.011036,,https://higher.gs.com/roles/177145
GOLDMAN_SACHS,177505,"Global Banking & Markets-New York-Vice President, Quantitative Engineering-9134899",Software Engineering,New York,NY,United States,unknown,,2026-07-20 21:43:48.023957,,https://higher.gs.com/roles/177505
GOLDMAN_SACHS,177516,"Asset & Wealth Management - New York - Associate, Risk Governance – 9730155",Risk and Compliance,New York,NY,United States,unknown,,2026-07-20 21:43:49.034533,,https://higher.gs.com/roles/177516
GOLDMAN_SACHS,177514,"Platform Solutions- Dallas- Senior Associate, Client Services – Operations-10072339",Operations,Dallas,TX,United States,unknown,,2026-07-20 21:43:50.039433,,https://higher.gs.com/roles/177514
GOLDMAN_SACHS,177513,"Asset & Wealth Management - Salt Lake City - Associate, Confirmations- 9707172",Risk and Compliance,Salt Lake City,UT,United States,unknown,,2026-07-20 21:43:51.063586,,https://higher.gs.com/roles/177513
GOLDMAN_SACHS,177512,"Global Banking & Markets- Dallas- Vice President, Loan Management & Due Diligence- 9702024",Risk and Compliance,Dallas,TX,United States,unknown,,2026-07-20 21:43:52.057069,,https://higher.gs.com/roles/177512
GOLDMAN_SACHS,177510,"Global Banking & Markets- Salt Lake City- Associate, Confirmations- 9303079",Risk and Compliance,Salt Lake City,UT,United States,unknown,,2026-07-20 21:43:53.068634,,https://higher.gs.com/roles/177510
GOLDMAN_SACHS,177616,"Compliance, Core – Hands-on Software Engineer Leader, Vice President, Salt Lake City",Risk and Compliance,Salt Lake City,UT,United States,unknown,,2026-07-20 21:43:55.142335,,https://higher.gs.com/roles/177616
GOLDMAN_SACHS,168543,Vice President - Dallas - Technology Risk - Cloud Security Architecture,Risk and Compliance,Dallas,TX,United States,unknown,,2026-07-20 21:44:02.136428,,https://higher.gs.com/roles/168543
GOLDMAN_SACHS,178651,"Asset & Wealth Management, Design, Analyst - New York",Risk and Compliance,New York,NY,United States,unknown,,2026-07-20 21:44:03.097470,,https://higher.gs.com/roles/178651
GOLDMAN_SACHS,161899,VP Software Engineer - Cloud Development- Dallas,Cloud and Infrastructure,Dallas,TX,United States,unknown,,2026-07-20 21:44:04.172371,,https://higher.gs.com/roles/161899
GOLDMAN_SACHS,161898,VP Software Engineer - Cloud Connectivity - Dallas,Cloud and Infrastructure,Dallas,TX,United States,unknown,,2026-07-20 21:44:05.158169,,https://higher.gs.com/roles/161898
GOLDMAN_SACHS,166209,Tech Risk - Security Architecture- VP- Dallas,Cybersecurity,Dallas,TX,United States,unknown,,2026-07-20 21:44:06.110711,,https://higher.gs.com/roles/166209
GOLDMAN_SACHS,168545,"Technology Risk - Vice President - Security Architecture (Dallas, TX)",Risk and Compliance,Dallas,TX,United States,unknown,,2026-07-20 21:44:07.196575,,https://higher.gs.com/roles/168545
GOLDMAN_SACHS,168547,Security Engineering - New York - Vice President,Cybersecurity,New York,NY,United States,unknown,,2026-07-20 21:44:08.145652,,https://higher.gs.com/roles/168547
GOLDMAN_SACHS,178288,"Legal, PWM Lending Attorney, Vice President, New York/Dallas",Legal,New York,NY,United States,unknown,,2026-07-20 21:44:09.163098,,https://higher.gs.com/roles/178288
GOLDMAN_SACHS,159791,Internal Audit - Business and Finance Audit | Analyst | Dallas,Audit,Dallas,TX,United States,unknown,,2026-07-20 21:44:10.155849,,https://higher.gs.com/roles/159791
GOLDMAN_SACHS,170012,"AWM, Product Management, Associate - Richardson",Software Engineering,Richardson,TX,United States,unknown,,2026-07-20 21:44:11.170452,,https://higher.gs.com/roles/170012
GOLDMAN_SACHS,177148,Global Banking & Markets - Private - Dallas - Analyst - Loan Management - Trade Analytics,Operations,Dallas,TX,United States,unknown,,2026-07-20 21:44:12.166123,,https://higher.gs.com/roles/177148
GOLDMAN_SACHS,177279,"Asset & Wealth Management-New York-Associate, Quantitative Engineering–9225677",Data and AI,New York,NY,United States,unknown,,2026-07-20 21:44:13.183760,,https://higher.gs.com/roles/177279
GOLDMAN_SACHS,178637,System Engineer - Dallas- Vice President,Risk and Compliance,Dallas,TX,United States,unknown,,2026-07-20 21:44:14.178863,,https://higher.gs.com/roles/178637
GOLDMAN_SACHS,168036,"Asset & Wealth Management, Private Wealth Management, Goldman Partner Office Planning, Financial Planner, Associate - New York",Finance and Accounting,New York,NY,United States,unknown,,2026-07-20 21:44:15.182845,,https://higher.gs.com/roles/168036
GOLDMAN_SACHS,171728,"Asset & Wealth Management, Private Wealth Management, Goldman Partner Office, Tax Manager, Vice President - Dallas",Finance and Accounting,Dallas,TX,United States,unknown,,2026-07-20 21:44:16.197913,,https://higher.gs.com/roles/171728
GOLDMAN_SACHS,178632,"GBM - Quantitative Dev/Strat - Systematic Rates Trading, New York",Software Engineering,New York,NY,United States,unknown,,2026-07-20 21:44:17.195881,,https://higher.gs.com/roles/178632
GOLDMAN_SACHS,176582,"Marcus by Goldman Sachs, Back Office Fulfillment Specialist | Draper, UT",Operations,Draper,UT,United States,unknown,,2026-07-20 21:44:18.210631,,https://higher.gs.com/roles/176582
GOLDMAN_SACHS,176906,"Asset & Wealth Management, Alternative Capital Markets, Client Solutions, Analyst- Albany",Sales and Relationship Management,Albany,NY,United States,unknown,,2026-07-20 21:44:19.191244,,https://higher.gs.com/roles/176906
GOLDMAN_SACHS,168947,Systems Engineer - Vice President - Dallas,Risk and Compliance,Dallas,TX,United States,unknown,,2026-07-20 21:44:20.196787,,https://higher.gs.com/roles/168947
GOLDMAN_SACHS,140353,"Asset & Wealth Management, Private Wealth Management, Business Development Professional, Associate",Sales and Relationship Management,San Francisco,CA,United States,unknown,,2026-07-20 21:44:21.234021,,https://higher.gs.com/roles/140353
GOLDMAN_SACHS,176221,"Wealth Management, Financial Investment Professional, Associate/Vice President- West Palm Beach",Risk and Compliance,West Palm Beach,FL,United States,unknown,,2026-07-20 21:44:23.243597,,https://higher.gs.com/roles/176221
GOLDMAN_SACHS,178185,"Asset & Wealth Management, Private Wealth Management, Goldman Sachs Family Office, Philanthropic Strategist, Vice President - Philadelphia",Sales and Relationship Management,Philadelphia,PA,United States,unknown,,2026-07-20 21:44:24.242451,,https://higher.gs.com/roles/178185
GOLDMAN_SACHS,178589,"Asset & Wealth Management, Wealth Management Product Manager (Analytics), Analyst - Dallas, TX",Product Management,Dallas,TX,United States,unknown,,2026-07-20 21:44:25.245079,,https://higher.gs.com/roles/178589
GOLDMAN_SACHS,178821,"Global Banking & Markets  – Dallas – Vice President, Software Engineering – 072621",Software Engineering,Dallas,TX,United States,unknown,,2026-07-20 21:44:27.240848,,https://higher.gs.com/roles/178821
GOLDMAN_SACHS,177277,"Controllers - Dallas - Associate, Financial Accounting - 9879327",Finance and Accounting,Dallas,TX,United States,unknown,,2026-07-20 21:44:29.237859,,https://higher.gs.com/roles/177277
GOLDMAN_SACHS,177282,"Global Banking & Markets–Dallas-Vice President, Data Analytics & Reporting BI-9768801",Operations,Dallas,TX,United States,unknown,,2026-07-20 21:44:30.273061,,https://higher.gs.com/roles/177282
GOLDMAN_SACHS,177275,"Controllers- Salt Lake City- Associate, Funding & Capital Planning- 9347088",Finance and Accounting,Salt Lake City,UT,United States,unknown,,2026-07-20 21:44:31.270267,,https://higher.gs.com/roles/177275
GOLDMAN_SACHS,177341,"Engineering - New York - Vice President, Core Engineering- 9257495",Risk and Compliance,New York,NY,United States,unknown,,2026-07-20 21:44:32.296124,,https://higher.gs.com/roles/177341
GOLDMAN_SACHS,177276,"Internal Audit - Dallas - Vice President, Technology Audit - 8923167",Audit,Dallas,TX,United States,unknown,,2026-07-20 21:44:33.321195,,https://higher.gs.com/roles/177276
GOLDMAN_SACHS,177343,"Engineering Division -New York - Associate, Software Engineering - 3148229",Software Engineering,New York,NY,United States,unknown,,2026-07-20 21:44:34.306190,,https://higher.gs.com/roles/177343
GOLDMAN_SACHS,177285,"Global Banking & Markets - New York - Vice President, Quantitative Engineering - 3937401",Data and AI,New York,NY,United States,unknown,,2026-07-20 21:44:35.321109,,https://higher.gs.com/roles/177285
GOLDMAN_SACHS,177261,"Controllers - Jersey City - Associate, Monitoring and Testing- 9878916",Risk and Compliance,Jersey City,NJ,United States,unknown,,2026-07-20 21:44:36.309069,,https://higher.gs.com/roles/177261
GOLDMAN_SACHS,177258,"Compliance - New York- Vice President, Financial Crime Controls - 9283333",Risk and Compliance,New York,NY,United States,unknown,,2026-07-20 21:44:37.321598,,https://higher.gs.com/roles/177258
GOLDMAN_SACHS,178404,"GBM Private, IB Classic - Investment Banking Vice President, Industrials",Cloud and Infrastructure,New York,NY,United States,unknown,,2026-07-20 21:44:48.359130,,https://higher.gs.com/roles/178404
GOLDMAN_SACHS,178274,"Executive Office, Corporate Engagement, Community TeamWorks & Employee Engagement, Vice President, New York",Risk and Compliance,New York,NY,United States,unknown,,2026-07-20 21:44:49.369460,,https://higher.gs.com/roles/178274
GOLDMAN_SACHS,176910,"Asset & Wealth Management, Quantitative Equity Solutions, Client Portfolio Manager, Associate",Finance and Accounting,New York,NY,United States,unknown,,2026-07-20 21:44:50.382615,,https://higher.gs.com/roles/176910
GOLDMAN_SACHS,175234,Vice President - Active Directory Engineer - Jersey City,Cloud and Infrastructure,Jersey City,NJ,United States,unknown,,2026-07-20 21:44:51.413213,,https://higher.gs.com/roles/175234
GOLDMAN_SACHS,178493,"Asset & Wealth Management, Private Wealth Management, Business Unit Manager, Vice President - Atlanta",Risk and Compliance,Atlanta,GA,United States,unknown,,2026-07-20 21:44:52.433489,,https://higher.gs.com/roles/178493
GOLDMAN_SACHS,178183,"Asset & Wealth Management, Private Wealth Management, Apex, Vice President - Dallas",Sales and Relationship Management,Dallas,TX,United States,unknown,,2026-07-20 21:44:53.419593,,https://higher.gs.com/roles/178183
GOLDMAN_SACHS,177786,"Asset & Wealth Management, Private Credit, Strategic Capital Management, Vice President, New York",Risk and Compliance,New York,NY,United States,unknown,,2026-07-20 21:44:54.411670,,https://higher.gs.com/roles/177786
GOLDMAN_SACHS,178182,"Asset & Wealth Management, Private Wealth Management, Apex, Vice President - New York",Sales and Relationship Management,New York,NY,United States,unknown,,2026-07-20 21:44:55.421869,,https://higher.gs.com/roles/178182
GOLDMAN_SACHS,178479,"AWM, Goldman Sachs Ayco, Personal Wealth Financial Analyst, Dallas, TX",Risk and Compliance,Dallas,TX,United States,unknown,,2026-07-20 21:44:56.454730,,https://higher.gs.com/roles/178479
GOLDMAN_SACHS,176972,"Asset & Wealth Management, Marketing, Analyst - Chicago",Risk and Compliance,Chicago,IL,United States,unknown,,2026-07-20 21:44:57.512436,,https://higher.gs.com/roles/176972
GOLDMAN_SACHS,162522,Engineering - DXR Engineering - Senior Scheduling Platform Production Engineer - Dallas - Vice President,Cloud and Infrastructure,Dallas,TX,United States,unknown,,2026-07-20 21:44:58.454444,,https://higher.gs.com/roles/162522
GOLDMAN_SACHS,153023,Engineering - SRE Platforms - Site Reliability Engineer - Vice President - Dallas,Cloud and Infrastructure,Dallas,TX,United States,unknown,,2026-07-20 21:44:59.472748,,https://higher.gs.com/roles/153023
GOLDMAN_SACHS,171620,"Asset & Wealth Management, XIG, Platform Management - Hedge Funds, Investment Onboarding & Structuring , Analyst - West Palm Beach",Risk and Compliance,West Palm Beach,FL,United States,unknown,,2026-07-20 21:45:00.469781,,https://higher.gs.com/roles/171620
GOLDMAN_SACHS,147050,"Risk, Credit Risk (Global Markets), Associate, Salt Lake City",Risk and Compliance,Salt Lake City,UT,United States,unknown,,2026-07-20 21:45:01.471105,,https://higher.gs.com/roles/147050
GOLDMAN_SACHS,176399,"AWM, Private Bank, Head of US Deposits, Vice President- New York",Risk and Compliance,New York,NY,United States,unknown,,2026-07-20 21:45:03.477922,,https://higher.gs.com/roles/176399
GOLDMAN_SACHS,174347,Asset & Wealth Management Operations - Goldman Sachs Asset Management Operations - Portfolio Control - Accounting Reconciliation –  Dallas - Vice President,Operations,Dallas,TX,United States,unknown,,2026-07-20 21:45:04.490848,,https://higher.gs.com/roles/174347
GOLDMAN_SACHS,169289,"Software Engineering - Data, Lakehouse and AI Data Platform Engineer - Vice President - Dallas",Software Engineering,Dallas,TX,United States,unknown,,2026-07-20 21:45:05.497039,,https://higher.gs.com/roles/169289
GOLDMAN_SACHS,176617,"Transaction Banking, Global Payments Product Manager, Associate",Risk and Compliance,New York,NY,United States,unknown,,2026-07-20 21:45:07.547134,,https://higher.gs.com/roles/176617
GOLDMAN_SACHS,176631,"GBM Private, Capital Solutions Group, Leveraged Finance, Associate - New York",Risk and Compliance,New York,NY,United States,unknown,,2026-07-20 21:45:08.543366,,https://higher.gs.com/roles/176631
GOLDMAN_SACHS,174883,"Asset & Wealth Management, Alternatives Capital Formation (ACF), Co-Investment Team, Vice President - New York",Finance and Accounting,New York,NY,United States,unknown,,2026-07-20 21:45:26.461897,,https://higher.gs.com/roles/174883
GOLDMAN_SACHS,178575,"Controllers, Asset & Wealth Management Public Product Control, Jersey City, Analyst",Finance and Accounting,Jersey City,NJ,United States,unknown,,2026-07-20 21:45:27.432637,,https://higher.gs.com/roles/178575
GOLDMAN_SACHS,159148,"Executive Office, Corporate Reputation Marketing, Vice President, New York",Other,New York,NY,United States,unknown,,2026-07-20 21:45:28.476777,,https://higher.gs.com/roles/159148
GOLDMAN_SACHS,154096,"Asset & Wealth Management - Marcus: Mobile Engineering Lead, iOS/Android - Vice President - Richardson",Risk and Compliance,Richardson,TX,United States,unknown,,2026-07-20 21:45:29.454259,,https://higher.gs.com/roles/154096
GOLDMAN_SACHS,154123,"AWM | Private Bank | Ultra High Net Worth Credit Underwriter, Associate | Dallas",Risk and Compliance,Dallas,TX,United States,unknown,,2026-07-20 21:45:33.464247,,https://higher.gs.com/roles/154123
GOLDMAN_SACHS,165547,Market Data - Vendor Manager - Vice President - New York,Risk and Compliance,New York,NY,United States,unknown,,2026-07-20 21:45:34.484170,,https://higher.gs.com/roles/165547
GOLDMAN_SACHS,175569,Global Banking & Markets Operations-Mortgage Loan Servicing-Dallas-Associate,Operations,Dallas,TX,United States,unknown,,2026-07-20 21:45:35.495055,,https://higher.gs.com/roles/175569
GOLDMAN_SACHS,177113,"Engineering- Dallas - Associate, Software Engineering - 4133518",Software Engineering,Dallas,TX,United States,unknown,,2026-07-20 21:45:36.479398,,https://higher.gs.com/roles/177113
GOLDMAN_SACHS,176963,"Corporate Treasury-New York-Vice President, Software Engineering-4903062",Software Engineering,New York,NY,United States,unknown,,2026-07-20 21:45:37.499707,,https://higher.gs.com/roles/176963
GOLDMAN_SACHS,176971,Global Banking & Markets - New York - Associate- 9732698,Risk and Compliance,New York,NY,United States,unknown,,2026-07-20 21:45:39.516443,,https://higher.gs.com/roles/176971
GOLDMAN_SACHS,177002,"Controllers- Dallas- Associate, Financial Accounting- 9303119",Finance and Accounting,Dallas,TX,United States,unknown,,2026-07-20 21:45:40.539178,,https://higher.gs.com/roles/177002
GOLDMAN_SACHS,177004,"Global Banking & Markets - New York - Vice President, Software Engineering - 3599606",Software Engineering,New York,NY,United States,unknown,,2026-07-20 21:45:41.539347,,https://higher.gs.com/roles/177004
GOLDMAN_SACHS,177010,"Engineering - Dallas - Vice President, Security Engineering - 3381787",Cybersecurity,Dallas,TX,United States,unknown,,2026-07-20 21:45:42.532369,,https://higher.gs.com/roles/177010
GOLDMAN_SACHS,177968,"Global Investment Research, Equity Research, Medical Technology & Healthcare IT, Associate",Finance and Accounting,San Francisco,CA,United States,unknown,,2026-07-20 21:45:52.620694,,https://higher.gs.com/roles/177968
GOLDMAN_SACHS,176743,"Transaction Banking, Sales, Vice President",Sales and Relationship Management,New York,NY,United States,unknown,,2026-07-20 21:45:53.623822,,https://higher.gs.com/roles/176743
GOLDMAN_SACHS,175338,"Asset & Wealth Management, Public Investing, Performance Strategy, Associate - New York",Other,New York,NY,United States,unknown,,2026-07-20 21:45:55.612863,,https://higher.gs.com/roles/175338
GOLDMAN_SACHS,178498,"Asset & Wealth Management - Software Engineer, AI Platform and Services - Associate - Richardson",Software Engineering,Richardson,TX,United States,unknown,,2026-07-20 21:45:59.649301,,https://higher.gs.com/roles/178498
GOLDMAN_SACHS,178358,"Compliance, Private Wealth Management (PWM) Compliance, Associate, Chicago",Risk and Compliance,Chicago,IL,United States,unknown,,2026-07-20 21:46:05.693576,,https://higher.gs.com/roles/178358
GOLDMAN_SACHS,177874,Software Engineer - Associate - Jersey City - IAM Entitlements,Software Engineering,Jersey City,NJ,United States,unknown,,2026-07-20 21:46:06.693186,,https://higher.gs.com/roles/177874
GOLDMAN_SACHS,169232,Security Engineer - Dallas - Vice President,Cybersecurity,Dallas,TX,United States,unknown,,2026-07-20 21:46:07.714810,,https://higher.gs.com/roles/169232
GOLDMAN_SACHS,127665,"Risk, Capital Risk, Associate / Vice President, Dallas",Risk and Compliance,Dallas,TX,United States,unknown,,2026-07-20 21:46:10.758998,,https://higher.gs.com/roles/127665
GOLDMAN_SACHS,165346,Asset & Wealth Management - Mobile Engineering Lead - iOS/Android - Vice President - Richardson,Risk and Compliance,Richardson,TX,United States,unknown,,2026-07-20 21:46:11.750840,,https://higher.gs.com/roles/165346
GOLDMAN_SACHS,154116,Asset & Wealth Management - Web Engineering - Marcus - Richardson - Vice President,Software Engineering,Richardson,TX,United States,unknown,,2026-07-20 21:46:15.796670,,https://higher.gs.com/roles/154116
GOLDMAN_SACHS,175379,"Transaction Banking, Escrow Transaction Manager, Vice President",Risk and Compliance,New York,NY,United States,unknown,,2026-07-20 21:46:26.891838,,https://higher.gs.com/roles/175379
GOLDMAN_SACHS,177798,"Compliance, Communications Compliance, Associate, Salt Lake City",Risk and Compliance,Salt Lake City,UT,United States,unknown,,2026-07-20 21:46:27.906837,,https://higher.gs.com/roles/177798
GOLDMAN_SACHS,177515,"Compliance, Asset Management Compliance, Vice President, New York",Risk and Compliance,New York,NY,United States,unknown,,2026-07-20 21:46:28.925126,,https://higher.gs.com/roles/177515
GOLDMAN_SACHS,177795,Global Banking & Markets Operations-TxB Ops Enablement-Dallas-Associate,Risk and Compliance,Dallas,TX,United States,unknown,,2026-07-20 21:46:29.937900,,https://higher.gs.com/roles/177795
GOLDMAN_SACHS,176903,"Asset & Wealth Management, Liquidity Management, Deal Execution and Operations Lead, Associate - Salt Lake City",Risk and Compliance,Salt Lake City,UT,United States,unknown,,2026-07-20 21:46:30.941305,,https://higher.gs.com/roles/176903
GOLDMAN_SACHS,176899,"Asset & Wealth Management, Alternative Capital Markets, Wealth Management Professional, Associate - Dallas",Risk and Compliance,Dallas,TX,United States,unknown,,2026-07-20 21:46:31.941472,,https://higher.gs.com/roles/176899
GOLDMAN_SACHS,176811,"GBM - Public, Latam Structuring, Vice President - New York",Risk and Compliance,New York,NY,United States,unknown,,2026-07-20 21:46:32.957452,,https://higher.gs.com/roles/176811
GOLDMAN_SACHS,163296,"Asset & Wealth Management, Risk Management, Analyst - New York",Risk and Compliance,New York,NY,United States,unknown,,2026-07-20 21:46:33.940249,,https://higher.gs.com/roles/163296
GOLDMAN_SACHS,177843,Wealth Management-Operations-Business Intelligence & Applied AI-New York-Vice President,Risk and Compliance,New York,NY,United States,unknown,,2026-07-20 21:46:34.954634,,https://higher.gs.com/roles/177843
GOLDMAN_SACHS,177150,Asset & Wealth Management Operations Private-Alts Pvt KYC Group-Dallas-Vice President,Risk and Compliance,Dallas,TX,United States,unknown,,2026-07-20 21:46:35.965511,,https://higher.gs.com/roles/177150
GOLDMAN_SACHS,178279,"Legal, Asset Management Fund Formation Attorney, Vice President, New York City/ Dallas",Legal,New York,NY,United States,unknown,,2026-07-20 21:46:36.956328,,https://higher.gs.com/roles/178279
GOLDMAN_SACHS,177809,"Compliance, Compliance Testing Group (CTG), Vice President, Dallas",Risk and Compliance,Dallas,TX,United States,unknown,,2026-07-20 21:46:37.963550,,https://higher.gs.com/roles/177809
GOLDMAN_SACHS,178012,"AWM, Goldman Sachs Ayco, Financial Planner Training & Development, Associate, Dallas",Risk and Compliance,Dallas,TX,United States,unknown,,2026-07-20 21:46:38.972878,,https://higher.gs.com/roles/178012
GOLDMAN_SACHS,135231,"GBM Private, IB Classic, Investment Banking Associate, Healthcare - New York",Risk and Compliance,New York,NY,United States,unknown,,2026-07-20 21:46:41.010101,,https://higher.gs.com/roles/135231
GOLDMAN_SACHS,175551,Global Banking & Markets - Private -Dallas-Analyst-Loan Management,Risk and Compliance,Dallas,TX,United States,unknown,,2026-07-20 21:46:41.996692,,https://higher.gs.com/roles/175551
GOLDMAN_SACHS,159167,Asset & Wealth Management - Web React Software Engineer - Associate - Richardson,Software Engineering,Richardson,TX,United States,unknown,,2026-07-20 21:46:43.006397,,https://higher.gs.com/roles/159167
GOLDMAN_SACHS,177044,"Asset & Wealth Management, Marcus US Deposits Business Controls & Risk Management, Associate - Richardson",Risk and Compliance,Richardson,TX,United States,unknown,,2026-07-20 21:46:44.039399,,https://higher.gs.com/roles/177044
GOLDMAN_SACHS,164034,Asset & Wealth Management - iOS Mobile Engineer - Marcus - Associate - Richardson,Software Engineering,Richardson,TX,United States,unknown,,2026-07-20 21:46:45.031444,,https://higher.gs.com/roles/164034
GOLDMAN_SACHS,168517,Asset & Wealth Management - Business Risk & Controls - Associate - Richardson,Risk and Compliance,Richardson,TX,United States,unknown,,2026-07-20 21:46:46.031269,,https://higher.gs.com/roles/168517
GOLDMAN_SACHS,170703,"Asset & Wealth Management, Risk Governance, Associate - Dallas",Risk and Compliance,Dallas,TX,United States,unknown,,2026-07-20 21:46:47.047519,,https://higher.gs.com/roles/170703
GOLDMAN_SACHS,176401,"Asset & Wealth Management, Operational Risk, Associate - Irving",Risk and Compliance,Irving,TX,United States,unknown,,2026-07-20 21:46:48.062614,,https://higher.gs.com/roles/176401
GOLDMAN_SACHS,177046,"Human Capital Management, Executive Compensation, Vice President, New York City",Risk and Compliance,New York,NY,United States,unknown,,2026-07-20 21:46:49.068724,,https://higher.gs.com/roles/177046
GOLDMAN_SACHS,168350,"Asset & Wealth Management, Marketing, Digital Strategy & Web Management, Associate - New York",Risk and Compliance,New York,NY,United States,unknown,,2026-07-20 21:46:50.096479,,https://higher.gs.com/roles/168350
GOLDMAN_SACHS,177541,"Asset & Wealth Management, MAS - Custom Models – Lead Portfolio Manager, Vice President - San Francisco",Operations,San Francisco,CA,United States,unknown,,2026-07-20 21:46:51.140245,,https://higher.gs.com/roles/177541
GOLDMAN_SACHS,177542,"Asset & Wealth Management, MAS - Custom Models – Lead Portfolio Manager, Vice President - New York",Operations,New York,NY,United States,unknown,,2026-07-20 21:46:52.113316,,https://higher.gs.com/roles/177542
GOLDMAN_SACHS,160626,"Database Engineer, Global Banking & Markets, Transaction Banking",Cloud and Infrastructure,New York,NY,United States,unknown,,2026-07-20 21:46:53.114629,,https://higher.gs.com/roles/160626
GOLDMAN_SACHS,158312,"Asset & Wealth Management, Administrative Assistant, Boston",Risk and Compliance,Boston,MA,United States,unknown,,2026-07-20 21:46:59.140517,,https://higher.gs.com/roles/158312
GOLDMAN_SACHS,177364,"Global Banking & Markets Private -Corporate Derivatives, FX Solutions- Analyst- New York",Risk and Compliance,New York,NY,United States,unknown,,2026-07-20 21:47:00.129171,,https://higher.gs.com/roles/177364
GOLDMAN_SACHS,177372,"Asset & Wealth Management, Talent Strategy, Advisor Development, Private Wealth Management (PWM), Vice President - New York",Risk and Compliance,New York,NY,United States,unknown,,2026-07-20 21:47:01.148769,,https://higher.gs.com/roles/177372
GOLDMAN_SACHS,171221,Machine Learning Platform - CI/CD Engineer - Associate - New York,Data and AI,Jersey City,NJ,United States,unknown,,2026-07-20 21:47:02.185432,,https://higher.gs.com/roles/171221
GOLDMAN_SACHS,177967,"Asset & Wealth Management, Communications Operations, Analyst - Richardson, TX",Risk and Compliance,Richardson,TX,United States,unknown,,2026-07-20 21:47:03.268700,,https://higher.gs.com/roles/177967
GOLDMAN_SACHS,171865,"Asset & Wealth Management, Private Wealth, Administrative Assistant, San Francisco",Other,San Francisco,CA,United States,unknown,,2026-07-20 21:47:04.201675,,https://higher.gs.com/roles/171865
GOLDMAN_SACHS,176763,"Asset & Wealth Management, UI/UX Design, Analyst - New York",Product Management,New York,NY,United States,unknown,,2026-07-20 21:47:05.204412,,https://higher.gs.com/roles/176763
GOLDMAN_SACHS,172748,Compliance-Salt Lake City-Analyst- Markets Surveillance,Risk and Compliance,Salt Lake City,UT,United States,unknown,,2026-07-20 21:47:06.225067,,https://higher.gs.com/roles/172748
GOLDMAN_SACHS,153665,"Risk, Credit Risk (Hedge Fund), Associate, New York",Risk and Compliance,New York,NY,United States,unknown,,2026-07-20 21:47:07.221277,,https://higher.gs.com/roles/153665
GOLDMAN_SACHS,177973,"Controllers, Regulatory Policy, New York, Analyst",Risk and Compliance,New York,NY,United States,unknown,,2026-07-20 21:47:08.217380,,https://higher.gs.com/roles/177973
GOLDMAN_SACHS,177972,"Controllers, Capital Analysis, Plans & Reporting, Salt Lake City, Analyst",Finance and Accounting,Salt Lake City,UT,United States,unknown,,2026-07-20 21:47:09.258977,,https://higher.gs.com/roles/177972
GOLDMAN_SACHS,162064,"GBM Private, IB Classic, Investment Banking Vice President, Natural Resources - Metals & Mining",Legal,New York,NY,United States,unknown,,2026-07-20 21:47:11.266509,,https://higher.gs.com/roles/162064
GOLDMAN_SACHS,162063,"GBM Private, IB Classic- Investment Banking Vice President -Chemicals",Legal,New York,NY,United States,unknown,,2026-07-20 21:47:12.239355,,https://higher.gs.com/roles/162063
GOLDMAN_SACHS,176362,"Executive Office, Paid Media, Analyst, New York",Risk and Compliance,New York,NY,United States,unknown,,2026-07-20 21:47:13.283944,,https://higher.gs.com/roles/176362
GOLDMAN_SACHS,163359,Asset & Wealth Management-Senior Software Engineer-Vice President- Richardson,Software Engineering,Richardson,TX,United States,unknown,,2026-07-20 21:47:15.288737,,https://higher.gs.com/roles/163359
GOLDMAN_SACHS,175507,"Controllers, Capital Analysis, Planning & Reporting, Associate, New York",Finance and Accounting,New York,NY,United States,unknown,,2026-07-20 21:47:20.424552,,https://higher.gs.com/roles/175507
GOLDMAN_SACHS,178011,"Asset & Wealth Management, Quantitative Equity Solutions - Client Portfolio Management, Vice President",Finance and Accounting,New York,NY,United States,unknown,,2026-07-20 21:55:47.538525,,https://higher.gs.com/roles/178011
GOLDMAN_SACHS,168520,VP Developer Productivity (DXR) Engineer - Dallas,Software Engineering,Dallas,TX,United States,unknown,,2026-07-20 21:55:48.543829,,https://higher.gs.com/roles/168520
GOLDMAN_SACHS,147204,"Risk, Operational Risk (Artificial Intelligence Coverage), Vice President, Dallas or Salt Lake City",Risk and Compliance,Dallas,TX,United States,unknown,,2026-07-20 21:55:49.582114,,https://higher.gs.com/roles/147204
GOLDMAN_SACHS,153407,"Human Capital Management, Pine Street, Leadership Development / Project Management, Senior Analyst, New York",Risk and Compliance,New York,NY,United States,unknown,,2026-07-20 21:55:50.550214,,https://higher.gs.com/roles/153407
GOLDMAN_SACHS,121099,"Risk, Operational Risk, Associate, Dallas",Risk and Compliance,Dallas,TX,United States,unknown,,2026-07-20 21:55:51.532929,,https://higher.gs.com/roles/121099
GOLDMAN_SACHS,158821,"Internal Audit, Artificial Intelligence Audit Vice President, Dallas",Audit,Dallas,TX,United States,unknown,,2026-07-20 21:55:52.551281,,https://higher.gs.com/roles/158821
GOLDMAN_SACHS,176632,"Asset & Wealth Management, MAS, Portfolio Management – Third Party Wealth and Strategic Partnerships, Vice President- New York",Risk and Compliance,New York,NY,United States,unknown,,2026-07-20 21:55:53.552176,,https://higher.gs.com/roles/176632
GOLDMAN_SACHS,167668,"Asset & Wealth Management, Committee Governance, Associate - Dallas",Risk and Compliance,Dallas,TX,United States,unknown,,2026-07-20 21:55:54.555395,,https://higher.gs.com/roles/167668
GOLDMAN_SACHS,177854,Wealth Management-Private Wealth Management-Margin Lending-Salt Lake City-Vice President,Risk and Compliance,Salt Lake City,UT,United States,unknown,,2026-07-20 21:55:56.583498,,https://higher.gs.com/roles/177854
GOLDMAN_SACHS,160810,"Product Management, Asset & Wealth Management, Private Wealth Management - Miami",Risk and Compliance,Miami,FL,United States,unknown,,2026-07-20 21:55:58.584723,,https://higher.gs.com/roles/160810
GOLDMAN_SACHS,158822,"Internal Audit, Cloud Technology Audit, Vice President, Dallas",Audit,Dallas,TX,United States,unknown,,2026-07-20 21:56:01.614802,,https://higher.gs.com/roles/158822
GOLDMAN_SACHS,165512,"Risk, Americas Equity Market Risk (Lead), Vice President, New York",Risk and Compliance,New York,NY,United States,unknown,,2026-07-20 21:56:02.644461,,https://higher.gs.com/roles/165512
GOLDMAN_SACHS,169219,"Asset & Wealth Management, Private, Real Estate Divisional CFO, Associate - Dallas",Cloud and Infrastructure,Dallas,TX,United States,unknown,,2026-07-20 21:56:03.657223,,https://higher.gs.com/roles/169219
GOLDMAN_SACHS,167421,"AWM, Private Bank, Ultra High Net Worth Underwriter, Vice President- Dallas",Risk and Compliance,Dallas,TX,United States,unknown,,2026-07-20 21:56:08.650119,,https://higher.gs.com/roles/167421
GOLDMAN_SACHS,161660,"Asset & Wealth Management, Multi-Asset Solutions: Portfolio Construction and Manager Research, Vice President - New York",Risk and Compliance,New York,NY,United States,unknown,,2026-07-20 21:56:09.648959,,https://higher.gs.com/roles/161660
GOLDMAN_SACHS,177800,"Controllers, Head of Financial Reporting, Vice President, New York",Finance and Accounting,New York,NY,United States,unknown,,2026-07-20 21:56:23.703189,,https://higher.gs.com/roles/177800
GOLDMAN_SACHS,177344,"Asset & Wealth Management, Growth Equity Investing, Associate - San Francisco / New York",Cloud and Infrastructure,San Francisco,CA,United States,unknown,,2026-07-20 21:56:26.736123,,https://higher.gs.com/roles/177344
GOLDMAN_SACHS,177340,"Asset & Wealth Management, Wealth Solutions, Vice President - Dallas",Risk and Compliance,Dallas,TX,United States,unknown,,2026-07-20 21:56:27.754371,,https://higher.gs.com/roles/177340
GOLDMAN_SACHS,164624,"Internal Audit, Global Banking and Markets, Risk,  Senior Analyst, Dallas",Audit,Dallas,TX,United States,unknown,,2026-07-20 21:56:28.756133,,https://higher.gs.com/roles/164624
GOLDMAN_SACHS,164566,"Corporate Planning & Management, Strategic Sourcing (Spend Management), Associate or Vice President, Dallas",Risk and Compliance,Dallas,TX,United States,unknown,,2026-07-20 21:56:29.783536,,https://higher.gs.com/roles/164566
GOLDMAN_SACHS,177168,"Asset & Wealth Management, Private Wealth Management, Goldman Sachs Family Office, Private Client Accounting and Payment Services Lead, Vice President - New York",Finance and Accounting,New York,NY,United States,unknown,,2026-07-20 21:56:31.775550,,https://higher.gs.com/roles/177168
GOLDMAN_SACHS,173068,"Controllers, Legal Entity Controller, Associate, Jersey City",Finance and Accounting,Jersey City,NJ,United States,unknown,,2026-07-20 21:56:38.735057,,https://higher.gs.com/roles/173068
GOLDMAN_SACHS,118111,"Asset & Wealth Management, Private Wealth Management, Private Wealth Advisor - Houston",Sales and Relationship Management,Houston,TX,United States,unknown,,2026-07-20 21:56:39.754929,,https://higher.gs.com/roles/118111
GOLDMAN_SACHS,118109,"Asset & Wealth Management, Private Wealth Management, Private Wealth Advisor, Associate / Vice President - Dallas",Sales and Relationship Management,Dallas,TX,United States,unknown,,2026-07-20 21:56:40.764331,,https://higher.gs.com/roles/118109
GOLDMAN_SACHS,167759,Asset & Wealth Management - Software Engineer - Vice President - Dallas,Software Engineering,Dallas,TX,United States,unknown,,2026-07-20 21:56:41.773544,,https://higher.gs.com/roles/167759
GOLDMAN_SACHS,161630,"Software Engineer, Global Banking & Markets, Front Office Technology",Software Engineering,Dallas,TX,United States,unknown,,2026-07-20 21:56:42.769673,,https://higher.gs.com/roles/161630
GOLDMAN_SACHS,166507,"Asset & Wealth Management, Private Wealth Management, Goldman Sachs Family Office,  Family Office Solutions (Reporting), Analyst - Dallas, TX",Finance and Accounting,Dallas,TX,United States,unknown,,2026-07-20 21:56:43.784874,,https://higher.gs.com/roles/166507
GOLDMAN_SACHS,176151,"Associate, Quantitative Strategist, Core Planning and Analysis Strats",Risk and Compliance,New York,NY,United States,unknown,,2026-07-20 21:56:44.774915,,https://higher.gs.com/roles/176151
GOLDMAN_SACHS,176902,"Asset & Wealth Management, Alternative Capital Markets, Liquidity Solutions Analyst - New York",Risk and Compliance,New York,NY,United States,unknown,,2026-07-20 21:56:45.775641,,https://higher.gs.com/roles/176902
GOLDMAN_SACHS,164899,"Internal Audit, Technology Auditor-Investment Banking, Associate",Audit,Dallas,TX,United States,unknown,,2026-07-20 21:56:46.751505,,https://higher.gs.com/roles/164899
GOLDMAN_SACHS,176764,"Asset & Wealth Management, Design Operations, Associate - New York",Operations,New York,NY,United States,unknown,,2026-07-20 21:56:47.789880,,https://higher.gs.com/roles/176764
GOLDMAN_SACHS,175563,Global Banking & Markets Operations-ECM Operations-New York-Associate,Risk and Compliance,New York,NY,United States,unknown,,2026-07-20 21:57:01.911799,,https://higher.gs.com/roles/175563
GOLDMAN_SACHS,175048,Asset & Wealth Management Operations-Client Service-Trade & Portfolio -Dallas-Vice President,Operations,Dallas,TX,United States,unknown,,2026-07-20 21:57:08.908824,,https://higher.gs.com/roles/175048
GOLDMAN_SACHS,176761,"Asset & Management, UI/UX Product Design, Vice President - New York",Risk and Compliance,New York,NY,United States,unknown,,2026-07-20 21:57:09.897169,,https://higher.gs.com/roles/176761
GOLDMAN_SACHS,115336,"Risk, Risk Divisional Governance, Associate, Salt Lake City",Risk and Compliance,Salt Lake City,UT,United States,unknown,,2026-07-20 21:57:10.892733,,https://higher.gs.com/roles/115336
GOLDMAN_SACHS,147418,"Asset & Wealth Management, Marcus Business COO Team,  Analyst - Richardson, TX",Risk and Compliance,Richardson,TX,United States,unknown,,2026-07-20 21:57:11.904114,,https://higher.gs.com/roles/147418
GOLDMAN_SACHS,142714,"Risk, Risk Divisional Governance, Associate, Dallas",Risk and Compliance,Dallas,TX,United States,unknown,,2026-07-20 21:57:12.922052,,https://higher.gs.com/roles/142714
GOLDMAN_SACHS,170770,"Compliance Engineering, Site Reliability Engineer SRE, Associate, Dallas",Cloud and Infrastructure,Dallas,TX,United States,unknown,,2026-07-20 21:57:13.932813,,https://higher.gs.com/roles/170770
GOLDMAN_SACHS,126343,"Risk, Credit Risk (Financial Institutions), Vice President, Salt Lake City or Dallas",Risk and Compliance,Salt Lake City,UT,United States,unknown,,2026-07-20 21:57:14.949309,,https://higher.gs.com/roles/126343
GOLDMAN_SACHS,175715,"Internal Audit, Market Risk, Dallas, Analyst",Risk and Compliance,Dallas,TX,United States,unknown,,2026-07-20 21:57:15.938378,,https://higher.gs.com/roles/175715
GOLDMAN_SACHS,161878,Asset &Wealth Management-Software Engineer-Associate-Dallas,Software Engineering,Dallas,TX,United States,unknown,,2026-07-20 21:57:18.951219,,https://higher.gs.com/roles/161878
GOLDMAN_SACHS,168764,Asset & Wealth Management - AI Solutions Engineer - Associate - Dallas,Software Engineering,Dallas,TX,United States,unknown,,2026-07-20 21:57:19.956584,,https://higher.gs.com/roles/168764
GOLDMAN_SACHS,165262,"Asset & Wealth Management, Private Wealth Management, Goldman Partner Office Invest, Private Wealth Advisor, Associate - New York",Sales and Relationship Management,New York,NY,United States,unknown,,2026-07-28 18:16:17.897340,,https://higher.gs.com/roles/165262
GOLDMAN_SACHS,144405,"Asset & Wealth Management, Real Estate Investing – Credit Originations, Vice President / Senior Vice President",Risk and Compliance,Los Angeles,CA,United States,unknown,,2026-07-28 18:16:18.918397,,https://higher.gs.com/roles/144405
GOLDMAN_SACHS,180570,"Asset & Wealth Management - New York - Vice President, External Product Specialists -9849489",Risk and Compliance,New York,NY,United States,unknown,,2026-07-28 18:16:22.654241,,https://higher.gs.com/roles/180570
GOLDMAN_SACHS,179023,"Market Risk Eng, Dallas, Vice President, AI Engineer",Data and AI,Dallas,TX,United States,unknown,,2026-07-28 18:16:26.686066,,https://higher.gs.com/roles/179023
GOLDMAN_SACHS,180563,"Asset & Wealth Management - New York - Vice President, External Product Specialist - 4505808",Legal,New York,NY,United States,unknown,,2026-07-28 18:16:36.779444,,https://higher.gs.com/roles/180563
GOLDMAN_SACHS,180085,"Global Investment Research, Equity Research, TMT",Risk and Compliance,San Francisco,CA,United States,unknown,,2026-07-28 18:46:15.838183,,https://higher.gs.com/roles/180085
GOLDMAN_SACHS,179119,"Controllers, Private Valuation/Product Control, Vice President, New York",Finance and Accounting,New York,NY,United States,unknown,,2026-07-28 18:46:16.773118,,https://higher.gs.com/roles/179119
GOLDMAN_SACHS,181442,"Internal Audit - Dallas - Associate, Technology Audit - 10252614",Audit,Dallas,TX,United States,unknown,,2026-08-20 19:42:14.716112,,https://higher.gs.com/roles/181442
GOLDMAN_SACHS,170007,VP Software Engineer - Global Banking & Markets - CTL/Equities Engineering,Operations,New York,NY,United States,unknown,,2026-08-20 19:42:15.848940,,https://higher.gs.com/roles/170007
GOLDMAN_SACHS,175479,"Asset & Wealth Management, UI/UX Design, Associate - New York",Product Management,New York,NY,United States,unknown,,2026-08-20 19:42:18.842121,,https://higher.gs.com/roles/175479
GOLDMAN_SACHS,181066,"Asset & Wealth Management - Miami - Associate, Business Development Professional - 10243338",Sales and Relationship Management,Miami,FL,United States,unknown,,2026-08-20 19:42:19.849026,,https://higher.gs.com/roles/181066
GOLDMAN_SACHS,160554,"Asset & Wealth Management, Private Wealth Management, AI Product Management, Vice President - New York",Risk and Compliance,New York,NY,United States,unknown,,2026-08-20 19:42:27.706549,,https://higher.gs.com/roles/160554
GOLDMAN_SACHS,162928,"Asset & Wealth Management, Product Management, Associate - Albany",Product Management,Albany,NY,United States,unknown,,2026-08-20 19:42:27.827332,,https://higher.gs.com/roles/162928
GOLDMAN_SACHS,168400,"Asset & Wealth Management, Product Management, Vice President - New York",Risk and Compliance,New York,NY,United States,unknown,,2026-08-20 19:42:28.804542,,https://higher.gs.com/roles/168400
GOLDMAN_SACHS,168399,"Asset & Wealth Management, Product Management, Associate - New York",Risk and Compliance,New York,NY,United States,unknown,,2026-08-20 19:42:29.820859,,https://higher.gs.com/roles/168399
GOLDMAN_SACHS,173819,"Asset & Wealth Management, Product Management, Associate - Dallas",Risk and Compliance,Dallas,TX,United States,unknown,,2026-08-20 19:42:31.853158,,https://higher.gs.com/roles/173819
GOLDMAN_SACHS,176858,"Asset & Wealth Management - Money Movement & Payment Rails, Software Engineering - Vice President - Richardson",Risk and Compliance,Richardson,TX,United States,unknown,,2026-08-20 19:42:32.851334,,https://higher.gs.com/roles/176858
GOLDMAN_SACHS,177166,"Product Manager, Asset & Wealth Management, Private Wealth Management",Product Management,New York,NY,United States,unknown,,2026-08-20 19:42:34.868124,,https://higher.gs.com/roles/177166
GOLDMAN_SACHS,174129,"Product Management, Asset & Wealth Management, Private Wealth Management - Miami / New York City",Risk and Compliance,Miami,FL,United States,unknown,,2026-08-20 19:42:37.876942,,https://higher.gs.com/roles/174129
GOLDMAN_SACHS,180455,"Asset & Wealth Management, Private Wealth Management, Wealth Management Professional, Associate - Detroit",Risk and Compliance,Detroit,MI,United States,unknown,,2026-08-20 19:45:45.001072,,https://higher.gs.com/roles/180455
GOLDMAN_SACHS,180458,"Private Wealth Management, Wealth Management Professional, Senior Analyst, Atlanta",Risk and Compliance,Atlanta,GA,United States,unknown,,2026-08-20 19:45:46.020708,,https://higher.gs.com/roles/180458
GOLDMAN_SACHS,180481,"Asset & Wealth Management, Private Wealth Management, Wealth Management Professional, Associate - Denver",Risk and Compliance,Denver,CO,United States,unknown,,2026-08-20 19:45:47.023966,,https://higher.gs.com/roles/180481
GOLDMAN_SACHS,180467,"Asset & Wealth Management, Private Wealth Management, Goldman Partner Office, Wealth Management Professional, Associate - New York",Risk and Compliance,New York,NY,United States,unknown,,2026-08-20 19:45:48.017686,,https://higher.gs.com/roles/180467
GOLDMAN_SACHS,180771,"Global Investment Research, Equity Research, Life Insurance Associate",Cloud and Infrastructure,New York,NY,United States,unknown,,2026-08-20 19:45:49.033668,,https://higher.gs.com/roles/180771
GOLDMAN_SACHS,178579,"Asset & Wealth Management, Operational Risk, Issues Management, Associate - Richardson",Risk and Compliance,Richardson,TX,United States,unknown,,2026-08-20 19:45:50.029831,,https://higher.gs.com/roles/178579
GOLDMAN_SACHS,178581,"Asset & Wealth Management, Wealth Management Risk Team, Regional Risk Manager, Associate - Dallas",Risk and Compliance,Dallas,TX,United States,unknown,,2026-08-20 19:45:51.031582,,https://higher.gs.com/roles/178581
GOLDMAN_SACHS,182441,"Senior Software Engineer, Global Banking & Markets, Digital Assets Technology - Multi-chain Tokenization",Risk and Compliance,New York,NY,United States,unknown,,2026-08-20 19:45:52.044808,,https://higher.gs.com/roles/182441
GOLDMAN_SACHS,173932,"GBM Private, IB Classic, Investment Banking Vice President - TMT (Digital Infrastructure)",Cloud and Infrastructure,New York,NY,United States,unknown,,2026-08-20 19:45:53.019150,,https://higher.gs.com/roles/173932
GOLDMAN_SACHS,182440,"Senior Software Engineer, Global Banking & Markets, Digital Assets Technology - Canton / Daml",Risk and Compliance,New York,NY,United States,unknown,,2026-08-20 19:45:54.065353,,https://higher.gs.com/roles/182440
GOLDMAN_SACHS,179078,"Global Banking and Markets Private, Capital Solutions Group, Leveraged Finance, Associate - New York",Sales and Relationship Management,New York,NY,United States,unknown,,2026-08-20 19:45:59.086476,,https://higher.gs.com/roles/179078
GOLDMAN_SACHS,180469,GBM - Capital Solutions Group - Corporate Derivatives - New York (Vice President),Risk and Compliance,New York,NY,United States,unknown,,2026-08-20 19:46:01.113137,,https://higher.gs.com/roles/180469
GOLDMAN_SACHS,181039,"Asset & Wealth Management, Private Wealth Management, Goldman Sachs Family Office, Wealth Planning Specialist, Associate - Dallas",Finance and Accounting,Dallas,TX,United States,unknown,,2026-08-20 19:46:03.126101,,https://higher.gs.com/roles/181039
GOLDMAN_SACHS,181508,"Asset & Wealth Management, Private Wealth Management, Investment Strategy Group, Associate - New York",Finance and Accounting,New York,NY,United States,unknown,,2026-08-20 19:46:04.135043,,https://higher.gs.com/roles/181508
GOLDMAN_SACHS,152248,"AWS Solutions Architect, Global Banking & Markets, Cloud Platform",Risk and Compliance,Dallas,TX,United States,unknown,,2026-08-20 19:46:06.175405,,https://higher.gs.com/roles/152248
GOLDMAN_SACHS,182230,"Senior Product Manager, Asset & Wealth Management, Private Wealth Management",Product Management,New York,NY,United States,unknown,,2026-08-20 19:46:10.209482,,https://higher.gs.com/roles/182230
GOLDMAN_SACHS,182229,"Digital Advocacy, Asset & Wealth Management, Private Wealth Management",Product Management,Dallas,TX,United States,unknown,,2026-08-20 19:46:11.193486,,https://higher.gs.com/roles/182229
GOLDMAN_SACHS,182227,"Digital Advocacy, Asset & Wealth Management, Private Wealth Management",Other,New York,NY,United States,unknown,,2026-08-20 19:46:12.204660,,https://higher.gs.com/roles/182227
GOLDMAN_SACHS,182449,"Global Banking & Markets- Dallas - Associate, Product Management- 10104810",Cloud and Infrastructure,Dallas,TX,United States,unknown,,2026-08-20 19:46:13.185124,,https://higher.gs.com/roles/182449
GOLDMAN_SACHS,181060,"Internal Audit - New York - Associate, Business Audit - 10171389",Audit,New York,NY,United States,unknown,,2026-08-20 19:46:15.189463,,https://higher.gs.com/roles/181060
GOLDMAN_SACHS,180838,"Office of Transformation, Digital Transformation Project Manager — AI-Driven Strategic Initiatives, Associate, New York City",Project and Program Management,New York,NY,United States,unknown,,2026-08-20 19:46:16.228529,,https://higher.gs.com/roles/180838
GOLDMAN_SACHS,181506,"Compliance Division, Compliance Testing Group, Analyst / Associate, Dallas",Risk and Compliance,Dallas,TX,United States,unknown,,2026-08-20 19:46:17.255942,,https://higher.gs.com/roles/181506
GOLDMAN_SACHS,181507,"Compliance Division, Compliance Testing Group, Analyst / Associate, Salt Lake City",Risk and Compliance,Salt Lake City,UT,United States,unknown,,2026-08-20 19:46:18.251546,,https://higher.gs.com/roles/181507
GOLDMAN_SACHS,182248,"Software Engineer, Global Banking & Markets, Commodity Trading & Sales Technology",Software Engineering,New York,NY,United States,unknown,,2026-08-20 19:46:30.403992,,https://higher.gs.com/roles/182248
GOLDMAN_SACHS,180601,"Corporate Planning & Management, Customer Experience, Associate, Dallas",Risk and Compliance,Dallas,TX,United States,unknown,,2026-08-20 19:46:33.439461,,https://higher.gs.com/roles/180601
GOLDMAN_SACHS,171005,"Compliance, Machine Learning Engineer, New York, Vice President",Risk and Compliance,New York,NY,United States,unknown,,2026-08-20 19:46:35.439835,,https://higher.gs.com/roles/171005
GOLDMAN_SACHS,161805,"Compliance, Machine Learning Engineer, Dallas, Vice President",Risk and Compliance,Dallas,TX,United States,unknown,,2026-08-20 19:46:36.449710,,https://higher.gs.com/roles/161805
GOLDMAN_SACHS,178635,"Compliance, Senior Backend Engineer (Java & ETL Specialist), Vice President, Dallas",Software Engineering,Dallas,TX,United States,unknown,,2026-08-20 19:46:37.462902,,https://higher.gs.com/roles/178635
GOLDMAN_SACHS,173084,"Compliance, New York, Vice President, AI/ML Engineer",Risk and Compliance,New York,NY,United States,unknown,,2026-08-20 19:46:38.462468,,https://higher.gs.com/roles/173084
GOLDMAN_SACHS,160123,"Asset & Wealth Management, Platform Management, Analyst / Associate - Dallas",Risk and Compliance,Dallas,TX,United States,unknown,,2026-08-20 19:46:39.504959,,https://higher.gs.com/roles/160123
GOLDMAN_SACHS,180769,Technology Risk - Dallas - Security Engineering,Cybersecurity,Dallas,TX,United States,unknown,,2026-08-20 19:46:40.471472,,https://higher.gs.com/roles/180769
GOLDMAN_SACHS,180433,"Asset & Wealth Management, Marketing, Digital Experience Designer, Associate - New York - 2027",Cloud and Infrastructure,New York,NY,United States,unknown,,2026-08-20 19:46:41.524654,,https://higher.gs.com/roles/180433
GOLDMAN_SACHS,170771,"Site Reliability Engineering (SRE), The Core Engineering, Vice President, Dallas",Cloud and Infrastructure,Dallas,TX,United States,unknown,,2026-08-20 19:46:42.512525,,https://higher.gs.com/roles/170771
GOLDMAN_SACHS,171348,Global Banking & Markets - Private - Transaction Banking Client Service - Dallas - Vice President,Operations,Dallas,TX,United States,unknown,,2026-08-20 19:46:43.533362,,https://higher.gs.com/roles/171348
GOLDMAN_SACHS,159758,Compliance | Analyst | Salt Lake City,Risk and Compliance,Salt Lake City,UT,United States,unknown,,2026-08-20 19:46:45.514334,,https://higher.gs.com/roles/159758
GOLDMAN_SACHS,151700,Legal-New York-Vice President-Product Management,Risk and Compliance,New York,NY,United States,unknown,,2026-08-20 19:46:47.534858,,https://higher.gs.com/roles/151700
GOLDMAN_SACHS,181993,"Corporate Treasury, Project Management, Salt Lake City, Analyst",Finance and Accounting,Salt Lake City,UT,United States,unknown,,2026-08-20 19:46:49.510060,,https://higher.gs.com/roles/181993
GOLDMAN_SACHS,180434,"Asset & Wealth Management, Marketing, Advertising Copywriter, Vice President - New York",Risk and Compliance,New York,NY,United States,unknown,,2026-08-20 19:46:50.552684,,https://higher.gs.com/roles/180434
GOLDMAN_SACHS,171365,"Transaction Banking, Client Relationship Management, Vice President",Risk and Compliance,New York,NY,United States,unknown,,2026-08-20 19:46:58.577882,,https://higher.gs.com/roles/171365
GOLDMAN_SACHS,156951,"Asset & Wealth Management, Private Wealth Management, Goldman Sachs Family Office, Legacy Planning, Vice President - Dallas",Sales and Relationship Management,Dallas,TX,United States,unknown,,2026-08-21 19:02:33.588081,,https://higher.gs.com/roles/156951
GOLDMAN_SACHS,181036,"Asset & Wealth Management, Private Wealth Management, Goldman Sachs Family Office, Wealth Planning Specialist, Vice President - Dallas",Finance and Accounting,Dallas,TX,United States,unknown,,2026-08-21 19:02:35.389747,,https://higher.gs.com/roles/181036
GOLDMAN_SACHS,162057,"Asset & Wealth Management, Client Solutions Group, Regional Consultant, Associate - Chicago",Risk and Compliance,Chicago,IL,United States,unknown,,2026-08-21 19:02:40.456363,,https://higher.gs.com/roles/162057
GOLDMAN_SACHS,181254,"Global Banking & Markets - New York - Associate, Banker - CSG - 9879298",Sales and Relationship Management,New York,NY,United States,unknown,,2026-08-21 19:02:45.489392,,https://higher.gs.com/roles/181254
GOLDMAN_SACHS,181190,"Global Banking & Markets-Dallas- Vice President, Trade Processing- 8933115",Operations,Dallas,TX,United States,unknown,,2026-08-21 19:02:46.476459,,https://higher.gs.com/roles/181190
GOLDMAN_SACHS,181595,"Global Banking & Markets Public, Issue, Events & Risk and Control Self-Assessment Management, Associate - Dallas",Risk and Compliance,Dallas,TX,United States,unknown,,2026-08-21 19:02:47.480198,,https://higher.gs.com/roles/181595
GOLDMAN_SACHS,181108,"Trading Desk Strategist, Global Banking & Markets, Synthetic Products Group (SPG)",Sales and Relationship Management,New York,NY,United States,unknown,,2026-08-21 19:03:04.609754,,https://higher.gs.com/roles/181108
GOLDMAN_SACHS,181133,"Corporate and Workplace Solutions, Event Management - Junior Business Coverage Manager, Associate",Risk and Compliance,Jersey City,NJ,United States,unknown,,2026-08-21 19:03:07.623504,,https://higher.gs.com/roles/181133
GOLDMAN_SACHS,182224,"Controllers, Regulatory Financial Reporting, Associate, Jersey City",Risk and Compliance,Jersey City,NJ,United States,unknown,,2026-08-21 19:03:08.606175,,https://higher.gs.com/roles/182224
GOLDMAN_SACHS,154679,"Asset & Wealth Management, Private Wealth Advisor, Detroit",Sales and Relationship Management,Detroit,MI,United States,unknown,,2026-08-21 19:03:09.797165,,https://higher.gs.com/roles/154679
GOLDMAN_SACHS,182225,"Controllers, Regulatory Financial Reporting, Associate, Salt Lake City",Risk and Compliance,Salt Lake City,UT,United States,unknown,,2026-08-21 19:03:10.652623,,https://higher.gs.com/roles/182225
GOLDMAN_SACHS,167266,"Corporate Treasury, Dallas, Vice President, Software Engineering",Risk and Compliance,Dallas,TX,United States,unknown,,2026-08-21 19:05:03.082643,,https://higher.gs.com/roles/167266
GOLDMAN_SACHS,164351,"Asset & Wealth Management, Fixed Income: Liquidity Solutions - Portfolio Manager, Vice President – New York",Finance and Accounting,New York,NY,United States,unknown,,2026-08-21 19:05:08.137989,,https://higher.gs.com/roles/164351
GOLDMAN_SACHS,179695,"Risk, Credit Risk (Asset Finance), Vice President, Dallas",Risk and Compliance,Dallas,TX,United States,unknown,,2026-08-21 19:05:13.161013,,https://higher.gs.com/roles/179695
GOLDMAN_SACHS,172616,"Asset & Wealth Management, Trading & Market Strategies – Execution Quantitative Researcher, Vice President - New York",Data and AI,New York,NY,United States,unknown,,2026-08-21 19:05:14.162761,,https://higher.gs.com/roles/172616
GOLDMAN_SACHS,175135,"Transaction Banking, Finance, Vice President",Finance and Accounting,New York,NY,United States,unknown,,2026-08-21 19:05:15.164384,,https://higher.gs.com/roles/175135
GOLDMAN_SACHS,152501,"Asset & Wealth Management, Private Wealth Management, GS Family Office, Trust Relationship Manager, Vice President - San Francisco",Sales and Relationship Management,San Francisco,CA,United States,unknown,,2026-08-21 19:05:38.826231,,https://higher.gs.com/roles/152501
GOLDMAN_SACHS,181263,Risk-Dallas-Vice President-Product Management,Risk and Compliance,Dallas,TX,United States,unknown,,2026-08-21 19:05:39.585602,,https://higher.gs.com/roles/181263
GOLDMAN_SACHS,176150,Corporate Treasury-Dallas-Vice President-Quantitative Engineering,Finance and Accounting,Dallas,TX,United States,unknown,,2026-08-21 19:05:53.852149,,https://higher.gs.com/roles/176150
GOLDMAN_SACHS,180815,"Risk, Operational Risk, Vice President, Salt Lake City",Risk and Compliance,Salt Lake City,UT,United States,unknown,,2026-08-21 19:05:54.767994,,https://higher.gs.com/roles/180815
GOLDMAN_SACHS,171064,"Controllers, Data Reconciliation, Dallas, Vice President, Software Engineering",Finance and Accounting,Dallas,TX,United States,unknown,,2026-08-21 19:06:02.349672,,https://higher.gs.com/roles/171064
GOLDMAN_SACHS,152954,"Legal, Lending Finance Attorney, Vice President, Dallas",Legal,Dallas,TX,United States,unknown,,2026-08-21 19:06:10.434670,,https://higher.gs.com/roles/152954
GOLDMAN_SACHS,170693,"Asset & Wealth Management, XIG, Primaries Private Equity, Associate - New York",Risk and Compliance,New York,NY,United States,unknown,,2026-08-21 19:06:11.451320,,https://higher.gs.com/roles/170693
GOLDMAN_SACHS,180880,"GBM - Quantitative Rates Trading Strat, VP - New York",Cloud and Infrastructure,New York,NY,United States,unknown,,2026-08-21 19:06:17.486256,,https://higher.gs.com/roles/180880
GOLDMAN_SACHS,175117,"Global Banking & Markets Private, Capital Solutions Group, Public Sector Infrastructure, Energy, Associate - San Francisco",Cloud and Infrastructure,San Francisco,CA,United States,unknown,,2026-08-21 19:06:19.531947,,https://higher.gs.com/roles/175117
GOLDMAN_SACHS,180898,"Controllers, AWM Public Product Control, Associate, Jersey City",Finance and Accounting,Jersey City,NJ,United States,unknown,,2026-08-21 19:06:31.368032,,https://higher.gs.com/roles/180898
GOLDMAN_SACHS,179958,"Asset & Wealth Management, Private Wealth Management, Marketing and Client Engagement Team, US Client Events, New York",Risk and Compliance,New York,NY,United States,unknown,,2026-08-21 19:06:35.431190,,https://higher.gs.com/roles/179958
GOLDMAN_SACHS,177899,"Asset & Wealth Management, Fundamental Equity - Client Portfolio Management, Vice President - New York",Sales and Relationship Management,New York,NY,United States,unknown,,2026-08-21 19:06:38.408855,,https://higher.gs.com/roles/177899
GOLDMAN_SACHS,174144,"GBM - Private, Private Equity Capital Call (PECC) Financing, Associate - New York",Risk and Compliance,New York,NY,United States,unknown,,2026-08-21 19:06:44.491677,,https://higher.gs.com/roles/174144
GOLDMAN_SACHS,136206,"Risk, Risk Assessment Execution Team, Vice President, Dallas",Risk and Compliance,Dallas,TX,United States,unknown,,2026-08-21 19:06:47.497740,,https://higher.gs.com/roles/136206
GOLDMAN_SACHS,176907,"Asset & Wealth Management, Private Wealth Management, Goldman Sachs Trust Company, Assistant Trust Officer, Associate or Vice President - Wilmington, DE",Risk and Compliance,Wilmington,DE,United States,unknown,,2026-08-21 19:06:49.536024,,https://higher.gs.com/roles/176907
GOLDMAN_SACHS,179727,"Asset & Wealth Management, Private Investing, Divisional CFO, Associate - Dallas",Cloud and Infrastructure,Dallas,TX,United States,unknown,,2026-08-21 19:06:50.523823,,https://higher.gs.com/roles/179727
GOLDMAN_SACHS,161199,"Transaction Banking, Vendor Management, Vice President",Risk and Compliance,Dallas,TX,United States,unknown,,2026-08-21 19:06:51.541902,,https://higher.gs.com/roles/161199
GOLDMAN_SACHS,149080,"Corporate Planning & Management – Global Procurement, Strategic Sourcing Manager, Software/SaaS, Associate, Dallas",Risk and Compliance,Dallas,TX,United States,unknown,,2026-08-21 19:06:53.549507,,https://higher.gs.com/roles/149080
GOLDMAN_SACHS,152947,"Global Banking & Markets Private, Capital Solutions Group, Corporate Credit Portfolio Group , Credit Research Analyst - Associate/VP - New York",Risk and Compliance,New York,NY,United States,unknown,,2026-08-21 19:07:00.624089,,https://higher.gs.com/roles/152947
GOLDMAN_SACHS,166372,"Tax, Financial Reporting & Tax Compliance, Associate, Dallas",Finance and Accounting,Dallas,TX,United States,unknown,,2026-08-21 19:07:02.627421,,https://higher.gs.com/roles/166372
GOLDMAN_SACHS,180979,"Global Banking & Markets Public, Client Management & Strategy, Analyst – Dallas",Risk and Compliance,Dallas,TX,United States,unknown,,2026-08-21 19:07:05.628362,,https://higher.gs.com/roles/180979
GOLDMAN_SACHS,176549,"Marcus by Goldman Sachs,  Lead Instructional Designer Associate - Richardson, TX",Risk and Compliance,Richardson,TX,United States,unknown,,2026-08-21 19:07:06.667572,,https://higher.gs.com/roles/176549
GOLDMAN_SACHS,177856,Global Banking & Markets - Public - New York- Analyst - Emerging Markets Local Sales,Risk and Compliance,New York,NY,United States,unknown,,2026-08-21 19:07:08.681218,,https://higher.gs.com/roles/177856
GOLDMAN_SACHS,175104,"Private Wealth Management, Business Development Professional, Associate - Washington D.C",Sales and Relationship Management,Washington,DC,United States,unknown,,2026-08-21 19:07:13.701884,,https://higher.gs.com/roles/175104
GOLDMAN_SACHS,179385,"Compliance, Control Room, Associate, Salt Lake City",Risk and Compliance,Salt Lake City,UT,United States,unknown,,2026-08-21 19:07:15.706576,,https://higher.gs.com/roles/179385
GOLDMAN_SACHS,163633,"GBM - Private - Investment Banking Associate, TMT (Digital Infrastructure) - New York",Cloud and Infrastructure,New York,NY,United States,unknown,,2026-08-21 19:07:18.743539,,https://higher.gs.com/roles/163633
GOLDMAN_SACHS,179299,"Corporate Treasury,  Treasury, Deposits Coverage and Strategy, Vice President, New York",Risk and Compliance,New York,NY,United States,unknown,,2026-08-21 19:07:19.794459,,https://higher.gs.com/roles/179299
GOLDMAN_SACHS,147415,"AWM, Marcus by Goldman Sachs, Business Management, Customer Communications & Regulatory Compliance, Associate, Richardson, TX",Risk and Compliance,Richardson,TX,United States,unknown,,2026-08-21 19:07:20.768595,,https://higher.gs.com/roles/147415
GOLDMAN_SACHS,165846,"Asset & Wealth Management, Asset Management, Digital Advocacy",Other,New York,NY,United States,unknown,,2026-08-21 19:07:22.750229,,https://higher.gs.com/roles/165846
GOLDMAN_SACHS,166890,"Asset & Wealth Management, Investment Risk Management, Equities, Associate - New York",Risk and Compliance,New York,NY,United States,unknown,,2026-08-21 19:07:23.768282,,https://higher.gs.com/roles/166890
GOLDMAN_SACHS,174701,Global Banking & Markets Operations-Regulatory Reporting-Dallas-Associate,Risk and Compliance,Dallas,TX,United States,unknown,,2026-08-21 19:07:30.817144,,https://higher.gs.com/roles/174701
GOLDMAN_SACHS,169621,"Asset & Wealth Management, Public, Finance Analyst - Wheaton, IL",Risk and Compliance,Chicago,IL,United States,unknown,,2026-08-21 19:07:31.802463,,https://higher.gs.com/roles/169621
GOLDMAN_SACHS,179861,"Asset & Wealth Management, XIG, Public Strategies Client Portfolio Manager, Associate, New York",Cloud and Infrastructure,New York,NY,United States,unknown,,2026-08-21 19:07:42.870777,,https://higher.gs.com/roles/179861
GOLDMAN_SACHS,176870,"Controllers, Capital Analysis, Plans & Reporting, New York, Analyst",Finance and Accounting,New York,NY,United States,unknown,,2026-08-21 19:07:43.882762,,https://higher.gs.com/roles/176870
GOLDMAN_SACHS,180804,Global Banking & Markets Private – Capital Solutions Group – Mortgages and Structured Products – Consumer Asset Management,Risk and Compliance,Dallas,TX,United States,unknown,,2026-08-21 19:07:51.925531,,https://higher.gs.com/roles/180804
GOLDMAN_SACHS,176869,"Controllers, Regulatory Policy, Vice President, New York",Risk and Compliance,New York,NY,United States,unknown,,2026-08-21 19:07:55.994161,,https://higher.gs.com/roles/176869
GOLDMAN_SACHS,171188,"Asset & Wealth Management, Client Solution Group (CSG), Business Strategist, Vice President",Sales and Relationship Management,New York,NY,United States,unknown,,2026-08-21 19:08:01.018031,,https://higher.gs.com/roles/171188
GOLDMAN_SACHS,173045,"Tax, Fund Tax Oversight, Associate, Dallas",Finance and Accounting,Dallas,TX,United States,unknown,,2026-08-21 19:08:05.009769,,https://higher.gs.com/roles/173045
GOLDMAN_SACHS,171311,"Marcus by Goldman Sachs, Marketing Content Strategy, Associate - Richardson, TX",Risk and Compliance,Richardson,TX,United States,unknown,,2026-08-21 19:08:08.321402,,https://higher.gs.com/roles/171311
GOLDMAN_SACHS,180639,"Asset & Wealth Management, US Third Party Wealth, Cross Channel, Regional Director, Arizona Territory, Vice President",Risk and Compliance,Phoenix,AZ,United States,unknown,,2026-08-21 19:08:11.442326,,https://higher.gs.com/roles/180639
GOLDMAN_SACHS,149771,GBM Public - Systematic Macro Quant Researcher - New York - GBM Public,Risk and Compliance,New York,NY,United States,unknown,,2026-08-21 19:08:12.483307,,https://higher.gs.com/roles/149771
GOLDMAN_SACHS,180725,"Global Banking & Markets, RIA Custody, Managed Accounts & Alternative Assets Platform, Vice President - New York",Risk and Compliance,New York,NY,United States,unknown,,2026-08-21 19:08:13.470632,,https://higher.gs.com/roles/180725
GOLDMAN_SACHS,179363,"Transaction Banking, Sales, Vice President",Risk and Compliance,San Francisco,CA,United States,unknown,,2026-08-21 19:08:20.556616,,https://higher.gs.com/roles/179363
GOLDMAN_SACHS,165066,"Asset Management, Client Service Platforms - Head of Product",Risk and Compliance,Dallas,TX,United States,unknown,,2026-08-21 19:08:26.574514,,https://higher.gs.com/roles/165066
GOLDMAN_SACHS,174928,Global Banking & Markets Operations-Equities Client Integration-Associate-New York,Operations,New York,NY,United States,unknown,,2026-08-21 19:08:27.577593,,https://higher.gs.com/roles/174928
GOLDMAN_SACHS,180700,"Software Engineer, Global Banking & Markets, Electronic Trading",Software Engineering,New York,NY,United States,unknown,,2026-08-21 19:08:39.679607,,https://higher.gs.com/roles/180700
GOLDMAN_SACHS,179694,Risk-Credit Risk - Global Markets-Dallas-Analyst,Risk and Compliance,Dallas,TX,United States,unknown,,2026-08-21 19:08:41.683368,,https://higher.gs.com/roles/179694
GOLDMAN_SACHS,179644,"Tech Risk, Risk Practices and Controls Management - Vice President, Dallas",Risk and Compliance,Dallas,TX,United States,unknown,,2026-08-21 19:08:42.727210,,https://higher.gs.com/roles/179644
GOLDMAN_SACHS,165264,"Asset & Wealth Management, Private Wealth Management, Goldman Partner Office, Financial Analyst - Dallas",Finance and Accounting,Dallas,TX,United States,unknown,,2026-08-21 19:08:44.721187,,https://higher.gs.com/roles/165264
GOLDMAN_SACHS,171764,"Quantitative Engineering, Liquidity Metrics Strats, Dallas, Vice President",Risk and Compliance,Dallas,TX,United States,unknown,,2026-08-21 19:08:47.739711,,https://higher.gs.com/roles/171764
GOLDMAN_SACHS,136508,"Internal Audit, Professional Practices Learning and Development, Associate, Dallas",Audit,Dallas,TX,United States,unknown,,2026-08-21 19:08:51.787484,,https://higher.gs.com/roles/136508
GOLDMAN_SACHS,168530,"Controllers, AWM Fund Accounting Private, Vice President, Dallas",Finance and Accounting,Dallas,TX,United States,unknown,,2026-08-21 19:08:54.816736,,https://higher.gs.com/roles/168530
GOLDMAN_SACHS,170257,"Corporate Planning & Management, Software Engineering, Dallas, Associate",Software Engineering,Dallas,TX,United States,unknown,,2026-08-21 19:08:57.839688,,https://higher.gs.com/roles/170257
GOLDMAN_SACHS,167579,"Asset & Wealth Management, Quantitative Equity Solutions - Client Portfolio Management, Vice President (Dallas)",Finance and Accounting,Dallas,TX,United States,unknown,,2026-08-21 19:09:00.850231,,https://higher.gs.com/roles/167579
GOLDMAN_SACHS,174177,"Asset & Wealth Management, Alternatives Capital Formation, Administrative Assistant, New York",Risk and Compliance,New York,NY,United States,unknown,,2026-08-21 19:09:03.906246,,https://higher.gs.com/roles/174177
GOLDMAN_SACHS,180598,Corporate Planning & Management-Customer Experience-Salt Lake City-Analyst,Risk and Compliance,Salt Lake City,UT,United States,unknown,,2026-08-21 19:09:07.901076,,https://higher.gs.com/roles/180598
GOLDMAN_SACHS,181109,"Asset & Wealth Management, Marketing Project Manager, Associate - New York - 2027",Risk and Compliance,New York,NY,United States,unknown,,2026-08-21 19:09:16.957640,,https://higher.gs.com/roles/181109
GOLDMAN_SACHS,179667,"Internal Audit, Controllers & Tax, Senior Analyst, Dallas",Finance and Accounting,Dallas,TX,United States,unknown,,2026-08-21 19:09:18.933480,,https://higher.gs.com/roles/179667
GOLDMAN_SACHS,150309,"KYC Platform Transformation Product Manager, Vice President/Senior Vice President, New York",Risk and Compliance,New York,NY,United States,unknown,,2026-08-21 19:09:21.955549,,https://higher.gs.com/roles/150309
GOLDMAN_SACHS,176999,"Corporate Treasury, New York, Associate, Software Engineering",Software Engineering,New York,NY,United States,unknown,,2026-08-21 19:09:22.952268,,https://higher.gs.com/roles/176999
GOLDMAN_SACHS,160874,Asset & Wealth Management- Change Management- New York-Associate,Risk and Compliance,New York,NY,United States,unknown,,2026-08-21 19:09:24.057002,,https://higher.gs.com/roles/160874
GOLDMAN_SACHS,158210,Muni Algo - SMM Trading Strat - Global Banking & Markets - New York,Risk and Compliance,New York,NY,United States,unknown,,2026-08-21 19:09:24.940840,,https://higher.gs.com/roles/158210
GOLDMAN_SACHS,167804,Asset & Wealth Management - Private Operational Risk - Associate - Dallas,Risk and Compliance,Dallas,TX,United States,unknown,,2026-08-21 19:09:27.016473,,https://higher.gs.com/roles/167804
GOLDMAN_SACHS,165756,M&A Quant Advisory – Vice President - Investment Banking - New York,Data and AI,New York,NY,United States,unknown,,2026-08-21 19:09:35.064680,,https://higher.gs.com/roles/165756
GOLDMAN_SACHS,150022,"Risk, Operational Risk, Associate, Dallas",Risk and Compliance,Dallas,TX,United States,unknown,,2026-08-21 19:09:49.161022,,https://higher.gs.com/roles/150022
GOLDMAN_SACHS,165199,"Asset & Wealth Management, Private Wealth Management, Investment Strategy Group, Analyst - Salt Lake City",Finance and Accounting,Salt Lake City,UT,United States,unknown,,2026-08-21 19:10:01.233908,,https://higher.gs.com/roles/165199
GOLDMAN_SACHS,181288,"Controllers, AWM Fund Accounting Private, Associate, Dallas",Finance and Accounting,Dallas,TX,United States,unknown,,2026-08-21 19:10:03.255086,,https://higher.gs.com/roles/181288
GOLDMAN_SACHS,180901,"Controllers, AWM Fund Controllers, Associate, Dallas",Finance and Accounting,Dallas,TX,United States,unknown,,2026-08-21 19:10:07.275464,,https://higher.gs.com/roles/180901
GOLDMAN_SACHS,181281,"Asset & Wealth Management, Corporate Development, Sr Analyst/ Associate - New York",Cybersecurity,New York,NY,United States,unknown,,2026-08-21 19:10:08.296438,,https://higher.gs.com/roles/181281
GOLDMAN_SACHS,152752,Engineering-Draper-Analyst/Associate-Help Desk User Support,Risk and Compliance,Draper,UT,United States,unknown,,2026-08-21 19:10:09.276680,,https://higher.gs.com/roles/152752
GOLDMAN_SACHS,174346,Asset & Wealth Management Operations-Portfolio Control Reconciliations-Dallas-Associate,Operations,Dallas,TX,United States,unknown,,2026-08-21 19:10:10.293269,,https://higher.gs.com/roles/174346
GOLDMAN_SACHS,172986,"Marcus by Goldman Sachs - Vendor Relationship Management - Analyst, Richardson, TX/Draper, UT",Risk and Compliance,Richardson,TX,United States,unknown,,2026-08-21 19:10:11.281823,,https://higher.gs.com/roles/172986
GOLDMAN_SACHS,170577,"Corporate Treasury, UI Engineering (React), Vice President, NY",Software Engineering,New York,NY,United States,unknown,,2026-08-21 19:10:16.335022,,https://higher.gs.com/roles/170577
GOLDMAN_SACHS,177872,"Asset & Wealth Management, PWM, Center of Excellence – NPWA Client Implementation, Wealth Management Professional  - Dallas - Analyst",Risk and Compliance,Dallas,TX,United States,unknown,,2026-08-21 19:10:29.448337,,https://higher.gs.com/roles/177872
GOLDMAN_SACHS,170256,"Corporate Planning & Management, Software Engineering, New York, Associate",Software Engineering,New York,NY,United States,unknown,,2026-08-21 19:10:35.510188,,https://higher.gs.com/roles/170256
GOLDMAN_SACHS,181204,Global Banking & Markets Operations-Functional Design & Transformation-Dallas-Associate,Operations,Dallas,TX,United States,unknown,,2026-08-21 19:10:39.579212,,https://higher.gs.com/roles/181204
GOLDMAN_SACHS,168765,Asset&Wealth Management-Senior Cloud Data Engineer-Vice President-Dallas,Data and AI,Dallas,TX,United States,unknown,,2026-08-21 19:10:41.524545,,https://higher.gs.com/roles/168765
GOLDMAN_SACHS,167428,"Compliance, GBM Public - Electronic Trading Compliance, Vice President, New York",Risk and Compliance,New York,NY,United States,unknown,,2026-08-21 19:10:42.544680,,https://higher.gs.com/roles/167428
GOLDMAN_SACHS,142652,"GBM, Public, ETF One Delta Strat - Quantitative Engineering (NYC)",Software Engineering,New York,NY,United States,unknown,,2026-08-21 19:10:44.575420,,https://higher.gs.com/roles/142652
GOLDMAN_SACHS,172062,"Asset & Wealth Management, Wealth Management Professional, Senior Analyst - Boston",Risk and Compliance,Boston,MA,United States,unknown,,2026-08-21 19:10:45.607846,,https://higher.gs.com/roles/172062
GOLDMAN_SACHS,180216,Corporate Planning & Management-New York-Senior Analyst-Quantitative Engineering,Risk and Compliance,New York,NY,United States,unknown,,2026-08-21 19:10:47.583794,,https://higher.gs.com/roles/180216
GOLDMAN_SACHS,166068,"Compliance, FCC,  Asset Management - First Line Risk Divisional Representative, Vice President",Risk and Compliance,New York,NY,United States,unknown,,2026-08-21 19:10:49.629408,,https://higher.gs.com/roles/166068
GOLDMAN_SACHS,180185,Engineering-L2-Salt Lake City-Analyst-COO,Data and AI,Salt Lake City,UT,United States,unknown,,2026-08-21 19:10:55.683890,,https://higher.gs.com/roles/180185
GOLDMAN_SACHS,179368,"Compliance Engineering, Software Engineer, Associate, Dallas",Risk and Compliance,Dallas,TX,United States,unknown,,2026-08-21 19:11:02.734806,,https://higher.gs.com/roles/179368
GOLDMAN_SACHS,179691,Risk-Salt Lake City-Associate-Software Engineering,Software Engineering,Salt Lake City,UT,United States,unknown,,2026-08-21 19:11:03.696433,,https://higher.gs.com/roles/179691
GOLDMAN_SACHS,180482,"Transaction Banking, Salesforce Digital Product Manager, Associate",Sales and Relationship Management,Dallas,TX,United States,unknown,,2026-08-21 19:11:04.702943,,https://higher.gs.com/roles/180482
GOLDMAN_SACHS,180042,"Compliance, Employee Services, Associate, Salt Lake City",Risk and Compliance,Salt Lake City,UT,United States,unknown,,2026-08-21 19:11:06.695846,,https://higher.gs.com/roles/180042
GOLDMAN_SACHS,181200,Global Banking & Markets Operations-Corp Loans Data Quality & Ctrl-Dallas-Associate,Risk and Compliance,Dallas,TX,United States,unknown,,2026-08-21 19:11:09.716422,,https://higher.gs.com/roles/181200
GOLDMAN_SACHS,177422,"Senior Software Engineer, Global Banking & Markets, AI/ML Technology",Operations,New York,NY,United States,unknown,,2026-08-21 19:11:13.737583,,https://higher.gs.com/roles/177422
GOLDMAN_SACHS,167540,"Asset & Wealth Management, Wealth Management, Global Leadership Team, Strategy and Execution, Associate – New York",Operations,New York,NY,United States,unknown,,2026-08-21 19:11:15.759798,,https://higher.gs.com/roles/167540
GOLDMAN_SACHS,174458,"Asset & Wealth Management, Product Management, Associate - New York",Risk and Compliance,New York,NY,United States,unknown,,2026-08-21 19:11:17.786991,,https://higher.gs.com/roles/174458
GOLDMAN_SACHS,174592,"Global Banking & Markets, Prime Client Services, Analyst/Associate - Dallas",Risk and Compliance,Dallas,TX,United States,unknown,,2026-08-21 19:11:22.815723,,https://higher.gs.com/roles/174592
GOLDMAN_SACHS,180981,"Site Reliability Engineer, Global Banking & Markets, Vice President",Cloud and Infrastructure,New York,NY,United States,unknown,,2026-08-21 19:11:23.830155,,https://higher.gs.com/roles/180981
GOLDMAN_SACHS,175187,Software Engineering-Dallas-Vice President,Software Engineering,Dallas,TX,United States,unknown,,2026-08-21 19:11:25.890063,,https://higher.gs.com/roles/175187
GOLDMAN_SACHS,179878,"Asset & Wealth Management, XIG, Public Strategies Client Portfolio Manager, Associate, West Palm Beach",Other,West Palm Beach,FL,United States,unknown,,2026-08-21 19:11:26.843014,,https://higher.gs.com/roles/179878
GOLDMAN_SACHS,152664,"Risk, Credit Risk (Global Banking & Markets: Private Equity and Fund Finance), Associate / Vice President, Dallas",Risk and Compliance,Dallas,TX,United States,unknown,,2026-08-21 19:11:27.850159,,https://higher.gs.com/roles/152664
GOLDMAN_SACHS,179769,"Transaction Banking, Payments Product Manager, Associate",Product Management,Dallas,TX,United States,unknown,,2026-08-21 19:11:29.865280,,https://higher.gs.com/roles/179769
GOLDMAN_SACHS,180917,Risk-Divisional Governance-New York-Analyst,Risk and Compliance,New York,NY,United States,unknown,,2026-08-21 19:11:30.853078,,https://higher.gs.com/roles/180917
GOLDMAN_SACHS,179024,"The Core Engineering, Administrative Assistant, Dallas",Operations,Dallas,TX,United States,unknown,,2026-08-21 19:11:33.878748,,https://higher.gs.com/roles/179024
GOLDMAN_SACHS,180084,"Global Investment Research, US Economics Research Associate",Other,New York,NY,United States,unknown,,2026-08-21 19:11:34.868846,,https://higher.gs.com/roles/180084
GOLDMAN_SACHS,180914,Risk-Dallas-Associate-Software Engineering,Software Engineering,Dallas,TX,United States,unknown,,2026-08-21 19:11:43.996767,,https://higher.gs.com/roles/180914
GOLDMAN_SACHS,177870,"Asset & Wealth Management, Private Wealth Management, Center of Excellence - NPWA Client Implementation, Team Lead - Wealth Management Professional, Vice President - Dallas",Risk and Compliance,Dallas,TX,United States,unknown,,2026-08-21 19:11:47.051747,,https://higher.gs.com/roles/177870
GOLDMAN_SACHS,164752,"Internal Audit, Compliance and Legal, Vice President, Dallas",Risk and Compliance,Dallas,TX,United States,unknown,,2026-08-21 19:11:52.062915,,https://higher.gs.com/roles/164752
GOLDMAN_SACHS,180602,Corporate Planning & Management-Customer Experience-Dallas-Senior Analyst-Digital Operations - Management,Risk and Compliance,Dallas,TX,United States,unknown,,2026-08-21 19:11:53.068329,,https://higher.gs.com/roles/180602
GOLDMAN_SACHS,165404,"Controllers, Legal Entity Controllers (Financial Accounting), Salt Lake City, Analyst",Finance and Accounting,Salt Lake City,UT,United States,unknown,,2026-08-21 19:11:55.091103,,https://higher.gs.com/roles/165404
GOLDMAN_SACHS,169151,"Asset & Wealth Management, MAS, PM Infrastructure and AI Data Strategy, Associate - New York",Cloud and Infrastructure,New York,NY,United States,unknown,,2026-08-21 19:11:56.122467,,https://higher.gs.com/roles/169151
GOLDMAN_SACHS,170576,"Corporate Treasury, Senior AWS Architect, Payments Platform, Dallas, VP",Finance and Accounting,Dallas,TX,United States,unknown,,2026-08-21 19:12:00.131483,,https://higher.gs.com/roles/170576
GOLDMAN_SACHS,166891,"Asset & Wealth Management, Investment Risk Management, Fixed Income, Associate - New York",Risk and Compliance,New York,NY,United States,unknown,,2026-08-21 19:12:02.150718,,https://higher.gs.com/roles/166891
GOLDMAN_SACHS,164749,Tech Risk - Associate - DLP Engineering - Dallas,Risk and Compliance,Dallas,TX,United States,unknown,,2026-08-21 19:12:07.160717,,https://higher.gs.com/roles/164749
GOLDMAN_SACHS,176868,"Global Banking & Markets, Loan Management, SF Trade Analytics, Analyst/Associate - Dallas",Finance and Accounting,Dallas,TX,United States,unknown,,2026-08-21 19:12:09.153198,,https://higher.gs.com/roles/176868
GOLDMAN_SACHS,166731,"Asset & Wealth Management, ETF Product Strategy & Development, Vice President, New York",Risk and Compliance,New York,NY,United States,unknown,,2026-08-21 19:12:10.153383,,https://higher.gs.com/roles/166731
GOLDMAN_SACHS,179517,"Controllers Risk Governance, Salt Lake City, Senior Analyst",Risk and Compliance,Salt Lake City,UT,United States,unknown,,2026-08-21 19:12:11.165342,,https://higher.gs.com/roles/179517
GOLDMAN_SACHS,180440,"Controllers, Legal Entity Controllers (Financial Accounting), Associate",Finance and Accounting,Salt Lake City,UT,United States,unknown,,2026-08-21 19:12:16.190483,,https://higher.gs.com/roles/180440
GOLDMAN_SACHS,164524,"Asset & Wealth Management, Private Wealth Management, Goldman Partner Office, Private Wealth Advisor, Associate/Vice President - Dallas",Sales and Relationship Management,Dallas,TX,United States,unknown,,2026-08-21 19:12:24.267512,,https://higher.gs.com/roles/164524
GOLDMAN_SACHS,151929,"Internal Audit, Compliance and Legal, Vice President, Salt Lake City",Risk and Compliance,Salt Lake City,UT,United States,unknown,,2026-08-21 19:12:27.294854,,https://higher.gs.com/roles/151929
GOLDMAN_SACHS,174474,"Asset & Wealth Management, Multi-Asset Solutions: Personalized Portfolios Investment Product Manager (Retirement), Vice President - Chicago",Product Management,Chicago,IL,United States,unknown,,2026-08-21 19:12:29.311808,,https://higher.gs.com/roles/174474
GOLDMAN_SACHS,179647,Secure SDLC Associate - Dallas - Technology Risk,Risk and Compliance,Dallas,TX,United States,unknown,,2026-08-21 19:12:31.318437,,https://higher.gs.com/roles/179647
GOLDMAN_SACHS,179950,"Marcus by Goldman Sachs, Money Movement & Reconciliation, Analyst, Draper, UT/ Richardson, TX",Operations,Richardson,TX,United States,unknown,,2026-08-21 19:12:33.328915,,https://higher.gs.com/roles/179950
GOLDMAN_SACHS,178892,M365 Engineer - Vice President - Seattle,Risk and Compliance,Seattle,WA,United States,unknown,,2026-08-21 19:12:36.346237,,https://higher.gs.com/roles/178892
GOLDMAN_SACHS,165423,Global Banking & Markets - Public - Natural Gas Trading - Analyst – New York,Risk and Compliance,New York,NY,United States,unknown,,2026-08-21 19:12:40.332564,,https://higher.gs.com/roles/165423
GOLDMAN_SACHS,178580,"Asset & Wealth Management, Operational Risk, Analyst - Irving, TX",Risk and Compliance,Irving,TX,United States,unknown,,2026-08-21 19:12:43.373798,,https://higher.gs.com/roles/178580
GOLDMAN_SACHS,180594,Global Banking Markets Operations-RIA Custody Client Services-Dallas-Associate,Operations,Dallas,TX,United States,unknown,,2026-08-21 19:12:45.412620,,https://higher.gs.com/roles/180594
GOLDMAN_SACHS,176211,"Transaction Banking, US Payments Solution Specialist, Vice President",Sales and Relationship Management,Dallas,TX,United States,unknown,,2026-08-21 19:12:46.397039,,https://higher.gs.com/roles/176211
GOLDMAN_SACHS,168515,"GBM Private, Capital Solutions Group, Equity Capital Markets - VP - New York",Risk and Compliance,New York,NY,United States,unknown,,2026-08-21 19:12:55.483566,,https://higher.gs.com/roles/168515
GOLDMAN_SACHS,166520,"Asset & Wealth Management, Private Family Office, Financial Planner, Associate - San Francisco",Risk and Compliance,San Francisco,CA,United States,unknown,,2026-08-21 19:12:56.507038,,https://higher.gs.com/roles/166520
GOLDMAN_SACHS,151271,"Legal, Artificial Intelligence Attorney , Vice  President , New York/Dallas",Legal,New York,NY,United States,unknown,,2026-08-21 19:12:59.549360,,https://higher.gs.com/roles/151271
GOLDMAN_SACHS,169803,"Global Banking & Markets, Fund Finance Underwriting and Portfolio Management, Corporate Credit Analysis, Associate - Dallas",Risk and Compliance,Dallas,TX,United States,unknown,,2026-08-21 19:13:01.561766,,https://higher.gs.com/roles/169803
GOLDMAN_SACHS,179986,Compliance-Global Banking & Markets Public Compliance - FICC-New York-Analyst,Risk and Compliance,New York,NY,United States,unknown,,2026-08-21 19:13:02.552961,,https://higher.gs.com/roles/179986
GOLDMAN_SACHS,153277,"Internal Audit,GBM Engineering, Blockchain, Digital Assets, Associate,Salt Lake City",Audit,Salt Lake City,UT,United States,unknown,,2026-08-21 19:13:16.656046,,https://higher.gs.com/roles/153277
GOLDMAN_SACHS,171621,"Asset & Wealth Management, External Investing Group (XIG) Private Equity Investment Team (Petershill Strategies), Associate",Risk and Compliance,New York,NY,United States,unknown,,2026-08-21 19:13:19.668103,,https://higher.gs.com/roles/171621
GOLDMAN_SACHS,160948,"Asset & Wealth Management, Quantitative Equity Solutions – Long/Short Portfolio Management, Vice President - New York",Risk and Compliance,New York,NY,United States,unknown,,2026-08-21 19:13:20.676890,,https://higher.gs.com/roles/160948
GOLDMAN_SACHS,176815,"Asset & Wealth Management, XIG, Market Risk, Associate - West Palm Beach",Risk and Compliance,West Palm Beach,FL,United States,unknown,,2026-08-21 19:13:27.729294,,https://higher.gs.com/roles/176815
GOLDMAN_SACHS,166893,"Asset & Wealth Management, Counterparty Risk, Vice President - New York",Risk and Compliance,New York,NY,United States,unknown,,2026-08-21 19:13:28.733823,,https://higher.gs.com/roles/166893
GOLDMAN_SACHS,144828,"Internal Audit, Asset & Wealth Management, Associate, Dallas",Audit,Dallas,TX,United States,unknown,,2026-08-21 19:13:29.744415,,https://higher.gs.com/roles/144828
GOLDMAN_SACHS,180203,"Transaction Banking, Business Manager, Vice President",Risk and Compliance,New York,NY,United States,unknown,,2026-08-21 19:13:31.758346,,https://higher.gs.com/roles/180203
GOLDMAN_SACHS,181279,Tax - Tax Operations - Information Reporting-Salt Lake City-Vice President,Operations,Salt Lake City,UT,United States,unknown,,2026-08-21 19:13:32.762128,,https://higher.gs.com/roles/181279
GOLDMAN_SACHS,162213,"AI Engineering, Vice President (New York, New Jersey, Toronto)",Data and AI,New York,NY,United States,unknown,,2026-08-21 19:13:34.763813,,https://higher.gs.com/roles/162213
GOLDMAN_SACHS,176706,"Asset & Wealth Management, Real Estate Debt Capital Markets, Analyst - Dallas",Cloud and Infrastructure,Dallas,TX,United States,unknown,,2026-08-21 19:13:37.759578,,https://higher.gs.com/roles/176706
GOLDMAN_SACHS,179569,"Office of Transformation, Digital Transformation Project Manager — AI-Driven Strategic Initiatives, Vice President, New York City",Project and Program Management,New York,NY,United States,unknown,,2026-08-21 19:13:41.813849,,https://higher.gs.com/roles/179569
GOLDMAN_SACHS,180303,"Tax, Salt Lake City, Associate, Software Engineering",Software Engineering,Salt Lake City,UT,United States,unknown,,2026-08-21 19:13:47.869044,,https://higher.gs.com/roles/180303
GOLDMAN_SACHS,156845,"Asset & Wealth Management, Marketing: Head of Equity Marketing, Vice President",Risk and Compliance,New York,NY,United States,unknown,,2026-08-21 19:13:49.898708,,https://higher.gs.com/roles/156845
GOLDMAN_SACHS,179931,"Asset & Wealth Management, Client Solutions Group (CSG), Model Portfolio Specialist",Cloud and Infrastructure,Chicago,IL,United States,unknown,,2026-08-21 19:13:51.927085,,https://higher.gs.com/roles/179931
GOLDMAN_SACHS,169281,"Software Engineering - Data, Lakehouse and AI Data Platform Engineer - Vice President - New York",Software Engineering,New York,NY,United States,unknown,,2026-08-21 19:13:55.962825,,https://higher.gs.com/roles/169281
GOLDMAN_SACHS,167470,Asset & Wealth Management-Senior Cloud Engineer-Vice President-Dallas,Cloud and Infrastructure,Dallas,TX,United States,unknown,,2026-08-21 19:14:00.005203,,https://higher.gs.com/roles/167470
GOLDMAN_SACHS,180805,Global Banking & Markets - Private - Dallas - Analyst - PECC,Risk and Compliance,Dallas,TX,United States,unknown,,2026-08-21 19:14:04.047299,,https://higher.gs.com/roles/180805
GOLDMAN_SACHS,175377,"Transaction Banking, Liquidity Product & Account Management Lead, Vice President",Risk and Compliance,New York,NY,United States,unknown,,2026-08-21 19:14:07.090188,,https://higher.gs.com/roles/175377
GOLDMAN_SACHS,160188,"Asset & Wealth Management, Private, Divisional Finance, Analyst - Dallas",Cloud and Infrastructure,Dallas,TX,United States,unknown,,2026-08-21 19:14:09.097931,,https://higher.gs.com/roles/160188
GOLDMAN_SACHS,156138,"Quantitative Strategist, Global Banking & Markets, Global Currency and Emerging Markets (GCEM)",Data and AI,New York,NY,United States,unknown,,2026-08-21 19:14:13.135097,,https://higher.gs.com/roles/156138
GOLDMAN_SACHS,175046,"Global Banking & Markets, Private, Infrastructure and Real Asset Finance Group, Credit Analyst/Portfolio Management, Associate - Dallas",Cloud and Infrastructure,Dallas,TX,United States,unknown,,2026-08-21 19:14:23.216192,,https://higher.gs.com/roles/175046
GOLDMAN_SACHS,168038,"Asset & Wealth Management, Private Wealth Management, Goldman Sachs Family Office, Insurance Practice Lead, Vice President - New York",Risk and Compliance,New York,NY,United States,unknown,,2026-08-21 19:14:24.248960,,https://higher.gs.com/roles/168038
GOLDMAN_SACHS,161760,"Corporate Planning & Management, Strategic Supplier Manager, Vice President, Dallas",Risk and Compliance,Dallas,TX,United States,unknown,,2026-08-21 19:14:27.282594,,https://higher.gs.com/roles/161760
GOLDMAN_SACHS,179593,"Asset & Wealth Management, Private Wealth Management, Goldman Sachs Family Office, Lifestyle Services Analyst  - New York",Risk and Compliance,New York,NY,United States,unknown,,2026-08-21 19:14:38.566486,,https://higher.gs.com/roles/179593
GOLDMAN_SACHS,175378,"Transaction Banking, Liquidity Solutions Product Manager, Associate",Product Management,Dallas,TX,United States,unknown,,2026-08-21 19:14:39.683286,,https://higher.gs.com/roles/175378
GOLDMAN_SACHS,180756,"Systems Engineer, Global Banking & Markets, FIX Connectivity",Cloud and Infrastructure,New York,NY,United States,unknown,,2026-08-21 19:14:58.856768,,https://higher.gs.com/roles/180756
GOLDMAN_SACHS,179758,"Software Engineering - Data, Lakehouse and AI Data Platform Engineer - Associate - Dallas",Software Engineering,Dallas,TX,United States,unknown,,2026-08-21 19:15:03.892078,,https://higher.gs.com/roles/179758
GOLDMAN_SACHS,178682,"Controllers, Private Valuation Oversight, Associate, Jersey City",Risk and Compliance,Jersey City,NJ,United States,unknown,,2026-08-21 19:15:09.893907,,https://higher.gs.com/roles/178682
GOLDMAN_SACHS,162031,"Asset & Wealth Management, Client Coverage Group (CCG), Client Relationship Manager , Vice President - New York",Sales and Relationship Management,New York,NY,United States,unknown,,2026-08-21 19:15:10.902674,,https://higher.gs.com/roles/162031
GOLDMAN_SACHS,171788,"Compliance, Core Compliance -Engineering, Artificial Intelligence, Vice President, New York",Risk and Compliance,New York,NY,United States,unknown,,2026-08-21 19:15:11.922095,,https://higher.gs.com/roles/171788
GOLDMAN_SACHS,180699,"Site Reliability Engineer, Global Banking & Markets, Frontline Production Engineering",Cloud and Infrastructure,New York,NY,United States,unknown,,2026-08-21 19:15:14.930545,,https://higher.gs.com/roles/180699
GOLDMAN_SACHS,176863,"Global Banking and Markets Private, Structured Finance - Structured Credit Solutions Group, Associate, New York",Sales and Relationship Management,New York,NY,United States,unknown,,2026-08-21 19:15:17.941113,,https://higher.gs.com/roles/176863
GOLDMAN_SACHS,177423,"Software Engineer, Global Banking & Markets, AI/ML Technology",Operations,New York,NY,United States,unknown,,2026-08-21 19:15:24.012411,,https://higher.gs.com/roles/177423
GOLDMAN_SACHS,153859,"Asset & Wealth Management, Partner Family Office Advisor, Vice President- New York",Sales and Relationship Management,New York,NY,United States,unknown,,2026-08-21 19:15:31.018522,,https://higher.gs.com/roles/153859
GOLDMAN_SACHS,180088,"Marcus by Goldman Sachs, Customer Retention, Marketing, Vice President, New York, NY",Risk and Compliance,New York,NY,United States,unknown,,2026-08-21 19:15:42.147013,,https://higher.gs.com/roles/180088
GOLDMAN_SACHS,173940,"GBM, Private, Corporate Derivatives, Associate - New York",Risk and Compliance,New York,NY,United States,unknown,,2026-08-21 19:15:46.180916,,https://higher.gs.com/roles/173940
GOLDMAN_SACHS,166054,Engineering-Vice President-Software Engineering,Software Engineering,Dallas,TX,United States,unknown,,2026-08-21 19:15:50.251323,,https://higher.gs.com/roles/166054
GOLDMAN_SACHS,168760,"Compliance, Financial Crime Compliance- Risk Assessment and Controls, Vice President, Richardson TX",Risk and Compliance,Richardson,TX,United States,unknown,,2026-08-21 19:15:52.281933,,https://higher.gs.com/roles/168760
GOLDMAN_SACHS,176361,"Executive Office, Global Marketing  Corporate Reputation Marketing, Associate, New York",Risk and Compliance,New York,NY,United States,unknown,,2026-08-21 19:15:54.281879,,https://higher.gs.com/roles/176361
GOLDMAN_SACHS,175239,Internal Audit-Enterprise-Dallas-Analyst,Audit,Dallas,TX,United States,unknown,,2026-08-21 19:15:55.302821,,https://higher.gs.com/roles/175239
GOLDMAN_SACHS,166515,"Asset & Wealth Management, Private Family Office, Family Office Advisor, Vice President - Deerfield",Risk and Compliance,Deerfield,IL,United States,unknown,,2026-08-21 19:16:01.371018,,https://higher.gs.com/roles/166515
GOLDMAN_SACHS,178577,"Asset & Wealth Management, PWM, Global Risk Management Team, Associate - New York",Risk and Compliance,New York,NY,United States,unknown,,2026-08-21 19:16:02.385443,,https://higher.gs.com/roles/178577
GOLDMAN_SACHS,159719,"Transaction Banking, Product Marketing, Associate",Risk and Compliance,New York,NY,United States,unknown,,2026-08-21 19:16:07.418764,,https://higher.gs.com/roles/159719
GOLDMAN_SACHS,179775,Engineering-L2-New York-Associate-Project Management,Software Engineering,New York,NY,United States,unknown,,2026-08-21 19:16:08.413983,,https://higher.gs.com/roles/179775
GOLDMAN_SACHS,181285,Controllers Operations-Dallas-Associate-Regulatory Reporting - Portfolio Level,Risk and Compliance,Dallas,TX,United States,unknown,,2026-08-21 19:16:09.438724,,https://higher.gs.com/roles/181285
GOLDMAN_SACHS,166079,Asset & Wealth Management - C++ Software Engineer - Vice President - New York,Software Engineering,New York,NY,United States,unknown,,2026-08-21 19:16:10.418189,,https://higher.gs.com/roles/166079
GOLDMAN_SACHS,167674,"Human Capital Management (HCM) Strategy, Data Program Product Management, Vice President",Risk and Compliance,New York,NY,United States,unknown,,2026-08-21 19:16:15.452191,,https://higher.gs.com/roles/167674
GOLDMAN_SACHS,180183,"Corporate Planning & Management, Corporate Insurance & Advisory, Vice President, Dallas",Risk and Compliance,Dallas,TX,United States,unknown,,2026-08-21 19:16:19.467195,,https://higher.gs.com/roles/180183
GOLDMAN_SACHS,172825,"GBM - Public, Sales, Associate - San Francisco",Sales and Relationship Management,San Francisco,CA,United States,unknown,,2026-08-21 19:16:22.838448,,https://higher.gs.com/roles/172825
GOLDMAN_SACHS,180087,"Marcus by Goldman Sachs, Digital Marketing Manager – Aggregator Marketing Lead, Associate - New York",Risk and Compliance,New York,NY,United States,unknown,,2026-08-21 19:16:24.568586,,https://higher.gs.com/roles/180087
GOLDMAN_SACHS,156847,"Asset & Wealth Management, Fixed Income, Agency MBS Portfolio Management, Vice President , New York",Risk and Compliance,New York,NY,United States,unknown,,2026-08-21 19:16:28.585298,,https://higher.gs.com/roles/156847
GOLDMAN_SACHS,173911,"Corporate Treasury, Mortgages Trader/Portfolio Manager, Vice President, New York",Finance and Accounting,New York,NY,United States,unknown,,2026-08-21 19:16:33.628011,,https://higher.gs.com/roles/173911
GOLDMAN_SACHS,177146,"Asset & Wealth Management, Multi-Asset Solutions: Portfolio Manager, Associate - New York",Risk and Compliance,New York,NY,United States,unknown,,2026-08-21 19:16:36.697487,,https://higher.gs.com/roles/177146
GOLDMAN_SACHS,165270,"Asset & Wealth Management, Private Wealth Management, Goldman Partner Office Planning, Financial Planner, Associate - Dallas",Risk and Compliance,Dallas,TX,United States,unknown,,2026-08-21 19:16:40.667834,,https://higher.gs.com/roles/165270
GOLDMAN_SACHS,174591,"Global Banking & Markets, Prime Business Negotiations, Vice President - New York",Risk and Compliance,New York,NY,United States,unknown,,2026-08-21 19:16:42.716294,,https://higher.gs.com/roles/174591
GOLDMAN_SACHS,137585,Corporate Treasury Operations- Payment Clearing - Settlement Operations - Salt Lake City - Vice President,Operations,Salt Lake City,UT,United States,unknown,,2026-08-21 19:16:43.756199,,https://higher.gs.com/roles/137585
GOLDMAN_SACHS,171729,"Asset & Wealth Management, Private Wealth Management, Equity Structuring, Associate - Dallas",Risk and Compliance,Dallas,TX,United States,unknown,,2026-08-21 19:16:54.789363,,https://higher.gs.com/roles/171729
GOLDMAN_SACHS,168994,"Asset & Wealth Management, Urban Investment Group, Head of Asset Management, Vice President - Dallas",Risk and Compliance,Dallas,TX,United States,unknown,,2026-08-21 19:16:56.045785,,https://higher.gs.com/roles/168994
GOLDMAN_SACHS,170226,"GBM - Public, US Power Trading, Associate - Houston",Risk and Compliance,Houston,TX,United States,unknown,,2026-08-21 19:17:08.880423,,https://higher.gs.com/roles/170226
GOLDMAN_SACHS,169290,"Software Engineering - Data, Lakehouse and AI Data Platform Engineer - Vice President - Dallas",Software Engineering,Dallas,TX,United States,unknown,,2026-08-21 19:17:11.954817,,https://higher.gs.com/roles/169290
GOLDMAN_SACHS,156821,"Internal Audit, Cloud Technology Audit, Sr. Vice President, New York",Audit,New York,NY,United States,unknown,,2026-08-21 19:17:13.940008,,https://higher.gs.com/roles/156821
GOLDMAN_SACHS,173142,"Asset & Wealth Management, Private Wealth Management, Invest Strategy, Tactical Asset Allocation Team, Economist, Vice President - New York",Finance and Accounting,New York,NY,United States,unknown,,2026-08-21 19:17:22.004790,,https://higher.gs.com/roles/173142
GOLDMAN_SACHS,152282,"Asset & Wealth Management, Private Wealth Management, Partner Family Office, Financial Planner, Analyst - San Francisco",Risk and Compliance,San Francisco,CA,United States,unknown,,2026-08-21 19:17:24.040702,,https://higher.gs.com/roles/152282
GOLDMAN_SACHS,165741,"Controllers, AWM Mutual Fund Controllers, Senior Analyst, Salt Lake City",Finance and Accounting,Salt Lake City,UT,United States,unknown,,2026-08-21 19:17:25.043633,,https://higher.gs.com/roles/165741
GOLDMAN_SACHS,173939,"GBM - Private - Investment Banking Associate, Natural Resources - New York",Legal,New York,NY,United States,unknown,,2026-08-21 19:17:26.055679,,https://higher.gs.com/roles/173939
GOLDMAN_SACHS,174490,Human Capital Management-Dallas-Analyst-Equity Compensation,Risk and Compliance,Dallas,TX,United States,unknown,,2026-08-21 19:17:28.050885,,https://higher.gs.com/roles/174490
GOLDMAN_SACHS,175115,"GBM Private, Capital Solutions Group, Public Sector Financing, Energy, Vice President - New York",Risk and Compliance,New York,NY,United States,unknown,,2026-08-21 19:17:31.099012,,https://higher.gs.com/roles/175115
GOLDMAN_SACHS,155229,"Transaction Banking, Payments Product Manager – USD Domestic Payments, Associate",Product Management,Dallas,TX,United States,unknown,,2026-08-21 19:17:34.101980,,https://higher.gs.com/roles/155229
GOLDMAN_SACHS,153497,Global Banking & Markets – Capital Solutions Group - Residential Structured Finance – Origination Focused – Vice President,Risk and Compliance,New York,NY,United States,unknown,,2026-08-21 19:17:35.093309,,https://higher.gs.com/roles/153497
GOLDMAN_SACHS,180263,Global Banking & Markets Finance & Strategy- Capital Solutions Group- Analyst-Salt Lake City,Finance and Accounting,Salt Lake City,UT,United States,unknown,,2026-08-21 19:17:37.073729,,https://higher.gs.com/roles/180263
GOLDMAN_SACHS,151568,"Asset & Wealth Management, Private Family Office, Family Office Advisor, Vice President - San Francisco",Risk and Compliance,San Francisco,CA,United States,unknown,,2026-08-21 19:17:41.167762,,https://higher.gs.com/roles/151568
GOLDMAN_SACHS,165222,"Controllers, Reporting, Vice President, Dallas, Software Engineering",Software Engineering,Dallas,TX,United States,unknown,,2026-08-21 19:17:42.163615,,https://higher.gs.com/roles/165222
GOLDMAN_SACHS,154566,"GBM Private, IB Classic, Investment Banking Vice President, Energy Technology",Legal,Houston,TX,United States,unknown,,2026-08-21 19:17:45.178483,,https://higher.gs.com/roles/154566
GOLDMAN_SACHS,182216,Global Banking & Markets - Finance & Strategy Analyst - New York,Risk and Compliance,New York,NY,United States,unknown,,2026-08-21 19:17:47.168937,,https://higher.gs.com/roles/182216
GOLDMAN_SACHS,181447,"The Core Compliance, Engineering and Insider Threat, Vice President, Dallas",Risk and Compliance,Dallas,TX,United States,unknown,,2026-08-21 19:17:48.219428,,https://higher.gs.com/roles/181447
GOLDMAN_SACHS,182226,"Controllers, Derivatives External Reporting Controller, Analyst, Salt Lake City",Finance and Accounting,Salt Lake City,UT,United States,unknown,,2026-08-21 19:17:54.230856,,https://higher.gs.com/roles/182226
GOLDMAN_SACHS,182058,"GBM - Private - Investment Banking TMT (Technology, Media & Telecom) Associate, San Francisco",Sales and Relationship Management,San Francisco,CA,United States,unknown,,2026-08-21 19:17:55.229673,,https://higher.gs.com/roles/182058
GOLDMAN_SACHS,181811,"Compliance, ECO Risk Management, Vice President, Dallas",Risk and Compliance,Dallas,TX,United States,unknown,,2026-08-21 19:17:56.270265,,https://higher.gs.com/roles/181811
GOLDMAN_SACHS,180918,"Marcus by Goldman Sachs, Complaints Specialist, Richardson, TX/Draper, UT",Risk and Compliance,Richardson,TX,United States,unknown,,2026-08-21 19:17:57.249496,,https://higher.gs.com/roles/180918
GOLDMAN_SACHS,174321,"Global Banking & Markets Operations - Letters of Credit, Associate, Dallas/New York",Operations,New York,NY,United States,unknown,,2026-08-21 19:17:58.252785,,https://higher.gs.com/roles/174321
GOLDMAN_SACHS,181810,Engineering-L2-Dallas-Analyst-Software Engineering,Software Engineering,Dallas,TX,United States,unknown,,2026-08-21 19:17:59.269608,,https://higher.gs.com/roles/181810
GOLDMAN_SACHS,181557,Asset & Wealth Management - Change Management - Dallas - Vice President,Risk and Compliance,Dallas,TX,United States,unknown,,2026-08-21 19:18:00.273320,,https://higher.gs.com/roles/181557
GOLDMAN_SACHS,182197,"AWM, Goldman Sachs Ayco, Personal Wealth, Financial Advisor, Analyst, Albany, NY",Risk and Compliance,Albany,NY,United States,unknown,,2026-08-21 19:18:01.337853,,https://higher.gs.com/roles/182197
GOLDMAN_SACHS,181715,"AWM, External Investing Group, Early-Stage Capital, Investment Associate - San Francisco",Risk and Compliance,San Francisco,CA,United States,unknown,,2026-08-21 19:18:02.318247,,https://higher.gs.com/roles/181715
GOLDMAN_SACHS,181803,Compliance-GBM Public- Equities-New York-Analyst,Risk and Compliance,New York,NY,United States,unknown,,2026-08-21 19:18:04.306262,,https://higher.gs.com/roles/181803
GOLDMAN_SACHS,173600,"Marcus by Goldman Sachs, Tier II Specialist| Draper, UT",Other,Draper,UT,United States,unknown,,2026-08-21 19:18:06.308460,,https://higher.gs.com/roles/173600
GOLDMAN_SACHS,173599,"Marcus by Goldman Sachs, Tier II Specialist | Richardson, TX",Other,Richardson,TX,United States,unknown,,2026-08-21 19:18:07.313442,,https://higher.gs.com/roles/173599
GOLDMAN_SACHS,169165,"Senior Software Engineer, Global Banking & Markets, Front Office Technology",Software Engineering,New York,NY,United States,unknown,,2026-08-21 19:18:08.326701,,https://higher.gs.com/roles/169165
GOLDMAN_SACHS,169136,"Senior Software Engineer, Global Banking & Markets, Front Office Technology",Software Engineering,Dallas,TX,United States,unknown,,2026-08-21 19:18:11.354316,,https://higher.gs.com/roles/169136
GOLDMAN_SACHS,182060,"Transaction Banking, Leadership and Strategy, Associate",Risk and Compliance,New York,NY,United States,unknown,,2026-08-21 19:18:14.420202,,https://higher.gs.com/roles/182060
GOLDMAN_SACHS,180781,"Asset & Wealth Management – Salt Lake City – Senior Associate, Client Services - Operations - 10171556",Operations,Salt Lake City,UT,United States,unknown,,2026-08-21 19:18:16.417460,,https://higher.gs.com/roles/180781
GOLDMAN_SACHS,180772,"Asset & Wealth Management-Dallas-Associate, Asset Servicing-10190615",Risk and Compliance,Dallas,TX,United States,unknown,,2026-08-21 19:18:17.427527,,https://higher.gs.com/roles/180772
GOLDMAN_SACHS,180806,"Asset & Wealth Management- Chicago- Associate, Client Services - Operations - 9780464",Risk and Compliance,Chicago,IL,United States,unknown,,2026-08-21 19:18:18.406278,,https://higher.gs.com/roles/180806
GOLDMAN_SACHS,155254,Controllers | Analyst | New York / New Jersey,Risk and Compliance,,NY,United States,unknown,,2026-08-21 19:18:24.435655,,https://higher.gs.com/roles/155254
GOLDMAN_SACHS,181923,"Global Banking & Markets Public, Equities Management, Analyst - New York",Data and AI,New York,NY,United States,unknown,,2026-08-21 19:18:25.410631,,https://higher.gs.com/roles/181923
GOLDMAN_SACHS,181887,"Global Banking & Markets, RIA Custody, Managed Accounts & Alternative Assets Platform, Associate - New York",Risk and Compliance,New York,NY,United States,unknown,,2026-08-21 19:18:26.439205,,https://higher.gs.com/roles/181887
GOLDMAN_SACHS,182044,"Global Banking & Markets - New York - Associate, Banker-Industry/Country Coverage - 9904608",Sales and Relationship Management,New York,NY,United States,unknown,,2026-08-21 19:18:27.429155,,https://higher.gs.com/roles/182044
GOLDMAN_SACHS,181778,"Project Manager, Global Banking & Markets, Electronic Trading Platform",Project and Program Management,New York,NY,United States,unknown,,2026-08-21 19:18:28.455934,,https://higher.gs.com/roles/181778
GOLDMAN_SACHS,181909,"Asset & Wealth Management, Private Wealth Management, Goldman Sachs Trust Company, Trust Analyst/Associate - Wilmington, DE",Risk and Compliance,Wilmington,DE,United States,unknown,,2026-08-21 19:18:29.467405,,https://higher.gs.com/roles/181909
GOLDMAN_SACHS,180723,"Internal Audit - Salt Lake City - Associate, Business Audit - 10171411",Audit,Salt Lake City,UT,United States,unknown,,2026-08-21 19:18:30.455701,,https://higher.gs.com/roles/180723
GOLDMAN_SACHS,181911,"Asset & Wealth Management, Private Wealth Management, Private Wealth Advisor, Vice President, Pittsburgh",Sales and Relationship Management,Pittsburgh,PA,United States,unknown,,2026-08-21 19:18:31.451353,,https://higher.gs.com/roles/181911
GOLDMAN_SACHS,181892,"Asset & Wealth Management, Private Wealth Management, Private Wealth Advisor, Vice President, Baltimore",Sales and Relationship Management,Baltimore,MD,United States,unknown,,2026-08-21 19:18:32.470970,,https://higher.gs.com/roles/181892
GOLDMAN_SACHS,181747,"Internal Audit, PS Consumer, Dallas, Analyst",Audit,Dallas,TX,United States,unknown,,2026-08-21 19:18:33.539187,,https://higher.gs.com/roles/181747
GOLDMAN_SACHS,181722,"Digital Advocacy, Asset & Wealth Management, Private Wealth Management",Other,Dallas,TX,United States,unknown,,2026-08-21 19:18:35.498219,,https://higher.gs.com/roles/181722
GOLDMAN_SACHS,181823,"Compliance, Private Wealth Management PWM Compliance, Vice President, New York",Risk and Compliance,New York,NY,United States,unknown,,2026-08-21 19:18:36.528422,,https://higher.gs.com/roles/181823
GOLDMAN_SACHS,181355,"Risk, Credit Risk, Associate, Salt Lake City",Risk and Compliance,Salt Lake City,UT,United States,unknown,,2026-08-21 19:18:41.558419,,https://higher.gs.com/roles/181355
GOLDMAN_SACHS,181363,"Risk, Credit Risk, Associate, Salt Lake City",Risk and Compliance,Salt Lake City,UT,United States,unknown,,2026-08-21 19:18:42.549627,,https://higher.gs.com/roles/181363
GOLDMAN_SACHS,181946,"Executive Office, Culture Strategy Group, Senior Analyst/Associate, New York",Risk and Compliance,New York,NY,United States,unknown,,2026-08-21 19:18:43.604703,,https://higher.gs.com/roles/181946
GOLDMAN_SACHS,180561,"Global Banking & Markets - Salt Lake City - Associate, Position Control - 10105447",Risk and Compliance,Salt Lake City,UT,United States,unknown,,2026-08-21 19:18:45.582157,,https://higher.gs.com/roles/180561
GOLDMAN_SACHS,181802,"Transaction Banking, US Payments Solution Specialist, Vice President",Sales and Relationship Management,New York,NY,United States,unknown,,2026-08-21 19:18:51.645033,,https://higher.gs.com/roles/181802
GOLDMAN_SACHS,181762,"Asset & Wealth Management, Private Wealth Administrative Assistant, Los Angeles",Other,Los Angeles,CA,United States,unknown,,2026-08-21 19:18:52.657283,,https://higher.gs.com/roles/181762
GOLDMAN_SACHS,156083,"Asset & Wealth Management, Private Wealth Management, Wealth Management Professional, Associate - San Francisco",Risk and Compliance,San Francisco,CA,United States,unknown,,2026-08-21 19:18:53.676349,,https://higher.gs.com/roles/156083
GOLDMAN_SACHS,181801,"Engineering - Dallas - Associate, Systems Engineering - 10515654",Cloud and Infrastructure,Dallas,TX,United States,unknown,,2026-08-21 19:18:54.683111,,https://higher.gs.com/roles/181801
GOLDMAN_SACHS,181799,"Engineering-New York-Associate, Talent Development-10427728",Operations,New York,NY,United States,unknown,,2026-08-21 19:18:55.682789,,https://higher.gs.com/roles/181799
GOLDMAN_SACHS,181797,"Compliance-Salt Lake City-Associate, Product Management-10435394",Risk and Compliance,Salt Lake City,UT,United States,unknown,,2026-08-21 19:18:56.700518,,https://higher.gs.com/roles/181797
GOLDMAN_SACHS,181796,"Engineering - New York - Associate, Risk Governance - 10427763",Risk and Compliance,New York,NY,United States,unknown,,2026-08-21 19:18:57.703126,,https://higher.gs.com/roles/181796
GOLDMAN_SACHS,181795,"Global Banking & Markets-New York-Associate, Quantitative Engineering-10452362",Data and AI,New York,NY,United States,unknown,,2026-08-21 19:18:58.708008,,https://higher.gs.com/roles/181795
GOLDMAN_SACHS,181750,Technology Risk - Dallas- Data Privacy Associate,Risk and Compliance,Dallas,TX,United States,unknown,,2026-08-21 19:18:59.695943,,https://higher.gs.com/roles/181750
GOLDMAN_SACHS,181793,"Engineering Division-Dallas-Associate, Systems Engineering-10427744",Cloud and Infrastructure,Dallas,TX,United States,unknown,,2026-08-21 19:19:00.704835,,https://higher.gs.com/roles/181793
GOLDMAN_SACHS,180414,"Corporate Planning & Management - Dallas - Vice President, Risk Governance - 9974368",Risk and Compliance,Dallas,TX,United States,unknown,,2026-08-21 19:19:01.826553,,https://higher.gs.com/roles/180414
GOLDMAN_SACHS,181785,"Engineering- Dallas- Associate, Risk Governance – 10431267",Risk and Compliance,Dallas,TX,United States,unknown,,2026-08-21 19:19:02.725110,,https://higher.gs.com/roles/181785
GOLDMAN_SACHS,181784,"Engineering Division- Dallas- Associate, Project Management- 10424163",Other,Dallas,TX,United States,unknown,,2026-08-21 19:19:03.735216,,https://higher.gs.com/roles/181784
GOLDMAN_SACHS,181783,"Engineering Division- New York- Associate, Risk Governance- 10427706",Risk and Compliance,New York,NY,United States,unknown,,2026-08-21 19:19:04.742833,,https://higher.gs.com/roles/181783
GOLDMAN_SACHS,181782,"Controllers-Jersey City-Associate, Data Governance & Stewardship-10419015",Risk and Compliance,Jersey City,NJ,United States,unknown,,2026-08-21 19:19:05.742517,,https://higher.gs.com/roles/181782
GOLDMAN_SACHS,181781,"Engineering-Salt Lake City-Associate, Product Management-10442619",Cloud and Infrastructure,Salt Lake City,UT,United States,unknown,,2026-08-21 19:19:06.739921,,https://higher.gs.com/roles/181781
GOLDMAN_SACHS,181441,"Global Banking & Markets - New York - Associate, Banker - CSG - 10124924",Risk and Compliance,New York,NY,United States,unknown,,2026-08-21 19:19:07.751446,,https://higher.gs.com/roles/181441
GOLDMAN_SACHS,181450,"Executive Office, Office of the Chairman, Associate, New York",Risk and Compliance,New York,NY,United States,unknown,,2026-08-21 19:19:10.814011,,https://higher.gs.com/roles/181450
GOLDMAN_SACHS,181726,"Global Banking & Markets- New York- Associate, Banker - Industry/Country Coverage- 9933897",Sales and Relationship Management,New York,NY,United States,unknown,,2026-08-21 19:19:11.789777,,https://higher.gs.com/roles/181726
GOLDMAN_SACHS,181714,"Engineering-Dallas-Associate, Product Management-10496460",Risk and Compliance,Dallas,TX,United States,unknown,,2026-08-21 19:19:12.799583,,https://higher.gs.com/roles/181714
GOLDMAN_SACHS,181710,"Engineering-New York-Associate, Systems Engineering-10431261",Cloud and Infrastructure,New York,NY,United States,unknown,,2026-08-21 19:19:13.800187,,https://higher.gs.com/roles/181710
GOLDMAN_SACHS,181708,"Engineering-Dallas-Associate, Systems Engineering-10427727",Cloud and Infrastructure,Dallas,TX,United States,unknown,,2026-08-21 19:19:14.830125,,https://higher.gs.com/roles/181708
GOLDMAN_SACHS,181706,"Engineering- Salt Lake City - Associate, Systems Engineering - 10442648",Cloud and Infrastructure,Salt Lake City,UT,United States,unknown,,2026-08-21 19:19:15.815349,,https://higher.gs.com/roles/181706
GOLDMAN_SACHS,181705,"Engineering Division - Dallas - Vice President, Risk Governance - 10427762",Risk and Compliance,Dallas,TX,United States,unknown,,2026-08-21 19:19:16.855082,,https://higher.gs.com/roles/181705
GOLDMAN_SACHS,181704,"Engineering - Dallas - Associate, Systems Engineering - 10424180",Cloud and Infrastructure,Dallas,TX,United States,unknown,,2026-08-21 19:19:17.853366,,https://higher.gs.com/roles/181704
GOLDMAN_SACHS,181703,"Asset & Wealth Management-Seattle-Vice President, Software Engineering-10431266",Software Engineering,Seattle,WA,United States,unknown,,2026-08-21 19:19:18.868376,,https://higher.gs.com/roles/181703
GOLDMAN_SACHS,181702,"Engineering - Dallas - Associate, Security Engineering - 10427751",Cybersecurity,Dallas,TX,United States,unknown,,2026-08-21 19:19:19.881879,,https://higher.gs.com/roles/181702
GOLDMAN_SACHS,181701,"Corporate Planning & Management–Dallas-Associate, Software Engineering-10412242",Software Engineering,Dallas,TX,United States,unknown,,2026-08-21 19:19:20.887568,,https://higher.gs.com/roles/181701
GOLDMAN_SACHS,181700,"Engineering-New York-Associate, Systems Engineering-10427738",Cloud and Infrastructure,New York,NY,United States,unknown,,2026-08-21 19:19:21.916746,,https://higher.gs.com/roles/181700
GOLDMAN_SACHS,181698,"Engineering-New York-Vice President, Quantitative Engineering-10427773",Risk and Compliance,New York,NY,United States,unknown,,2026-08-21 19:19:22.920268,,https://higher.gs.com/roles/181698
GOLDMAN_SACHS,181695,"Global Banking & Markets-New York-Vice President, Product Management-10442628",Cloud and Infrastructure,New York,NY,United States,unknown,,2026-08-21 19:19:25.931320,,https://higher.gs.com/roles/181695
GOLDMAN_SACHS,181694,"Asset & Wealth Management-Salt Lake City-Vice President, Quantitative Engineering–10412228",Risk and Compliance,Salt Lake City,UT,United States,unknown,,2026-08-21 19:19:26.952718,,https://higher.gs.com/roles/181694
GOLDMAN_SACHS,181693,"Engineering Division-New York-Vice President, Risk Governance-10424173",Risk and Compliance,New York,NY,United States,unknown,,2026-08-21 19:19:27.938756,,https://higher.gs.com/roles/181693
GOLDMAN_SACHS,181689,"Global Banking & Markets- New York - Associate, Security Engineering - 10442640",Cybersecurity,New York,NY,United States,unknown,,2026-08-21 19:19:28.956522,,https://higher.gs.com/roles/181689
GOLDMAN_SACHS,181688,"Global Banking & Markets- New York - Associate, Security Engineering- 10442631",Cybersecurity,New York,NY,United States,unknown,,2026-08-21 19:19:29.975468,,https://higher.gs.com/roles/181688
GOLDMAN_SACHS,181687,"Engineering - Dallas - Associate, Security Engineering - 10427724",Cybersecurity,Dallas,TX,United States,unknown,,2026-08-21 19:19:30.976414,,https://higher.gs.com/roles/181687
GOLDMAN_SACHS,181686,Asset & Wealth Management – New York - Associate Security Engineering - 10415579,Cybersecurity,New York,NY,United States,unknown,,2026-08-21 19:19:31.975121,,https://higher.gs.com/roles/181686
GOLDMAN_SACHS,181685,"Asset & Wealth Management - Dallas - Vice President, Software Engineering - 10415601",Software Engineering,Dallas,TX,United States,unknown,,2026-08-21 19:19:32.976369,,https://higher.gs.com/roles/181685
GOLDMAN_SACHS,181684,"Engineering Division – Dallas - Vice President, Security Engineering - 10427704",Cybersecurity,Dallas,TX,United States,unknown,,2026-08-21 19:19:33.999611,,https://higher.gs.com/roles/181684
GOLDMAN_SACHS,181683,"Engineering Division – Dallas - Associate, Security Engineering - 10431284",Cybersecurity,Dallas,TX,United States,unknown,,2026-08-21 19:19:35.015365,,https://higher.gs.com/roles/181683
GOLDMAN_SACHS,181680,"Asset & Wealth Management- Cohoes- Associate, Software Engineering- 10415605",Software Engineering,New York,NY,United States,unknown,,2026-08-21 19:19:36.032985,,https://higher.gs.com/roles/181680
GOLDMAN_SACHS,181681,"Engineering- Jersey City - Associate, Software Engineering - 10427699",Software Engineering,Jersey City,NJ,United States,unknown,,2026-08-21 19:19:37.023411,,https://higher.gs.com/roles/181681
GOLDMAN_SACHS,181679,"Engineering Division- Draper- Associate, Systems Engineering- 10469780",Cloud and Infrastructure,Draper,UT,United States,unknown,,2026-08-21 19:19:38.043869,,https://higher.gs.com/roles/181679
GOLDMAN_SACHS,181678,"Platform Solutions-Richardson- Associate, Security Engineering- 10446228",Risk and Compliance,Richardson,TX,United States,unknown,,2026-08-21 19:19:39.027705,,https://higher.gs.com/roles/181678
GOLDMAN_SACHS,181546,"Corporate and Workplace Solutions, On-Site Solutions – Property Management and Workplace Experience, Associate/Vice President",Cloud and Infrastructure,New York,NY,United States,unknown,,2026-08-21 19:19:40.061574,,https://higher.gs.com/roles/181546
GOLDMAN_SACHS,181677,"Asset & Wealth Management - Dallas - Associate, Systems Engineering - 10415597",Cloud and Infrastructure,Dallas,TX,United States,unknown,,2026-08-21 19:19:41.067255,,https://higher.gs.com/roles/181677
GOLDMAN_SACHS,181676,"Engineering Division - Dallas - Associate, Security Engineering - 10427737",Cybersecurity,Dallas,TX,United States,unknown,,2026-08-21 19:19:42.087718,,https://higher.gs.com/roles/181676
GOLDMAN_SACHS,181675,"Engineering Division - Dallas - Vice President, Project Management - 10424170",Risk and Compliance,Dallas,TX,United States,unknown,,2026-08-21 19:19:43.105226,,https://higher.gs.com/roles/181675
GOLDMAN_SACHS,181610,"Global Banking and Markets - Private, Fund Finance Capital Markets, Analyst/Associate - New York",Legal,New York,NY,United States,unknown,,2026-08-21 19:19:44.120458,,https://higher.gs.com/roles/181610
GOLDMAN_SACHS,181651,"Global Banking & Markets- New York - Vice President, Systems Engineering- 10442645",Cloud and Infrastructure,New York,NY,United States,unknown,,2026-08-21 19:19:45.106915,,https://higher.gs.com/roles/181651
GOLDMAN_SACHS,181650,"Engineering - Salt Lake City - Associate, Product Management - 10431260",Cloud and Infrastructure,Salt Lake City,UT,United States,unknown,,2026-08-21 19:19:46.096494,,https://higher.gs.com/roles/181650
GOLDMAN_SACHS,181649,"Engineering - Dallas - Associate, Project Management - 10424190",Other,Dallas,TX,United States,unknown,,2026-08-21 19:19:47.107125,,https://higher.gs.com/roles/181649
GOLDMAN_SACHS,181648,"Engineering - Dallas- Associate, Project Management - 10427760",Other,Dallas,TX,United States,unknown,,2026-08-21 19:19:48.109300,,https://higher.gs.com/roles/181648
GOLDMAN_SACHS,181647,"Engineering - Dallas - Associate, Security Engineering - 10427759",Cybersecurity,Dallas,TX,United States,unknown,,2026-08-21 19:19:49.135159,,https://higher.gs.com/roles/181647
GOLDMAN_SACHS,181646,"Engineering Division- Draper - Associate, Systems Engineering - 10424181",Cloud and Infrastructure,Draper,UT,United States,unknown,,2026-08-21 19:19:50.136312,,https://higher.gs.com/roles/181646
GOLDMAN_SACHS,181645,"Engineering- Seattle - Vice President, Software Engineering - 10427716",Software Engineering,Seattle,WA,United States,unknown,,2026-08-21 19:19:51.155224,,https://higher.gs.com/roles/181645
GOLDMAN_SACHS,181356,Risk-Salt Lake City-Analyst-Credit Risk,Risk and Compliance,Salt Lake City,UT,United States,unknown,,2026-08-21 19:19:54.180955,,https://higher.gs.com/roles/181356
GOLDMAN_SACHS,181443,"Tax – New York – Associate, Transfer Pricing - 9872354",Finance and Accounting,New York,NY,United States,unknown,,2026-08-21 19:19:58.178853,,https://higher.gs.com/roles/181443
GOLDMAN_SACHS,181444,"Risk - New York - Associate, Enterprise Risk - 9848643",Risk and Compliance,New York,NY,United States,unknown,,2026-08-21 19:19:59.203616,,https://higher.gs.com/roles/181444
GOLDMAN_SACHS,179885,"Global Banking & Markets-Dallas-Associate, Project Management-9924787",Risk and Compliance,Dallas,TX,United States,unknown,,2026-08-21 19:20:03.290485,,https://higher.gs.com/roles/179885
GOLDMAN_SACHS,181334,"Global Banking & Markets- New York- Associate, Risk Governance- 9848184",Risk and Compliance,New York,NY,United States,unknown,,2026-08-21 19:20:04.199880,,https://higher.gs.com/roles/181334
GOLDMAN_SACHS,181329,"Global Banking & Markets- Salt Lake City- Senior Associate, Client Onboarding & Configuration- 10190607",Risk and Compliance,Salt Lake City,UT,United States,unknown,,2026-08-21 19:20:05.201248,,https://higher.gs.com/roles/181329
GOLDMAN_SACHS,181328,"Asset & Wealth Management - Salt Lake City - Associate, Sales Support - 9308706",Sales and Relationship Management,Salt Lake City,UT,United States,unknown,,2026-08-21 19:20:06.206839,,https://higher.gs.com/roles/181328
GOLDMAN_SACHS,118116,"Asset & Wealth Management - Private Wealth Management - Associate/Vice President, Private Wealth Advisor - Atlanta",Sales and Relationship Management,Atlanta,GA,United States,unknown,,2026-08-21 19:20:10.240955,,https://higher.gs.com/roles/118116
GOLDMAN_SACHS,159789,Internal Audit - Technology and Engineering | Analyst | Salt Lake City,Audit,Salt Lake City,UT,United States,unknown,,2026-08-21 19:20:11.231561,,https://higher.gs.com/roles/159789
GOLDMAN_SACHS,154459,"Asset & Wealth Management, Private Wealth Management, Wealth Management Professional, Senior Analyst - Dallas",Risk and Compliance,Dallas,TX,United States,unknown,,2026-08-21 19:20:12.298832,,https://higher.gs.com/roles/154459
GOLDMAN_SACHS,154680,"Asset & Wealth Management, Private Wealth Advisor, Associate, Washington DC",Sales and Relationship Management,Washington,DC,United States,unknown,,2026-08-21 19:20:15.272831,,https://higher.gs.com/roles/154680
GOLDMAN_SACHS,180141,"Transaction Banking, 1st Line Financial Crime Risk, Analyst/Associate",Risk and Compliance,Dallas,TX,United States,unknown,,2026-08-21 19:20:18.271360,,https://higher.gs.com/roles/180141
GOLDMAN_SACHS,180064,"Asset & Wealth Management, Private Wealth Management, Financial Investment Professional, Associate - New York",Risk and Compliance,New York,NY,United States,unknown,,2026-08-21 19:20:19.283796,,https://higher.gs.com/roles/180064
GOLDMAN_SACHS,165403,"Asset & Wealth Management, Private Wealth Management, Investments Marketing, Associate – New York",Risk and Compliance,,NY,United States,unknown,,2026-08-21 19:20:20.372247,,https://higher.gs.com/roles/165403
GOLDMAN_SACHS,164217,"AWM, Private Bank, Capital Markets (Securities-Based Lending), Vice President - San Francisco",Risk and Compliance,San Francisco,CA,United States,unknown,,2026-08-21 19:20:47.527740,,https://higher.gs.com/roles/164217
GOLDMAN_SACHS,161691,Operations | Associate | Salt Lake City,Risk and Compliance,Salt Lake City,UT,United States,unknown,,2026-08-21 19:20:50.521398,,https://higher.gs.com/roles/161691
GOLDMAN_SACHS,118122,Asset & Wealth Management - Private Wealth Advisor - San Francisco,Sales and Relationship Management,San Francisco,CA,United States,unknown,,2026-08-21 19:20:53.548517,,https://higher.gs.com/roles/118122
GOLDMAN_SACHS,123020,"Asset & Wealth Management, Private Wealth Management, Private Wealth Advisor, Associate/ Vice President, Atlanta",Sales and Relationship Management,Atlanta,GA,United States,unknown,,2026-08-21 19:20:54.569975,,https://higher.gs.com/roles/123020
GOLDMAN_SACHS,118106,"Asset & Wealth Management - Private Wealth Management - Associate/Vice President, Private Wealth Advisor - Boston",Sales and Relationship Management,Boston,MA,United States,unknown,,2026-08-21 19:20:56.587989,,https://higher.gs.com/roles/118106
GOLDMAN_SACHS,155274,"Asset & Wealth Management, Private Wealth Management, Wealth Management Professional, Senior Analyst - Los Angeles",Risk and Compliance,Los Angeles,CA,United States,unknown,,2026-08-21 19:20:57.594233,,https://higher.gs.com/roles/155274
GOLDMAN_SACHS,159158,"Asset & Wealth Management, Private Wealth Advisor, Associate, Miami",Sales and Relationship Management,Miami,FL,United States,unknown,,2026-08-21 19:20:59.587368,,https://higher.gs.com/roles/159158
GOLDMAN_SACHS,172241,"Human Capital Management, Private Wealth Management Recruiter, Vice President, Dallas",Human Resources,Dallas,TX,United States,unknown,,2026-08-21 19:21:00.605389,,https://higher.gs.com/roles/172241
GOLDMAN_SACHS,172242,"Human Capital Management, Private Wealth Management Recruiter, Vice President, New York",Human Resources,New York,NY,United States,unknown,,2026-08-21 19:21:01.609755,,https://higher.gs.com/roles/172242
GOLDMAN_SACHS,170896,"Asset & Wealth Management, Private Wealth Management, Private Wealth Advisor - Scottsdale, AZ",Sales and Relationship Management,,AZ,United States,unknown,,2026-08-21 19:21:02.622388,,https://higher.gs.com/roles/170896
GOLDMAN_SACHS,169789,"Asset & Wealth Management, Private Wealth Management, Business Development Professional, Associate - Seattle",Sales and Relationship Management,Seattle,WA,United States,unknown,,2026-08-21 19:21:05.636753,,https://higher.gs.com/roles/169789
GOLDMAN_SACHS,169014,"Cloud - Principal Technical Product Manager - (Seattle, WA)",Product Management,Seattle,WA,United States,unknown,,2026-08-21 19:21:06.622473,,https://higher.gs.com/roles/169014
GOLDMAN_SACHS,162904,"Asset & Wealth Management, Private Wealth Advisor, Associate - West Palm Beach",Sales and Relationship Management,West Palm Beach,FL,United States,unknown,,2026-08-21 19:21:07.627009,,https://higher.gs.com/roles/162904
GOLDMAN_SACHS,159788,Controllers | Analyst | Salt Lake City,Risk and Compliance,Salt Lake City,UT,United States,unknown,,2026-08-21 19:21:08.660121,,https://higher.gs.com/roles/159788
GOLDMAN_SACHS,155253,Controllers | Analyst | Dallas,Risk and Compliance,Dallas,TX,United States,unknown,,2026-08-21 19:21:09.716351,,https://higher.gs.com/roles/155253
GOLDMAN_SACHS,118107,"Asset & Wealth Management - Private Wealth Management - Associate/Vice President, Private Wealth Advisor - New York",Sales and Relationship Management,New York,NY,United States,unknown,,2026-08-21 19:21:11.691889,,https://higher.gs.com/roles/118107
GOLDMAN_SACHS,153551,"Asset & Wealth Management, Private Wealth Management, Business Development Professional, Associate, New York",Sales and Relationship Management,,NY,United States,unknown,,2026-08-21 19:21:12.714189,,https://higher.gs.com/roles/153551
GOLDMAN_SACHS,166228,AWM | Private Bank | Mortgage Transaction Manager | Associate - Dallas,Risk and Compliance,Dallas,TX,United States,unknown,,2026-08-21 19:21:13.715239,,https://higher.gs.com/roles/166228
GOLDMAN_SACHS,164394,"Asset & Wealth Management, Business Development Professional, Associate - Miami",Sales and Relationship Management,Miami,FL,United States,unknown,,2026-08-21 19:21:14.752108,,https://higher.gs.com/roles/164394
GOLDMAN_SACHS,118998,"Asset & Wealth Management - Private Wealth Management - Vice President, Private Wealth Advisor - Detroit",Sales and Relationship Management,Detroit,MI,United States,unknown,,2026-08-21 19:21:17.759497,,https://higher.gs.com/roles/118998
GOLDMAN_SACHS,122986,"Asset & Wealth Management, Private Wealth Management, Business Development Professional, Associate, Chicago",Sales and Relationship Management,Chicago,IL,United States,unknown,,2026-08-21 19:21:18.780993,,https://higher.gs.com/roles/122986
GOLDMAN_SACHS,158356,Asset & Wealth Management - QA Automation Engineer - Associate - Dallas,Software Engineering,Dallas,TX,United States,unknown,,2026-08-21 19:21:21.798456,,https://higher.gs.com/roles/158356
GOLDMAN_SACHS,156695,"Asset & Wealth Management, Private Wealth Advisor, Associate, Philadelphia",Sales and Relationship Management,Philadelphia,PA,United States,unknown,,2026-08-21 19:21:22.819031,,https://higher.gs.com/roles/156695
GOLDMAN_SACHS,163953,"Asset & Wealth Management, Private Wealth Management, Business Development Professional, Associate - Boston",Sales and Relationship Management,Boston,MA,United States,unknown,,2026-08-21 19:21:24.838383,,https://higher.gs.com/roles/163953
GOLDMAN_SACHS,118002,"Asset & Wealth Management - Private Wealth Management - Vice President, Private Wealth Advisor - Chicago/Detroit",Sales and Relationship Management,Chicago,IL,United States,unknown,,2026-08-21 19:21:25.845105,,https://higher.gs.com/roles/118002
GOLDMAN_SACHS,126281,Vice President - 6423324,Risk and Compliance,New York,NY,United States,unknown,,2026-08-21 19:21:30.896798,,https://higher.gs.com/roles/126281
GOLDMAN_SACHS,122193,"Risk, Credit Risk - Vice President - Salt Lake City, UT",Risk and Compliance,Salt Lake City,UT,United States,unknown,,2026-08-21 19:21:35.975956,,https://higher.gs.com/roles/122193
GOLDMAN_SACHS,119977,Software Engineer - FCO Technology Team - Analyst - SLC,Software Engineering,Salt Lake City,UT,United States,unknown,,2026-08-21 19:21:40.961401,,https://higher.gs.com/roles/119977
GOLDMAN_SACHS,119161,"Internal Audit, Engineering Audit, Associate, Dallas",Audit,Dallas,TX,United States,unknown,,2026-08-21 19:21:47.038118,,https://higher.gs.com/roles/119161
