company,source_job_id,title,role_family,city,state,country,workplace_type,employment_type,first_seen_at,source_posted_at,posting_url
WELLS_FARGO,R-544590,Mortgage Loan Officer,Risk and Compliance,Salem,OR,United States,unknown,Full time,2026-07-20 19:25:00.499320,2026-05-27 00:00:00,https://www.wellsfargojobs.com/en/jobs/r-544590/mortgage-loan-officer/
WELLS_FARGO,R-548931,Mortgage Retail Sales Consultant (SAFE) AZ,Risk and Compliance,Phoenix,AZ,United States,unknown,,2026-07-20 19:25:00.501899,2026-05-29 00:00:00,https://www.wellsfargojobs.com/en/jobs/r-548931/mortgage-retail-sales-consultant-safe-az/
WELLS_FARGO,R-551101,Community Mortgage Bank Sales Consultant (SAFE),Risk and Compliance,Austin,TX,United States,unknown,,2026-07-20 19:25:00.517745,2026-06-04 00:00:00,https://www.wellsfargojobs.com/en/jobs/r-551101/community-mortgage-bank-sales-consultant-safe/
WELLS_FARGO,R-550069,Mortgage Retail Sales Consultant (SAFE),Risk and Compliance,Cedar Falls,IA,United States,unknown,Full time,2026-07-20 19:25:00.517745,2026-06-08 00:00:00,https://www.wellsfargojobs.com/en/jobs/r-550069/mortgage-retail-sales-consultant-safe/
WELLS_FARGO,R-553416,Mortgage Retail Sales Associate Manager (SAFE),Risk and Compliance,Ontario,CA,United States,unknown,Full time,2026-07-20 19:25:00.533640,2026-07-28 00:00:00,https://www.wellsfargojobs.com/en/jobs/r-553416/mortgage-retail-sales-associate-manager-safe/
WELLS_FARGO,R-554988,"Personal Banker, Los Lunas, NM",,Los Lunas,NM,United States,unknown,Full time,2026-07-20 19:25:00.533640,2026-06-22 00:00:00,https://www.wellsfargojobs.com/en/jobs/r-554988/personal-banker-los-lunas-nm/
WELLS_FARGO,R-555007,Branch Operations Coordinator Corona DeNovo,Risk and Compliance,Corona,NY,United States,unknown,Full time,2026-07-20 19:25:00.542022,2026-06-22 00:00:00,https://www.wellsfargojobs.com/en/jobs/r-555007/branch-operations-coordinator-corona-denovo/
WELLS_FARGO,R-554616,Teller Bilingual Part Time Bryan Harvey Mitchell,Risk and Compliance,Bryan,TX,United States,unknown,Part time,2026-07-20 19:25:00.542022,2026-06-22 00:00:00,https://www.wellsfargojobs.com/en/jobs/r-554616/teller-bilingual-part-time-bryan-harvey-mitchell/
WELLS_FARGO,R-555255,Mortgage Retail Sales Consultant,Risk and Compliance,San Diego,CA,United States,unknown,Full time,2026-07-20 19:25:00.550179,2026-06-22 00:00:00,https://www.wellsfargojobs.com/en/jobs/r-555255/mortgage-retail-sales-consultant/
WELLS_FARGO,R-555406,Branch Manager Imperial Gateway,Risk and Compliance,South Gate,CA,United States,unknown,Full time,2026-07-20 19:25:00.550179,2026-06-23 00:00:00,https://www.wellsfargojobs.com/en/jobs/r-555406/branch-manager-imperial-gateway/
WELLS_FARGO,R-556213,Mortgage Retail Sales Consultant,Risk and Compliance,Roswell,GA,United States,unknown,Full time,2026-07-20 19:25:00.550179,2026-06-25 00:00:00,https://www.wellsfargojobs.com/en/jobs/r-556213/mortgage-retail-sales-consultant/
WELLS_FARGO,R-538659,Private Mortgage Banker (SAFE),Risk and Compliance,New York,NY,United States,unknown,Full time,2026-07-20 19:25:00.566134,2026-07-31 00:00:00,https://www.wellsfargojobs.com/en/jobs/r-538659/private-mortgage-banker-safe/
WELLS_FARGO,R-555656,2027 CIB Markets Analyst Program - Early Careers,Risk and Compliance,New York,NY,United States,unknown,Full time,2026-07-20 19:25:00.574182,2026-06-26 00:00:00,https://www.wellsfargojobs.com/en/jobs/r-555656/2027-cib-markets-analyst-program-early-careers/
WELLS_FARGO,R-556149,Mortgage Retail Sales Consultant (Safe),Risk and Compliance,Raleigh,NC,United States,unknown,Full time,2026-07-20 19:25:00.582434,2026-06-29 00:00:00,https://www.wellsfargojobs.com/en/jobs/r-556149/mortgage-retail-sales-consultant-safe/
WELLS_FARGO,R-556845,Private Mortgage Banker (SAFE),Risk and Compliance,Melville,NY,United States,unknown,,2026-07-20 19:25:00.582434,2026-07-31 00:00:00,https://www.wellsfargojobs.com/en/jobs/r-556845/private-mortgage-banker-safe/
WELLS_FARGO,R-555392,Personal Banker Central Suburban,Risk and Compliance,Champlin,MN,United States,unknown,Full time,2026-07-20 19:25:00.582434,2026-06-29 00:00:00,https://www.wellsfargojobs.com/en/jobs/r-555392/personal-banker-central-suburban/
WELLS_FARGO,R-556613,Personal Banker - 5th & Jefferson,Risk and Compliance,Portland,OR,United States,unknown,Full time,2026-07-20 19:25:00.590513,2026-07-30 00:00:00,https://www.wellsfargojobs.com/en/jobs/r-556613/personal-banker-5th-jefferson/
WELLS_FARGO,R-556138,Private Mortgage Banker (SAFE),Risk and Compliance,El Segundo,CA,United States,unknown,Full time,2026-07-20 19:25:00.590513,2026-06-30 00:00:00,https://www.wellsfargojobs.com/en/jobs/r-556138/private-mortgage-banker-safe/
WELLS_FARGO,R-557081,Senior Premier Banker Mission 880,Risk and Compliance,Newark,CA,United States,unknown,,2026-07-20 19:25:00.601870,2026-06-30 00:00:00,https://www.wellsfargojobs.com/en/jobs/r-557081/senior-premier-banker-mission-880/
WELLS_FARGO,R-557259,Senior Premier Banker Pasadena Valley,Risk and Compliance,South Pasadena,CA,United States,unknown,Full time,2026-07-20 19:25:00.605108,2026-07-01 00:00:00,https://www.wellsfargojobs.com/en/jobs/r-557259/senior-premier-banker-pasadena-valley/
GOLDMAN_SACHS,174552,"Asset & Wealth Management, Platform Management, Analyst - Dallas",Risk and Compliance,Dallas,TX,United States,unknown,,2026-07-20 19:36:52.425354,,https://higher.gs.com/roles/174552
GOLDMAN_SACHS,166512,"Asset & Wealth Management, Private Wealth Management, Goldman Sachs Family Office, Digital Estate Planning, Associate/Vice President - Dallas",Finance and Accounting,Dallas,TX,United States,unknown,,2026-07-20 19:36:53.356118,,https://higher.gs.com/roles/166512
GOLDMAN_SACHS,178627,"Global Banking & Markets Management and Strategy – Analyst, New York",Risk and Compliance,New York,NY,United States,unknown,,2026-07-20 19:36:54.340686,,https://higher.gs.com/roles/178627
GOLDMAN_SACHS,179010,"GBM - Public, Securities, Prime Services Clearing Risk, Associate, New York",Risk and Compliance,New York,NY,United States,unknown,,2026-07-20 19:36:55.339773,,https://higher.gs.com/roles/179010
GOLDMAN_SACHS,179085,"GBM - Securities, Prime Services Futures and Clearing Risk, Associate, New York",Risk and Compliance,New York,NY,United States,unknown,,2026-07-20 19:36:56.365851,,https://higher.gs.com/roles/179085
GOLDMAN_SACHS,179011,"GBM - Public, Securities, Prime Services Clearing Risk, Vice President, New York",Risk and Compliance,New York,NY,United States,unknown,,2026-07-20 19:36:57.333181,,https://higher.gs.com/roles/179011
GOLDMAN_SACHS,169992,"Asset & Wealth Management, Private, Growth Platform Team, Associate",Cloud and Infrastructure,New York,NY,United States,unknown,,2026-07-20 19:36:58.343737,,https://higher.gs.com/roles/169992
GOLDMAN_SACHS,176398,"Asset & Wealth Management, XIG, Portfolio Strategy & Risk Management, Associate / VP - New York",Risk and Compliance,New York,NY,United States,unknown,,2026-07-20 19:36:59.362877,,https://higher.gs.com/roles/176398
GOLDMAN_SACHS,178008,"Legal, Employment Law Attorney, Vice President, Dallas & New York City",Legal,New York,NY,United States,unknown,,2026-07-20 19:37:00.359841,,https://higher.gs.com/roles/178008
GOLDMAN_SACHS,178946,Corporate Planning & Management-GP Operations-Dallas-Senior Analyst,Risk and Compliance,Dallas,TX,United States,unknown,,2026-07-20 19:37:02.425933,,https://higher.gs.com/roles/178946
GOLDMAN_SACHS,162936,"AWM, Marcus by Goldman Sachs, Customer Retention, Marketing, Vice President, New York, NY",Risk and Compliance,,NY,United States,unknown,,2026-07-20 19:37:04.418369,,https://higher.gs.com/roles/162936
GOLDMAN_SACHS,146573,"Asset & Wealth Management, Goldman Sachs Ayco, Workplace Advisory Solutions, Relationship Management,  Analyst, Dallas, TX",Sales and Relationship Management,Dallas,TX,United States,unknown,,2026-07-20 19:37:05.443938,,https://higher.gs.com/roles/146573
GOLDMAN_SACHS,178444,"Asset & Wealth Management - Deerfield - Associate, Sales Support - 719927",Risk and Compliance,Deerfield,IL,United States,unknown,,2026-07-20 19:37:08.467676,,https://higher.gs.com/roles/178444
GOLDMAN_SACHS,179719,"Compliance - Salt Lake City - Associate, Regulatory Compliance - 10072130",Risk and Compliance,Salt Lake City,UT,United States,unknown,,2026-07-20 19:37:09.508977,,https://higher.gs.com/roles/179719
GOLDMAN_SACHS,177540,"Asset & Wealth Management, MAS, Third Party Wealth, Retail Models, Vice President - New York",Risk and Compliance,New York,NY,United States,unknown,,2026-07-20 19:37:10.530533,,https://higher.gs.com/roles/177540
GOLDMAN_SACHS,160722,"Internal Audit, Risk, Business Audit, Associate, Salt Lake City",Risk and Compliance,Salt Lake City,UT,United States,unknown,,2026-07-20 19:37:11.431334,,https://higher.gs.com/roles/160722
BNY,73320,"Associate, Client Processing I",Operations,Lake Mary,FL,United States,unknown,Full time,2026-07-20 19:37:13.092816,2026-07-20 00:00:00,https://eofe.fa.us2.oraclecloud.com/hcmUI/CandidateExperience/en/sites/BNY-Careers/job/73320
BNY,78275,"Senior Vice President, Forward Deployed Engineer",Software Engineering,Pittsburgh,PA,United States,unknown,Full time,2026-07-20 19:37:13.931571,2026-07-20 00:00:00,https://eofe.fa.us2.oraclecloud.com/hcmUI/CandidateExperience/en/sites/BNY-Careers/job/78275
BNY,78304,"Senior Specialist, Client Service",Risk and Compliance,,,United States,unknown,Full time,2026-07-20 19:37:14.825590,2026-07-20 00:00:00,https://eofe.fa.us2.oraclecloud.com/hcmUI/CandidateExperience/en/sites/BNY-Careers/job/78304
BNY,78688,"Vice President, Fund Reporting",Risk and Compliance,Westborough,MA,United States,unknown,Full time,2026-07-20 19:37:15.850591,2026-07-20 00:00:00,https://eofe.fa.us2.oraclecloud.com/hcmUI/CandidateExperience/en/sites/BNY-Careers/job/78688
BNY,78791,"Senior Specialist, Fund/Client Accounting",Finance and Accounting,Boston,MA,United States,unknown,Full time,2026-07-20 19:37:16.948878,2026-07-20 00:00:00,https://eofe.fa.us2.oraclecloud.com/hcmUI/CandidateExperience/en/sites/BNY-Careers/job/78791
BNY,78795,"Senior Specialist, Investor Services Operations",Operations,Boston,MA,United States,unknown,Full time,2026-07-20 19:37:17.905888,2026-07-20 00:00:00,https://eofe.fa.us2.oraclecloud.com/hcmUI/CandidateExperience/en/sites/BNY-Careers/job/78795
BNY,78801,"Vice President, Fund/Client Accounting Manager",Finance and Accounting,Pittsburgh,PA,United States,unknown,Full time,2026-07-20 19:37:18.920198,2026-07-20 00:00:00,https://eofe.fa.us2.oraclecloud.com/hcmUI/CandidateExperience/en/sites/BNY-Careers/job/78801
BNY,78802,"Senior Vice President, Fund/Client Accounting Manager",Finance and Accounting,Lake Mary,FL,United States,unknown,Full time,2026-07-20 19:37:20.120585,2026-07-20 00:00:00,https://eofe.fa.us2.oraclecloud.com/hcmUI/CandidateExperience/en/sites/BNY-Careers/job/78802
BNY,78805,"Vice President, Fund/Client Accounting Manager",Finance and Accounting,Lake Mary,FL,United States,unknown,Full time,2026-07-20 19:37:20.908847,2026-07-20 00:00:00,https://eofe.fa.us2.oraclecloud.com/hcmUI/CandidateExperience/en/sites/BNY-Careers/job/78805
BNY,78844,"Senior Specialist, Fund/Client Accounting",Finance and Accounting,Lake Mary,FL,United States,unknown,Full time,2026-07-20 19:37:22.171895,2026-07-20 00:00:00,https://eofe.fa.us2.oraclecloud.com/hcmUI/CandidateExperience/en/sites/BNY-Careers/job/78844
BNY,78846,"Senior Specialist, Fund/Client Accounting",Finance and Accounting,Lake Mary,FL,United States,unknown,Full time,2026-07-20 19:37:22.965935,2026-07-20 00:00:00,https://eofe.fa.us2.oraclecloud.com/hcmUI/CandidateExperience/en/sites/BNY-Careers/job/78846
BNY,79081,"Vice President, FX Platform Sales",Sales and Relationship Management,New York,NY,United States,hybrid,Full time,2026-07-20 19:37:23.959638,2026-07-20 00:00:00,https://eofe.fa.us2.oraclecloud.com/hcmUI/CandidateExperience/en/sites/BNY-Careers/job/79081
BNY,79086,"Specialist, FX Platform Sales",Sales and Relationship Management,New York,NY,United States,hybrid,Full time,2026-07-20 19:37:26.247046,2026-07-20 00:00:00,https://eofe.fa.us2.oraclecloud.com/hcmUI/CandidateExperience/en/sites/BNY-Careers/job/79086
BNY,79182,"Vice President, Information Security",Cybersecurity,Pittsburgh,PA,United States,unknown,Full time,2026-07-20 19:37:26.924205,2026-07-20 00:00:00,https://eofe.fa.us2.oraclecloud.com/hcmUI/CandidateExperience/en/sites/BNY-Careers/job/79182
BNY,79222,"Vice President, Data Transfer, Integration & Quality Manager",Risk and Compliance,New York,NY,United States,hybrid,Full time,2026-07-20 19:37:27.999163,2026-07-20 00:00:00,https://eofe.fa.us2.oraclecloud.com/hcmUI/CandidateExperience/en/sites/BNY-Careers/job/79222
BNY,79242,"Vice President, Fund/Client Accounting Manager",Finance and Accounting,Lake Mary,FL,United States,unknown,Full time,2026-07-20 19:37:29.069835,2026-07-20 00:00:00,https://eofe.fa.us2.oraclecloud.com/hcmUI/CandidateExperience/en/sites/BNY-Careers/job/79242
BNY,79241,"Senior Vice President, Fund/Client Accounting Manager",Finance and Accounting,Lake Mary,FL,United States,unknown,Full time,2026-07-20 19:37:29.974195,2026-07-20 00:00:00,https://eofe.fa.us2.oraclecloud.com/hcmUI/CandidateExperience/en/sites/BNY-Careers/job/79241
BNY,79246,"Vice President, Fund/Client Accounting Manager",Finance and Accounting,Lake Mary,FL,United States,unknown,Full time,2026-07-20 19:37:31.071093,2026-07-20 00:00:00,https://eofe.fa.us2.oraclecloud.com/hcmUI/CandidateExperience/en/sites/BNY-Careers/job/79246
BNY,79247,"Senior Specialist, Fund/Client Accounting",Finance and Accounting,Lake Mary,FL,United States,unknown,Full time,2026-07-20 19:37:31.906177,2026-07-20 00:00:00,https://eofe.fa.us2.oraclecloud.com/hcmUI/CandidateExperience/en/sites/BNY-Careers/job/79247
BNY,79244,"Vice President, Fund/Client Accounting Manager",Finance and Accounting,Lake Mary,FL,United States,unknown,Full time,2026-07-20 19:37:33.016168,2026-07-20 00:00:00,https://eofe.fa.us2.oraclecloud.com/hcmUI/CandidateExperience/en/sites/BNY-Careers/job/79244
BNY,75725,"Director, Fund/Client Accounting",Finance and Accounting,Lake Mary,FL,United States,unknown,Full time,2026-07-20 20:31:28.719658,2026-07-20 00:00:00,https://eofe.fa.us2.oraclecloud.com/hcmUI/CandidateExperience/en/sites/BNY-Careers/job/75725
GOLDMAN_SACHS,178407,Global Banking & Markets Private-M&A Capital Markets Associate-New York,Sales and Relationship Management,New York,NY,United States,unknown,,2026-07-20 21:37:18.431407,,https://higher.gs.com/roles/178407
GOLDMAN_SACHS,177438,Controllers Operations-Global Position Reporting-Dallas-Vice President,Risk and Compliance,Dallas,TX,United States,unknown,,2026-07-20 21:37:19.355925,,https://higher.gs.com/roles/177438
WELLS_FARGO,R-557757,Teller Southeast Phoenix,Risk and Compliance,Mesa,AZ,United States,unknown,Full time,2026-07-20 21:37:21.625643,2026-07-02 00:00:00,https://www.wellsfargojobs.com/en/jobs/r-557757/teller-southeast-phoenix/
WELLS_FARGO,R-553928,Registered Client Associate,Risk and Compliance,San Francisco,CA,United States,unknown,Full time,2026-07-20 21:37:21.646231,2026-08-07 00:00:00,https://www.wellsfargojobs.com/en/jobs/r-553928/registered-client-associate/
WELLS_FARGO,R-558276,Relationship Banker Sheridan Main,Risk and Compliance,Sheridan,WY,United States,unknown,Full time,2026-07-20 21:37:21.671546,2026-08-12 00:00:00,https://www.wellsfargojobs.com/en/jobs/r-558276/relationship-banker-sheridan-main/
WELLS_FARGO,R-558363,Branch Manager - Central Valley District,Risk and Compliance,Madera,CA,United States,unknown,Full time,2026-07-20 21:37:21.699276,2026-07-03 00:00:00,https://www.wellsfargojobs.com/en/jobs/r-558363/branch-manager-central-valley-district/
WELLS_FARGO,R-555693,Teller Part Time Castle Rock South,Risk and Compliance,Castle Rock,CO,United States,unknown,Part time,2026-07-20 21:37:21.719617,2026-07-06 00:00:00,https://www.wellsfargojobs.com/en/jobs/r-555693/teller-part-time-castle-rock-south/
WELLS_FARGO,R-558459,Roving Personal Banker Central Virgina District,Risk and Compliance,Lynchburg,VA,United States,unknown,Full time,2026-07-20 21:37:21.746603,2026-07-06 00:00:00,https://www.wellsfargojobs.com/en/jobs/r-558459/roving-personal-banker-central-virgina-district/
WELLS_FARGO,R-557370,Teller Incline Village,Risk and Compliance,Incline Village,NV,United States,unknown,Full time,2026-07-20 21:37:21.769947,2026-08-17 00:00:00,https://www.wellsfargojobs.com/en/jobs/r-557370/teller-incline-village/
WELLS_FARGO,R-557877,Personal Banker - Coos Bay,Risk and Compliance,Coos Bay,OR,United States,unknown,Full time,2026-07-20 21:37:21.790951,2026-07-06 00:00:00,https://www.wellsfargojobs.com/en/jobs/r-557877/personal-banker-coos-bay/
WELLS_FARGO,R-558933,Personal Banker Roving Midwest Central,Risk and Compliance,Detroit Lakes,MN,United States,unknown,Full time,2026-07-20 21:37:21.814989,2026-07-07 00:00:00,https://www.wellsfargojobs.com/en/jobs/r-558933/personal-banker-roving-midwest-central/
WELLS_FARGO,R-559151,Personal Banker Bilingual Edisto District,Risk and Compliance,Goose Creek,SC,United States,unknown,Full time,2026-07-20 21:37:21.837359,2026-07-07 00:00:00,https://www.wellsfargojobs.com/en/jobs/r-559151/personal-banker-bilingual-edisto-district/
WELLS_FARGO,R-558306,Associate Personal Banker - Kenton,Risk and Compliance,Portland,OR,United States,unknown,Full time,2026-07-20 21:37:21.854830,2026-07-06 00:00:00,https://www.wellsfargojobs.com/en/jobs/r-558306/associate-personal-banker-kenton/
WELLS_FARGO,R-533976,Lead Institutional Investment Operations Specialist - Tax Operations,Operations,New York,NY,United States,unknown,Full time,2026-07-20 21:37:21.887265,2026-07-08 00:00:00,https://www.wellsfargojobs.com/en/jobs/r-533976/lead-institutional-investment-operations-specialist-tax-operations/
WELLS_FARGO,R-556241,Personal Banker Mission,Risk and Compliance,Mission,SD,United States,unknown,,2026-07-20 21:37:21.912170,2026-07-09 00:00:00,https://www.wellsfargojobs.com/en/jobs/r-556241/personal-banker-mission/
WELLS_FARGO,R-554357,Senior Branch Premier Banker - Meridian North,Risk and Compliance,Meridian,ID,United States,unknown,Full time,2026-07-20 21:37:21.940808,2026-08-11 00:00:00,https://www.wellsfargojobs.com/en/jobs/r-554357/senior-branch-premier-banker-meridian-north/
WELLS_FARGO,R-550253,Personal Banker - Sunnyside Market Place,Risk and Compliance,Clackamas,OR,United States,unknown,Full time,2026-07-20 21:37:21.964253,2026-07-09 00:00:00,https://www.wellsfargojobs.com/en/jobs/r-550253/personal-banker-sunnyside-market-place/
WELLS_FARGO,R-553782,Teller Part Time West Olympia,Risk and Compliance,Olympia,WA,United States,unknown,Part time,2026-07-20 21:37:21.986881,2026-07-09 00:00:00,https://www.wellsfargojobs.com/en/jobs/r-553782/teller-part-time-west-olympia/
WELLS_FARGO,R-559436,Bilingual Spanish Personal Banker | The Castro,Risk and Compliance,San Francisco,CA,United States,unknown,Full time,2026-07-20 21:37:22.010836,2026-07-09 00:00:00,https://www.wellsfargojobs.com/en/jobs/r-559436/bilingual-spanish-personal-banker-the-castro/
WELLS_FARGO,R-545262,Lead Strategy & Planning Consultant — AI Product Strategy & Innovation,Risk and Compliance,Charlotte,NC,United States,unknown,Full time,2026-07-20 21:37:22.034708,2026-07-09 00:00:00,https://www.wellsfargojobs.com/en/jobs/r-545262/lead-strategy-planning-consultant-ai-product-strategy-innovation/
WELLS_FARGO,R-559754,"Executive Director, AI Architect and Strategist",Risk and Compliance,Charlotte,NC,United States,unknown,Full time,2026-07-20 21:37:22.047706,2026-07-09 00:00:00,https://www.wellsfargojobs.com/en/jobs/r-559754/executive-director-ai-architect-and-strategist/
WELLS_FARGO,R-558944,"Business Banker (LO) Ogden, UT",Risk and Compliance,Ogden,UT,United States,unknown,Full time,2026-07-20 21:37:22.083157,2026-08-18 00:00:00,https://www.wellsfargojobs.com/en/jobs/r-558944/business-banker-lo-ogden-ut/
WELLS_FARGO,R-558973,"Business Banker (LO) Tacoma, WA",Risk and Compliance,Tacoma,WA,United States,unknown,Full time,2026-07-20 21:37:22.110917,2026-07-08 00:00:00,https://www.wellsfargojobs.com/en/jobs/r-558973/business-banker-lo-tacoma-wa/
WELLS_FARGO,R-556424,Bilingual Spanish Personal Banker | Mission Plaza,Risk and Compliance,Daly City,CA,United States,unknown,Full time,2026-07-20 21:37:22.135425,2026-07-10 00:00:00,https://www.wellsfargojobs.com/en/jobs/r-556424/bilingual-spanish-personal-banker-mission-plaza/
WELLS_FARGO,R-559751,Teller Part Time Foothill Ranch,Risk and Compliance,Foothill Ranch,CA,United States,unknown,Part time,2026-07-20 21:37:22.158942,2026-07-10 00:00:00,https://www.wellsfargojobs.com/en/jobs/r-559751/teller-part-time-foothill-ranch/
WELLS_FARGO,R-559322,Senior Branch Premier Banker - Metro Philadelphia,Risk and Compliance,Philadelphia,PA,United States,unknown,,2026-07-20 21:37:22.189999,2026-07-10 00:00:00,https://www.wellsfargojobs.com/en/jobs/r-559322/senior-branch-premier-banker-metro-philadelphia/
WELLS_FARGO,R-559627,Teller Bilingual Part Time Paradise Valley Las Vegas,Risk and Compliance,Las Vegas,NV,United States,unknown,Part time,2026-07-20 21:37:22.213598,2026-07-10 00:00:00,https://www.wellsfargojobs.com/en/jobs/r-559627/teller-bilingual-part-time-paradise-valley-las-vegas/
WELLS_FARGO,R-559130,Relationship Banker Franktown CO,Risk and Compliance,Franktown,CO,United States,unknown,Full time,2026-07-20 21:37:22.242092,2026-07-12 00:00:00,https://www.wellsfargojobs.com/en/jobs/r-559130/relationship-banker-franktown-co/
WELLS_FARGO,R-559892,Private Mortgage Banker (SAFE),Risk and Compliance,Plymouth Meeting,PA,United States,unknown,Full time,2026-07-20 21:37:22.252790,2026-07-13 00:00:00,https://www.wellsfargojobs.com/en/jobs/r-559892/private-mortgage-banker-safe/
WELLS_FARGO,R-559927,Mortgage Retail Sales Consultant (SAFE),Risk and Compliance,Chesapeake,VA,United States,unknown,Full time,2026-07-20 21:37:22.283865,2026-07-13 00:00:00,https://www.wellsfargojobs.com/en/jobs/r-559927/mortgage-retail-sales-consultant-safe/
WELLS_FARGO,R-559953,Mortgage Retail Sales Consultant (SAFE),Risk and Compliance,Fredericksburg,VA,United States,unknown,Full time,2026-07-20 21:37:22.299449,2026-07-13 00:00:00,https://www.wellsfargojobs.com/en/jobs/r-559953/mortgage-retail-sales-consultant-safe/
WELLS_FARGO,R-559962,Personal Banker Mesa Mall,Risk and Compliance,Grand Junction,CO,United States,unknown,Full time,2026-07-20 21:37:22.327737,2026-07-13 00:00:00,https://www.wellsfargojobs.com/en/jobs/r-559962/personal-banker-mesa-mall/
WELLS_FARGO,R-559222,FiNet Divisional Leader - Southeast,Risk and Compliance,Tampa,FL,United States,unknown,Full time,2026-07-20 21:37:22.359782,2026-07-13 00:00:00,https://www.wellsfargojobs.com/en/jobs/r-559222/finet-divisional-leader-southeast/
WELLS_FARGO,R-560055,Alternative Investment Middle Office Support Consultant,Operations,Charlotte,NC,United States,unknown,Full time,2026-07-20 21:37:22.375624,2026-07-13 00:00:00,https://www.wellsfargojobs.com/en/jobs/r-560055/alternative-investment-middle-office-support-consultant/
WELLS_FARGO,R-560065,Alternative Investments Middle Office Support - Senior Consultant,Operations,Charlotte,NC,United States,unknown,Full time,2026-07-20 21:37:22.392848,2026-07-13 00:00:00,https://www.wellsfargojobs.com/en/jobs/r-560065/alternative-investments-middle-office-support-senior-consultant/
WELLS_FARGO,R-559913,Mortgage Retail Sales Consultant (SAFE),Risk and Compliance,Baltimore,MD,United States,unknown,Full time,2026-07-20 21:37:22.417017,2026-07-13 00:00:00,https://www.wellsfargojobs.com/en/jobs/r-559913/mortgage-retail-sales-consultant-safe/
WELLS_FARGO,R-560083,Personal Banker (SAFE) Zephyr Cove,Risk and Compliance,Zephyr Cove,NV,United States,unknown,Full time,2026-07-20 21:37:22.439156,2026-08-13 00:00:00,https://www.wellsfargojobs.com/en/jobs/r-560083/personal-banker-safe-zephyr-cove/
WELLS_FARGO,R-558025,Senior Premier Banker Denali,Risk and Compliance,Anchorage,AK,United States,unknown,Full time,2026-07-20 21:37:22.468756,2026-07-13 00:00:00,https://www.wellsfargojobs.com/en/jobs/r-558025/senior-premier-banker-denali/
WELLS_FARGO,R-559412,"Business Banker (LO) San Diego, CA",Risk and Compliance,San Diego,CA,United States,unknown,Full time,2026-07-20 21:37:22.497060,2026-07-13 00:00:00,https://www.wellsfargojobs.com/en/jobs/r-559412/business-banker-lo-san-diego-ca/
WELLS_FARGO,R-559422,"Business Banker (LO) Chula Vista, CA",Risk and Compliance,Chula Vista,CA,United States,unknown,Full time,2026-07-20 21:37:22.516195,2026-07-13 00:00:00,https://www.wellsfargojobs.com/en/jobs/r-559422/business-banker-lo-chula-vista-ca/
WELLS_FARGO,R-560074,Personal Banker Largo Mall,Risk and Compliance,Largo,FL,United States,unknown,Full time,2026-07-20 21:37:22.546343,2026-07-13 00:00:00,https://www.wellsfargojobs.com/en/jobs/r-560074/personal-banker-largo-mall/
WELLS_FARGO,R-560461,Home Mortgage Consultant (SAFE),Risk and Compliance,Melville,NY,United States,unknown,,2026-07-20 21:37:22.563009,2026-07-31 00:00:00,https://www.wellsfargojobs.com/en/jobs/r-560461/home-mortgage-consultant-safe/
WELLS_FARGO,R-560015,Branch Manager Great Basin District,Risk and Compliance,Reno,NV,United States,unknown,Full time,2026-07-20 21:37:22.597569,2026-07-13 00:00:00,https://www.wellsfargojobs.com/en/jobs/r-560015/branch-manager-great-basin-district/
WELLS_FARGO,R-560448,Senior Premier Banker Marina,Risk and Compliance,San Francisco,CA,United States,unknown,Full time,2026-07-20 21:37:22.632968,2026-08-19 00:00:00,https://www.wellsfargojobs.com/en/jobs/r-560448/senior-premier-banker-marina/
WELLS_FARGO,R-559654,Teller Part Time The Dalles,Risk and Compliance,The Dalles,OR,United States,unknown,Part time,2026-07-20 21:37:22.653194,2026-07-13 00:00:00,https://www.wellsfargojobs.com/en/jobs/r-559654/teller-part-time-the-dalles/
WELLS_FARGO,R-547264,Senior Premier Banker 24th and Irving,Risk and Compliance,San Francisco,CA,United States,unknown,Full time,2026-07-20 21:37:22.684589,2026-07-14 00:00:00,https://www.wellsfargojobs.com/en/jobs/r-547264/senior-premier-banker-24th-and-irving/
WELLS_FARGO,R-559029,Relationship Banker Midlothian TX,Risk and Compliance,Midlothian,TX,United States,unknown,Full time,2026-07-20 21:37:22.714216,2026-07-14 00:00:00,https://www.wellsfargojobs.com/en/jobs/r-559029/relationship-banker-midlothian-tx/
WELLS_FARGO,R-560602,Bilingual Spanish Personal Banker | The Heights,Risk and Compliance,South San Francisco,CA,United States,unknown,Full time,2026-07-20 21:37:22.748744,2026-07-14 00:00:00,https://www.wellsfargojobs.com/en/jobs/r-560602/bilingual-spanish-personal-banker-the-heights/
WELLS_FARGO,R-555109,Senior Premier Banker - Carmel Valley,Risk and Compliance,Carmel,CA,United States,unknown,Full time,2026-07-20 21:37:22.782196,2026-08-06 00:00:00,https://www.wellsfargojobs.com/en/jobs/r-555109/senior-premier-banker-carmel-valley/
WELLS_FARGO,R-558302,"Personal Banker Ironwood COEUR D ALENE, ID",Risk and Compliance,Coeur D Alene,ID,United States,unknown,Full time,2026-07-20 21:37:22.804599,2026-07-14 00:00:00,https://www.wellsfargojobs.com/en/jobs/r-558302/personal-banker-ironwood-coeur-d-alene-id/
WELLS_FARGO,R-560449,Senior Premier Banker Cow Hollow,Risk and Compliance,San Francisco,CA,United States,unknown,Full time,2026-07-20 21:37:22.834589,2026-08-19 00:00:00,https://www.wellsfargojobs.com/en/jobs/r-560449/senior-premier-banker-cow-hollow/
WELLS_FARGO,R-560490,Roving Personal Banker- Hulen & Bellaire,Risk and Compliance,Fort Worth,TX,United States,unknown,Full time,2026-07-20 21:37:22.860247,2026-08-18 00:00:00,https://www.wellsfargojobs.com/en/jobs/r-560490/roving-personal-banker-hulen-bellaire/
WELLS_FARGO,R-555423,Associate Roving Personal Banker (SAFE) - Bozeman/Livingston,Risk and Compliance,Bozeman,MT,United States,unknown,Full time,2026-07-20 21:37:22.884337,2026-07-14 00:00:00,https://www.wellsfargojobs.com/en/jobs/r-555423/associate-roving-personal-banker-safe-bozeman-livingston/
WELLS_FARGO,R-560532,Roving Personal Banker Capitol of Texas District,Risk and Compliance,Austin,TX,United States,unknown,Full time,2026-07-20 21:37:22.899055,2026-07-14 00:00:00,https://www.wellsfargojobs.com/en/jobs/r-560532/roving-personal-banker-capitol-of-texas-district/
WELLS_FARGO,R-551547,Senior Business Banking Relationship Manager (LO),Risk and Compliance,Doral,FL,United States,unknown,Full time,2026-07-20 21:37:22.930444,2026-07-14 00:00:00,https://www.wellsfargojobs.com/en/jobs/r-551547/senior-business-banking-relationship-manager-lo/
WELLS_FARGO,R-557853,"Senior Premier Banker, Mayfaire Branch",Risk and Compliance,Wilmington,NC,United States,unknown,Full time,2026-07-20 21:37:22.950764,2026-07-14 00:00:00,https://www.wellsfargojobs.com/en/jobs/r-557853/senior-premier-banker-mayfaire-branch/
WELLS_FARGO,R-557057,Branch Manager New Haven Shoreline District,Risk and Compliance,East Haven,CT,United States,unknown,Full time,2026-07-20 21:37:22.984451,2026-07-15 00:00:00,https://www.wellsfargojobs.com/en/jobs/r-557057/branch-manager-new-haven-shoreline-district/
WELLS_FARGO,R-560965,Branch Operations Coordinator Lino Lakes MN,Risk and Compliance,Lino Lakes,MN,United States,unknown,Full time,2026-07-20 21:37:23.008104,2026-07-15 00:00:00,https://www.wellsfargojobs.com/en/jobs/r-560965/branch-operations-coordinator-lino-lakes-mn/
WELLS_FARGO,R-559824,Relationship Banker Heritage Square Financial Center,Risk and Compliance,Aiken,SC,United States,unknown,Full time,2026-07-20 21:37:23.032583,2026-08-07 00:00:00,https://www.wellsfargojobs.com/en/jobs/r-559824/relationship-banker-heritage-square-financial-center/
WELLS_FARGO,R-551947,Teller Part Time Moorhead Holiday,Risk and Compliance,Moorhead,MN,United States,unknown,Part time,2026-07-20 21:37:23.047597,2026-07-15 00:00:00,https://www.wellsfargojobs.com/en/jobs/r-551947/teller-part-time-moorhead-holiday/
WELLS_FARGO,R-556392,Technology Business Services Consultant,Risk and Compliance,Charlotte,NC,United States,unknown,Full time,2026-07-20 21:37:23.077496,2026-07-15 00:00:00,https://www.wellsfargojobs.com/en/jobs/r-556392/technology-business-services-consultant/
WELLS_FARGO,R-561293,Personal Banker San Gabriel Mountain District,Risk and Compliance,Chino Hills,CA,United States,unknown,Full time,2026-07-20 21:37:23.093509,2026-07-15 00:00:00,https://www.wellsfargojobs.com/en/jobs/r-561293/personal-banker-san-gabriel-mountain-district/
WELLS_FARGO,R-554389,Principal Architect - Enterprise CI/CD & DevSecOps,Cloud and Infrastructure,Irving,TX,United States,unknown,Full time,2026-07-20 21:37:23.109992,2026-07-15 00:00:00,https://www.wellsfargojobs.com/en/jobs/r-554389/principal-architect-enterprise-ci-cd-devsecops/
WELLS_FARGO,R-560592,Securities Operations Associate - UIT Operations,Operations,Saint Louis,MO,United States,unknown,Full time,2026-07-20 21:37:23.129318,2026-07-15 00:00:00,https://www.wellsfargojobs.com/en/jobs/r-560592/securities-operations-associate-uit-operations/
WELLS_FARGO,R-560504,Community Mortgage Bank Sales Consultant (SAFE) - Bilingual,Risk and Compliance,Inglewood,CA,United States,unknown,Full time,2026-07-20 21:37:23.156638,2026-07-16 00:00:00,https://www.wellsfargojobs.com/en/jobs/r-560504/community-mortgage-bank-sales-consultant-safe-bilingual/
WELLS_FARGO,R-561431,Senior Premier Banker Fort Oglethorpe,Risk and Compliance,Fort Oglethorpe,GA,United States,unknown,Full time,2026-07-20 21:37:23.190679,2026-07-16 00:00:00,https://www.wellsfargojobs.com/en/jobs/r-561431/senior-premier-banker-fort-oglethorpe/
WELLS_FARGO,R-555911,Personal Banker Bilingual 52nd & Ames,Risk and Compliance,Omaha,NE,United States,unknown,Full time,2026-07-20 21:37:23.203190,2026-07-16 00:00:00,https://www.wellsfargojobs.com/en/jobs/r-555911/personal-banker-bilingual-52nd-ames/
WELLS_FARGO,R-543052,Lead DevOps Engineer,Cloud and Infrastructure,Iselin,NJ,United States,unknown,Full time,2026-07-20 21:37:23.219144,2026-07-16 00:00:00,https://www.wellsfargojobs.com/en/jobs/r-543052/lead-devops-engineer/
WELLS_FARGO,R-559626,Teller Part Time Cupertino,Risk and Compliance,Cupertino,CA,United States,unknown,Part time,2026-07-20 21:37:23.250009,2026-07-16 00:00:00,https://www.wellsfargojobs.com/en/jobs/r-559626/teller-part-time-cupertino/
WELLS_FARGO,R-561144,Senior Premier Banker Evergreen Branch,Risk and Compliance,San Jose,CA,United States,unknown,Full time,2026-07-20 21:37:23.281431,2026-07-16 00:00:00,https://www.wellsfargojobs.com/en/jobs/r-561144/senior-premier-banker-evergreen-branch/
WELLS_FARGO,R-555359,Branch Manager- Aspen,Risk and Compliance,Aspen,CO,United States,unknown,Full time,2026-07-20 21:37:23.311052,2026-07-16 00:00:00,https://www.wellsfargojobs.com/en/jobs/r-555359/branch-manager-aspen/
WELLS_FARGO,R-558776,Teller Bilingual Part Time Travelers Rest,Risk and Compliance,Greenville,SC,United States,unknown,Part time,2026-07-20 21:37:23.329799,2026-08-19 00:00:00,https://www.wellsfargojobs.com/en/jobs/r-558776/teller-bilingual-part-time-travelers-rest/
WELLS_FARGO,R-559356,Branch Operations Coordinator Carlisle,Risk and Compliance,Carlisle,PA,United States,unknown,Full time,2026-07-20 21:37:23.345541,2026-07-16 00:00:00,https://www.wellsfargojobs.com/en/jobs/r-559356/branch-operations-coordinator-carlisle/
WELLS_FARGO,R-561016,Personal Banker-River Road,Risk and Compliance,Eugene,OR,United States,unknown,Full time,2026-07-20 21:37:23.360570,2026-07-15 00:00:00,https://www.wellsfargojobs.com/en/jobs/r-561016/personal-banker-river-road/
WELLS_FARGO,R-553682,Fund Finance Middle Office Senior Manager,Risk and Compliance,Charlotte,NC,United States,unknown,Full time,2026-07-20 21:37:23.394642,2026-07-16 00:00:00,https://www.wellsfargojobs.com/en/jobs/r-553682/fund-finance-middle-office-senior-manager/
WELLS_FARGO,R-560443,CA-WA Mortgage Retail Sales Consultant,Risk and Compliance,Newbury Park,CA,United States,unknown,Full time,2026-07-20 21:37:23.411647,2026-07-16 00:00:00,https://www.wellsfargojobs.com/en/jobs/r-560443/ca-wa-mortgage-retail-sales-consultant/
WELLS_FARGO,R-561449,Personal Banker Merced and Atwater,Risk and Compliance,Merced,CA,United States,unknown,Full time,2026-07-20 21:37:23.422162,2026-07-16 00:00:00,https://www.wellsfargojobs.com/en/jobs/r-561449/personal-banker-merced-and-atwater/
WELLS_FARGO,R-556028,Teller 20 Hour- Tarrant Pkwy & Precinct Line Rd,Risk and Compliance,North Richland Hills,TX,United States,unknown,Part time,2026-07-20 21:37:23.453716,2026-07-16 00:00:00,https://www.wellsfargojobs.com/en/jobs/r-556028/teller-20-hour-tarrant-pkwy-precinct-line-rd/
WELLS_FARGO,R-561167,"Senior Premier Banker Jordan Ranch, DeNovo",Risk and Compliance,Katy,TX,United States,unknown,Full time,2026-07-20 21:37:23.469499,2026-07-16 00:00:00,https://www.wellsfargojobs.com/en/jobs/r-561167/senior-premier-banker-jordan-ranch-denovo/
WELLS_FARGO,R-559727,Client Delivery - Business Relationship Support Specialist,Risk and Compliance,Charlotte,NC,United States,unknown,Full time,2026-07-20 21:37:23.493789,2026-07-16 00:00:00,https://www.wellsfargojobs.com/en/jobs/r-559727/client-delivery-business-relationship-support-specialist/
WELLS_FARGO,R-559877,Treasury Management Support Analyst,Risk and Compliance,Charlotte,NC,United States,unknown,Full time,2026-07-20 21:37:23.520123,2026-07-16 00:00:00,https://www.wellsfargojobs.com/en/jobs/r-559877/treasury-management-support-analyst/
WELLS_FARGO,R-558526,Associate Customer Service Representative Spanish Bilingual Everyday Banking,Risk and Compliance,Irving,TX,United States,unknown,Full time,2026-07-20 21:37:23.541352,2026-07-16 00:00:00,https://www.wellsfargojobs.com/en/jobs/r-558526/associate-customer-service-representative-spanish-bilingual-everyday-banking/
WELLS_FARGO,R-561256,Teller Lakeville Main,Risk and Compliance,Lakeville,MN,United States,unknown,Full time,2026-07-20 21:37:23.562503,2026-07-17 00:00:00,https://www.wellsfargojobs.com/en/jobs/r-561256/teller-lakeville-main/
WELLS_FARGO,R-561638,Branch Manager Eastern Wyoming District,Risk and Compliance,Cheyenne,WY,United States,unknown,Full time,2026-07-20 21:37:23.578609,2026-07-16 00:00:00,https://www.wellsfargojobs.com/en/jobs/r-561638/branch-manager-eastern-wyoming-district/
WELLS_FARGO,R-561602,Branch Manager Santa Barbara Ventura District,Risk and Compliance,Ventura,CA,United States,unknown,Full time,2026-07-20 21:37:23.618950,2026-07-16 00:00:00,https://www.wellsfargojobs.com/en/jobs/r-561602/branch-manager-santa-barbara-ventura-district/
WELLS_FARGO,R-555239,Senior Treasury Management Consultant,Risk and Compliance,Milwaukee,WI,United States,unknown,Full time,2026-07-20 21:37:23.626166,2026-07-15 00:00:00,https://www.wellsfargojobs.com/en/jobs/r-555239/senior-treasury-management-consultant/
WELLS_FARGO,R-557174,District Senior Manager - Southeast Alaska,Risk and Compliance,Juneau,AK,United States,unknown,Full time,2026-07-20 21:37:23.641187,2026-07-16 00:00:00,https://www.wellsfargojobs.com/en/jobs/r-557174/district-senior-manager-southeast-alaska/
WELLS_FARGO,R-557483,Personal Banker Goshen Branch,Risk and Compliance,West Chester,PA,United States,unknown,Full time,2026-07-20 21:37:23.676866,2026-07-16 00:00:00,https://www.wellsfargojobs.com/en/jobs/r-557483/personal-banker-goshen-branch/
WELLS_FARGO,R-553037,Teller Bilingual Part Time White Plains,Risk and Compliance,White Plains,NY,United States,unknown,Part time,2026-07-20 21:37:23.702745,2026-07-17 00:00:00,https://www.wellsfargojobs.com/en/jobs/r-553037/teller-bilingual-part-time-white-plains/
WELLS_FARGO,R-556610,Teller 20 Hour- Heritage Trace,Risk and Compliance,Fort Worth,TX,United States,unknown,Part time,2026-07-20 21:37:23.732432,2026-07-17 00:00:00,https://www.wellsfargojobs.com/en/jobs/r-556610/teller-20-hour-heritage-trace/
WELLS_FARGO,R-559744,Teller Highland Arrowhead,Risk and Compliance,San Bernardino,CA,United States,unknown,Full time,2026-07-20 21:37:23.767386,2026-07-17 00:00:00,https://www.wellsfargojobs.com/en/jobs/r-559744/teller-highland-arrowhead/
WELLS_FARGO,R-560606,Principal Engineer – AWS Platform Engineering,Cloud and Infrastructure,Mclean,VA,United States,unknown,Full time,2026-07-20 21:37:23.791873,2026-07-17 00:00:00,https://www.wellsfargojobs.com/en/jobs/r-560606/principal-engineer-aws-platform-engineering/
WELLS_FARGO,R-560094,Campaign Manager,Risk and Compliance,Wilmington,DE,United States,unknown,Full time,2026-07-20 21:37:23.817539,2026-07-17 00:00:00,https://www.wellsfargojobs.com/en/jobs/r-560094/campaign-manager/
WELLS_FARGO,R-561792,Associate Account Resolution Representative - Credit Card Collections,Risk and Compliance,West Des Moines,IA,United States,unknown,Full time,2026-07-20 21:37:23.834630,2026-07-17 00:00:00,https://www.wellsfargojobs.com/en/jobs/r-561792/associate-account-resolution-representative-credit-card-collections/
WELLS_FARGO,R-549396,Senior Software Engineer - Mainframe,Risk and Compliance,Columbus,OH,United States,unknown,Full time,2026-07-20 21:37:23.854752,2026-07-17 00:00:00,https://www.wellsfargojobs.com/en/jobs/r-549396/senior-software-engineer-mainframe/
WELLS_FARGO,R-554072,Lead Credit Product Sales Specialist,Risk and Compliance,Melville,NY,United States,unknown,Full time,2026-07-20 21:37:23.868843,2026-07-17 00:00:00,https://www.wellsfargojobs.com/en/jobs/r-554072/lead-credit-product-sales-specialist/
WELLS_FARGO,R-558807,Senior Branch Premier Banker Cave Creek & Tatum,Risk and Compliance,Cave Creek,AZ,United States,unknown,Full time,2026-07-20 21:37:23.904166,2026-07-17 00:00:00,https://www.wellsfargojobs.com/en/jobs/r-558807/senior-branch-premier-banker-cave-creek-tatum/
WELLS_FARGO,R-561626,Senior Supervisory Control Specialist,Risk and Compliance,Paramus,NJ,United States,unknown,Full time,2026-07-20 21:37:23.915813,2026-08-17 00:00:00,https://www.wellsfargojobs.com/en/jobs/r-561626/senior-supervisory-control-specialist/
WELLS_FARGO,R-561651,Teller Part Time Bandera and MB,Risk and Compliance,Bandera,TX,United States,unknown,Part time,2026-07-20 21:37:23.947385,2026-08-17 00:00:00,https://www.wellsfargojobs.com/en/jobs/r-561651/teller-part-time-bandera-and-mb/
WELLS_FARGO,R-561968,Branch Manager Boca Raton Delray Beach,Risk and Compliance,Boca Raton,FL,United States,unknown,Full time,2026-07-20 21:37:23.963117,2026-07-17 00:00:00,https://www.wellsfargojobs.com/en/jobs/r-561968/branch-manager-boca-raton-delray-beach/
WELLS_FARGO,R-554430,Senior Premier Banker - Westchester,Risk and Compliance,Los Angeles,CA,United States,unknown,Full time,2026-07-20 21:37:23.994473,2026-07-17 00:00:00,https://www.wellsfargojobs.com/en/jobs/r-554430/senior-premier-banker-westchester/
WELLS_FARGO,R-553662,Senior Premier Banker Anastasia Island,Risk and Compliance,Saint Augustine,FL,United States,unknown,Full time,2026-07-20 21:37:24.027006,2026-07-17 00:00:00,https://www.wellsfargojobs.com/en/jobs/r-553662/senior-premier-banker-anastasia-island/
WELLS_FARGO,R-560692,Personal Banker Spanish Required Buckner Commons,Risk and Compliance,Dallas,TX,United States,unknown,Full time,2026-07-20 21:37:24.042024,2026-07-17 00:00:00,https://www.wellsfargojobs.com/en/jobs/r-560692/personal-banker-spanish-required-buckner-commons/
WELLS_FARGO,R-559691,Teller Part Time Dickinson,Risk and Compliance,Dickinson,ND,United States,unknown,Part time,2026-07-20 21:37:24.075214,2026-07-20 00:00:00,https://www.wellsfargojobs.com/en/jobs/r-559691/teller-part-time-dickinson/
WELLS_FARGO,R-560344,Associate Personal Banker Long Beach District,Risk and Compliance,Bellflower,CA,United States,unknown,Full time,2026-07-20 21:37:24.095386,2026-07-20 00:00:00,https://www.wellsfargojobs.com/en/jobs/r-560344/associate-personal-banker-long-beach-district/
WELLS_FARGO,R-561898,Senior Branch Premier Banker - Exton,Risk and Compliance,Exton,PA,United States,unknown,Full time,2026-07-20 21:37:24.110901,2026-07-20 00:00:00,https://www.wellsfargojobs.com/en/jobs/r-561898/senior-branch-premier-banker-exton/
WELLS_FARGO,R-554253,Roving Personal Banker ROVING Reedy River District,Risk and Compliance,Easley,SC,United States,unknown,Full time,2026-07-20 21:37:24.143158,2026-07-15 00:00:00,https://www.wellsfargojobs.com/en/jobs/r-554253/roving-personal-banker-roving-reedy-river-district/
WELLS_FARGO,R-555847,Branch Operations Coordinator Silver Spring Square,Risk and Compliance,Mechanicsburg,PA,United States,unknown,Full time,2026-07-20 21:37:24.169466,2026-07-20 00:00:00,https://www.wellsfargojobs.com/en/jobs/r-555847/branch-operations-coordinator-silver-spring-square/
WELLS_FARGO,R-559063,Personal Banker Bilingual Spotswood Branch,Risk and Compliance,Spotswood,NJ,United States,unknown,Full time,2026-07-20 21:37:24.192694,2026-07-20 00:00:00,https://www.wellsfargojobs.com/en/jobs/r-559063/personal-banker-bilingual-spotswood-branch/
WELLS_FARGO,R-560387,Senior Infrastructure Engineer - Data Center,Risk and Compliance,Sterling,VA,United States,unknown,Full time,2026-07-20 21:37:24.203204,2026-07-20 00:00:00,https://www.wellsfargojobs.com/en/jobs/r-560387/senior-infrastructure-engineer-data-center/
WELLS_FARGO,R-561506,Branch Operations Coordinator Sandestin,Risk and Compliance,Destin,FL,United States,unknown,Full time,2026-07-20 21:37:24.219936,2026-07-20 00:00:00,https://www.wellsfargojobs.com/en/jobs/r-561506/branch-operations-coordinator-sandestin/
WELLS_FARGO,R-560297,Lead Infrastructure Engineer - Public Cloud Storage,Cloud and Infrastructure,Irving,TX,United States,unknown,Full time,2026-07-20 21:37:24.250644,2026-07-20 00:00:00,https://www.wellsfargojobs.com/en/jobs/r-560297/lead-infrastructure-engineer-public-cloud-storage/
WELLS_FARGO,R-560922,"Personal Banker West Point, NE",Risk and Compliance,West Point,NE,United States,unknown,Full time,2026-07-20 21:37:24.266658,2026-07-20 00:00:00,https://www.wellsfargojobs.com/en/jobs/r-560922/personal-banker-west-point-ne/
WELLS_FARGO,R-550172,Teller Part Time Owatonna Main,Risk and Compliance,Owatonna,MN,United States,unknown,Part time,2026-07-20 21:37:24.294803,2026-07-20 00:00:00,https://www.wellsfargojobs.com/en/jobs/r-550172/teller-part-time-owatonna-main/
WELLS_FARGO,R-554982,Senior Premier Banker Dunedin,Risk and Compliance,Dunedin,FL,United States,unknown,Full time,2026-07-20 21:37:24.328283,2026-07-15 00:00:00,https://www.wellsfargojobs.com/en/jobs/r-554982/senior-premier-banker-dunedin/
WELLS_FARGO,R-561642,Personal Banker South San Diego,Risk and Compliance,Coronado,CA,United States,unknown,Full time,2026-07-20 21:37:24.344754,2026-07-20 00:00:00,https://www.wellsfargojobs.com/en/jobs/r-561642/personal-banker-south-san-diego/
WELLS_FARGO,R-562167,Personal Banker Vermillion,Risk and Compliance,Vermillion,SD,United States,unknown,Full time,2026-07-20 21:37:24.359775,2026-08-17 00:00:00,https://www.wellsfargojobs.com/en/jobs/r-562167/personal-banker-vermillion/
WELLS_FARGO,R-547502,CA-WA Mortgage Retail Sales Consultant (SAFE),Risk and Compliance,San Jose,CA,United States,unknown,Full time,2026-07-20 21:37:24.391811,2026-05-20 00:00:00,https://www.wellsfargojobs.com/en/jobs/r-547502/ca-wa-mortgage-retail-sales-consultant-safe/
WELLS_FARGO,R-549604,Mortgage Retail Sales Consultant (SAFE),Risk and Compliance,Minneapolis,MN,United States,unknown,Full time,2026-07-20 21:37:24.406325,2026-05-29 00:00:00,https://www.wellsfargojobs.com/en/jobs/r-549604/mortgage-retail-sales-consultant-safe/
WELLS_FARGO,R-547513,CA-WA Mortgage Retail Sales Consultant (SAFE),Risk and Compliance,Sunnyvale,CA,United States,unknown,Part time,2026-07-20 21:37:24.422867,2026-05-20 00:00:00,https://www.wellsfargojobs.com/en/jobs/r-547513/ca-wa-mortgage-retail-sales-consultant-safe/
WELLS_FARGO,R-518593,Senior Lead Commercial Banking Relationship Manager,Sales and Relationship Management,Chicago,IL,United States,unknown,Full time,2026-07-20 21:37:24.437882,2026-06-02 00:00:00,https://www.wellsfargojobs.com/en/jobs/r-518593/senior-lead-commercial-banking-relationship-manager/
WELLS_FARGO,R-551220,Mortgage Consumer Direct Sales Consultant Bilingual (SAFE),Risk and Compliance,Tempe,AZ,United States,unknown,Full time,2026-07-20 21:37:24.469446,2026-06-09 00:00:00,https://www.wellsfargojobs.com/en/jobs/r-551220/mortgage-consumer-direct-sales-consultant-bilingual-safe/
WELLS_FARGO,R-554047,Private Mortgage Banking Associate Manager (SAFE),Risk and Compliance,Chicago,IL,United States,unknown,Full time,2026-07-20 21:37:24.493900,2026-06-18 00:00:00,https://www.wellsfargojobs.com/en/jobs/r-554047/private-mortgage-banking-associate-manager-safe/
WELLS_FARGO,R-555258,Private Mortgage Banker,Risk and Compliance,San Diego,CA,United States,unknown,Full time,2026-07-20 21:37:24.514102,2026-06-22 00:00:00,https://www.wellsfargojobs.com/en/jobs/r-555258/private-mortgage-banker/
WELLS_FARGO,R-555545,Senior Premier Banker - Edison NJ,Risk and Compliance,Edison,NJ,United States,unknown,Full time,2026-07-20 21:37:24.531995,2026-06-23 00:00:00,https://www.wellsfargojobs.com/en/jobs/r-555545/senior-premier-banker-edison-nj/
WELLS_FARGO,R-555236,Community Mortgage Bank Sales Consultant,Risk and Compliance,Ontario,CA,United States,unknown,Full time,2026-07-20 21:37:24.565816,2026-06-22 00:00:00,https://www.wellsfargojobs.com/en/jobs/r-555236/community-mortgage-bank-sales-consultant/
WELLS_FARGO,R-555918,Branch Operations Coordinator Green Valley,Risk and Compliance,Green Valley,AZ,United States,unknown,Full time,2026-07-20 21:37:24.588795,2026-06-25 00:00:00,https://www.wellsfargojobs.com/en/jobs/r-555918/branch-operations-coordinator-green-valley/
WELLS_FARGO,R-555440,Teller Part Time Bilingual South Newark,Risk and Compliance,Newark,NJ,United States,unknown,Part time,2026-07-20 21:37:24.609685,2026-06-25 00:00:00,https://www.wellsfargojobs.com/en/jobs/r-555440/teller-part-time-bilingual-south-newark/
WELLS_FARGO,R-556197,Mortgage Retail Sales Consultant,Risk and Compliance,Charlotte,NC,United States,unknown,Full time,2026-07-20 21:37:24.625942,2026-06-25 00:00:00,https://www.wellsfargojobs.com/en/jobs/r-556197/mortgage-retail-sales-consultant/
WELLS_FARGO,R-556474,2027 COO Chief Administrative Office Summer Internship - Early Careers,Risk and Compliance,Charlotte,NC,United States,unknown,,2026-07-20 21:37:24.641463,2026-06-26 00:00:00,https://www.wellsfargojobs.com/en/jobs/r-556474/2027-coo-chief-administrative-office-summer-internship-early-careers/
WELLS_FARGO,R-556749,Relationship Banker - Downtown LA District,Risk and Compliance,Los Angeles,CA,United States,unknown,,2026-07-20 21:37:24.677357,2026-06-29 00:00:00,https://www.wellsfargojobs.com/en/jobs/r-556749/relationship-banker-downtown-la-district/
WELLS_FARGO,R-556017,2027 Consumer Banking and Lending Summer Internship – Early Careers,Risk and Compliance,Charlotte,NC,United States,unknown,Full time,2026-07-20 21:37:24.705454,2026-06-26 00:00:00,https://www.wellsfargojobs.com/en/jobs/r-556017/2027-consumer-banking-and-lending-summer-internship-early-careers/
WELLS_FARGO,R-556585,Senior Premier Banker Central Valley,Risk and Compliance,Modesto,CA,United States,unknown,Full time,2026-07-20 21:37:24.734962,2026-06-30 00:00:00,https://www.wellsfargojobs.com/en/jobs/r-556585/senior-premier-banker-central-valley/
WELLS_FARGO,R-556815,Senior Premier Banker Lake Norman District,Risk and Compliance,Wilkesboro,NC,United States,unknown,Full time,2026-07-20 21:37:24.763577,2026-07-01 00:00:00,https://www.wellsfargojobs.com/en/jobs/r-556815/senior-premier-banker-lake-norman-district/
WELLS_FARGO,R-557734,Teller Bilingual Part Time Saginaw,Risk and Compliance,Saginaw,TX,United States,unknown,Part time,2026-07-20 21:37:24.782417,2026-07-02 00:00:00,https://www.wellsfargojobs.com/en/jobs/r-557734/teller-bilingual-part-time-saginaw/
WELLS_FARGO,R-557966,Senior Premier Banker Marin County District,Risk and Compliance,Mill Valley,CA,United States,unknown,Full time,2026-07-20 21:37:24.814211,2026-07-02 00:00:00,https://www.wellsfargojobs.com/en/jobs/r-557966/senior-premier-banker-marin-county-district/
WELLS_FARGO,R-557975,Community Mortgage Bank Sales Consultant (SAFE)- South Florida,Risk and Compliance,Boca Raton,FL,United States,unknown,Full time,2026-07-20 21:37:24.835600,2026-07-02 00:00:00,https://www.wellsfargojobs.com/en/jobs/r-557975/community-mortgage-bank-sales-consultant-safe-south-florida/
WELLS_FARGO,R-557981,"R-521028 Senior Product Manager, Healthcare Products",Risk and Compliance,Charlotte,NC,United States,unknown,,2026-07-20 21:37:24.857919,2026-07-02 00:00:00,https://www.wellsfargojobs.com/en/jobs/r-557981/r-521028-senior-product-manager-healthcare-products/
WELLS_FARGO,R-557831,Branch Manager Edisto River District South Carolina,Risk and Compliance,Hilton Head Island,SC,United States,unknown,Full time,2026-07-20 21:37:24.887861,2026-07-03 00:00:00,https://www.wellsfargojobs.com/en/jobs/r-557831/branch-manager-edisto-river-district-south-carolina/
WELLS_FARGO,R-558154,Relationship Banker Foothills District Greenville South Carolina,Risk and Compliance,Greenville,SC,United States,unknown,Full time,2026-07-20 21:37:24.914801,2026-07-03 00:00:00,https://www.wellsfargojobs.com/en/jobs/r-558154/relationship-banker-foothills-district-greenville-south-carolina/
WELLS_FARGO,R-557969,Senior Premier Banker Foothills District Spartanburg South Carolina,Risk and Compliance,Spartanburg,SC,United States,unknown,Full time,2026-07-20 21:37:24.932272,2026-07-03 00:00:00,https://www.wellsfargojobs.com/en/jobs/r-557969/senior-premier-banker-foothills-district-spartanburg-south-carolina/
WELLS_FARGO,R-558077,Community Mortgage Bank Sales Consultant (SAFE),Risk and Compliance,Farmers Branch,TX,United States,unknown,,2026-07-20 21:37:24.962736,2026-07-03 00:00:00,https://www.wellsfargojobs.com/en/jobs/r-558077/community-mortgage-bank-sales-consultant-safe/
WELLS_FARGO,R-550991,Senior Registered Client Associate,Risk and Compliance,Birmingham,MI,United States,unknown,Full time,2026-07-20 21:37:24.978456,2026-07-04 00:00:00,https://www.wellsfargojobs.com/en/jobs/r-550991/senior-registered-client-associate/
WELLS_FARGO,R-557706,Teller Part Time Roosevelt Utah,Risk and Compliance,Roosevelt,UT,United States,unknown,Part time,2026-07-20 21:37:24.995311,2026-07-06 00:00:00,https://www.wellsfargojobs.com/en/jobs/r-557706/teller-part-time-roosevelt-utah/
WELLS_FARGO,R-555224,"Senior Premier Banker Onalaska, WI",Risk and Compliance,Onalaska,WI,United States,unknown,Full time,2026-07-20 21:37:25.026803,2026-07-06 00:00:00,https://www.wellsfargojobs.com/en/jobs/r-555224/senior-premier-banker-onalaska-wi/
WELLS_FARGO,R-558286,Personal Banker University Avenue,Risk and Compliance,Fairbanks,AK,United States,unknown,Full time,2026-07-20 21:37:25.059197,2026-07-06 00:00:00,https://www.wellsfargojobs.com/en/jobs/r-558286/personal-banker-university-avenue/
WELLS_FARGO,R-558721,Business Banker (LO) Burleson,Risk and Compliance,Burleson,TX,United States,unknown,Full time,2026-07-20 21:37:25.078291,2026-07-07 00:00:00,https://www.wellsfargojobs.com/en/jobs/r-558721/business-banker-lo-burleson/
WELLS_FARGO,R-557473,"Assistant General Counsel, VP - Equity Finance",Legal,New York,NY,United States,unknown,Full time,2026-07-20 21:37:25.095509,2026-07-07 00:00:00,https://www.wellsfargojobs.com/en/jobs/r-557473/assistant-general-counsel-vp-equity-finance/
WELLS_FARGO,R-558616,Business Banker (LO) Barbara Jordan,Risk and Compliance,Austin,TX,United States,unknown,Full time,2026-07-20 21:37:25.110029,2026-07-07 00:00:00,https://www.wellsfargojobs.com/en/jobs/r-558616/business-banker-lo-barbara-jordan/
WELLS_FARGO,R-558170,Senior Business Banking Relationship Manager (LO) Tampa,Risk and Compliance,Tampa,FL,United States,unknown,Full time,2026-07-20 21:37:25.132612,2026-07-08 00:00:00,https://www.wellsfargojobs.com/en/jobs/r-558170/senior-business-banking-relationship-manager-lo-tampa/
WELLS_FARGO,R-554512,Senior Premier Banker Downtown Orange County District,Risk and Compliance,Orange,CA,United States,unknown,,2026-07-20 21:37:25.157948,2026-07-08 00:00:00,https://www.wellsfargojobs.com/en/jobs/r-554512/senior-premier-banker-downtown-orange-county-district/
WELLS_FARGO,R-559007,Business Banker (LO) Virginia Beach,Risk and Compliance,Virginia Beach,VA,United States,unknown,Full time,2026-07-20 21:37:25.189582,2026-07-09 00:00:00,https://www.wellsfargojobs.com/en/jobs/r-559007/business-banker-lo-virginia-beach/
WELLS_FARGO,R-558910,Relationship Banker Telford PA,Risk and Compliance,Telford,PA,United States,unknown,Full time,2026-07-20 21:37:25.205648,2026-07-09 00:00:00,https://www.wellsfargojobs.com/en/jobs/r-558910/relationship-banker-telford-pa/
WELLS_FARGO,R-550617,Private Mortgage Banker,Risk and Compliance,Boca Raton,FL,United States,unknown,,2026-07-20 21:37:25.238409,2026-07-09 00:00:00,https://www.wellsfargojobs.com/en/jobs/r-550617/private-mortgage-banker/
WELLS_FARGO,R-559203,Teller Greeley Westlake,Risk and Compliance,Greeley,CO,United States,unknown,Full time,2026-07-20 21:37:25.253431,2026-07-09 00:00:00,https://www.wellsfargojobs.com/en/jobs/r-559203/teller-greeley-westlake/
WELLS_FARGO,R-556285,Senior Premier Banker Des Moines Districts,Risk and Compliance,West Des Moines,IA,United States,unknown,Full time,2026-07-20 21:37:25.288779,2026-07-10 00:00:00,https://www.wellsfargojobs.com/en/jobs/r-556285/senior-premier-banker-des-moines-districts/
WELLS_FARGO,R-555859,Branch Operations Associate Manager Maplewood,Risk and Compliance,Maplewood,MN,United States,unknown,Full time,2026-07-20 21:37:25.316944,2026-07-10 00:00:00,https://www.wellsfargojobs.com/en/jobs/r-555859/branch-operations-associate-manager-maplewood/
WELLS_FARGO,R-558778,Private Mortgage Banker (SAFE),Risk and Compliance,Las Vegas,NV,United States,unknown,Full time,2026-07-20 21:37:25.333606,2026-07-10 00:00:00,https://www.wellsfargojobs.com/en/jobs/r-558778/private-mortgage-banker-safe/
WELLS_FARGO,R-557466,Commercial & Corporate Banking Fraud Strategy & Partnership Lead,Risk and Compliance,Charlotte,NC,United States,unknown,Full time,2026-07-20 21:37:25.350631,2026-07-10 00:00:00,https://www.wellsfargojobs.com/en/jobs/r-557466/commercial-corporate-banking-fraud-strategy-partnership-lead/
WELLS_FARGO,R-559488,Senior Premier Banker Assembly Street Columbia SC,Risk and Compliance,Columbia,SC,United States,unknown,Full time,2026-07-20 21:37:25.374831,2026-07-10 00:00:00,https://www.wellsfargojobs.com/en/jobs/r-559488/senior-premier-banker-assembly-street-columbia-sc/
WELLS_FARGO,R-560032,Roving Personal Banker Northeast Houston District,Risk and Compliance,Kingwood,TX,United States,unknown,Full time,2026-07-20 21:37:25.395767,2026-07-10 00:00:00,https://www.wellsfargojobs.com/en/jobs/r-560032/roving-personal-banker-northeast-houston-district/
WELLS_FARGO,R-558892,Principal Engineer (Req. #002112),Risk and Compliance,San Francisco,CA,United States,unknown,Full time,2026-07-20 21:37:25.406288,2026-07-07 00:00:00,https://www.wellsfargojobs.com/en/jobs/r-558892/principal-engineer-req-002112/
WELLS_FARGO,R-557354,"Account Executive, In-House Agency",Risk and Compliance,Charlotte,NC,United States,unknown,Full time,2026-07-20 21:37:25.422564,2026-07-08 00:00:00,https://www.wellsfargojobs.com/en/jobs/r-557354/account-executive-in-house-agency/
WELLS_FARGO,R-559996,Mortgage Retail Sales Consultant (SAFE),Risk and Compliance,Woodbridge,VA,United States,unknown,Full time,2026-07-20 21:37:25.453859,2026-07-13 00:00:00,https://www.wellsfargojobs.com/en/jobs/r-559996/mortgage-retail-sales-consultant-safe/
WELLS_FARGO,R-560001,Private Mortgage Banker (SAFE),Risk and Compliance,Mclean,VA,United States,unknown,Full time,2026-07-20 21:37:25.476696,2026-07-13 00:00:00,https://www.wellsfargojobs.com/en/jobs/r-560001/private-mortgage-banker-safe/
WELLS_FARGO,R-556417,Community Mortgage Bank Sales Consultant (SAFE),Risk and Compliance,Baltimore,MD,United States,unknown,Full time,2026-07-20 21:37:25.496024,2026-07-13 00:00:00,https://www.wellsfargojobs.com/en/jobs/r-556417/community-mortgage-bank-sales-consultant-safe/
WELLS_FARGO,R-556158,Lead Technology Business Systems Consultant,Risk and Compliance,Charlotte,NC,United States,unknown,Full time,2026-07-20 21:37:25.516270,2026-07-13 00:00:00,https://www.wellsfargojobs.com/en/jobs/r-556158/lead-technology-business-systems-consultant/
WELLS_FARGO,R-559799,"Business Banker (LO) Ocala, FL",Risk and Compliance,Ocala,FL,United States,unknown,Full time,2026-07-20 21:37:25.533273,2026-07-13 00:00:00,https://www.wellsfargojobs.com/en/jobs/r-559799/business-banker-lo-ocala-fl/
WELLS_FARGO,R-534274,Senior Test Design and Campaign Planning Consultant (Senior Data Science),Risk and Compliance,Charlotte,NC,United States,unknown,Full time,2026-07-20 21:37:25.548918,2026-07-13 00:00:00,https://www.wellsfargojobs.com/en/jobs/r-534274/senior-test-design-and-campaign-planning-consultant-senior-data-science/
WELLS_FARGO,R-551996,Senior Premier Banker Almaden Valley,Risk and Compliance,San Jose,CA,United States,unknown,Full time,2026-07-20 21:37:25.582183,2026-07-13 00:00:00,https://www.wellsfargojobs.com/en/jobs/r-551996/senior-premier-banker-almaden-valley/
WELLS_FARGO,R-556422,Teller Part Time Redwood City,Risk and Compliance,Redwood City,CA,United States,unknown,Part time,2026-07-20 21:37:25.596336,2026-07-13 00:00:00,https://www.wellsfargojobs.com/en/jobs/r-556422/teller-part-time-redwood-city/
WELLS_FARGO,R-552133,Principal Architect Payments and Pricing,Risk and Compliance,Columbus,OH,United States,unknown,Full time,2026-07-20 21:37:25.625922,2026-07-13 00:00:00,https://www.wellsfargojobs.com/en/jobs/r-552133/principal-architect-payments-and-pricing/
WELLS_FARGO,R-558617,Loan Workout Specialist,Risk and Compliance,Des Moines,IA,United States,unknown,Full time,2026-07-20 21:37:25.640948,2026-07-14 00:00:00,https://www.wellsfargojobs.com/en/jobs/r-558617/loan-workout-specialist/
WELLS_FARGO,R-560350,"Senior Business Relationship Manager (LO) Cary, NC",Risk and Compliance,Cary,NC,United States,unknown,Full time,2026-07-20 21:37:25.656813,2026-07-14 00:00:00,https://www.wellsfargojobs.com/en/jobs/r-560350/senior-business-relationship-manager-lo-cary-nc/
WELLS_FARGO,R-560599,Beach and Valley | Bilingual Spanish Personal Banker,Risk and Compliance,Capitola,CA,United States,unknown,Full time,2026-07-20 21:37:25.694565,2026-07-14 00:00:00,https://www.wellsfargojobs.com/en/jobs/r-560599/beach-and-valley-bilingual-spanish-personal-banker/
WELLS_FARGO,R-560800,Securities Quantitative Analytics Associate (#002143),Risk and Compliance,Charlotte,NC,United States,unknown,Full time,2026-07-20 21:37:25.711841,2026-07-14 00:00:00,https://www.wellsfargojobs.com/en/jobs/r-560800/securities-quantitative-analytics-associate-002143/
WELLS_FARGO,R-557607,Lead Full Stack Information Security Engineer - Counter Threat Operations,Cybersecurity,Charlotte,NC,United States,unknown,Full time,2026-07-20 21:37:25.734042,2026-07-14 00:00:00,https://www.wellsfargojobs.com/en/jobs/r-557607/lead-full-stack-information-security-engineer-counter-threat-operations/
WELLS_FARGO,R-560660,"Senior Business Banking Relationship Manager (LO) - Mt. Kisco, NY",Risk and Compliance,Mount Kisco,NY,United States,unknown,Full time,2026-07-20 21:37:25.750123,2026-07-14 00:00:00,https://www.wellsfargojobs.com/en/jobs/r-560660/senior-business-banking-relationship-manager-lo-mt-kisco-ny/
WELLS_FARGO,R-556446,Senior Estate Officer - Senior Fiduciary Specialist,Risk and Compliance,San Diego,CA,United States,unknown,Full time,2026-07-20 21:37:25.786055,2026-07-14 00:00:00,https://www.wellsfargojobs.com/en/jobs/r-556446/senior-estate-officer-senior-fiduciary-specialist/
WELLS_FARGO,R-560439,Teller Part Time Seymour,Risk and Compliance,Seymour,CT,United States,unknown,Part time,2026-07-20 21:37:25.809679,2026-07-14 00:00:00,https://www.wellsfargojobs.com/en/jobs/r-560439/teller-part-time-seymour/
WELLS_FARGO,R-560482,Relationship Banker N Central Lehigh County,Risk and Compliance,Trexlertown,PA,United States,unknown,,2026-07-20 21:37:25.837952,2026-07-13 00:00:00,https://www.wellsfargojobs.com/en/jobs/r-560482/relationship-banker-n-central-lehigh-county/
WELLS_FARGO,R-560564,Mortgage Retail Sales Associate Manager (SAFE),Risk and Compliance,San Diego,CA,United States,unknown,Full time,2026-07-20 21:37:25.858679,2026-07-13 00:00:00,https://www.wellsfargojobs.com/en/jobs/r-560564/mortgage-retail-sales-associate-manager-safe/
WELLS_FARGO,R-561005,Credit Risk Associate,Risk and Compliance,Charlotte,NC,United States,unknown,Full time,2026-07-20 21:37:25.868188,2026-07-14 00:00:00,https://www.wellsfargojobs.com/en/jobs/r-561005/credit-risk-associate/
WELLS_FARGO,R-560165,Principal Commercial Banking Relationship Manager,Sales and Relationship Management,Dallas,TX,United States,unknown,Full time,2026-07-20 21:37:25.900155,2026-07-14 00:00:00,https://www.wellsfargojobs.com/en/jobs/r-560165/principal-commercial-banking-relationship-manager/
WELLS_FARGO,R-560383,Teller Part Time Rancho Santa Margarita,Risk and Compliance,Rancho Santa Margarita,CA,United States,unknown,Part time,2026-07-20 21:37:25.915674,2026-07-14 00:00:00,https://www.wellsfargojobs.com/en/jobs/r-560383/teller-part-time-rancho-santa-margarita/
WELLS_FARGO,R-553977,Teller Part Time Roswell North,Risk and Compliance,Roswell,NM,United States,unknown,Part time,2026-07-20 21:37:25.933869,2026-07-14 00:00:00,https://www.wellsfargojobs.com/en/jobs/r-553977/teller-part-time-roswell-north/
WELLS_FARGO,R-551204,"Senior Branch Premier Banker- Greenville DTC-  Wilmington, DE",Risk and Compliance,Wilmington,DE,United States,unknown,Full time,2026-07-20 21:37:25.963081,2026-07-15 00:00:00,https://www.wellsfargojobs.com/en/jobs/r-551204/senior-branch-premier-banker-greenville-dtc-wilmington-de/
WELLS_FARGO,R-560515,Personal Banker West Paces Ferry,Risk and Compliance,Atlanta,GA,United States,unknown,Full time,2026-07-20 21:37:25.978921,2026-07-15 00:00:00,https://www.wellsfargojobs.com/en/jobs/r-560515/personal-banker-west-paces-ferry/
WELLS_FARGO,R-560530,Personal Banker Universal Branch Format One Buckhead Plaza,Risk and Compliance,Atlanta,GA,United States,unknown,Full time,2026-07-20 21:37:26.010665,2026-07-15 00:00:00,https://www.wellsfargojobs.com/en/jobs/r-560530/personal-banker-universal-branch-format-one-buckhead-plaza/
WELLS_FARGO,R-560910,Teller Part Time Bend,Risk and Compliance,Bend,OR,United States,unknown,Part time,2026-07-20 21:37:26.037539,2026-07-15 00:00:00,https://www.wellsfargojobs.com/en/jobs/r-560910/teller-part-time-bend/
WELLS_FARGO,R-561197,Relationship Banker Temple Terrace,Risk and Compliance,Temple Terrace,FL,United States,unknown,Full time,2026-07-20 21:37:26.062539,2026-07-15 00:00:00,https://www.wellsfargojobs.com/en/jobs/r-561197/relationship-banker-temple-terrace/
WELLS_FARGO,R-561300,Personal Banker Goleta Branch Bilingual Spanish,Risk and Compliance,Goleta,CA,United States,unknown,Full time,2026-07-20 21:37:26.077702,2026-07-15 00:00:00,https://www.wellsfargojobs.com/en/jobs/r-561300/personal-banker-goleta-branch-bilingual-spanish/
WELLS_FARGO,R-556535,Personal Banker Weaverville,Risk and Compliance,Weaverville,NC,United States,unknown,Full time,2026-07-20 21:37:26.096918,2026-07-14 00:00:00,https://www.wellsfargojobs.com/en/jobs/r-556535/personal-banker-weaverville/
WELLS_FARGO,R-561376,Senior Software Engineer (002221),Risk and Compliance,Raleigh,NC,United States,unknown,Full time,2026-07-20 21:37:26.109433,2026-07-16 00:00:00,https://www.wellsfargojobs.com/en/jobs/r-561376/senior-software-engineer-002221/
WELLS_FARGO,R-560433,CA-WA Mortgage Retails Sales Consultant (SAFE),Risk and Compliance,Beverly Hills,CA,United States,unknown,Full time,2026-07-20 21:37:26.138925,2026-07-16 00:00:00,https://www.wellsfargojobs.com/en/jobs/r-560433/ca-wa-mortgage-retails-sales-consultant-safe/
WELLS_FARGO,R-554261,Senior Branch Premier Banker - Southampton,Risk and Compliance,Southampton,PA,United States,unknown,Full time,2026-07-20 21:37:26.156609,2026-07-16 00:00:00,https://www.wellsfargojobs.com/en/jobs/r-554261/senior-branch-premier-banker-southampton/
WELLS_FARGO,R-555897,Teller Part Time Metro Jacksonville North Carolina,Risk and Compliance,Jacksonville,NC,United States,unknown,Part time,2026-07-20 21:37:26.188614,2026-07-16 00:00:00,https://www.wellsfargojobs.com/en/jobs/r-555897/teller-part-time-metro-jacksonville-north-carolina/
WELLS_FARGO,R-561143,Teller Part Time Grass Valley,Risk and Compliance,Grass Valley,CA,United States,unknown,Part time,2026-07-20 21:37:26.204497,2026-07-16 00:00:00,https://www.wellsfargojobs.com/en/jobs/r-561143/teller-part-time-grass-valley/
WELLS_FARGO,R-561474,"Roving Personal Banker - ROVING Kannapolis, Concord, Huntersville",Risk and Compliance,Kannapolis,NC,United States,unknown,Full time,2026-07-20 21:37:26.241789,2026-07-16 00:00:00,https://www.wellsfargojobs.com/en/jobs/r-561474/roving-personal-banker-roving-kannapolis-concord-huntersville/
WELLS_FARGO,R-537531,"Principal Engineer (Governance, Risk, Compliance & Control)",Risk and Compliance,Charlotte,NC,United States,unknown,Full time,2026-07-20 21:37:26.249788,2026-07-16 00:00:00,https://www.wellsfargojobs.com/en/jobs/r-537531/principal-engineer-governance-risk-compliance-control/
WELLS_FARGO,R-561678,"Personal Banker Bilingual West Millbrook Raleigh, NC",Risk and Compliance,Raleigh,NC,United States,unknown,Full time,2026-07-20 21:37:26.283868,2026-07-16 00:00:00,https://www.wellsfargojobs.com/en/jobs/r-561678/personal-banker-bilingual-west-millbrook-raleigh-nc/
WELLS_FARGO,R-561217,Personal Banker Bilingual Spanish Ocean Branch,Risk and Compliance,Ocean,NJ,United States,unknown,Full time,2026-07-20 21:37:26.310628,2026-07-15 00:00:00,https://www.wellsfargojobs.com/en/jobs/r-561217/personal-banker-bilingual-spanish-ocean-branch/
WELLS_FARGO,R-560409,Branch Manager Skagway,Risk and Compliance,Skagway,AK,United States,unknown,Full time,2026-07-20 21:37:26.339962,2026-07-17 00:00:00,https://www.wellsfargojobs.com/en/jobs/r-560409/branch-manager-skagway/
WELLS_FARGO,R-561175,Teller Part Time Rapid City Main,Risk and Compliance,Rapid City,SD,United States,unknown,Part time,2026-07-20 21:37:26.365001,2026-07-17 00:00:00,https://www.wellsfargojobs.com/en/jobs/r-561175/teller-part-time-rapid-city-main/
WELLS_FARGO,R-561186,Teller Mac Grove,Risk and Compliance,Saint Paul,MN,United States,unknown,Full time,2026-07-20 21:37:26.388690,2026-07-15 00:00:00,https://www.wellsfargojobs.com/en/jobs/r-561186/teller-mac-grove/
WELLS_FARGO,R-561656,Branch Manager Northern Alaska,Risk and Compliance,Fairbanks,AK,United States,unknown,Full time,2026-07-20 21:37:26.414164,2026-07-17 00:00:00,https://www.wellsfargojobs.com/en/jobs/r-561656/branch-manager-northern-alaska/
WELLS_FARGO,R-561059,Engineering Associate – Infrastructure Integration Services,Cloud and Infrastructure,Irving,TX,United States,unknown,Full time,2026-07-20 21:37:26.434940,2026-07-15 00:00:00,https://www.wellsfargojobs.com/en/jobs/r-561059/engineering-associate-infrastructure-integration-services/
WELLS_FARGO,R-561803,Personal Banker Hickory Creek & Teasley,Risk and Compliance,Denton,TX,United States,unknown,Full time,2026-07-20 21:37:26.451590,2026-07-17 00:00:00,https://www.wellsfargojobs.com/en/jobs/r-561803/personal-banker-hickory-creek-teasley/
WELLS_FARGO,R-553896,Relationship Banker -Space Coast,Risk and Compliance,Cape Canaveral,FL,United States,unknown,,2026-07-20 21:37:26.466688,2026-07-17 00:00:00,https://www.wellsfargojobs.com/en/jobs/r-553896/relationship-banker-space-coast/
WELLS_FARGO,R-561426,Teller Part Time Westover,Risk and Compliance,Arlington,VA,United States,unknown,Part time,2026-07-20 21:37:26.498974,2026-07-17 00:00:00,https://www.wellsfargojobs.com/en/jobs/r-561426/teller-part-time-westover/
WELLS_FARGO,R-561434,Personal Banker Palmer Ranch,Risk and Compliance,Sarasota,FL,United States,unknown,Full time,2026-07-20 21:37:26.514489,2026-07-17 00:00:00,https://www.wellsfargojobs.com/en/jobs/r-561434/personal-banker-palmer-ranch/
WELLS_FARGO,R-558806,Teller Bilingual Silverhawk,Risk and Compliance,Murrieta,CA,United States,unknown,Full time,2026-07-20 21:37:26.535137,2026-07-17 00:00:00,https://www.wellsfargojobs.com/en/jobs/r-558806/teller-bilingual-silverhawk/
WELLS_FARGO,R-561665,Senior Premier Banker - Poway Twin Peaks Plaza,Risk and Compliance,Poway,CA,United States,unknown,Full time,2026-07-20 21:37:26.569380,2026-07-17 00:00:00,https://www.wellsfargojobs.com/en/jobs/r-561665/senior-premier-banker-poway-twin-peaks-plaza/
WELLS_FARGO,R-551695,Teller Part Time Pantops,Risk and Compliance,Charlottesville,VA,United States,unknown,Part time,2026-07-20 21:37:26.578380,2026-07-17 00:00:00,https://www.wellsfargojobs.com/en/jobs/r-551695/teller-part-time-pantops/
WELLS_FARGO,R-561946,Teller Greenville,Risk and Compliance,Greenville,SC,United States,unknown,Full time,2026-07-20 21:37:26.610232,2026-07-17 00:00:00,https://www.wellsfargojobs.com/en/jobs/r-561946/teller-greenville/
WELLS_FARGO,R-561547,Teller Bilingual Part Time Trickum Road,Risk and Compliance,Woodstock,GA,United States,unknown,Part time,2026-07-20 21:37:26.628453,2026-07-17 00:00:00,https://www.wellsfargojobs.com/en/jobs/r-561547/teller-bilingual-part-time-trickum-road/
WELLS_FARGO,R-562028,Personal Banker Metro and Greater Chicago,Risk and Compliance,Niles,IL,United States,unknown,Full time,2026-07-20 21:37:26.663562,2026-07-17 00:00:00,https://www.wellsfargojobs.com/en/jobs/r-562028/personal-banker-metro-and-greater-chicago/
WELLS_FARGO,R-562032,Relationship Banker Twin Lakes Branch,Risk and Compliance,Las Vegas,NV,United States,unknown,Full time,2026-07-20 21:37:26.697824,2026-07-17 00:00:00,https://www.wellsfargojobs.com/en/jobs/r-562032/relationship-banker-twin-lakes-branch/
WELLS_FARGO,R-560502,CA-WA Community Mortgage Bank Sales Consultant (SAFE) -Bilingual Spanish,Risk and Compliance,Gardena,CA,United States,unknown,Full time,2026-07-20 21:37:26.723622,2026-07-16 00:00:00,https://www.wellsfargojobs.com/en/jobs/r-560502/ca-wa-community-mortgage-bank-sales-consultant-safe-bilingual-spanish/
WELLS_FARGO,R-560441,CA-WA Mortgage Retail Sales Consultant (SAFE),Risk and Compliance,Burbank,CA,United States,unknown,Full time,2026-07-20 21:37:26.744360,2026-07-16 00:00:00,https://www.wellsfargojobs.com/en/jobs/r-560441/ca-wa-mortgage-retail-sales-consultant-safe/
WELLS_FARGO,R-561415,Senior Branch Premier Banker Charlotte,Risk and Compliance,Charlotte,NC,United States,unknown,,2026-07-20 21:37:26.772966,2026-07-16 00:00:00,https://www.wellsfargojobs.com/en/jobs/r-561415/senior-branch-premier-banker-charlotte/
WELLS_FARGO,R-559997,Personal Banker Sand Lake Road,Risk and Compliance,Orlando,FL,United States,unknown,Full time,2026-07-20 21:37:26.793794,2026-07-16 00:00:00,https://www.wellsfargojobs.com/en/jobs/r-559997/personal-banker-sand-lake-road/
WELLS_FARGO,R-560069,Senior Retail Equities Trader,Risk and Compliance,Saint Louis,MO,United States,unknown,Full time,2026-07-20 21:37:26.805874,2026-07-16 00:00:00,https://www.wellsfargojobs.com/en/jobs/r-560069/senior-retail-equities-trader/
WELLS_FARGO,R-561146,Senior Philanthropic Associate,Risk and Compliance,Philadelphia,PA,United States,unknown,Full time,2026-07-20 21:37:26.823026,2026-07-17 00:00:00,https://www.wellsfargojobs.com/en/jobs/r-561146/senior-philanthropic-associate/
WELLS_FARGO,R-561228,Branch Support Manager,Risk and Compliance,Alexandria,VA,United States,unknown,Full time,2026-07-20 21:37:26.846548,2026-07-17 00:00:00,https://www.wellsfargojobs.com/en/jobs/r-561228/branch-support-manager/
WELLS_FARGO,R-561885,Personal Banker Arlington  District,Risk and Compliance,Arlington,VA,United States,unknown,Full time,2026-07-20 21:37:26.868379,2026-07-17 00:00:00,https://www.wellsfargojobs.com/en/jobs/r-561885/personal-banker-arlington-district/
WELLS_FARGO,R-558350,Personal Banker Pasadena Branch,Risk and Compliance,San Gabriel,CA,United States,unknown,Full time,2026-07-20 21:37:26.885383,2026-07-19 00:00:00,https://www.wellsfargojobs.com/en/jobs/r-558350/personal-banker-pasadena-branch/
WELLS_FARGO,R-561785,Teller Albert Lea,Risk and Compliance,Albert Lea,MN,United States,unknown,Full time,2026-07-20 21:37:26.902061,2026-07-20 00:00:00,https://www.wellsfargojobs.com/en/jobs/r-561785/teller-albert-lea/
WELLS_FARGO,R-560552,Senior Branch Premier Banker - Wenatchee,Risk and Compliance,Wenatchee,WA,United States,unknown,Full time,2026-07-20 21:37:26.936061,2026-07-16 00:00:00,https://www.wellsfargojobs.com/en/jobs/r-560552/senior-branch-premier-banker-wenatchee/
WELLS_FARGO,R-560993,Teller Newbury Park,Risk and Compliance,Newbury Park,CA,United States,unknown,Full time,2026-07-20 21:37:26.949679,2026-07-17 00:00:00,https://www.wellsfargojobs.com/en/jobs/r-560993/teller-newbury-park/
WELLS_FARGO,R-562085,Relationship Banker Tribeca DeNovo,Risk and Compliance,New York,NY,United States,unknown,Full time,2026-07-20 21:37:26.980954,2026-07-20 00:00:00,https://www.wellsfargojobs.com/en/jobs/r-562085/relationship-banker-tribeca-denovo/
WELLS_FARGO,R-558975,Senior Premier Banker Camp Hill PA,Risk and Compliance,Camp Hill,PA,United States,unknown,Full time,2026-07-20 21:37:27.013886,2026-07-20 00:00:00,https://www.wellsfargojobs.com/en/jobs/r-558975/senior-premier-banker-camp-hill-pa/
WELLS_FARGO,R-558988,Personal Banker 40 hours Sedona,Risk and Compliance,Sedona,AZ,United States,unknown,Full time,2026-07-20 21:37:27.034054,2026-07-20 00:00:00,https://www.wellsfargojobs.com/en/jobs/r-558988/personal-banker-40-hours-sedona/
WELLS_FARGO,R-559940,Personal Banker Lady's Island,Risk and Compliance,Beaufort,SC,United States,unknown,Full time,2026-07-20 21:37:27.055139,2026-07-20 00:00:00,https://www.wellsfargojobs.com/en/jobs/r-559940/personal-banker-lady-s-island/
WELLS_FARGO,R-562136,Relationship Banker Savannah Mall,Risk and Compliance,Savannah,GA,United States,unknown,Full time,2026-07-20 21:37:27.078145,2026-07-20 00:00:00,https://www.wellsfargojobs.com/en/jobs/r-562136/relationship-banker-savannah-mall/
WELLS_FARGO,R-550115,Personal Banker Airport Road,Risk and Compliance,Charlottesville,VA,United States,unknown,Full time,2026-07-20 21:37:27.106593,2026-07-20 00:00:00,https://www.wellsfargojobs.com/en/jobs/r-550115/personal-banker-airport-road/
WELLS_FARGO,R-559637,Senior Lead Engagement Manager,Risk and Compliance,Charlotte,NC,United States,unknown,Full time,2026-07-20 21:37:27.125354,2026-07-20 00:00:00,https://www.wellsfargojobs.com/en/jobs/r-559637/senior-lead-engagement-manager/
WELLS_FARGO,R-561982,Teller Chino Hills,Risk and Compliance,Chino Hills,CA,United States,unknown,Full time,2026-07-20 21:37:27.151957,2026-07-20 00:00:00,https://www.wellsfargojobs.com/en/jobs/r-561982/teller-chino-hills/
WELLS_FARGO,R-562284,Personal Banker Park Slope 5th DeNovo,Risk and Compliance,Brooklyn,NY,United States,unknown,Full time,2026-07-20 21:37:27.180946,2026-07-20 00:00:00,https://www.wellsfargojobs.com/en/jobs/r-562284/personal-banker-park-slope-5th-denovo/
WELLS_FARGO,R-544588,Private Mortgage Banker,Risk and Compliance,Bellevue,WA,United States,unknown,Full time,2026-07-20 21:37:27.205859,2026-05-27 00:00:00,https://www.wellsfargojobs.com/en/jobs/r-544588/private-mortgage-banker/
WELLS_FARGO,R-520546,Senior Lead Commercial Banking Relationship Manager,Sales and Relationship Management,Boston,MA,United States,unknown,Full time,2026-07-20 21:37:27.225004,2026-05-28 00:00:00,https://www.wellsfargojobs.com/en/jobs/r-520546/senior-lead-commercial-banking-relationship-manager/
WELLS_FARGO,R-528830,Senior Lead Commercial Banking Relationship Manager,Sales and Relationship Management,Mclean,VA,United States,unknown,Full time,2026-07-20 21:37:27.248211,2026-06-02 00:00:00,https://www.wellsfargojobs.com/en/jobs/r-528830/senior-lead-commercial-banking-relationship-manager/
WELLS_FARGO,R-555042,Senior Business Relationship Manager (LO),Risk and Compliance,Lincoln,NE,United States,unknown,Full time,2026-07-20 21:37:27.268693,2026-06-23 00:00:00,https://www.wellsfargojobs.com/en/jobs/r-555042/senior-business-relationship-manager-lo/
WELLS_FARGO,R-554638,Branch Manager Trainee Imperial Gateway District,Risk and Compliance,South Gate,CA,United States,unknown,Full time,2026-07-20 21:37:27.295531,2026-06-23 00:00:00,https://www.wellsfargojobs.com/en/jobs/r-554638/branch-manager-trainee-imperial-gateway-district/
WELLS_FARGO,R-555463,2027 Human Resources Internship – Early Careers,Risk and Compliance,Charlotte,NC,United States,unknown,Full time,2026-07-20 21:37:27.317893,2026-06-26 00:00:00,https://www.wellsfargojobs.com/en/jobs/r-555463/2027-human-resources-internship-early-careers/
WELLS_FARGO,R-555374,Business Banker (LO) Raleigh,Risk and Compliance,Raleigh,NC,United States,unknown,Full time,2026-07-20 21:37:27.339225,2026-06-25 00:00:00,https://www.wellsfargojobs.com/en/jobs/r-555374/business-banker-lo-raleigh/
WELLS_FARGO,R-556594,Teller Part Time Cheyenne East,Risk and Compliance,Cheyenne,WY,United States,unknown,Part time,2026-07-20 21:37:27.351250,2026-06-26 00:00:00,https://www.wellsfargojobs.com/en/jobs/r-556594/teller-part-time-cheyenne-east/
WELLS_FARGO,R-556626,Personal Banker Spokane WA,Risk and Compliance,Spokane,WA,United States,unknown,Full time,2026-07-20 21:37:27.383007,2026-06-28 00:00:00,https://www.wellsfargojobs.com/en/jobs/r-556626/personal-banker-spokane-wa/
WELLS_FARGO,R-539435,Senior Business Relationship Manager (LO),Risk and Compliance,Pembroke Pines,FL,United States,unknown,Full time,2026-07-20 21:37:27.398296,2026-06-30 00:00:00,https://www.wellsfargojobs.com/en/jobs/r-539435/senior-business-relationship-manager-lo/
WELLS_FARGO,R-556032,2027 CIB Investment Banking Analyst Program - Early Careers (CA),Risk and Compliance,San Francisco,CA,United States,unknown,,2026-07-20 21:37:27.432749,2026-06-30 00:00:00,https://www.wellsfargojobs.com/en/jobs/r-556032/2027-cib-investment-banking-analyst-program-early-careers-ca/
WELLS_FARGO,R-539569,Senior Business Banking Relationship Manager (LO),Risk and Compliance,Clovis,CA,United States,unknown,Full time,2026-07-20 21:37:27.452866,2026-06-30 00:00:00,https://www.wellsfargojobs.com/en/jobs/r-539569/senior-business-banking-relationship-manager-lo/
WELLS_FARGO,R-545683,Senior Business Banking Relationship Manager (LO),Risk and Compliance,Fresno,CA,United States,unknown,Full time,2026-07-20 21:37:27.468617,2026-06-30 00:00:00,https://www.wellsfargojobs.com/en/jobs/r-545683/senior-business-banking-relationship-manager-lo/
WELLS_FARGO,R-557066,Teller Full Time Pierre,Risk and Compliance,Pierre,SD,United States,unknown,Full time,2026-07-20 21:37:27.500960,2026-06-30 00:00:00,https://www.wellsfargojobs.com/en/jobs/r-557066/teller-full-time-pierre/
WELLS_FARGO,R-553976,Teller Part Time Almagordo,Risk and Compliance,Alamogordo,NM,United States,unknown,Part time,2026-07-20 21:37:27.516478,2026-07-01 00:00:00,https://www.wellsfargojobs.com/en/jobs/r-553976/teller-part-time-almagordo/
WELLS_FARGO,R-539236,"Project Finance Originator, Executive Director",Risk and Compliance,New York,NY,United States,unknown,Full time,2026-07-20 21:37:27.548392,2026-07-02 00:00:00,https://www.wellsfargojobs.com/en/jobs/r-539236/project-finance-originator-executive-director/
WELLS_FARGO,R-550007,Supervisory Control Specialist,Risk and Compliance,Saint Louis,MO,United States,unknown,Full time,2026-07-20 21:37:27.572271,2026-07-02 00:00:00,https://www.wellsfargojobs.com/en/jobs/r-550007/supervisory-control-specialist/
WELLS_FARGO,R-557535,Branch Operations Coordinator River Road Saint George,Risk and Compliance,Saint George,UT,United States,unknown,Full time,2026-07-20 21:37:27.594115,2026-07-02 00:00:00,https://www.wellsfargojobs.com/en/jobs/r-557535/branch-operations-coordinator-river-road-saint-george/
WELLS_FARGO,R-558068,Personal Banker Southeast Phoenix District,Risk and Compliance,Mesa,AZ,United States,unknown,Full time,2026-07-20 21:37:27.610069,2026-07-02 00:00:00,https://www.wellsfargojobs.com/en/jobs/r-558068/personal-banker-southeast-phoenix-district/
WELLS_FARGO,R-557515,Personal Banker Neenah,Risk and Compliance,Neenah,WI,United States,unknown,Full time,2026-07-20 21:37:27.642871,2026-07-02 00:00:00,https://www.wellsfargojobs.com/en/jobs/r-557515/personal-banker-neenah/
WELLS_FARGO,R-558075,Senior Premier Banker Westside,Risk and Compliance,Santa Monica,CA,United States,unknown,Full time,2026-07-20 21:37:27.672069,2026-07-03 00:00:00,https://www.wellsfargojobs.com/en/jobs/r-558075/senior-premier-banker-westside/
WELLS_FARGO,R-558808,Relationship Banker Fairbanks,Risk and Compliance,Fairbanks,AK,United States,unknown,Full time,2026-07-20 21:37:27.704414,2026-07-06 00:00:00,https://www.wellsfargojobs.com/en/jobs/r-558808/relationship-banker-fairbanks/
WELLS_FARGO,R-558736,Senior Commercial Loan Servicing Specialist – Asset Based Lending/Syndicated Loans,Operations,Irving,TX,United States,unknown,Full time,2026-07-20 21:37:27.720057,2026-07-06 00:00:00,https://www.wellsfargojobs.com/en/jobs/r-558736/senior-commercial-loan-servicing-specialist-asset-based-lending-syndicated-loans/
WELLS_FARGO,R-558802,CA-WA Private Mortgage Banker (SAFE),Risk and Compliance,San Jose,CA,United States,unknown,Full time,2026-07-20 21:37:27.756506,2026-07-06 00:00:00,https://www.wellsfargojobs.com/en/jobs/r-558802/ca-wa-private-mortgage-banker-safe/
WELLS_FARGO,R-558889,Teller Full Time Jamestown,Risk and Compliance,Jamestown,ND,United States,unknown,Full time,2026-07-20 21:37:27.779624,2026-07-07 00:00:00,https://www.wellsfargojobs.com/en/jobs/r-558889/teller-full-time-jamestown/
WELLS_FARGO,R-558950,Associate Customer Service Representative Spanish Bilingual Everyday Banking,Risk and Compliance,San Antonio,TX,United States,unknown,Full time,2026-07-20 21:37:27.798888,2026-07-07 00:00:00,https://www.wellsfargojobs.com/en/jobs/r-558950/associate-customer-service-representative-spanish-bilingual-everyday-banking/
WELLS_FARGO,R-558774,Teller Part Time Santa Fe,Risk and Compliance,Santa Fe,NM,United States,unknown,Part time,2026-07-20 21:37:27.813408,2026-07-07 00:00:00,https://www.wellsfargojobs.com/en/jobs/r-558774/teller-part-time-santa-fe/
WELLS_FARGO,R-559150,Personal Banker Edisto District,Risk and Compliance,Goose Creek,SC,United States,unknown,Full time,2026-07-20 21:37:27.845132,2026-07-07 00:00:00,https://www.wellsfargojobs.com/en/jobs/r-559150/personal-banker-edisto-district/
WELLS_FARGO,R-559162,Personal Banker Palmetto District,Risk and Compliance,Cayce,SC,United States,unknown,Full time,2026-07-20 21:37:27.875661,2026-07-07 00:00:00,https://www.wellsfargojobs.com/en/jobs/r-559162/personal-banker-palmetto-district/
WELLS_FARGO,R-558559,Senior Branch Premier Banker Croton,Risk and Compliance,Croton On Hudson,NY,United States,unknown,Full time,2026-07-20 21:37:27.901558,2026-07-08 00:00:00,https://www.wellsfargojobs.com/en/jobs/r-558559/senior-branch-premier-banker-croton/
WELLS_FARGO,R-558678,Teller Bilingual Part Time Sunnyslope,Risk and Compliance,Phoenix,AZ,United States,unknown,Part time,2026-07-20 21:37:27.915963,2026-07-08 00:00:00,https://www.wellsfargojobs.com/en/jobs/r-558678/teller-bilingual-part-time-sunnyslope/
WELLS_FARGO,R-557349,"Executive Director, Commercial Real Estate Portfolio Management Senior Manager",Risk and Compliance,Charlotte,NC,United States,unknown,Full time,2026-07-20 21:37:27.948223,2026-07-08 00:00:00,https://www.wellsfargojobs.com/en/jobs/r-557349/executive-director-commercial-real-estate-portfolio-management-senior-manager/
WELLS_FARGO,R-558788,Senior Branch Premier Banker - Jackson West,Risk and Compliance,Jackson,WY,United States,unknown,Full time,2026-07-20 21:37:28.028072,2026-07-09 00:00:00,https://www.wellsfargojobs.com/en/jobs/r-558788/senior-branch-premier-banker-jackson-west/
WELLS_FARGO,R-558730,Senior Premier Banker Circle C,Risk and Compliance,Austin,TX,United States,unknown,Full time,2026-07-20 21:37:28.059200,2026-07-09 00:00:00,https://www.wellsfargojobs.com/en/jobs/r-558730/senior-premier-banker-circle-c/
WELLS_FARGO,R-558777,Private Mortgage Banker (SAFE),Risk and Compliance,Irvine,CA,United States,unknown,Full time,2026-07-20 21:37:28.082333,2026-07-10 00:00:00,https://www.wellsfargojobs.com/en/jobs/r-558777/private-mortgage-banker-safe/
WELLS_FARGO,R-559867,Mortgage Retail Sales Consultant (SAFE),Risk and Compliance,Bear,DE,United States,unknown,Full time,2026-07-20 21:37:28.103464,2026-07-13 00:00:00,https://www.wellsfargojobs.com/en/jobs/r-559867/mortgage-retail-sales-consultant-safe/
WELLS_FARGO,R-559888,Mortgage Retail Sales Consultant (SAFE),Risk and Compliance,Bensalem,PA,United States,unknown,Full time,2026-07-20 21:37:28.109049,2026-07-13 00:00:00,https://www.wellsfargojobs.com/en/jobs/r-559888/mortgage-retail-sales-consultant-safe/
WELLS_FARGO,R-560478,Senior Premier Banker Plano Corridor District,Risk and Compliance,The Colony,TX,United States,unknown,Full time,2026-07-20 21:37:28.156624,2026-07-13 00:00:00,https://www.wellsfargojobs.com/en/jobs/r-560478/senior-premier-banker-plano-corridor-district/
WELLS_FARGO,R-552011,Principal Commercial Restaurant Finance Relationship Manager,Sales and Relationship Management,Atlanta,GA,United States,unknown,Full time,2026-07-20 21:37:28.172647,2026-07-13 00:00:00,https://www.wellsfargojobs.com/en/jobs/r-552011/principal-commercial-restaurant-finance-relationship-manager/
WELLS_FARGO,R-557982,Senior Treasury Management Consultant,Risk and Compliance,Minneapolis,MN,United States,unknown,Full time,2026-07-20 21:37:28.210250,2026-07-13 00:00:00,https://www.wellsfargojobs.com/en/jobs/r-557982/senior-treasury-management-consultant/
WELLS_FARGO,R-559713,Community Mortgage Bank Sales Consultant (SAFE),Risk and Compliance,Baltimore,MD,United States,unknown,Full time,2026-07-20 21:37:28.234042,2026-07-13 00:00:00,https://www.wellsfargojobs.com/en/jobs/r-559713/community-mortgage-bank-sales-consultant-safe/
WELLS_FARGO,R-559908,Mortgage Retail Sales Consultant (SAFE),Risk and Compliance,Baltimore,MD,United States,unknown,Full time,2026-07-20 21:37:28.259141,2026-07-13 00:00:00,https://www.wellsfargojobs.com/en/jobs/r-559908/mortgage-retail-sales-consultant-safe/
WELLS_FARGO,R-560457,Home Mortgage Consultant (SAFE),Risk and Compliance,New York,NY,United States,unknown,,2026-07-20 21:37:28.284278,2026-07-13 00:00:00,https://www.wellsfargojobs.com/en/jobs/r-560457/home-mortgage-consultant-safe/
WELLS_FARGO,R-560591,Greater San Francisco District | Personal Banker,Risk and Compliance,San Francisco,CA,United States,unknown,Full time,2026-07-20 21:37:28.315461,2026-07-13 00:00:00,https://www.wellsfargojobs.com/en/jobs/r-560591/greater-san-francisco-district-personal-banker/
WELLS_FARGO,R-559560,Commercial Banking Sales Lead - Merchant Services,Sales and Relationship Management,Irving,TX,United States,unknown,Full time,2026-07-20 21:37:28.335402,2026-07-13 00:00:00,https://www.wellsfargojobs.com/en/jobs/r-559560/commercial-banking-sales-lead-merchant-services/
WELLS_FARGO,R-557931,IRE Senior Lead Commercial Banking Relationship Manager,Risk and Compliance,Ontario,CA,United States,unknown,Full time,2026-07-20 21:37:28.373837,2026-07-13 00:00:00,https://www.wellsfargojobs.com/en/jobs/r-557931/ire-senior-lead-commercial-banking-relationship-manager/
WELLS_FARGO,R-559239,Personal Banker | Santa Cruz,Risk and Compliance,Santa Cruz,CA,United States,unknown,Full time,2026-07-20 21:37:28.405855,2026-07-13 00:00:00,https://www.wellsfargojobs.com/en/jobs/r-559239/personal-banker-santa-cruz/
WELLS_FARGO,R-550403,"Executive Director, QIS Structuring",Risk and Compliance,New York,NY,United States,unknown,Full time,2026-07-20 21:37:28.433855,2026-07-13 00:00:00,https://www.wellsfargojobs.com/en/jobs/r-550403/executive-director-qis-structuring/
WELLS_FARGO,R-555241,Senior Treasury Management Consultant,Risk and Compliance,Charleston,SC,United States,unknown,Full time,2026-07-20 21:37:28.451114,2026-07-13 00:00:00,https://www.wellsfargojobs.com/en/jobs/r-555241/senior-treasury-management-consultant/
WELLS_FARGO,R-560609,Mortgage Retail Sales Coordinator (SAFE),Risk and Compliance,San Jose,CA,United States,unknown,Full time,2026-07-20 21:37:28.466230,2026-07-13 00:00:00,https://www.wellsfargojobs.com/en/jobs/r-560609/mortgage-retail-sales-coordinator-safe/
WELLS_FARGO,R-549275,Teller Part Time Cerrillos Road,Risk and Compliance,Santa Fe,NM,United States,unknown,Part time,2026-07-20 21:37:28.502542,2026-07-14 00:00:00,https://www.wellsfargojobs.com/en/jobs/r-549275/teller-part-time-cerrillos-road/
WELLS_FARGO,R-551985,"Personal Banker- Star Valley Branch Thayne, WY",Risk and Compliance,Thayne,WY,United States,unknown,Full time,2026-07-20 21:37:28.527548,2026-07-14 00:00:00,https://www.wellsfargojobs.com/en/jobs/r-551985/personal-banker-star-valley-branch-thayne-wy/
WELLS_FARGO,R-560847,Personal Banker Largo Tri City,Risk and Compliance,Clearwater,FL,United States,unknown,Full time,2026-07-20 21:37:28.551935,2026-07-14 00:00:00,https://www.wellsfargojobs.com/en/jobs/r-560847/personal-banker-largo-tri-city/
WELLS_FARGO,R-556919,Securities Operations Associate,Operations,Saint Louis,MO,United States,unknown,Full time,2026-07-20 21:37:28.572048,2026-07-14 00:00:00,https://www.wellsfargojobs.com/en/jobs/r-556919/securities-operations-associate/
WELLS_FARGO,R-559290,Senior Business Relationship Manager (LO),Risk and Compliance,Marietta,GA,United States,unknown,Full time,2026-07-20 21:37:28.593790,2026-07-09 00:00:00,https://www.wellsfargojobs.com/en/jobs/r-559290/senior-business-relationship-manager-lo/
WELLS_FARGO,R-560957,Roving Personal Banker Summit District,Risk and Compliance,Lakewood,CO,United States,unknown,Full time,2026-07-20 21:37:28.625430,2026-07-14 00:00:00,https://www.wellsfargojobs.com/en/jobs/r-560957/roving-personal-banker-summit-district/
WELLS_FARGO,R-560937,Senior Premier Banker West NJ District,Risk and Compliance,Riverton,NJ,United States,unknown,Full time,2026-07-20 21:37:28.660448,2026-07-14 00:00:00,https://www.wellsfargojobs.com/en/jobs/r-560937/senior-premier-banker-west-nj-district/
WELLS_FARGO,R-559745,Federal Government Relations Analyst,Risk and Compliance,Washington,DC,United States,unknown,Full time,2026-07-20 21:37:28.679964,2026-07-15 00:00:00,https://www.wellsfargojobs.com/en/jobs/r-559745/federal-government-relations-analyst/
WELLS_FARGO,R-560982,Branch Manager Kenedy,Risk and Compliance,Kenedy,TX,United States,unknown,Full time,2026-07-20 21:37:28.709704,2026-07-15 00:00:00,https://www.wellsfargojobs.com/en/jobs/r-560982/branch-manager-kenedy/
WELLS_FARGO,R-556377,Relationship Banker Lakewood Ranch,Risk and Compliance,Bradenton,FL,United States,unknown,Full time,2026-07-20 21:37:28.742274,2026-07-15 00:00:00,https://www.wellsfargojobs.com/en/jobs/r-556377/relationship-banker-lakewood-ranch/
WELLS_FARGO,R-560986,Personal Banker Seward,Risk and Compliance,Seward,AK,United States,unknown,Full time,2026-07-20 21:37:28.770748,2026-07-15 00:00:00,https://www.wellsfargojobs.com/en/jobs/r-560986/personal-banker-seward/
WELLS_FARGO,R-555349,Senior Premier Banker Miromar,Risk and Compliance,Estero,FL,United States,unknown,Full time,2026-07-20 21:37:28.805279,2026-07-15 00:00:00,https://www.wellsfargojobs.com/en/jobs/r-555349/senior-premier-banker-miromar/
WELLS_FARGO,R-560836,Associate Executive Specialist - Cards and Personal Lending,Risk and Compliance,New York,NY,United States,unknown,Full time,2026-07-20 21:37:28.827799,2026-07-15 00:00:00,https://www.wellsfargojobs.com/en/jobs/r-560836/associate-executive-specialist-cards-and-personal-lending/
WELLS_FARGO,R-560960,Teller Novato,Risk and Compliance,Novato,CA,United States,unknown,Full time,2026-07-20 21:37:28.855584,2026-07-15 00:00:00,https://www.wellsfargojobs.com/en/jobs/r-560960/teller-novato/
WELLS_FARGO,R-560978,Community Mortgage Bank Sales Consultant (SAFE),Risk and Compliance,San Antonio,TX,United States,unknown,Full time,2026-07-20 21:37:28.881656,2026-07-15 00:00:00,https://www.wellsfargojobs.com/en/jobs/r-560978/community-mortgage-bank-sales-consultant-safe/
WELLS_FARGO,R-557222,Relationship Banker - Market Square,Risk and Compliance,Philadelphia,PA,United States,unknown,Full time,2026-07-20 21:37:28.916471,2026-07-15 00:00:00,https://www.wellsfargojobs.com/en/jobs/r-557222/relationship-banker-market-square/
WELLS_FARGO,R-553364,Roving Personal Banker Tri Counties,Risk and Compliance,Springfield,OR,United States,unknown,Full time,2026-07-20 21:37:28.945670,2026-07-14 00:00:00,https://www.wellsfargojobs.com/en/jobs/r-553364/roving-personal-banker-tri-counties/
WELLS_FARGO,R-560707,Branch Operations Coordinator Commack DeNovo,Risk and Compliance,Commack,NY,United States,unknown,Full time,2026-07-20 21:37:28.970262,2026-07-16 00:00:00,https://www.wellsfargojobs.com/en/jobs/r-560707/branch-operations-coordinator-commack-denovo/
WELLS_FARGO,R-560711,Teller Part Time Cartersville,Risk and Compliance,Cartersville,GA,United States,unknown,Part time,2026-07-20 21:37:28.985269,2026-07-16 00:00:00,https://www.wellsfargojobs.com/en/jobs/r-560711/teller-part-time-cartersville/
WELLS_FARGO,R-561031,Senior Premier Banker - Scripps Ranch Center,Risk and Compliance,San Diego,CA,United States,unknown,Full time,2026-07-20 21:37:29.033672,2026-07-16 00:00:00,https://www.wellsfargojobs.com/en/jobs/r-561031/senior-premier-banker-scripps-ranch-center/
WELLS_FARGO,R-543810,Branch Manager - Skyline District,Risk and Compliance,Waynesboro,VA,United States,unknown,Full time,2026-07-20 21:37:29.070284,2026-07-16 00:00:00,https://www.wellsfargojobs.com/en/jobs/r-543810/branch-manager-skyline-district/
WELLS_FARGO,R-561331,Branch Operations Coordinator Redmond OR,Risk and Compliance,Redmond,OR,United States,unknown,Full time,2026-07-20 21:37:29.093492,2026-07-16 00:00:00,https://www.wellsfargojobs.com/en/jobs/r-561331/branch-operations-coordinator-redmond-or/
WELLS_FARGO,R-560444,Community Mortgage Bank Consultant (SAFE),Risk and Compliance,Los Angeles,CA,United States,unknown,Full time,2026-07-20 21:37:29.109338,2026-07-16 00:00:00,https://www.wellsfargojobs.com/en/jobs/r-560444/community-mortgage-bank-consultant-safe/
WELLS_FARGO,R-561275,Teller Novato,Risk and Compliance,Novato,CA,United States,unknown,Full time,2026-07-20 21:37:29.141584,2026-07-16 00:00:00,https://www.wellsfargojobs.com/en/jobs/r-561275/teller-novato/
WELLS_FARGO,R-561628,Branch Manager North Central Pennsylvania District,Risk and Compliance,Allentown,PA,United States,unknown,Full time,2026-07-20 21:37:29.172711,2026-07-16 00:00:00,https://www.wellsfargojobs.com/en/jobs/r-561628/branch-manager-north-central-pennsylvania-district/
WELLS_FARGO,R-557723,Teller Daly City,Risk and Compliance,Daly City,CA,United States,unknown,Full time,2026-07-20 21:37:29.204329,2026-07-16 00:00:00,https://www.wellsfargojobs.com/en/jobs/r-557723/teller-daly-city/
WELLS_FARGO,R-560816,Teller Apple Valley,Risk and Compliance,Apple Valley,MN,United States,unknown,Full time,2026-07-20 21:37:29.236613,2026-07-16 00:00:00,https://www.wellsfargojobs.com/en/jobs/r-560816/teller-apple-valley/
WELLS_FARGO,R-553712,Senior Premier Banker Lafayette,Risk and Compliance,Lafayette,CA,United States,unknown,Full time,2026-07-20 21:37:29.275217,2026-07-14 00:00:00,https://www.wellsfargojobs.com/en/jobs/r-553712/senior-premier-banker-lafayette/
WELLS_FARGO,R-559420,"Business Banker (LO) Oceanside, CA",Risk and Compliance,Oceanside,CA,United States,unknown,Full time,2026-07-20 21:37:29.312568,2026-07-13 00:00:00,https://www.wellsfargojobs.com/en/jobs/r-559420/business-banker-lo-oceanside-ca/
WELLS_FARGO,R-560145,Personal Banker - Hillsboro,Risk and Compliance,Hillsboro,OR,United States,unknown,Full time,2026-07-20 21:37:29.340967,2026-07-13 00:00:00,https://www.wellsfargojobs.com/en/jobs/r-560145/personal-banker-hillsboro/
WELLS_FARGO,R-554743,Roving Personal Banker Southern Connecticut,Risk and Compliance,Old Greenwich,CT,United States,unknown,Full time,2026-07-20 21:37:29.360149,2026-07-17 00:00:00,https://www.wellsfargojobs.com/en/jobs/r-554743/roving-personal-banker-southern-connecticut/
WELLS_FARGO,R-552933,Teller Part Time Emmet St,Risk and Compliance,Charlottesville,VA,United States,unknown,Part time,2026-07-20 21:37:29.399731,2026-07-17 00:00:00,https://www.wellsfargojobs.com/en/jobs/r-552933/teller-part-time-emmet-st/
WELLS_FARGO,R-561322,Teller Part Time Denton Crossing,Risk and Compliance,Denton,TX,United States,unknown,Part time,2026-07-20 21:37:29.431194,2026-07-17 00:00:00,https://www.wellsfargojobs.com/en/jobs/r-561322/teller-part-time-denton-crossing/
WELLS_FARGO,R-559843,Personal Banker - Tri-Counties (Medford half),Risk and Compliance,Medford,OR,United States,unknown,Full time,2026-07-20 21:37:29.451042,2026-07-10 00:00:00,https://www.wellsfargojobs.com/en/jobs/r-559843/personal-banker-tri-counties-medford-half/
WELLS_FARGO,R-558057,Lead Information Security Analyst,Cybersecurity,Charlotte,NC,United States,unknown,Full time,2026-07-20 21:37:29.467672,2026-07-17 00:00:00,https://www.wellsfargojobs.com/en/jobs/r-558057/lead-information-security-analyst/
WELLS_FARGO,R-558250,Personal Banker Sierra Valley Orangevale,Risk and Compliance,Orangevale,CA,United States,unknown,Full time,2026-07-20 21:37:29.510247,2026-07-17 00:00:00,https://www.wellsfargojobs.com/en/jobs/r-558250/personal-banker-sierra-valley-orangevale/
WELLS_FARGO,R-560062,Product Delivery Lead - Lead Technology Business Services Consultant,Risk and Compliance,Charlotte,NC,United States,unknown,Full time,2026-07-20 21:37:29.539398,2026-07-17 00:00:00,https://www.wellsfargojobs.com/en/jobs/r-560062/product-delivery-lead-lead-technology-business-services-consultant/
WELLS_FARGO,R-561074,Lead Information Security Analyst Cryptography and PKI,Cybersecurity,Charlotte,NC,United States,unknown,Full time,2026-07-20 21:37:29.571392,2026-07-17 00:00:00,https://www.wellsfargojobs.com/en/jobs/r-561074/lead-information-security-analyst-cryptography-and-pki/
WELLS_FARGO,R-561621,Teller Part Time Orangevale,Risk and Compliance,Orangevale,CA,United States,unknown,Part time,2026-07-20 21:37:29.599615,2026-07-17 00:00:00,https://www.wellsfargojobs.com/en/jobs/r-561621/teller-part-time-orangevale/
WELLS_FARGO,R-561427,Teller Red Road,Risk and Compliance,Miami,FL,United States,unknown,Full time,2026-07-20 21:37:29.615311,2026-07-17 00:00:00,https://www.wellsfargojobs.com/en/jobs/r-561427/teller-red-road/
WELLS_FARGO,R-561488,Teller Part Time Fort Walton Beach,Risk and Compliance,Fort Walton Beach,FL,United States,unknown,Part time,2026-07-20 21:37:29.640745,2026-07-17 00:00:00,https://www.wellsfargojobs.com/en/jobs/r-561488/teller-part-time-fort-walton-beach/
WELLS_FARGO,R-561915,Head of Data Governance – Global Payments & Liquidity (GPL),Risk and Compliance,New York,NY,United States,unknown,,2026-07-20 21:37:29.672243,2026-07-17 00:00:00,https://www.wellsfargojobs.com/en/jobs/r-561915/head-of-data-governance-global-payments-liquidity-gpl/
WELLS_FARGO,R-554819,Personal Banker Soldotna,Risk and Compliance,Soldotna,AK,United States,unknown,Full time,2026-07-20 21:37:29.704634,2026-07-17 00:00:00,https://www.wellsfargojobs.com/en/jobs/r-554819/personal-banker-soldotna/
WELLS_FARGO,R-557297,Lead Information Security Analyst - BISO,Cybersecurity,Irving,TX,United States,unknown,Full time,2026-07-20 21:37:29.747822,2026-07-17 00:00:00,https://www.wellsfargojobs.com/en/jobs/r-557297/lead-information-security-analyst-biso/
WELLS_FARGO,R-555924,Personal Banker Calabasas,Risk and Compliance,Calabasas,CA,United States,unknown,Full time,2026-07-20 21:37:29.777506,2026-07-17 00:00:00,https://www.wellsfargojobs.com/en/jobs/r-555924/personal-banker-calabasas/
WELLS_FARGO,R-561512,Lead FiNet Business Support Manager,Risk and Compliance,Saint Louis,MO,United States,unknown,Full time,2026-07-20 21:37:29.804488,2026-07-17 00:00:00,https://www.wellsfargojobs.com/en/jobs/r-561512/lead-finet-business-support-manager/
WELLS_FARGO,R-555890,Teller Part Time Cortez,Risk and Compliance,Bradenton,FL,United States,unknown,Part time,2026-07-20 21:37:29.831012,2026-07-20 00:00:00,https://www.wellsfargojobs.com/en/jobs/r-555890/teller-part-time-cortez/
WELLS_FARGO,R-559160,"Relationship Banker - Albertville, AL",Risk and Compliance,Albertville,AL,United States,unknown,Full time,2026-07-20 21:37:29.866141,2026-07-20 00:00:00,https://www.wellsfargojobs.com/en/jobs/r-559160/relationship-banker-albertville-al/
WELLS_FARGO,R-561108,FiNet Business Support Manager,Risk and Compliance,Saint Louis,MO,United States,unknown,Full time,2026-07-20 21:37:29.891517,2026-07-20 00:00:00,https://www.wellsfargojobs.com/en/jobs/r-561108/finet-business-support-manager/
WELLS_FARGO,R-561276,Branch Manager South Albuquerque District,Risk and Compliance,Clovis,NM,United States,unknown,Full time,2026-07-20 21:37:29.928144,2026-07-20 00:00:00,https://www.wellsfargojobs.com/en/jobs/r-561276/branch-manager-south-albuquerque-district/
WELLS_FARGO,R-562135,"Senior Premier Banker Northeast, MD",Risk and Compliance,Lutherville Timonium,MD,United States,unknown,Full time,2026-07-20 21:37:29.966124,2026-07-20 00:00:00,https://www.wellsfargojobs.com/en/jobs/r-562135/senior-premier-banker-northeast-md/
WELLS_FARGO,R-554358,Lead Infrastructure Engineer,Cloud and Infrastructure,Concord,CA,United States,unknown,Full time,2026-07-20 21:37:29.987869,2026-07-20 00:00:00,https://www.wellsfargojobs.com/en/jobs/r-554358/lead-infrastructure-engineer/
WELLS_FARGO,R-559823,Teller Jamestown,Risk and Compliance,Jamestown,ND,United States,unknown,Full time,2026-07-20 21:37:30.016222,2026-07-20 00:00:00,https://www.wellsfargojobs.com/en/jobs/r-559823/teller-jamestown/
WELLS_FARGO,R-559077,Relationship Banker Mount Dora,Risk and Compliance,Mount Dora,FL,United States,unknown,Full time,2026-07-20 21:37:30.052685,2026-07-20 00:00:00,https://www.wellsfargojobs.com/en/jobs/r-559077/relationship-banker-mount-dora/
WELLS_FARGO,R-561842,Teller Bilingual Part Time Fossil Creek North Ft. Worth,Risk and Compliance,Haltom City,TX,United States,unknown,Part time,2026-07-20 21:37:30.079055,2026-07-20 00:00:00,https://www.wellsfargojobs.com/en/jobs/r-561842/teller-bilingual-part-time-fossil-creek-north-ft-worth/
WELLS_FARGO,R-558571,Personal Banker Hastings Main,Risk and Compliance,Hastings,NE,United States,unknown,Full time,2026-07-20 21:37:30.100197,2026-07-20 00:00:00,https://www.wellsfargojobs.com/en/jobs/r-558571/personal-banker-hastings-main/
WELLS_FARGO,R-562273,Personal Banker Des Moines Central Districts,Risk and Compliance,West Des Moines,IA,United States,unknown,Full time,2026-07-20 21:37:30.130656,2026-07-20 00:00:00,https://www.wellsfargojobs.com/en/jobs/r-562273/personal-banker-des-moines-central-districts/
WELLS_FARGO,R-562253,Personal Banker Sioux Falls,Risk and Compliance,Brandon,SD,United States,unknown,Full time,2026-07-20 21:37:30.158842,2026-07-20 00:00:00,https://www.wellsfargojobs.com/en/jobs/r-562253/personal-banker-sioux-falls/
WELLS_FARGO,R-561540,Due Diligence Consultant - Higher Risk Customer Management,Risk and Compliance,Minneapolis,MN,United States,unknown,Full time,2026-07-20 21:37:30.166848,2026-07-20 00:00:00,https://www.wellsfargojobs.com/en/jobs/r-561540/due-diligence-consultant-higher-risk-customer-management/
WELLS_FARGO,R-540281,Home Mortgage Consultant (SAFE),Risk and Compliance,Red Bank,NJ,United States,unknown,Full time,2026-07-20 21:37:30.200497,2026-04-29 00:00:00,https://www.wellsfargojobs.com/en/jobs/r-540281/home-mortgage-consultant-safe/
WELLS_FARGO,R-544592,Private Mortgage Banker,Risk and Compliance,Lake Oswego,OR,United States,unknown,Full time,2026-07-20 21:37:30.232382,2026-05-27 00:00:00,https://www.wellsfargojobs.com/en/jobs/r-544592/private-mortgage-banker/
WELLS_FARGO,R-547552,CA-WA Mortgage Retail Sales Consultant (SAFE),Risk and Compliance,Fresno,CA,United States,unknown,Full time,2026-07-20 21:37:30.262175,2026-05-20 00:00:00,https://www.wellsfargojobs.com/en/jobs/r-547552/ca-wa-mortgage-retail-sales-consultant-safe/
WELLS_FARGO,R-554038,Private Mortgage Banker (SAFE),Risk and Compliance,Rochester,MN,United States,unknown,Full time,2026-07-20 21:37:30.277959,2026-06-18 00:00:00,https://www.wellsfargojobs.com/en/jobs/r-554038/private-mortgage-banker-safe/
WELLS_FARGO,R-530246,Senior Lead Commercial Banking Relationship Manager,Sales and Relationship Management,New York,NY,United States,unknown,Full time,2026-07-20 21:37:30.310368,2026-06-21 00:00:00,https://www.wellsfargojobs.com/en/jobs/r-530246/senior-lead-commercial-banking-relationship-manager/
WELLS_FARGO,R-555396,Community Mortgage Bank Sales Consultant,Risk and Compliance,Commerce City,CO,United States,unknown,Full time,2026-07-20 21:37:30.325894,2026-06-23 00:00:00,https://www.wellsfargojobs.com/en/jobs/r-555396/community-mortgage-bank-sales-consultant/
WELLS_FARGO,R-555465,Personal Banker Summerlin,Risk and Compliance,Fort Myers,FL,United States,unknown,Full time,2026-07-20 21:37:30.358400,2026-06-24 00:00:00,https://www.wellsfargojobs.com/en/jobs/r-555465/personal-banker-summerlin/
WELLS_FARGO,R-556156,Senior Premier Banker Central Coast District,Risk and Compliance,Carmel,CA,United States,unknown,,2026-07-20 21:37:30.402357,2026-06-25 00:00:00,https://www.wellsfargojobs.com/en/jobs/r-556156/senior-premier-banker-central-coast-district/
WELLS_FARGO,R-556206,Mortgage Retail Sales Consultant,Risk and Compliance,Birmingham,AL,United States,unknown,Full time,2026-07-20 21:37:30.422091,2026-06-25 00:00:00,https://www.wellsfargojobs.com/en/jobs/r-556206/mortgage-retail-sales-consultant/
WELLS_FARGO,R-556237,Business Relationship Support Representative,Risk and Compliance,Salt Lake City,UT,United States,unknown,,2026-07-20 21:37:30.438613,2026-06-26 00:00:00,https://www.wellsfargojobs.com/en/jobs/r-556237/business-relationship-support-representative/
WELLS_FARGO,R-555860,2027 Finance Summer Internship - Early Careers,Risk and Compliance,Charlotte,NC,United States,unknown,Full time,2026-07-20 21:37:30.469700,2026-06-26 00:00:00,https://www.wellsfargojobs.com/en/jobs/r-555860/2027-finance-summer-internship-early-careers/
WELLS_FARGO,R-554269,Lead Protocol Engineer (Go / Cryptography),Risk and Compliance,Iselin,NJ,United States,unknown,Full time,2026-07-20 21:37:30.501373,2026-06-29 00:00:00,https://www.wellsfargojobs.com/en/jobs/r-554269/lead-protocol-engineer-go-cryptography/
WELLS_FARGO,R-556366,Senior Premier Banker Palmetto District,Risk and Compliance,Cayce,SC,United States,unknown,Full time,2026-07-20 21:37:30.543865,2026-06-26 00:00:00,https://www.wellsfargojobs.com/en/jobs/r-556366/senior-premier-banker-palmetto-district/
WELLS_FARGO,R-556488,2027 COO Business Risk Control and Regulatory Oversight Summer Internship - Early Careers,Risk and Compliance,Charlotte,NC,United States,unknown,,2026-07-20 21:37:30.564869,2026-06-30 00:00:00,https://www.wellsfargojobs.com/en/jobs/r-556488/2027-coo-business-risk-control-and-regulatory-oversight-summer-internship-early-careers/
WELLS_FARGO,R-557280,Roving Personal Banker ROVING North East Georgia District,Risk and Compliance,Duluth,GA,United States,unknown,Full time,2026-07-20 21:37:30.610358,2026-06-30 00:00:00,https://www.wellsfargojobs.com/en/jobs/r-557280/roving-personal-banker-roving-north-east-georgia-district/
WELLS_FARGO,R-556621,Branch Manager River Cities Prescott District,Risk and Compliance,Lake Havasu City,AZ,United States,unknown,Full time,2026-07-20 21:37:30.652525,2026-06-30 00:00:00,https://www.wellsfargojobs.com/en/jobs/r-556621/branch-manager-river-cities-prescott-district/
WELLS_FARGO,R-555710,Branch Operations Coordinator Kenmore,Risk and Compliance,Kenmore,WA,United States,unknown,Full time,2026-07-20 21:37:30.685552,2026-07-02 00:00:00,https://www.wellsfargojobs.com/en/jobs/r-555710/branch-operations-coordinator-kenmore/
WELLS_FARGO,R-554719,Senior Branch Premier Banker Merchants Walk,Risk and Compliance,Marietta,GA,United States,unknown,Full time,2026-07-20 21:37:30.733024,2026-07-06 00:00:00,https://www.wellsfargojobs.com/en/jobs/r-554719/senior-branch-premier-banker-merchants-walk/
WELLS_FARGO,R-557533,Branch Manager Northwest Washington District,Risk and Compliance,Bellingham,WA,United States,unknown,Full time,2026-07-20 21:37:30.786447,2026-07-06 00:00:00,https://www.wellsfargojobs.com/en/jobs/r-557533/branch-manager-northwest-washington-district/
WELLS_FARGO,R-557880,Senior Premier Banker Silver Spring Square Mechanicsburg PA,Risk and Compliance,Mechanicsburg,PA,United States,unknown,Full time,2026-07-20 21:37:30.833885,2026-07-06 00:00:00,https://www.wellsfargojobs.com/en/jobs/r-557880/senior-premier-banker-silver-spring-square-mechanicsburg-pa/
WELLS_FARGO,R-558752,Senior Commercial Loan Servicing Specialist – Asset Based Lending/Syndicated Loans,Operations,Charlotte,NC,United States,unknown,Full time,2026-07-20 21:37:30.864528,2026-07-06 00:00:00,https://www.wellsfargojobs.com/en/jobs/r-558752/senior-commercial-loan-servicing-specialist-asset-based-lending-syndicated-loans/
WELLS_FARGO,R-557988,Lead ABL Underwriter,Risk and Compliance,Chicago,IL,United States,unknown,Full time,2026-07-20 21:37:30.896577,2026-07-08 00:00:00,https://www.wellsfargojobs.com/en/jobs/r-557988/lead-abl-underwriter/
WELLS_FARGO,R-551319,Private Mortgage Banker (SAFE),Risk and Compliance,New York,NY,United States,unknown,Full time,2026-07-20 21:37:30.928854,2026-07-08 00:00:00,https://www.wellsfargojobs.com/en/jobs/r-551319/private-mortgage-banker-safe/
WELLS_FARGO,R-558947,"Business Banker (LO) Salt Lake City, UT",Risk and Compliance,Salt Lake City,UT,United States,unknown,Full time,2026-07-20 21:37:30.965168,2026-07-08 00:00:00,https://www.wellsfargojobs.com/en/jobs/r-558947/business-banker-lo-salt-lake-city-ut/
WELLS_FARGO,R-559212,Teller Full Time 30 Hour Grand Forks,Risk and Compliance,Grand Forks,ND,United States,unknown,Full time,2026-07-20 21:37:31.002975,2026-07-08 00:00:00,https://www.wellsfargojobs.com/en/jobs/r-559212/teller-full-time-30-hour-grand-forks/
WELLS_FARGO,R-547015,Relationship Banker | Norton,Risk and Compliance,Norton,VA,United States,unknown,Full time,2026-07-20 21:37:31.048313,2026-07-08 00:00:00,https://www.wellsfargojobs.com/en/jobs/r-547015/relationship-banker-norton/
WELLS_FARGO,R-558049,Commercial Banking Sales Lead - Merchant Services,Sales and Relationship Management,New York,NY,United States,unknown,Full time,2026-07-20 21:37:31.076250,2026-07-09 00:00:00,https://www.wellsfargojobs.com/en/jobs/r-558049/commercial-banking-sales-lead-merchant-services/
WELLS_FARGO,R-558658,Teller Carlisle,Risk and Compliance,Albuquerque,NM,United States,unknown,Full time,2026-07-20 21:37:31.112793,2026-07-09 00:00:00,https://www.wellsfargojobs.com/en/jobs/r-558658/teller-carlisle/
WELLS_FARGO,R-556903,Lead Global Payments Services Client Consultant,Risk and Compliance,Charlotte,NC,United States,unknown,Full time,2026-07-20 21:37:31.140367,2026-07-09 00:00:00,https://www.wellsfargojobs.com/en/jobs/r-556903/lead-global-payments-services-client-consultant/
WELLS_FARGO,R-547432,Senior Branch Premier Banker Huffman,Risk and Compliance,Anchorage,AK,United States,unknown,Full time,2026-07-20 21:37:31.183428,2026-07-09 00:00:00,https://www.wellsfargojobs.com/en/jobs/r-547432/senior-branch-premier-banker-huffman/
WELLS_FARGO,R-559757,"Executive Director, Forward Deployed AI Specialist",Risk and Compliance,New York,NY,United States,unknown,Full time,2026-07-20 21:37:31.215365,2026-07-09 00:00:00,https://www.wellsfargojobs.com/en/jobs/r-559757/executive-director-forward-deployed-ai-specialist/
WELLS_FARGO,R-520295,Lead Cryptography Engineer (MPC & Confidential Computing),Risk and Compliance,Iselin,NJ,United States,unknown,Full time,2026-07-20 21:37:31.234541,2026-07-10 00:00:00,https://www.wellsfargojobs.com/en/jobs/r-520295/lead-cryptography-engineer-mpc-confidential-computing/
WELLS_FARGO,R-557428,Lead Commercial Banking Business Development Representative,Risk and Compliance,Grand Rapids,MI,United States,unknown,Full time,2026-07-20 21:37:31.277015,2026-07-10 00:00:00,https://www.wellsfargojobs.com/en/jobs/r-557428/lead-commercial-banking-business-development-representative/
WELLS_FARGO,R-560138,Personal Banker Central Virginia,Risk and Compliance,Lynchburg,VA,United States,unknown,Full time,2026-07-20 21:37:31.301248,2026-07-10 00:00:00,https://www.wellsfargojobs.com/en/jobs/r-560138/personal-banker-central-virginia/
WELLS_FARGO,R-554124,Senior Lead Technology Commercial Banking Relationship Manager,Sales and Relationship Management,Fort Lauderdale,FL,United States,unknown,Full time,2026-07-20 21:37:31.342500,2026-07-13 00:00:00,https://www.wellsfargojobs.com/en/jobs/r-554124/senior-lead-technology-commercial-banking-relationship-manager/
WELLS_FARGO,R-559802,"Business Banker (LO) Augusta, GA",Risk and Compliance,Augusta,GA,United States,unknown,Full time,2026-07-20 21:37:31.381984,2026-07-13 00:00:00,https://www.wellsfargojobs.com/en/jobs/r-559802/business-banker-lo-augusta-ga/
WELLS_FARGO,R-560264,"Branch Manager - Alexandria District, Virginia",Risk and Compliance,Alexandria,VA,United States,unknown,Full time,2026-07-20 21:37:31.420872,2026-07-13 00:00:00,https://www.wellsfargojobs.com/en/jobs/r-560264/branch-manager-alexandria-district-virginia/
WELLS_FARGO,R-559801,"Business Banker (LO) Port Orange, FL",Risk and Compliance,Port Orange,FL,United States,unknown,Full time,2026-07-20 21:37:31.454426,2026-07-13 00:00:00,https://www.wellsfargojobs.com/en/jobs/r-559801/business-banker-lo-port-orange-fl/
WELLS_FARGO,R-559894,Mortgage Retail Sales Consultant (SAFE),Risk and Compliance,Baltimore,MD,United States,unknown,Full time,2026-07-20 21:37:31.481345,2026-07-13 00:00:00,https://www.wellsfargojobs.com/en/jobs/r-559894/mortgage-retail-sales-consultant-safe/
WELLS_FARGO,R-559263,Personal Banker  Omak WA,Risk and Compliance,Omak,WA,United States,unknown,Full time,2026-07-20 21:37:31.501656,2026-07-13 00:00:00,https://www.wellsfargojobs.com/en/jobs/r-559263/personal-banker-omak-wa/
WELLS_FARGO,R-560430,Relationship Banker Wilkes Barre Scranton District,Risk and Compliance,Pittston,PA,United States,unknown,Full time,2026-07-20 21:37:31.545565,2026-07-13 00:00:00,https://www.wellsfargojobs.com/en/jobs/r-560430/relationship-banker-wilkes-barre-scranton-district/
WELLS_FARGO,R-560269,Senior Business Relationship Manager (LO),Risk and Compliance,Omaha,NE,United States,unknown,Full time,2026-07-20 21:37:31.563280,2026-07-13 00:00:00,https://www.wellsfargojobs.com/en/jobs/r-560269/senior-business-relationship-manager-lo/
WELLS_FARGO,R-550624,Mortgage Retail Sales Consultant (SAFE),Risk and Compliance,Orlando,FL,United States,unknown,,2026-07-20 21:37:31.598397,2026-07-13 00:00:00,https://www.wellsfargojobs.com/en/jobs/r-550624/mortgage-retail-sales-consultant-safe/
WELLS_FARGO,R-560332,Relationship Banker Exeter Commons Reading,Risk and Compliance,Reading,PA,United States,unknown,Full time,2026-07-20 21:37:31.626462,2026-07-13 00:00:00,https://www.wellsfargojobs.com/en/jobs/r-560332/relationship-banker-exeter-commons-reading/
WELLS_FARGO,R-559607,Bilingual Personal Banker | San Francisco Chinatown,Risk and Compliance,San Francisco,CA,United States,unknown,Full time,2026-07-20 21:37:31.657462,2026-07-13 00:00:00,https://www.wellsfargojobs.com/en/jobs/r-559607/bilingual-personal-banker-san-francisco-chinatown/
WELLS_FARGO,R-560372,Associate Customer Service Representative Credit Cards,Risk and Compliance,Roanoke,VA,United States,unknown,Full time,2026-07-20 21:37:31.694604,2026-07-13 00:00:00,https://www.wellsfargojobs.com/en/jobs/r-560372/associate-customer-service-representative-credit-cards/
WELLS_FARGO,R-557378,Senior Branch Premier Banker Los Gatos,Risk and Compliance,Los Gatos,CA,United States,unknown,Full time,2026-07-20 21:37:31.719071,2026-07-13 00:00:00,https://www.wellsfargojobs.com/en/jobs/r-557378/senior-branch-premier-banker-los-gatos/
WELLS_FARGO,R-557753,Personal Banker Cajon Trail District,Risk and Compliance,Ontario,CA,United States,unknown,Full time,2026-07-20 21:37:31.766312,2026-07-13 00:00:00,https://www.wellsfargojobs.com/en/jobs/r-557753/personal-banker-cajon-trail-district/
WELLS_FARGO,R-556858,Senior Premier Banker Bryan Main,Risk and Compliance,Bryan,TX,United States,unknown,Full time,2026-07-20 21:37:31.807607,2026-07-14 00:00:00,https://www.wellsfargojobs.com/en/jobs/r-556858/senior-premier-banker-bryan-main/
WELLS_FARGO,R-559417,Senior Premier Banker Hill Country,Risk and Compliance,San Antonio,TX,United States,unknown,Full time,2026-07-20 21:37:31.858953,2026-07-14 00:00:00,https://www.wellsfargojobs.com/en/jobs/r-559417/senior-premier-banker-hill-country/
WELLS_FARGO,R-560601,Bilingual Spanish Part Time Teller | The Heights,Risk and Compliance,South San Francisco,CA,United States,unknown,Part time,2026-07-20 21:37:31.883258,2026-07-14 00:00:00,https://www.wellsfargojobs.com/en/jobs/r-560601/bilingual-spanish-part-time-teller-the-heights/
WELLS_FARGO,R-560809,Lead Software Engineer 1 (#002294),Risk and Compliance,Raleigh,NC,United States,unknown,Full time,2026-07-20 21:37:31.924815,2026-07-14 00:00:00,https://www.wellsfargojobs.com/en/jobs/r-560809/lead-software-engineer-1-002294/
WELLS_FARGO,R-554835,Teller Bilingual Part Time Marietta Main,Risk and Compliance,Marietta,GA,United States,unknown,Part time,2026-07-20 21:37:31.958139,2026-07-14 00:00:00,https://www.wellsfargojobs.com/en/jobs/r-554835/teller-bilingual-part-time-marietta-main/
WELLS_FARGO,R-560833,Senior Lead Analytics Consultant (#002111),Risk and Compliance,Charlotte,NC,United States,unknown,Full time,2026-07-20 21:37:31.985024,2026-07-14 00:00:00,https://www.wellsfargojobs.com/en/jobs/r-560833/senior-lead-analytics-consultant-002111/
WELLS_FARGO,R-560759,Personal Banker Hill Country District,Risk and Compliance,Bulverde,TX,United States,unknown,Full time,2026-07-20 21:37:32.019507,2026-07-14 00:00:00,https://www.wellsfargojobs.com/en/jobs/r-560759/personal-banker-hill-country-district/
WELLS_FARGO,R-560365,Teller Part Time Ringwood,Risk and Compliance,Ringwood,NJ,United States,unknown,Part time,2026-07-20 21:37:32.053769,2026-07-14 00:00:00,https://www.wellsfargojobs.com/en/jobs/r-560365/teller-part-time-ringwood/
WELLS_FARGO,R-560871,Regional Coach Gold Coast,Risk and Compliance,Orlando,FL,United States,unknown,Full time,2026-07-20 21:37:32.085485,2026-07-14 00:00:00,https://www.wellsfargojobs.com/en/jobs/r-560871/regional-coach-gold-coast/
WELLS_FARGO,R-560905,Senior Premier Banker Schnecksville,Risk and Compliance,Schnecksville,PA,United States,unknown,Full time,2026-07-20 21:37:32.124934,2026-07-14 00:00:00,https://www.wellsfargojobs.com/en/jobs/r-560905/senior-premier-banker-schnecksville/
WELLS_FARGO,R-560386,Personal Banker Reidsville Main Branch in Reidsville NC,Risk and Compliance,Reidsville,NC,United States,unknown,Full time,2026-07-20 21:37:32.146582,2026-07-14 00:00:00,https://www.wellsfargojobs.com/en/jobs/r-560386/personal-banker-reidsville-main-branch-in-reidsville-nc/
WELLS_FARGO,R-554559,Teller Part Time Mechanicsville Elm Branch,Risk and Compliance,Mechanicsville,VA,United States,unknown,Part time,2026-07-20 21:37:32.187172,2026-07-15 00:00:00,https://www.wellsfargojobs.com/en/jobs/r-554559/teller-part-time-mechanicsville-elm-branch/
WELLS_FARGO,R-558489,Associate Roving Personal Banker Texas Panhandle District,Risk and Compliance,Lubbock,TX,United States,unknown,Full time,2026-07-20 21:37:32.218458,2026-07-15 00:00:00,https://www.wellsfargojobs.com/en/jobs/r-558489/associate-roving-personal-banker-texas-panhandle-district/
WELLS_FARGO,R-560595,Senior Premier Banker Chatsworth,Risk and Compliance,Chatsworth,CA,United States,unknown,Full time,2026-07-20 21:37:32.262328,2026-07-15 00:00:00,https://www.wellsfargojobs.com/en/jobs/r-560595/senior-premier-banker-chatsworth/
WELLS_FARGO,R-560958,Branch Operations Coordinator Denver City,Risk and Compliance,Denver City,TX,United States,unknown,Full time,2026-07-20 21:37:32.278380,2026-07-15 00:00:00,https://www.wellsfargojobs.com/en/jobs/r-560958/branch-operations-coordinator-denver-city/
WELLS_FARGO,R-556652,Securities Operations Associate,Risk and Compliance,Charlotte,NC,United States,unknown,Full time,2026-07-20 21:37:32.312762,2026-07-15 00:00:00,https://www.wellsfargojobs.com/en/jobs/r-556652/securities-operations-associate/
WELLS_FARGO,R-560367,Associate Personal Banker Green Lake,Risk and Compliance,Seattle,WA,United States,unknown,Full time,2026-07-20 21:37:32.346742,2026-07-15 00:00:00,https://www.wellsfargojobs.com/en/jobs/r-560367/associate-personal-banker-green-lake/
WELLS_FARGO,R-561319,Senior Premier Banker Peninsula Gateway,Risk and Compliance,Mountain View,CA,United States,unknown,,2026-07-20 21:37:32.375475,2026-07-15 00:00:00,https://www.wellsfargojobs.com/en/jobs/r-561319/senior-premier-banker-peninsula-gateway/
WELLS_FARGO,R-545506,Fraud & Claims Operations Representative,Risk and Compliance,Chandler,AZ,United States,unknown,Full time,2026-07-20 21:37:32.407232,2026-07-15 00:00:00,https://www.wellsfargojobs.com/en/jobs/r-545506/fraud-claims-operations-representative/
WELLS_FARGO,R-555412,Lead Infrastructure Engineer/Mainframe Optimization,Risk and Compliance,Raleigh,NC,United States,unknown,Full time,2026-07-20 21:37:32.436454,2026-07-15 00:00:00,https://www.wellsfargojobs.com/en/jobs/r-555412/lead-infrastructure-engineer-mainframe-optimization/
WELLS_FARGO,R-561203,Senior Branch Premier Banker - Glenside,Risk and Compliance,Glenside,PA,United States,unknown,Full time,2026-07-20 21:37:32.469506,2026-07-16 00:00:00,https://www.wellsfargojobs.com/en/jobs/r-561203/senior-branch-premier-banker-glenside/
WELLS_FARGO,R-561035,Senior Premier Banker - Del Mar/Highlands,Risk and Compliance,San Diego,CA,United States,unknown,Full time,2026-07-20 21:37:32.503446,2026-07-16 00:00:00,https://www.wellsfargojobs.com/en/jobs/r-561035/senior-premier-banker-del-mar-highlands/
WELLS_FARGO,R-561257,Personal Banker (Spanish Desired) Spring,Risk and Compliance,Spring,TX,United States,unknown,Full time,2026-07-20 21:37:32.547226,2026-07-16 00:00:00,https://www.wellsfargojobs.com/en/jobs/r-561257/personal-banker-spanish-desired-spring/
WELLS_FARGO,R-559960,Lead Infrastructure Engineer - Solace,Cloud and Infrastructure,Iselin,NJ,United States,unknown,Full time,2026-07-20 21:37:32.574984,2026-07-16 00:00:00,https://www.wellsfargojobs.com/en/jobs/r-559960/lead-infrastructure-engineer-solace/
WELLS_FARGO,R-561084,Teller Flemington Branch,Risk and Compliance,Flemington,NJ,United States,unknown,Full time,2026-07-20 21:37:32.603494,2026-07-16 00:00:00,https://www.wellsfargojobs.com/en/jobs/r-561084/teller-flemington-branch/
WELLS_FARGO,R-557238,Personal Banker Palm Desert,Risk and Compliance,Palm Desert,CA,United States,unknown,Full time,2026-07-20 21:37:32.646226,2026-07-16 00:00:00,https://www.wellsfargojobs.com/en/jobs/r-557238/personal-banker-palm-desert/
WELLS_FARGO,R-553768,Teller Middletown,Risk and Compliance,Middletown,CT,United States,unknown,Full time,2026-07-20 21:37:32.686929,2026-07-15 00:00:00,https://www.wellsfargojobs.com/en/jobs/r-553768/teller-middletown/
WELLS_FARGO,R-561325,Teller Napa Main,Risk and Compliance,Napa,CA,United States,unknown,Full time,2026-07-20 21:37:32.725198,2026-07-16 00:00:00,https://www.wellsfargojobs.com/en/jobs/r-561325/teller-napa-main/
WELLS_FARGO,R-561552,Personal Banker North Palm Beach,Risk and Compliance,West Palm Beach,FL,United States,unknown,Full time,2026-07-20 21:37:32.752035,2026-07-16 00:00:00,https://www.wellsfargojobs.com/en/jobs/r-561552/personal-banker-north-palm-beach/
WELLS_FARGO,R-554374,Senior Premier Banker Melrose Park IL,Risk and Compliance,Melrose Park,IL,United States,unknown,Full time,2026-07-20 21:37:32.808303,2026-07-15 00:00:00,https://www.wellsfargojobs.com/en/jobs/r-554374/senior-premier-banker-melrose-park-il/
WELLS_FARGO,R-556413,Supervisory Control Specialist,Risk and Compliance,Troy,MI,United States,unknown,Full time,2026-07-20 21:37:32.853100,2026-07-16 00:00:00,https://www.wellsfargojobs.com/en/jobs/r-556413/supervisory-control-specialist/
WELLS_FARGO,R-560144,Community mortgage Bank Sales Consultant (SAFE),Risk and Compliance,Spring,TX,United States,unknown,,2026-07-20 21:37:32.889704,2026-07-16 00:00:00,https://www.wellsfargojobs.com/en/jobs/r-560144/community-mortgage-bank-sales-consultant-safe/
WELLS_FARGO,R-559219,Personal Banker Andover MN,Risk and Compliance,Andover,MN,United States,unknown,Full time,2026-07-20 21:37:32.924715,2026-07-17 00:00:00,https://www.wellsfargojobs.com/en/jobs/r-559219/personal-banker-andover-mn/
WELLS_FARGO,R-561575,Capital Market Risk Specialist - Derivative and Securities Financing,Risk and Compliance,Charlotte,NC,United States,unknown,Full time,2026-07-20 21:37:32.963600,2026-07-16 00:00:00,https://www.wellsfargojobs.com/en/jobs/r-561575/capital-market-risk-specialist-derivative-and-securities-financing/
WELLS_FARGO,R-561040,Senior Registered Client Associate,Risk and Compliance,New York,NY,United States,unknown,Full time,2026-07-20 21:37:32.983246,2026-07-16 00:00:00,https://www.wellsfargojobs.com/en/jobs/r-561040/senior-registered-client-associate/
WELLS_FARGO,R-560734,Teller Century Square,Risk and Compliance,College Station,TX,United States,unknown,Full time,2026-07-20 21:37:33.030868,2026-07-16 00:00:00,https://www.wellsfargojobs.com/en/jobs/r-560734/teller-century-square/
WELLS_FARGO,R-560918,Teller Part Time Perris,Risk and Compliance,Perris,CA,United States,unknown,Part time,2026-07-20 21:37:33.068229,2026-07-17 00:00:00,https://www.wellsfargojobs.com/en/jobs/r-560918/teller-part-time-perris/
WELLS_FARGO,R-561452,Teller Part Time Landings,Risk and Compliance,Sarasota,FL,United States,unknown,Part time,2026-07-20 21:37:33.103328,2026-07-17 00:00:00,https://www.wellsfargojobs.com/en/jobs/r-561452/teller-part-time-landings/
WELLS_FARGO,R-561570,Teller Part Time Eastwick,Risk and Compliance,Philadelphia,PA,United States,unknown,Part time,2026-07-20 21:37:33.134964,2026-07-17 00:00:00,https://www.wellsfargojobs.com/en/jobs/r-561570/teller-part-time-eastwick/
WELLS_FARGO,R-554099,Personal Banker Bilingual Spanish Dallas Pkwy,Risk and Compliance,Dallas,TX,United States,unknown,Full time,2026-07-20 21:37:33.175892,2026-07-17 00:00:00,https://www.wellsfargojobs.com/en/jobs/r-554099/personal-banker-bilingual-spanish-dallas-pkwy/
WELLS_FARGO,R-561746,Branch Manager Pasadena Valley,Risk and Compliance,South Pasadena,CA,United States,unknown,Full time,2026-07-20 21:37:33.232968,2026-07-17 00:00:00,https://www.wellsfargojobs.com/en/jobs/r-561746/branch-manager-pasadena-valley/
WELLS_FARGO,R-551197,Teller Part Time Harrisonburg Waynesboro,Risk and Compliance,Harrisonburg,VA,United States,unknown,Part time,2026-07-20 21:37:33.266572,2026-07-17 00:00:00,https://www.wellsfargojobs.com/en/jobs/r-551197/teller-part-time-harrisonburg-waynesboro/
WELLS_FARGO,R-558891,Teller Bilingual Part Time Spring Rock Green Branch,Risk and Compliance,Richmond,VA,United States,unknown,Part time,2026-07-20 21:37:33.309801,2026-07-17 00:00:00,https://www.wellsfargojobs.com/en/jobs/r-558891/teller-bilingual-part-time-spring-rock-green-branch/
WELLS_FARGO,R-560566,Teller Part Time Meridian North,Risk and Compliance,Meridian,ID,United States,unknown,Part time,2026-07-20 21:37:33.342421,2026-07-17 00:00:00,https://www.wellsfargojobs.com/en/jobs/r-560566/teller-part-time-meridian-north/
WELLS_FARGO,R-561429,Personal Banker Bilingual Spanish Montgomery Plaza,Risk and Compliance,Fort Worth,TX,United States,unknown,Full time,2026-07-20 21:37:33.368140,2026-07-17 00:00:00,https://www.wellsfargojobs.com/en/jobs/r-561429/personal-banker-bilingual-spanish-montgomery-plaza/
WELLS_FARGO,R-561536,Branch Operations Coordinator Mountainville,Risk and Compliance,Allentown,PA,United States,unknown,Full time,2026-07-20 21:37:33.399906,2026-07-17 00:00:00,https://www.wellsfargojobs.com/en/jobs/r-561536/branch-operations-coordinator-mountainville/
WELLS_FARGO,R-555534,Teller Part Time Trenton,Risk and Compliance,Trenton,NJ,United States,unknown,Part time,2026-07-20 21:37:33.431769,2026-07-17 00:00:00,https://www.wellsfargojobs.com/en/jobs/r-555534/teller-part-time-trenton/
WELLS_FARGO,R-560508,Branch Operations Associate Manager Mitchell Bridge Road,Risk and Compliance,Athens,GA,United States,unknown,Full time,2026-07-20 21:37:33.463551,2026-07-17 00:00:00,https://www.wellsfargojobs.com/en/jobs/r-560508/branch-operations-associate-manager-mitchell-bridge-road/
WELLS_FARGO,R-561672,Teller Part Time Hollywood Main,Risk and Compliance,Hollywood,CA,United States,unknown,Part time,2026-07-20 21:37:33.505433,2026-07-17 00:00:00,https://www.wellsfargojobs.com/en/jobs/r-561672/teller-part-time-hollywood-main/
WELLS_FARGO,R-560243,Lead Architect - Human Capital Management Portfolio,Risk and Compliance,Minneapolis,MN,United States,unknown,Full time,2026-07-20 21:37:33.544542,2026-07-17 00:00:00,https://www.wellsfargojobs.com/en/jobs/r-560243/lead-architect-human-capital-management-portfolio/
WELLS_FARGO,R-561929,Head of Data Governance – Global Payments & Liquidity (GPL),Risk and Compliance,Charlotte,NC,United States,unknown,,2026-07-20 21:37:33.587066,2026-07-17 00:00:00,https://www.wellsfargojobs.com/en/jobs/r-561929/head-of-data-governance-global-payments-liquidity-gpl/
WELLS_FARGO,R-561843,Senior Lead Treasury Consultant - Healthcare,Risk and Compliance,New York,NY,United States,unknown,Full time,2026-07-20 21:37:33.620746,2026-07-17 00:00:00,https://www.wellsfargojobs.com/en/jobs/r-561843/senior-lead-treasury-consultant-healthcare/
WELLS_FARGO,R-555169,Senior Premier Banker Half Moon Bay,Risk and Compliance,Half Moon Bay,CA,United States,unknown,Full time,2026-07-20 21:37:33.655741,2026-07-17 00:00:00,https://www.wellsfargojobs.com/en/jobs/r-555169/senior-premier-banker-half-moon-bay/
WELLS_FARGO,R-557300,Personal Banker Kimball Junction,Risk and Compliance,Park City,UT,United States,unknown,Full time,2026-07-20 21:37:33.687437,2026-07-17 00:00:00,https://www.wellsfargojobs.com/en/jobs/r-557300/personal-banker-kimball-junction/
WELLS_FARGO,R-553776,Senior Premier Banker Grand Rapids MN,Risk and Compliance,Grand Rapids,MN,United States,unknown,Full time,2026-07-20 21:37:33.720175,2026-07-20 00:00:00,https://www.wellsfargojobs.com/en/jobs/r-553776/senior-premier-banker-grand-rapids-mn/
WELLS_FARGO,R-562042,Branch Manager North Vegas Valley,Risk and Compliance,Las Vegas,NV,United States,unknown,Full time,2026-07-20 21:37:33.781085,2026-07-17 00:00:00,https://www.wellsfargojobs.com/en/jobs/r-562042/branch-manager-north-vegas-valley/
WELLS_FARGO,R-554810,Senior Premier Banker Victoria North,Risk and Compliance,Victoria,TX,United States,unknown,Full time,2026-07-20 21:37:33.825996,2026-07-20 00:00:00,https://www.wellsfargojobs.com/en/jobs/r-554810/senior-premier-banker-victoria-north/
WELLS_FARGO,R-555555,Relationship Banker Johnson Tarrant County District,Risk and Compliance,Burleson,TX,United States,unknown,Full time,2026-07-20 21:37:33.863921,2026-07-20 00:00:00,https://www.wellsfargojobs.com/en/jobs/r-555555/relationship-banker-johnson-tarrant-county-district/
WELLS_FARGO,R-561993,Teller Part Time Powers And Constitution Colorado Springs,Risk and Compliance,Colorado Springs,CO,United States,unknown,Part time,2026-07-20 21:37:33.901556,2026-07-20 00:00:00,https://www.wellsfargojobs.com/en/jobs/r-561993/teller-part-time-powers-and-constitution-colorado-springs/
WELLS_FARGO,R-549049,GPL Technical Support Analyst,Risk and Compliance,Charlotte,NC,United States,unknown,Full time,2026-07-20 21:37:33.922685,2026-07-20 00:00:00,https://www.wellsfargojobs.com/en/jobs/r-549049/gpl-technical-support-analyst/
WELLS_FARGO,R-556781,Senior Premier Banker San Bruno,Risk and Compliance,San Bruno,CA,United States,unknown,Full time,2026-07-20 21:37:33.966902,2026-07-20 00:00:00,https://www.wellsfargojobs.com/en/jobs/r-556781/senior-premier-banker-san-bruno/
WELLS_FARGO,R-559255,Teller Part Time McAlpin Square,Risk and Compliance,Savannah,GA,United States,unknown,Part time,2026-07-20 21:37:33.993609,2026-07-20 00:00:00,https://www.wellsfargojobs.com/en/jobs/r-559255/teller-part-time-mcalpin-square/
WELLS_FARGO,R-561675,Private Mortgage Banker (SAFE) Austin,Risk and Compliance,Austin,TX,United States,unknown,Full time,2026-07-20 21:37:34.014379,2026-07-20 00:00:00,https://www.wellsfargojobs.com/en/jobs/r-561675/private-mortgage-banker-safe-austin/
WELLS_FARGO,R-561004,Branch Operations Manager Durango,Risk and Compliance,Durango,CO,United States,unknown,Full time,2026-07-20 21:37:34.040010,2026-07-20 00:00:00,https://www.wellsfargojobs.com/en/jobs/r-561004/branch-operations-manager-durango/
WELLS_FARGO,R-561117,Senior Business Banking Relationship Manager (LO),Risk and Compliance,Los Angeles,CA,United States,unknown,Full time,2026-07-20 21:37:34.062226,2026-07-20 00:00:00,https://www.wellsfargojobs.com/en/jobs/r-561117/senior-business-banking-relationship-manager-lo/
WELLS_FARGO,R-561581,Roving Personal Banker Summit District,Risk and Compliance,Frisco,CO,United States,unknown,Full time,2026-07-20 21:37:34.097332,2026-07-20 00:00:00,https://www.wellsfargojobs.com/en/jobs/r-561581/roving-personal-banker-summit-district/
WELLS_FARGO,R-552477,Principal Engineer,Risk and Compliance,Chandler,AZ,United States,unknown,Full time,2026-07-20 21:37:34.114573,2026-07-20 00:00:00,https://www.wellsfargojobs.com/en/jobs/r-552477/principal-engineer/
WELLS_FARGO,R-554748,"Senior Premier Banker Melissa, TX, DeNovo",Risk and Compliance,Melissa,TX,United States,unknown,Full time,2026-07-20 21:37:34.150574,2026-07-20 00:00:00,https://www.wellsfargojobs.com/en/jobs/r-554748/senior-premier-banker-melissa-tx-denovo/
WELLS_FARGO,R-556454,Personal Banker Southern Utah,Risk and Compliance,Saint George,UT,United States,unknown,Full time,2026-07-20 21:37:34.173735,2026-07-20 00:00:00,https://www.wellsfargojobs.com/en/jobs/r-556454/personal-banker-southern-utah/
WELLS_FARGO,R-561578,Senior Registered Client Associate,Risk and Compliance,Westlake,OH,United States,unknown,Full time,2026-07-20 21:37:34.189559,2026-07-20 00:00:00,https://www.wellsfargojobs.com/en/jobs/r-561578/senior-registered-client-associate/
WELLS_FARGO,R-561735,Personal Banker Cordova Bayou Pensacola FL,Risk and Compliance,Pensacola,FL,United States,unknown,Full time,2026-07-20 21:37:34.227791,2026-07-20 00:00:00,https://www.wellsfargojobs.com/en/jobs/r-561735/personal-banker-cordova-bayou-pensacola-fl/
WELLS_FARGO,R-555052,Senior Commercial Mortgage Loan Administration Specialist,Risk and Compliance,Chandler,AZ,United States,unknown,Full time,2026-07-20 21:37:34.241057,2026-07-20 00:00:00,https://www.wellsfargojobs.com/en/jobs/r-555052/senior-commercial-mortgage-loan-administration-specialist/
WELLS_FARGO,R-556716,Branch Manager West Panhandle District,Risk and Compliance,Fort Walton Beach,FL,United States,unknown,Full time,2026-07-20 21:37:34.265472,2026-07-20 00:00:00,https://www.wellsfargojobs.com/en/jobs/r-556716/branch-manager-west-panhandle-district/
WELLS_FARGO,R-547499,CA-WA Private Mortgage Banker (SAFE),Risk and Compliance,San Jose,CA,United States,unknown,Full time,2026-07-20 21:37:34.297005,2026-05-20 00:00:00,https://www.wellsfargojobs.com/en/jobs/r-547499/ca-wa-private-mortgage-banker-safe/
WELLS_FARGO,R-544582,Mortgage Loan Officer,Risk and Compliance,Lynnwood,WA,United States,unknown,Full time,2026-07-20 21:37:34.313709,2026-05-27 00:00:00,https://www.wellsfargojobs.com/en/jobs/r-544582/mortgage-loan-officer/
WELLS_FARGO,R-544593,Mortgage Loan Officer,Risk and Compliance,Vancouver,WA,United States,unknown,Full time,2026-07-20 21:37:34.349116,2026-05-27 00:00:00,https://www.wellsfargojobs.com/en/jobs/r-544593/mortgage-loan-officer/
WELLS_FARGO,R-550088,Private Mortgage Banker (SAFE),Risk and Compliance,Saint Louis,MO,United States,unknown,Full time,2026-07-20 21:37:34.365737,2026-06-03 00:00:00,https://www.wellsfargojobs.com/en/jobs/r-550088/private-mortgage-banker-safe/
WELLS_FARGO,R-554108,Community Mortgage Bank Sales Consultant (SAFE),Risk and Compliance,New Brunswick,NJ,United States,unknown,Full time,2026-07-20 21:37:34.381454,2026-06-18 00:00:00,https://www.wellsfargojobs.com/en/jobs/r-554108/community-mortgage-bank-sales-consultant-safe/
WELLS_FARGO,R-554049,Private Mortgage Banker (SAFE),Risk and Compliance,Chicago,IL,United States,unknown,Full time,2026-07-20 21:37:34.413088,2026-06-18 00:00:00,https://www.wellsfargojobs.com/en/jobs/r-554049/private-mortgage-banker-safe/
WELLS_FARGO,R-555243,Private Mortgage Banker,Risk and Compliance,Palm Desert,CA,United States,unknown,Full time,2026-07-20 21:37:34.440494,2026-06-22 00:00:00,https://www.wellsfargojobs.com/en/jobs/r-555243/private-mortgage-banker/
WELLS_FARGO,R-555138,Branch Manager Boulder,Risk and Compliance,Boulder,CO,United States,unknown,Full time,2026-07-20 21:37:34.453615,2026-06-23 00:00:00,https://www.wellsfargojobs.com/en/jobs/r-555138/branch-manager-boulder/
WELLS_FARGO,R-555736,2027 Commercial Banking Summer Internship – Early Careers (NY),Risk and Compliance,New York,NY,United States,unknown,Full time,2026-07-20 21:37:34.500840,2026-06-26 00:00:00,https://www.wellsfargojobs.com/en/jobs/r-555736/2027-commercial-banking-summer-internship-early-careers-ny/
WELLS_FARGO,R-555775,Senior Lead Wealth Management Banker (HNW / Executive Wealth Solutions) (SAFE),Risk and Compliance,Charlotte,NC,United States,unknown,Full time,2026-07-20 21:37:34.517492,2026-06-26 00:00:00,https://www.wellsfargojobs.com/en/jobs/r-555775/senior-lead-wealth-management-banker-hnw-executive-wealth-solutions-safe/
WELLS_FARGO,R-556146,Branch Manager North Central District,Risk and Compliance,Santa Fe,NM,United States,unknown,Full time,2026-07-20 21:37:34.557969,2026-06-26 00:00:00,https://www.wellsfargojobs.com/en/jobs/r-556146/branch-manager-north-central-district/
WELLS_FARGO,R-557136,Relationship Banker Central Valley,Risk and Compliance,Madera,CA,United States,unknown,Full time,2026-07-20 21:37:34.579492,2026-06-30 00:00:00,https://www.wellsfargojobs.com/en/jobs/r-557136/relationship-banker-central-valley/
WELLS_FARGO,R-556516,Senior Premier Banker,Risk and Compliance,Concord,CA,United States,unknown,Full time,2026-07-20 21:37:34.610435,2026-07-01 00:00:00,https://www.wellsfargojobs.com/en/jobs/r-556516/senior-premier-banker/
WELLS_FARGO,R-557667,"Analyst, Lending Committee Coordination & Reporting",Risk and Compliance,New York,NY,United States,unknown,Full time,2026-07-20 21:37:34.639609,2026-07-01 00:00:00,https://www.wellsfargojobs.com/en/jobs/r-557667/analyst-lending-committee-coordination-reporting/
WELLS_FARGO,R-554069,Teller Part Time Hatch,Risk and Compliance,Hatch,NM,United States,unknown,Part time,2026-07-20 21:37:34.661883,2026-07-01 00:00:00,https://www.wellsfargojobs.com/en/jobs/r-554069/teller-part-time-hatch/
WELLS_FARGO,R-557610,Teller South Logan,Risk and Compliance,Logan,UT,United States,unknown,Full time,2026-07-20 21:37:34.671883,2026-07-02 00:00:00,https://www.wellsfargojobs.com/en/jobs/r-557610/teller-south-logan/
WELLS_FARGO,R-557488,Teller Part Time Shiprock,Risk and Compliance,Shiprock,NM,United States,unknown,Part time,2026-07-20 21:37:34.703574,2026-07-02 00:00:00,https://www.wellsfargojobs.com/en/jobs/r-557488/teller-part-time-shiprock/
WELLS_FARGO,R-558033,Branch Manager Central Suburban,Risk and Compliance,Monticello,MN,United States,unknown,Full time,2026-07-20 21:37:34.736542,2026-07-02 00:00:00,https://www.wellsfargojobs.com/en/jobs/r-558033/branch-manager-central-suburban/
WELLS_FARGO,R-541448,"Vice President, Investment Banking - Power/Generation",Risk and Compliance,New York,NY,United States,unknown,Full time,2026-07-20 21:37:34.754721,2026-07-06 00:00:00,https://www.wellsfargojobs.com/en/jobs/r-541448/vice-president-investment-banking-power-generation/
WELLS_FARGO,R-558233,Business Banker (LO) Jupiter & Buckingham,Risk and Compliance,Garland,TX,United States,unknown,Full time,2026-07-20 21:37:34.766398,2026-07-06 00:00:00,https://www.wellsfargojobs.com/en/jobs/r-558233/business-banker-lo-jupiter-buckingham/
WELLS_FARGO,R-557904,Branch Manager - Beach and Valley District,Risk and Compliance,Aptos,CA,United States,unknown,Full time,2026-07-20 21:37:34.807041,2026-07-06 00:00:00,https://www.wellsfargojobs.com/en/jobs/r-557904/branch-manager-beach-and-valley-district/
WELLS_FARGO,R-558362,Personal Banker Glacier Valley,Risk and Compliance,Juneau,AK,United States,unknown,Full time,2026-07-20 21:37:34.829898,2026-07-07 00:00:00,https://www.wellsfargojobs.com/en/jobs/r-558362/personal-banker-glacier-valley/
WELLS_FARGO,R-533720,Lead Front Office Quant Developer - Modern C++,Risk and Compliance,Charlotte,NC,United States,unknown,Full time,2026-07-20 21:37:34.846518,2026-07-07 00:00:00,https://www.wellsfargojobs.com/en/jobs/r-533720/lead-front-office-quant-developer-modern-c/
WELLS_FARGO,R-558972,"Business Banker (LO) Happy Valley, OR",Risk and Compliance,Portland,OR,United States,unknown,Full time,2026-07-20 21:37:34.877188,2026-07-08 00:00:00,https://www.wellsfargojobs.com/en/jobs/r-558972/business-banker-lo-happy-valley-or/
WELLS_FARGO,R-559194,Personal Banker Greater Fredericksburg,Risk and Compliance,Warrenton,VA,United States,unknown,Full time,2026-07-20 21:37:34.899722,2026-07-08 00:00:00,https://www.wellsfargojobs.com/en/jobs/r-559194/personal-banker-greater-fredericksburg/
WELLS_FARGO,R-559270,Teller Saint George Utah,Risk and Compliance,Saint George,UT,United States,unknown,Full time,2026-07-20 21:37:34.909400,2026-07-08 00:00:00,https://www.wellsfargojobs.com/en/jobs/r-559270/teller-saint-george-utah/
WELLS_FARGO,R-559440,Teller Silver City,Risk and Compliance,Silver City,NM,United States,unknown,Full time,2026-07-20 21:37:34.938145,2026-07-09 00:00:00,https://www.wellsfargojobs.com/en/jobs/r-559440/teller-silver-city/
WELLS_FARGO,R-559414,Senior Commercial Banking Portfolio Manager,Risk and Compliance,Scottsdale,AZ,United States,unknown,Full time,2026-07-20 21:37:34.954487,2026-07-09 00:00:00,https://www.wellsfargojobs.com/en/jobs/r-559414/senior-commercial-banking-portfolio-manager/
WELLS_FARGO,R-559667,"Vice President, Lead Commercial Loan Closing Specialist",Risk and Compliance,Dallas,TX,United States,unknown,Full time,2026-07-20 21:37:34.990257,2026-07-09 00:00:00,https://www.wellsfargojobs.com/en/jobs/r-559667/vice-president-lead-commercial-loan-closing-specialist/
WELLS_FARGO,R-559428,Senior Premier Banker Countyline District,Risk and Compliance,Thousand Oaks,CA,United States,unknown,,2026-07-20 21:37:35.016112,2026-07-08 00:00:00,https://www.wellsfargojobs.com/en/jobs/r-559428/senior-premier-banker-countyline-district/
WELLS_FARGO,R-558786,Branch Manager San Tan Catalina District,Risk and Compliance,Gilbert,AZ,United States,unknown,Full time,2026-07-20 21:37:35.046511,2026-07-10 00:00:00,https://www.wellsfargojobs.com/en/jobs/r-558786/branch-manager-san-tan-catalina-district/
WELLS_FARGO,R-559208,Private Mortgage Banker (SAFE),Risk and Compliance,Omaha,NE,United States,unknown,Full time,2026-07-20 21:37:35.062605,2026-07-10 00:00:00,https://www.wellsfargojobs.com/en/jobs/r-559208/private-mortgage-banker-safe/
WELLS_FARGO,R-557617,Senior Premier Banker Riverdale,Risk and Compliance,Bronx,NY,United States,unknown,Full time,2026-07-20 21:37:35.094304,2026-07-08 00:00:00,https://www.wellsfargojobs.com/en/jobs/r-557617/senior-premier-banker-riverdale/
WELLS_FARGO,R-559209,Mortgage Retail Sales Consultant (SAFE),Risk and Compliance,Des Moines,IA,United States,unknown,Full time,2026-07-20 21:37:35.114630,2026-07-10 00:00:00,https://www.wellsfargojobs.com/en/jobs/r-559209/mortgage-retail-sales-consultant-safe/
WELLS_FARGO,R-559921,Private Mortgage Banker (SAFE),Risk and Compliance,Cockeysville,MD,United States,unknown,Full time,2026-07-20 21:37:35.125630,2026-07-13 00:00:00,https://www.wellsfargojobs.com/en/jobs/r-559921/private-mortgage-banker-safe/
WELLS_FARGO,R-559977,Private Mortgage Banker (SAFE),Risk and Compliance,Midlothian,VA,United States,unknown,Full time,2026-07-20 21:37:35.158137,2026-07-13 00:00:00,https://www.wellsfargojobs.com/en/jobs/r-559977/private-mortgage-banker-safe/
WELLS_FARGO,R-559875,Mortgage Retail Sales Consultant (SAFE),Risk and Compliance,Allentown,PA,United States,unknown,Full time,2026-07-20 21:37:35.180582,2026-07-13 00:00:00,https://www.wellsfargojobs.com/en/jobs/r-559875/mortgage-retail-sales-consultant-safe/
WELLS_FARGO,R-543120,Branch Manager Peninsula Gateway District,Risk and Compliance,Mountain View,CA,United States,unknown,Full time,2026-07-20 21:37:35.211741,2026-07-13 00:00:00,https://www.wellsfargojobs.com/en/jobs/r-543120/branch-manager-peninsula-gateway-district/
WELLS_FARGO,R-556487,Teller Part Time Ironwood,Risk and Compliance,Coeur D Alene,ID,United States,unknown,Part time,2026-07-20 21:37:35.233124,2026-07-13 00:00:00,https://www.wellsfargojobs.com/en/jobs/r-556487/teller-part-time-ironwood/
WELLS_FARGO,R-560346,Bilingual Spanish Personal Banker | 41st and Capitola,Risk and Compliance,Capitola,CA,United States,unknown,Full time,2026-07-20 21:37:35.249175,2026-07-13 00:00:00,https://www.wellsfargojobs.com/en/jobs/r-560346/bilingual-spanish-personal-banker-41st-and-capitola/
WELLS_FARGO,R-560007,Roving Banker North Dallas Suburban District,Risk and Compliance,Plano,TX,United States,unknown,Full time,2026-07-20 21:37:35.283030,2026-07-13 00:00:00,https://www.wellsfargojobs.com/en/jobs/r-560007/roving-banker-north-dallas-suburban-district/
WELLS_FARGO,R-559035,Bilingual Spanish Roving Personal Banker ROVING South East Metro,Risk and Compliance,Norcross,GA,United States,unknown,Full time,2026-07-20 21:37:35.315790,2026-07-13 00:00:00,https://www.wellsfargojobs.com/en/jobs/r-559035/bilingual-spanish-roving-personal-banker-roving-south-east-metro/
WELLS_FARGO,R-559411,Senior Premier Banker Moorpark,Risk and Compliance,Moorpark,CA,United States,unknown,Full time,2026-07-20 21:37:35.344943,2026-07-13 00:00:00,https://www.wellsfargojobs.com/en/jobs/r-559411/senior-premier-banker-moorpark/
WELLS_FARGO,R-559750,Teller Part Time Wenatchee,Risk and Compliance,Wenatchee,WA,United States,unknown,Part time,2026-07-20 21:37:35.369027,2026-07-13 00:00:00,https://www.wellsfargojobs.com/en/jobs/r-559750/teller-part-time-wenatchee/
WELLS_FARGO,R-560141,Teller Part Time Winslow,Risk and Compliance,Winslow,AZ,United States,unknown,Part time,2026-07-20 21:37:35.390805,2026-07-13 00:00:00,https://www.wellsfargojobs.com/en/jobs/r-560141/teller-part-time-winslow/
WELLS_FARGO,R-559079,Teller Bilingual Part Time New Irving Branch,Risk and Compliance,Irving,TX,United States,unknown,Part time,2026-07-20 21:37:35.408057,2026-07-13 00:00:00,https://www.wellsfargojobs.com/en/jobs/r-559079/teller-bilingual-part-time-new-irving-branch/
WELLS_FARGO,R-559254,Wealth Banking Specialist (SAFE),Risk and Compliance,Nashville,TN,United States,unknown,Full time,2026-07-20 21:37:35.441684,2026-07-14 00:00:00,https://www.wellsfargojobs.com/en/jobs/r-559254/wealth-banking-specialist-safe/
WELLS_FARGO,R-560360,Personal Banker 40 hours Flagstaff Main,Risk and Compliance,Flagstaff,AZ,United States,unknown,Full time,2026-07-20 21:37:35.472003,2026-07-14 00:00:00,https://www.wellsfargojobs.com/en/jobs/r-560360/personal-banker-40-hours-flagstaff-main/
WELLS_FARGO,R-553640,Senior Premier Banker Sequim,Risk and Compliance,Sequim,WA,United States,unknown,Full time,2026-07-20 21:37:35.500591,2026-07-14 00:00:00,https://www.wellsfargojobs.com/en/jobs/r-553640/senior-premier-banker-sequim/
WELLS_FARGO,R-555806,Senior  Premier Banker Mercer Island,Risk and Compliance,Mercer Island,WA,United States,unknown,Full time,2026-07-20 21:37:35.535080,2026-07-14 00:00:00,https://www.wellsfargojobs.com/en/jobs/r-555806/senior-premier-banker-mercer-island/
WELLS_FARGO,R-558882,Teller Part Time Indian Trace,Risk and Compliance,Weston,FL,United States,unknown,Part time,2026-07-20 21:37:35.553939,2026-07-14 00:00:00,https://www.wellsfargojobs.com/en/jobs/r-558882/teller-part-time-indian-trace/
WELLS_FARGO,R-559042,Fiduciary Advisory Director,Risk and Compliance,Dallas,TX,United States,unknown,Full time,2026-07-20 21:37:35.578720,2026-07-14 00:00:00,https://www.wellsfargojobs.com/en/jobs/r-559042/fiduciary-advisory-director/
WELLS_FARGO,R-559261,Senior Premier Banker - Laguna Beach,Risk and Compliance,Laguna Beach,CA,United States,unknown,Full time,2026-07-20 21:37:35.613435,2026-07-14 00:00:00,https://www.wellsfargojobs.com/en/jobs/r-559261/senior-premier-banker-laguna-beach/
WELLS_FARGO,R-524708,Field Compensation Product Strategy & Delivery Senior Manager,Risk and Compliance,Charlotte,NC,United States,unknown,Full time,2026-07-20 21:37:35.624435,2026-07-14 00:00:00,https://www.wellsfargojobs.com/en/jobs/r-524708/field-compensation-product-strategy-delivery-senior-manager/
WELLS_FARGO,R-560765,Senior Premier Banker Spring Twp Wyomissing,Risk and Compliance,Wyomissing,PA,United States,unknown,Full time,2026-07-20 21:37:35.656922,2026-07-14 00:00:00,https://www.wellsfargojobs.com/en/jobs/r-560765/senior-premier-banker-spring-twp-wyomissing/
WELLS_FARGO,R-557126,Lead Treasury Management Consultant,Risk and Compliance,Chicago,IL,United States,unknown,Full time,2026-07-20 21:37:35.672356,2026-07-15 00:00:00,https://www.wellsfargojobs.com/en/jobs/r-557126/lead-treasury-management-consultant/
WELLS_FARGO,R-560760,Teller Clifton Colorado,Risk and Compliance,Clifton,CO,United States,unknown,Full time,2026-07-20 21:37:35.708180,2026-07-15 00:00:00,https://www.wellsfargojobs.com/en/jobs/r-560760/teller-clifton-colorado/
WELLS_FARGO,R-560877,Personal Banker Parmer Ranch,Risk and Compliance,Georgetown,TX,United States,unknown,Full time,2026-07-20 21:37:35.720444,2026-07-14 00:00:00,https://www.wellsfargojobs.com/en/jobs/r-560877/personal-banker-parmer-ranch/
WELLS_FARGO,R-560880,"Personal Banker, Roy, UT",Risk and Compliance,Roy,UT,United States,unknown,Full time,2026-07-20 21:37:35.749712,2026-07-14 00:00:00,https://www.wellsfargojobs.com/en/jobs/r-560880/personal-banker-roy-ut/
WELLS_FARGO,R-553913,Teller Part Time Bilingual Centreville,Risk and Compliance,Centreville,VA,United States,unknown,Part time,2026-07-20 21:37:35.765506,2026-07-15 00:00:00,https://www.wellsfargojobs.com/en/jobs/r-553913/teller-part-time-bilingual-centreville/
WELLS_FARGO,R-559190,Personal Banker Farmington,Risk and Compliance,Farmington,UT,United States,unknown,Full time,2026-07-20 21:37:35.797118,2026-07-15 00:00:00,https://www.wellsfargojobs.com/en/jobs/r-559190/personal-banker-farmington/
WELLS_FARGO,R-560926,Branch Operations Coordinator | Civic Center,Risk and Compliance,San Francisco,CA,United States,unknown,Full time,2026-07-20 21:37:35.812969,2026-07-15 00:00:00,https://www.wellsfargojobs.com/en/jobs/r-560926/branch-operations-coordinator-civic-center/
WELLS_FARGO,R-557100,Relationship Banker Danbury Commerce Park,Risk and Compliance,Danbury,CT,United States,unknown,Full time,2026-07-20 21:37:35.845189,2026-07-15 00:00:00,https://www.wellsfargojobs.com/en/jobs/r-557100/relationship-banker-danbury-commerce-park/
WELLS_FARGO,R-561235,Senior Premier Banker Boerne,Risk and Compliance,Boerne,TX,United States,unknown,Full time,2026-07-20 21:37:35.875578,2026-07-16 00:00:00,https://www.wellsfargojobs.com/en/jobs/r-561235/senior-premier-banker-boerne/
WELLS_FARGO,R-556198,Teller Bilingual Edisto,Risk and Compliance,North Charleston,SC,United States,unknown,Full time,2026-07-20 21:37:35.890577,2026-07-14 00:00:00,https://www.wellsfargojobs.com/en/jobs/r-556198/teller-bilingual-edisto/
WELLS_FARGO,R-558676,Teller Prescott Valley,Risk and Compliance,Prescott Valley,AZ,United States,unknown,Full time,2026-07-20 21:37:35.919229,2026-07-07 00:00:00,https://www.wellsfargojobs.com/en/jobs/r-558676/teller-prescott-valley/
WELLS_FARGO,R-557805,Lead Merchant Product Sales Consultant - Franchise and Associations,Risk and Compliance,Irving,TX,United States,unknown,Full time,2026-07-20 21:37:35.949736,2026-07-16 00:00:00,https://www.wellsfargojobs.com/en/jobs/r-557805/lead-merchant-product-sales-consultant-franchise-and-associations/
WELLS_FARGO,R-559619,Data Center Security Shift Manager,Risk and Compliance,Garland,TX,United States,unknown,Full time,2026-07-20 21:37:35.966955,2026-07-16 00:00:00,https://www.wellsfargojobs.com/en/jobs/r-559619/data-center-security-shift-manager/
WELLS_FARGO,R-560884,Relationship Banker Reidville Road Moore SC,Risk and Compliance,Moore,SC,United States,unknown,Full time,2026-07-20 21:37:35.994993,2026-07-16 00:00:00,https://www.wellsfargojobs.com/en/jobs/r-560884/relationship-banker-reidville-road-moore-sc/
WELLS_FARGO,R-560733,Teller Part Time McKinney Towne Crossing,Risk and Compliance,Mckinney,TX,United States,unknown,Part time,2026-07-20 21:37:36.016502,2026-07-15 00:00:00,https://www.wellsfargojobs.com/en/jobs/r-560733/teller-part-time-mckinney-towne-crossing/
WELLS_FARGO,R-557268,Product Management Senior Manager,Risk and Compliance,Charlotte,NC,United States,unknown,Full time,2026-07-20 21:37:36.032843,2026-07-16 00:00:00,https://www.wellsfargojobs.com/en/jobs/r-557268/product-management-senior-manager/
WELLS_FARGO,R-551252,"Senior Premier Banker, Triangle Southwest District",Risk and Compliance,Cary,NC,United States,unknown,Full time,2026-07-20 21:37:36.065017,2026-07-16 00:00:00,https://www.wellsfargojobs.com/en/jobs/r-551252/senior-premier-banker-triangle-southwest-district/
WELLS_FARGO,R-560017,Personal Banker Indian Harbour Beach,Risk and Compliance,Indian Harbour Beach,FL,United States,unknown,Full time,2026-07-20 21:37:36.091016,2026-07-15 00:00:00,https://www.wellsfargojobs.com/en/jobs/r-560017/personal-banker-indian-harbour-beach/
WELLS_FARGO,R-551329,Personal Banker Bilingual- Springtown,Risk and Compliance,Springtown,TX,United States,unknown,Full time,2026-07-20 21:37:36.111646,2026-07-14 00:00:00,https://www.wellsfargojobs.com/en/jobs/r-551329/personal-banker-bilingual-springtown/
WELLS_FARGO,R-559164,Senior Premier Banker Dadeland Miami FL,Risk and Compliance,Miami,FL,United States,unknown,Full time,2026-07-20 21:37:36.139651,2026-07-15 00:00:00,https://www.wellsfargojobs.com/en/jobs/r-559164/senior-premier-banker-dadeland-miami-fl/
WELLS_FARGO,R-553044,Branch Manager Central Washington District,Risk and Compliance,Wenatchee,WA,United States,unknown,Full time,2026-07-20 21:37:36.156414,2026-07-15 00:00:00,https://www.wellsfargojobs.com/en/jobs/r-553044/branch-manager-central-washington-district/
WELLS_FARGO,R-560818,Personal Banker Olympic Towne Center,Risk and Compliance,Gig Harbor,WA,United States,unknown,Full time,2026-07-20 21:37:36.187874,2026-07-15 00:00:00,https://www.wellsfargojobs.com/en/jobs/r-560818/personal-banker-olympic-towne-center/
WELLS_FARGO,R-554138,Personal Banker,Risk and Compliance,San Luis Obispo,CA,United States,unknown,Full time,2026-07-20 21:37:36.214408,2026-07-17 00:00:00,https://www.wellsfargojobs.com/en/jobs/r-554138/personal-banker/
WELLS_FARGO,R-560596,Teller Chula Vista,Risk and Compliance,Chula Vista,CA,United States,unknown,Full time,2026-07-20 21:37:36.235460,2026-07-17 00:00:00,https://www.wellsfargojobs.com/en/jobs/r-560596/teller-chula-vista/
WELLS_FARGO,R-561096,Personal Banker West Irvington,Risk and Compliance,Irvington,NJ,United States,unknown,Full time,2026-07-20 21:37:36.251878,2026-07-17 00:00:00,https://www.wellsfargojobs.com/en/jobs/r-561096/personal-banker-west-irvington/
WELLS_FARGO,R-561181,Senior Secured Lending Underwriter,Risk and Compliance,Atlanta,GA,United States,unknown,Full time,2026-07-20 21:37:36.267403,2026-07-17 00:00:00,https://www.wellsfargojobs.com/en/jobs/r-561181/senior-secured-lending-underwriter/
WELLS_FARGO,R-561495,Branch Operations Coordinator - Billings Heights,Risk and Compliance,Billings,MT,United States,unknown,Full time,2026-07-20 21:37:36.299181,2026-07-17 00:00:00,https://www.wellsfargojobs.com/en/jobs/r-561495/branch-operations-coordinator-billings-heights/
WELLS_FARGO,R-561455,FiNet Division Support Manager,Risk and Compliance,Saint Louis,MO,United States,unknown,Full time,2026-07-20 21:37:36.318586,2026-07-17 00:00:00,https://www.wellsfargojobs.com/en/jobs/r-561455/finet-division-support-manager/
WELLS_FARGO,R-561451,Teller Part Time Burnet,Risk and Compliance,Burnet,TX,United States,unknown,Part time,2026-07-20 21:37:36.328584,2026-07-16 00:00:00,https://www.wellsfargojobs.com/en/jobs/r-561451/teller-part-time-burnet/
WELLS_FARGO,R-556423,Teller Part Time Bilingual Spanish Vancouver Mall,Risk and Compliance,Vancouver,WA,United States,unknown,Part time,2026-07-20 21:37:36.360691,2026-07-17 00:00:00,https://www.wellsfargojobs.com/en/jobs/r-556423/teller-part-time-bilingual-spanish-vancouver-mall/
WELLS_FARGO,R-560616,Commercial Loan Servicing Specialist,Operations,Irving,TX,United States,unknown,Full time,2026-07-20 21:37:36.385983,2026-07-17 00:00:00,https://www.wellsfargojobs.com/en/jobs/r-560616/commercial-loan-servicing-specialist/
WELLS_FARGO,R-561958,Personal Banker,Risk and Compliance,Northridge,CA,United States,unknown,Full time,2026-07-20 21:37:36.408324,2026-07-17 00:00:00,https://www.wellsfargojobs.com/en/jobs/r-561958/personal-banker/
WELLS_FARGO,R-560378,Market Credit Leader Manager - Central Region Centralized Credit Team,Risk and Compliance,Minneapolis,MN,United States,unknown,Full time,2026-07-20 21:37:36.433035,2026-07-17 00:00:00,https://www.wellsfargojobs.com/en/jobs/r-560378/market-credit-leader-manager-central-region-centralized-credit-team/
WELLS_FARGO,R-561156,Personal Banker Sumter Main,Risk and Compliance,Sumter,SC,United States,unknown,Full time,2026-07-20 21:37:36.457464,2026-07-16 00:00:00,https://www.wellsfargojobs.com/en/jobs/r-561156/personal-banker-sumter-main/
WELLS_FARGO,R-560339,Registered Client Associate,Risk and Compliance,Hagerstown,MD,United States,unknown,Full time,2026-07-20 21:37:36.478052,2026-07-16 00:00:00,https://www.wellsfargojobs.com/en/jobs/r-560339/registered-client-associate/
WELLS_FARGO,R-560235,Teller Bilingual Part Time North Sacramento,Risk and Compliance,Sacramento,CA,United States,unknown,Part time,2026-07-20 21:37:36.502993,2026-07-15 00:00:00,https://www.wellsfargojobs.com/en/jobs/r-560235/teller-bilingual-part-time-north-sacramento/
WELLS_FARGO,R-561432,Teller Part Time Lewis Plaza,Risk and Compliance,Greenville,SC,United States,unknown,Part time,2026-07-20 21:37:36.526918,2026-07-17 00:00:00,https://www.wellsfargojobs.com/en/jobs/r-561432/teller-part-time-lewis-plaza/
WELLS_FARGO,R-554040,Personal Banker Oakhurst,Risk and Compliance,Seminole,FL,United States,unknown,Full time,2026-07-20 21:37:36.549169,2026-07-17 00:00:00,https://www.wellsfargojobs.com/en/jobs/r-554040/personal-banker-oakhurst/
WELLS_FARGO,R-558279,Branch Operations Coordinator Willis,Risk and Compliance,Willis,TX,United States,unknown,Full time,2026-07-20 21:37:36.567555,2026-07-17 00:00:00,https://www.wellsfargojobs.com/en/jobs/r-558279/branch-operations-coordinator-willis/
WELLS_FARGO,R-561559,Personal Banker roving Southern Monmouth District,Risk and Compliance,Neptune,NJ,United States,unknown,Full time,2026-07-20 21:37:36.591898,2026-07-17 00:00:00,https://www.wellsfargojobs.com/en/jobs/r-561559/personal-banker-roving-southern-monmouth-district/
WELLS_FARGO,R-560799,Senior Lead Wealth Custom Credit Banker,Sales and Relationship Management,Philadelphia,PA,United States,unknown,,2026-07-20 21:37:36.608593,2026-07-15 00:00:00,https://www.wellsfargojobs.com/en/jobs/r-560799/senior-lead-wealth-custom-credit-banker/
WELLS_FARGO,R-559501,Senior AI Lead Data Management Analyst -,Risk and Compliance,Charlotte,NC,United States,unknown,Full time,2026-07-20 21:37:36.636727,2026-07-17 00:00:00,https://www.wellsfargojobs.com/en/jobs/r-559501/senior-ai-lead-data-management-analyst/
WELLS_FARGO,R-558679,Senior Analytics Consultant - Auto Pricing,Risk and Compliance,Charlotte,NC,United States,unknown,Full time,2026-07-20 21:37:36.655942,2026-07-17 00:00:00,https://www.wellsfargojobs.com/en/jobs/r-558679/senior-analytics-consultant-auto-pricing/
WELLS_FARGO,R-560826,Markets FP&A Senior Financial Planning Analyst,Risk and Compliance,Charlotte,NC,United States,unknown,Full time,2026-07-20 21:37:36.671677,2026-07-17 00:00:00,https://www.wellsfargojobs.com/en/jobs/r-560826/markets-fp-a-senior-financial-planning-analyst/
WELLS_FARGO,R-552706,Personal Banker Walnut Park,Risk and Compliance,Portland,OR,United States,unknown,Full time,2026-07-20 21:37:36.703271,2026-07-20 00:00:00,https://www.wellsfargojobs.com/en/jobs/r-552706/personal-banker-walnut-park/
WELLS_FARGO,R-559821,Branch Operations Coordinator Jamestown,Risk and Compliance,Jamestown,ND,United States,unknown,Full time,2026-07-20 21:37:36.719809,2026-07-20 00:00:00,https://www.wellsfargojobs.com/en/jobs/r-559821/branch-operations-coordinator-jamestown/
WELLS_FARGO,R-560407,Lead Systems Operations Engineer,Risk and Compliance,Iselin,NJ,United States,unknown,Full time,2026-07-20 21:37:36.741634,2026-07-20 00:00:00,https://www.wellsfargojobs.com/en/jobs/r-560407/lead-systems-operations-engineer/
WELLS_FARGO,R-561539,Registered Client Associate,Risk and Compliance,Ponte Vedra Beach,FL,United States,unknown,Full time,2026-07-20 21:37:36.759857,2026-07-20 00:00:00,https://www.wellsfargojobs.com/en/jobs/r-561539/registered-client-associate/
WELLS_FARGO,R-545680,Senior Wealth Banking Specialist (SAFE),Risk and Compliance,Walnut Creek,CA,United States,unknown,Full time,2026-07-20 21:37:36.782342,2026-07-20 00:00:00,https://www.wellsfargojobs.com/en/jobs/r-545680/senior-wealth-banking-specialist-safe/
WELLS_FARGO,R-556180,Platform Technical Director – Wealth & Investment Technology,Risk and Compliance,Charlotte,NC,United States,unknown,Full time,2026-07-20 21:37:36.797486,2026-07-20 00:00:00,https://www.wellsfargojobs.com/en/jobs/r-556180/platform-technical-director-wealth-investment-technology/
WELLS_FARGO,R-555689,Senior Branch Premier Banker Chapel Hill University,Risk and Compliance,Chapel Hill,NC,United States,unknown,Full time,2026-07-20 21:37:36.829264,2026-07-20 00:00:00,https://www.wellsfargojobs.com/en/jobs/r-555689/senior-branch-premier-banker-chapel-hill-university/
WELLS_FARGO,R-549641,Teller Part Time North Boca,Risk and Compliance,Boca Raton,FL,United States,unknown,Part time,2026-07-20 21:37:36.845054,2026-07-20 00:00:00,https://www.wellsfargojobs.com/en/jobs/r-549641/teller-part-time-north-boca/
WELLS_FARGO,R-561876,Branch Operations Manager Woodrow Bean,Risk and Compliance,El Paso,TX,United States,unknown,Full time,2026-07-20 21:37:36.881725,2026-07-20 00:00:00,https://www.wellsfargojobs.com/en/jobs/r-561876/branch-operations-manager-woodrow-bean/
WELLS_FARGO,R-555113,Teller Brighton,Risk and Compliance,Salt Lake City,UT,United States,unknown,Full time,2026-07-20 21:37:36.906223,2026-07-20 00:00:00,https://www.wellsfargojobs.com/en/jobs/r-555113/teller-brighton/
WELLS_FARGO,R-561673,Teller Van Nuys,Risk and Compliance,Van Nuys,CA,United States,unknown,Full time,2026-07-20 21:37:36.929256,2026-07-20 00:00:00,https://www.wellsfargojobs.com/en/jobs/r-561673/teller-van-nuys/
WELLS_FARGO,R-560588,"Principal Engineer – ICMP & IDOCS Platform Solution Lead (Enterprise Content Management, Java Platform Engineering & AI-Enabled Document Services)",Cloud and Infrastructure,Charlotte,NC,United States,unknown,Full time,2026-07-20 21:37:36.955615,2026-07-20 00:00:00,https://www.wellsfargojobs.com/en/jobs/r-560588/principal-engineer-icmp-idocs-platform-solution-lead-enterprise-content-management-java-platform-engineering-ai-enabled-document-services/
WELLS_FARGO,R-562236,Branch Operations Coordinator Tribeca DeNovo,Risk and Compliance,New York,NY,United States,unknown,Full time,2026-07-20 21:37:36.979332,2026-07-20 00:00:00,https://www.wellsfargojobs.com/en/jobs/r-562236/branch-operations-coordinator-tribeca-denovo/
WELLS_FARGO,R-550286,Personal Banker Broadway & Dey Street DeNovo,Risk and Compliance,New York,NY,United States,unknown,Full time,2026-07-20 21:37:37.007429,2026-07-20 00:00:00,https://www.wellsfargojobs.com/en/jobs/r-550286/personal-banker-broadway-dey-street-denovo/
WELLS_FARGO,R-555701,Senior Premier Banker Lighthouse Point,Risk and Compliance,Lighthouse Point,FL,United States,unknown,Full time,2026-07-20 21:37:37.033539,2026-07-20 00:00:00,https://www.wellsfargojobs.com/en/jobs/r-555701/senior-premier-banker-lighthouse-point/
WELLS_FARGO,R-561249,Premier Banker Cypress,Risk and Compliance,Houston,TX,United States,unknown,Full time,2026-07-20 21:37:37.048827,2026-07-20 00:00:00,https://www.wellsfargojobs.com/en/jobs/r-561249/premier-banker-cypress/
WELLS_FARGO,R-540638,Private Mortgage Banker (SAFE),Risk and Compliance,Short Hills,NJ,United States,unknown,Full time,2026-07-20 21:37:37.079633,2026-04-29 00:00:00,https://www.wellsfargojobs.com/en/jobs/r-540638/private-mortgage-banker-safe/
WELLS_FARGO,R-547561,CA-WA Private Mortgage Banker (SAFE),Risk and Compliance,San Jose,CA,United States,unknown,Full time,2026-07-20 21:37:37.095572,2026-05-20 00:00:00,https://www.wellsfargojobs.com/en/jobs/r-547561/ca-wa-private-mortgage-banker-safe/
WELLS_FARGO,R-547527,CA-WA Private Mortgage Banker (SAFE),Risk and Compliance,San Jose,CA,United States,unknown,Full time,2026-07-20 21:37:37.112444,2026-05-20 00:00:00,https://www.wellsfargojobs.com/en/jobs/r-547527/ca-wa-private-mortgage-banker-safe/
WELLS_FARGO,R-530473,Lead Commercial Banking Relationship Manager,Sales and Relationship Management,Cincinnati,OH,United States,unknown,Full time,2026-07-20 21:37:37.143110,2026-05-28 00:00:00,https://www.wellsfargojobs.com/en/jobs/r-530473/lead-commercial-banking-relationship-manager/
WELLS_FARGO,R-555250,Community Mortgage Bank Sales Consultant,Risk and Compliance,Chula Vista,CA,United States,unknown,Full time,2026-07-20 21:37:37.166650,2026-06-22 00:00:00,https://www.wellsfargojobs.com/en/jobs/r-555250/community-mortgage-bank-sales-consultant/
WELLS_FARGO,R-555428,Senior Business Relationship Manager (LO) Orlando,Risk and Compliance,Orlando,FL,United States,unknown,Full time,2026-07-20 21:37:37.172650,2026-06-24 00:00:00,https://www.wellsfargojobs.com/en/jobs/r-555428/senior-business-relationship-manager-lo-orlando/
WELLS_FARGO,R-555912,Mortgage Retail Sales Consultant (SAFE) Houston,Risk and Compliance,Houston,TX,United States,unknown,,2026-07-20 21:37:37.204411,2026-06-24 00:00:00,https://www.wellsfargojobs.com/en/jobs/r-555912/mortgage-retail-sales-consultant-safe-houston/
WELLS_FARGO,R-554475,CA-WA Private Mortgage Banker (SAFE),Risk and Compliance,Irvine,CA,United States,unknown,Full time,2026-07-20 21:37:37.220106,2026-06-25 00:00:00,https://www.wellsfargojobs.com/en/jobs/r-554475/ca-wa-private-mortgage-banker-safe/
WELLS_FARGO,R-556223,Private Mortgage Banker,Risk and Compliance,Charlotte,NC,United States,unknown,Full time,2026-07-20 21:37:37.244900,2026-06-25 00:00:00,https://www.wellsfargojobs.com/en/jobs/r-556223/private-mortgage-banker/
WELLS_FARGO,R-556226,Private Mortgage Banker,Risk and Compliance,Roswell,GA,United States,unknown,Full time,2026-07-20 21:37:37.252575,2026-06-25 00:00:00,https://www.wellsfargojobs.com/en/jobs/r-556226/private-mortgage-banker/
WELLS_FARGO,R-555489,2027 Global Payments & Liquidity Internship – Early Careers,Risk and Compliance,Charlotte,NC,United States,unknown,Full time,2026-07-20 21:37:37.297483,2026-06-26 00:00:00,https://www.wellsfargojobs.com/en/jobs/r-555489/2027-global-payments-liquidity-internship-early-careers/
WELLS_FARGO,R-555721,2027 Commercial Banking Summer Internship – Early Careers (CA/CO),Risk and Compliance,Los Angeles,CA,United States,unknown,Full time,2026-07-20 21:37:37.329042,2026-06-26 00:00:00,https://www.wellsfargojobs.com/en/jobs/r-555721/2027-commercial-banking-summer-internship-early-careers-ca-co/
WELLS_FARGO,R-556364,Senior Premier Banker North Central Georgia District,Risk and Compliance,Snellville,GA,United States,unknown,Full time,2026-07-20 21:37:37.356582,2026-06-26 00:00:00,https://www.wellsfargojobs.com/en/jobs/r-556364/senior-premier-banker-north-central-georgia-district/
WELLS_FARGO,R-552099,Teller Skagway AK,Risk and Compliance,Skagway,AK,United States,unknown,Full time,2026-07-20 21:37:37.380579,2026-06-30 00:00:00,https://www.wellsfargojobs.com/en/jobs/r-552099/teller-skagway-ak/
WELLS_FARGO,R-555292,Relationship Banker Palmetto District,Risk and Compliance,Cayce,SC,United States,unknown,Full time,2026-07-20 21:37:37.408900,2026-06-29 00:00:00,https://www.wellsfargojobs.com/en/jobs/r-555292/relationship-banker-palmetto-district/
WELLS_FARGO,R-556830,Person Banker- Central & South Dallas,Risk and Compliance,Dallas,TX,United States,unknown,Full time,2026-07-20 21:37:37.429952,2026-06-29 00:00:00,https://www.wellsfargojobs.com/en/jobs/r-556830/person-banker-central-south-dallas/
WELLS_FARGO,R-556501,Senior Premier Banker Southern Sacramento Valley,Risk and Compliance,Elk Grove,CA,United States,unknown,Full time,2026-07-20 21:37:37.456139,2026-06-26 00:00:00,https://www.wellsfargojobs.com/en/jobs/r-556501/senior-premier-banker-southern-sacramento-valley/
WELLS_FARGO,R-557154,Senior Premier Banker Mid-Peninsula District,Risk and Compliance,Belmont,CA,United States,unknown,Full time,2026-07-20 21:37:37.494654,2026-06-30 00:00:00,https://www.wellsfargojobs.com/en/jobs/r-557154/senior-premier-banker-mid-peninsula-district/
WELLS_FARGO,R-557352,Branch Manager Soundview District,Risk and Compliance,Sequim,WA,United States,unknown,Full time,2026-07-20 21:37:37.518294,2026-07-01 00:00:00,https://www.wellsfargojobs.com/en/jobs/r-557352/branch-manager-soundview-district/
WELLS_FARGO,R-554432,Teller Part Time North Auburn,Risk and Compliance,Auburn,CA,United States,unknown,Part time,2026-07-20 21:37:37.547635,2026-07-01 00:00:00,https://www.wellsfargojobs.com/en/jobs/r-554432/teller-part-time-north-auburn/
WELLS_FARGO,R-557371,Teller Union Square Lakewood,Risk and Compliance,Lakewood,CO,United States,unknown,Full time,2026-07-20 21:37:37.563944,2026-07-02 00:00:00,https://www.wellsfargojobs.com/en/jobs/r-557371/teller-union-square-lakewood/
WELLS_FARGO,R-557967,Relationship Banker East Bay Ridge,Risk and Compliance,Orinda,CA,United States,unknown,Full time,2026-07-20 21:37:37.595204,2026-07-02 00:00:00,https://www.wellsfargojobs.com/en/jobs/r-557967/relationship-banker-east-bay-ridge/
WELLS_FARGO,R-558197,Senior Premier Banker North San Diego District,Risk and Compliance,San Marcos,CA,United States,unknown,Full time,2026-07-20 21:37:37.634414,2026-07-03 00:00:00,https://www.wellsfargojobs.com/en/jobs/r-558197/senior-premier-banker-north-san-diego-district/
WELLS_FARGO,R-558229,Personal Banker Pierre,Risk and Compliance,Pierre,SD,United States,unknown,Full time,2026-07-20 21:37:37.657618,2026-07-03 00:00:00,https://www.wellsfargojobs.com/en/jobs/r-558229/personal-banker-pierre/
WELLS_FARGO,R-558268,Senior Premier Banker North East Georgia District,Risk and Compliance,Gainesville,GA,United States,unknown,Full time,2026-07-20 21:37:37.672622,2026-07-03 00:00:00,https://www.wellsfargojobs.com/en/jobs/r-558268/senior-premier-banker-north-east-georgia-district/
WELLS_FARGO,R-558042,Teller Part Time Bilingual Sequoia Branch,Risk and Compliance,Albuquerque,NM,United States,unknown,Part time,2026-07-20 21:37:37.708758,2026-07-06 00:00:00,https://www.wellsfargojobs.com/en/jobs/r-558042/teller-part-time-bilingual-sequoia-branch/
WELLS_FARGO,R-559120,Senior Premier Banker York Lancaster PA District,Risk and Compliance,Lancaster,PA,United States,unknown,,2026-07-20 21:37:37.734432,2026-07-07 00:00:00,https://www.wellsfargojobs.com/en/jobs/r-559120/senior-premier-banker-york-lancaster-pa-district/
WELLS_FARGO,R-559161,Personal Banker Foothills District,Risk and Compliance,Greenville,SC,United States,unknown,Full time,2026-07-20 21:37:37.757238,2026-07-07 00:00:00,https://www.wellsfargojobs.com/en/jobs/r-559161/personal-banker-foothills-district/
WELLS_FARGO,R-538237,Private Mortgage Banker (SAFE),Risk and Compliance,New York,NY,United States,unknown,Full time,2026-07-20 21:37:37.766500,2026-07-08 00:00:00,https://www.wellsfargojobs.com/en/jobs/r-538237/private-mortgage-banker-safe/
WELLS_FARGO,R-551806,Vice President - Lead Commercial Real Estate Portfolio Manager,Risk and Compliance,Irvine,CA,United States,unknown,Full time,2026-07-20 21:37:37.797366,2026-07-08 00:00:00,https://www.wellsfargojobs.com/en/jobs/r-551806/vice-president-lead-commercial-real-estate-portfolio-manager/
WELLS_FARGO,R-559476,Lead Information Security Engineer (#002247),Cybersecurity,Minneapolis,MN,United States,unknown,Full time,2026-07-20 21:37:37.813213,2026-07-09 00:00:00,https://www.wellsfargojobs.com/en/jobs/r-559476/lead-information-security-engineer-002247/
WELLS_FARGO,R-558968,Branch Manager Southern Utah District,Risk and Compliance,Saint George,UT,United States,unknown,Full time,2026-07-20 21:37:37.843248,2026-07-09 00:00:00,https://www.wellsfargojobs.com/en/jobs/r-558968/branch-manager-southern-utah-district/
WELLS_FARGO,R-532054,Senior Lead Wealth Underwriter - LSG,Risk and Compliance,San Francisco,CA,United States,unknown,Full time,2026-07-20 21:37:37.869482,2026-07-10 00:00:00,https://www.wellsfargojobs.com/en/jobs/r-532054/senior-lead-wealth-underwriter-lsg/
WELLS_FARGO,R-559128,Personal Banker Burnsville,Risk and Compliance,Burnsville,NC,United States,unknown,Full time,2026-07-20 21:37:37.892605,2026-07-10 00:00:00,https://www.wellsfargojobs.com/en/jobs/r-559128/personal-banker-burnsville/
WELLS_FARGO,R-556037,Branch Operations Coordinator Comfort,Risk and Compliance,Comfort,TX,United States,unknown,Full time,2026-07-20 21:37:37.909733,2026-07-10 00:00:00,https://www.wellsfargojobs.com/en/jobs/r-556037/branch-operations-coordinator-comfort/
WELLS_FARGO,R-559967,Personal Banker Greater Vine Yountville Santa Rosa CA,Risk and Compliance,Yountville,CA,United States,unknown,Full time,2026-07-20 21:37:37.937271,2026-07-12 00:00:00,https://www.wellsfargojobs.com/en/jobs/r-559967/personal-banker-greater-vine-yountville-santa-rosa-ca/
WELLS_FARGO,R-559961,Mortgage Retail Sales Consultant (SAFE),Risk and Compliance,Chesterfield,VA,United States,unknown,Full time,2026-07-20 21:37:37.958785,2026-07-13 00:00:00,https://www.wellsfargojobs.com/en/jobs/r-559961/mortgage-retail-sales-consultant-safe/
WELLS_FARGO,R-560004,Mortgage Retail Sales Coordinator (SAFE),Risk and Compliance,Plymouth Meeting,PA,United States,unknown,Full time,2026-07-20 21:37:37.964762,2026-07-13 00:00:00,https://www.wellsfargojobs.com/en/jobs/r-560004/mortgage-retail-sales-coordinator-safe/
WELLS_FARGO,R-560257,"Branch Manager - Fairfax Central District, VA",Risk and Compliance,Springfield,VA,United States,unknown,Full time,2026-07-20 21:37:37.996555,2026-07-13 00:00:00,https://www.wellsfargojobs.com/en/jobs/r-560257/branch-manager-fairfax-central-district-va/
WELLS_FARGO,R-559724,"Business Banker (LO) Pensacola, FL",Risk and Compliance,Pensacola,FL,United States,unknown,Full time,2026-07-20 21:37:38.030228,2026-07-13 00:00:00,https://www.wellsfargojobs.com/en/jobs/r-559724/business-banker-lo-pensacola-fl/
WELLS_FARGO,R-559980,Private Mortgage Banker (SAFE),Risk and Compliance,Virginia Beach,VA,United States,unknown,Full time,2026-07-20 21:37:38.053503,2026-07-13 00:00:00,https://www.wellsfargojobs.com/en/jobs/r-559980/private-mortgage-banker-safe/
WELLS_FARGO,R-559710,Community Mortgage Bank Sales Consultant (SAFE),Risk and Compliance,Allentown,PA,United States,unknown,Full time,2026-07-20 21:37:38.064830,2026-07-13 00:00:00,https://www.wellsfargojobs.com/en/jobs/r-559710/community-mortgage-bank-sales-consultant-safe/
WELLS_FARGO,R-559872,Mortgage Retail Sales Consultant (SAFE),Risk and Compliance,Levittown,PA,United States,unknown,Full time,2026-07-20 21:37:38.080543,2026-07-13 00:00:00,https://www.wellsfargojobs.com/en/jobs/r-559872/mortgage-retail-sales-consultant-safe/
WELLS_FARGO,R-554260,Credit Services Technology Delivery Lead,Risk and Compliance,Chandler,AZ,United States,unknown,Full time,2026-07-20 21:37:38.110084,2026-07-13 00:00:00,https://www.wellsfargojobs.com/en/jobs/r-554260/credit-services-technology-delivery-lead/
WELLS_FARGO,R-540359,Lead Systems Operations Engineer,Cloud and Infrastructure,Charlotte,NC,United States,unknown,Full time,2026-07-20 21:37:38.128773,2026-07-13 00:00:00,https://www.wellsfargojobs.com/en/jobs/r-540359/lead-systems-operations-engineer/
WELLS_FARGO,R-559797,"Business Banker (LO) Palmetto, FL",Risk and Compliance,Palmetto,FL,United States,unknown,Full time,2026-07-20 21:37:38.158089,2026-07-13 00:00:00,https://www.wellsfargojobs.com/en/jobs/r-559797/business-banker-lo-palmetto-fl/
WELLS_FARGO,R-559418,"Business Banker (LO) El Cajon, CA",Risk and Compliance,El Cajon,CA,United States,unknown,Full time,2026-07-20 21:37:38.183269,2026-07-13 00:00:00,https://www.wellsfargojobs.com/en/jobs/r-559418/business-banker-lo-el-cajon-ca/
WELLS_FARGO,R-558493,Associate Customer Service Representative Everyday Banking,Risk and Compliance,Roanoke,VA,United States,unknown,Full time,2026-07-20 21:37:38.205386,2026-07-13 00:00:00,https://www.wellsfargojobs.com/en/jobs/r-558493/associate-customer-service-representative-everyday-banking/
WELLS_FARGO,R-548922,Senior Premier Banker Waterford Plaza Branch,Risk and Compliance,San Jose,CA,United States,unknown,Full time,2026-07-20 21:37:38.234649,2026-07-13 00:00:00,https://www.wellsfargojobs.com/en/jobs/r-548922/senior-premier-banker-waterford-plaza-branch/
WELLS_FARGO,R-560454,Home Mortgage Consultant (SAFE),Risk and Compliance,New York,NY,United States,unknown,,2026-07-20 21:37:38.251115,2026-07-13 00:00:00,https://www.wellsfargojobs.com/en/jobs/r-560454/home-mortgage-consultant-safe/
WELLS_FARGO,R-560493,Branch Manager - Prince William North - Virginia,Risk and Compliance,Manassas,VA,United States,unknown,Full time,2026-07-20 21:37:38.282012,2026-07-13 00:00:00,https://www.wellsfargojobs.com/en/jobs/r-560493/branch-manager-prince-william-north-virginia/
WELLS_FARGO,R-559406,Senior Premier Banker Thousand Oaks,Risk and Compliance,Thousand Oaks,CA,United States,unknown,Full time,2026-07-20 21:37:38.314916,2026-07-13 00:00:00,https://www.wellsfargojobs.com/en/jobs/r-559406/senior-premier-banker-thousand-oaks/
WELLS_FARGO,R-560527,Beach and Valley District | Personal Banker,Risk and Compliance,Capitola,CA,United States,unknown,Full time,2026-07-20 21:37:38.345682,2026-07-13 00:00:00,https://www.wellsfargojobs.com/en/jobs/r-560527/beach-and-valley-district-personal-banker/
WELLS_FARGO,R-560559,Golden Gate Financial District | Teller,Risk and Compliance,San Francisco,CA,United States,unknown,Full time,2026-07-20 21:37:38.377151,2026-07-13 00:00:00,https://www.wellsfargojobs.com/en/jobs/r-560559/golden-gate-financial-district-teller/
WELLS_FARGO,R-557362,Personal Banker,Risk and Compliance,Morro Bay,CA,United States,unknown,Full time,2026-07-20 21:37:38.399254,2026-07-13 00:00:00,https://www.wellsfargojobs.com/en/jobs/r-557362/personal-banker/
WELLS_FARGO,R-559383,Senior Premier Banker Central Bend OR,Risk and Compliance,Bend,OR,United States,unknown,Full time,2026-07-20 21:37:38.421855,2026-07-14 00:00:00,https://www.wellsfargojobs.com/en/jobs/r-559383/senior-premier-banker-central-bend-or/
WELLS_FARGO,R-559408,"Business Banker (LO) Berkeley, CA",Risk and Compliance,Berkeley,CA,United States,unknown,Full time,2026-07-20 21:37:38.447374,2026-07-14 00:00:00,https://www.wellsfargojobs.com/en/jobs/r-559408/business-banker-lo-berkeley-ca/
WELLS_FARGO,R-560068,Branch Manager Tri County District,Risk and Compliance,Livingston,NJ,United States,unknown,Full time,2026-07-20 21:37:38.484124,2026-07-14 00:00:00,https://www.wellsfargojobs.com/en/jobs/r-560068/branch-manager-tri-county-district/
WELLS_FARGO,R-551543,Senior Business Banking Relationship Manager (LO),Risk and Compliance,Miami,FL,United States,unknown,Full time,2026-07-20 21:37:38.500881,2026-07-14 00:00:00,https://www.wellsfargojobs.com/en/jobs/r-551543/senior-business-banking-relationship-manager-lo/
WELLS_FARGO,R-557369,Personal Banker Downtown OC District,Risk and Compliance,Santa Ana,CA,United States,unknown,Full time,2026-07-20 21:37:38.517181,2026-07-14 00:00:00,https://www.wellsfargojobs.com/en/jobs/r-557369/personal-banker-downtown-oc-district/
WELLS_FARGO,R-556609,Teller 20 Hour- Bilingual Carrier & I-20,Risk and Compliance,Grand Prairie,TX,United States,unknown,Part time,2026-07-20 21:37:38.548704,2026-07-14 00:00:00,https://www.wellsfargojobs.com/en/jobs/r-556609/teller-20-hour-bilingual-carrier-i-20/
WELLS_FARGO,R-557188,Personal Banker Centerville,Risk and Compliance,Centerville,TX,United States,unknown,Full time,2026-07-20 21:37:38.574471,2026-07-14 00:00:00,https://www.wellsfargojobs.com/en/jobs/r-557188/personal-banker-centerville/
WELLS_FARGO,R-550039,Teller Part Time Bell,Risk and Compliance,Bell,CA,United States,unknown,Part time,2026-07-20 21:37:38.596472,2026-07-14 00:00:00,https://www.wellsfargojobs.com/en/jobs/r-550039/teller-part-time-bell/
WELLS_FARGO,R-557109,Personal Banker Thornwood,Risk and Compliance,Thornwood,NY,United States,unknown,Full time,2026-07-20 21:37:38.619777,2026-07-14 00:00:00,https://www.wellsfargojobs.com/en/jobs/r-557109/personal-banker-thornwood/
WELLS_FARGO,R-560899,Roving Personal Banker Delta Breeze District,Risk and Compliance,Antioch,CA,United States,unknown,Full time,2026-07-20 21:37:38.631250,2026-07-14 00:00:00,https://www.wellsfargojobs.com/en/jobs/r-560899/roving-personal-banker-delta-breeze-district/
WELLS_FARGO,R-560991,Credit Risk Specialist,Risk and Compliance,Charlotte,NC,United States,unknown,Full time,2026-07-20 21:37:38.663643,2026-07-14 00:00:00,https://www.wellsfargojobs.com/en/jobs/r-560991/credit-risk-specialist/
WELLS_FARGO,R-560914,Personal Banker (SAFE) - West Olympia,Risk and Compliance,Olympia,WA,United States,unknown,Full time,2026-07-20 21:37:38.694524,2026-07-15 00:00:00,https://www.wellsfargojobs.com/en/jobs/r-560914/personal-banker-safe-west-olympia/
WELLS_FARGO,R-554578,Senior Premier Banker Somerset,Risk and Compliance,Somerset,NJ,United States,unknown,Full time,2026-07-20 21:37:38.726455,2026-07-15 00:00:00,https://www.wellsfargojobs.com/en/jobs/r-554578/senior-premier-banker-somerset/
WELLS_FARGO,R-561012,Teller Part Time Murray Utah,Risk and Compliance,Murray,UT,United States,unknown,Part time,2026-07-20 21:37:38.742098,2026-07-15 00:00:00,https://www.wellsfargojobs.com/en/jobs/r-561012/teller-part-time-murray-utah/
WELLS_FARGO,R-561013,Teller Geneva Orem Utah,Risk and Compliance,Orem,UT,United States,unknown,Full time,2026-07-20 21:37:38.774335,2026-07-15 00:00:00,https://www.wellsfargojobs.com/en/jobs/r-561013/teller-geneva-orem-utah/
WELLS_FARGO,R-561258,Teller - Jackson - Up to 40hrs,Risk and Compliance,Jackson,WY,United States,unknown,Full time,2026-07-20 21:37:38.797006,2026-07-15 00:00:00,https://www.wellsfargojobs.com/en/jobs/r-561258/teller-jackson-up-to-40hrs/
WELLS_FARGO,R-553659,Branch Manager Northern Alaska,Risk and Compliance,Fairbanks,AK,United States,unknown,Full time,2026-07-20 21:37:38.812655,2026-07-15 00:00:00,https://www.wellsfargojobs.com/en/jobs/r-553659/branch-manager-northern-alaska/
WELLS_FARGO,R-560728,Teller Temple,Risk and Compliance,Temple,TX,United States,unknown,Full time,2026-07-20 21:37:38.848025,2026-07-15 00:00:00,https://www.wellsfargojobs.com/en/jobs/r-560728/teller-temple/
WELLS_FARGO,R-560562,Private Mortgage Banker,Risk and Compliance,Roseville,CA,United States,unknown,Full time,2026-07-20 21:37:38.860618,2026-07-15 00:00:00,https://www.wellsfargojobs.com/en/jobs/r-560562/private-mortgage-banker/
WELLS_FARGO,R-552513,Branch Manager Tri County South District,Risk and Compliance,Austin,TX,United States,unknown,Full time,2026-07-20 21:37:38.903063,2026-07-15 00:00:00,https://www.wellsfargojobs.com/en/jobs/r-552513/branch-manager-tri-county-south-district/
WELLS_FARGO,R-557315,Lead Software Engineer – Application Performance Engineering & Resiliency,Cloud and Infrastructure,Chandler,AZ,United States,unknown,Full time,2026-07-20 21:37:38.922022,2026-07-15 00:00:00,https://www.wellsfargojobs.com/en/jobs/r-557315/lead-software-engineer-application-performance-engineering-resiliency/
WELLS_FARGO,R-560099,Personal Banker Monterey,Risk and Compliance,Monterey,CA,United States,unknown,Full time,2026-07-20 21:37:38.953414,2026-07-16 00:00:00,https://www.wellsfargojobs.com/en/jobs/r-560099/personal-banker-monterey/
WELLS_FARGO,R-561384,Senior Lead Analytics Consultant (002069),Risk and Compliance,Charlotte,NC,United States,unknown,Full time,2026-07-20 21:37:38.969667,2026-07-16 00:00:00,https://www.wellsfargojobs.com/en/jobs/r-561384/senior-lead-analytics-consultant-002069/
WELLS_FARGO,R-557544,Associate Executive Specialist,Risk and Compliance,Minneapolis,MN,United States,unknown,Full time,2026-07-20 21:37:38.991516,2026-07-16 00:00:00,https://www.wellsfargojobs.com/en/jobs/r-557544/associate-executive-specialist/
WELLS_FARGO,R-558295,"Personal Banker Apple Branch BOISE, ID",Risk and Compliance,Boise,ID,United States,unknown,Full time,2026-07-20 21:37:39.014035,2026-07-16 00:00:00,https://www.wellsfargojobs.com/en/jobs/r-558295/personal-banker-apple-branch-boise-id/
WELLS_FARGO,R-561582,Senior Premier Banker North Albuquerque,Risk and Compliance,Albuquerque,NM,United States,unknown,Full time,2026-07-20 21:37:39.031963,2026-07-16 00:00:00,https://www.wellsfargojobs.com/en/jobs/r-561582/senior-premier-banker-north-albuquerque/
WELLS_FARGO,R-561333,Senior Premier Banker Southland Branch,Risk and Compliance,Hayward,CA,United States,unknown,Full time,2026-07-20 21:37:39.074337,2026-07-16 00:00:00,https://www.wellsfargojobs.com/en/jobs/r-561333/senior-premier-banker-southland-branch/
WELLS_FARGO,R-558320,Personal Banker Kingwood & West Lake Houston Pkwy,Risk and Compliance,Kingwood,TX,United States,unknown,Full time,2026-07-20 21:37:39.080885,2026-07-16 00:00:00,https://www.wellsfargojobs.com/en/jobs/r-558320/personal-banker-kingwood-west-lake-houston-pkwy/
WELLS_FARGO,R-555715,Teller Part Time Bird Road,Risk and Compliance,Miami,FL,United States,unknown,Part time,2026-07-20 21:37:39.117950,2026-07-16 00:00:00,https://www.wellsfargojobs.com/en/jobs/r-555715/teller-part-time-bird-road/
WELLS_FARGO,R-554288,Relationship Banker Cypress Gardens,Risk and Compliance,Winter Haven,FL,United States,unknown,Full time,2026-07-20 21:37:39.146680,2026-07-17 00:00:00,https://www.wellsfargojobs.com/en/jobs/r-554288/relationship-banker-cypress-gardens/
WELLS_FARGO,R-560743,Teller Antioch,Risk and Compliance,Antioch,CA,United States,unknown,Full time,2026-07-20 21:37:39.163032,2026-07-17 00:00:00,https://www.wellsfargojobs.com/en/jobs/r-560743/teller-antioch/
WELLS_FARGO,R-561024,Teller Part Time Pacific Beach,Risk and Compliance,San Diego,CA,United States,unknown,Part time,2026-07-20 21:37:39.193972,2026-07-17 00:00:00,https://www.wellsfargojobs.com/en/jobs/r-561024/teller-part-time-pacific-beach/
WELLS_FARGO,R-560571,Supervisory Control Specialist,Risk and Compliance,Saint Louis,MO,United States,unknown,Full time,2026-07-20 21:37:39.227440,2026-07-17 00:00:00,https://www.wellsfargojobs.com/en/jobs/r-560571/supervisory-control-specialist/
WELLS_FARGO,R-560939,Client Associate,Risk and Compliance,Bee Cave,TX,United States,unknown,Full time,2026-07-20 21:37:39.234450,2026-07-17 00:00:00,https://www.wellsfargojobs.com/en/jobs/r-560939/client-associate/
WELLS_FARGO,R-549303,Teller Part Time Berwick,Risk and Compliance,Savannah,GA,United States,unknown,Part time,2026-07-20 21:37:39.266096,2026-07-17 00:00:00,https://www.wellsfargojobs.com/en/jobs/r-549303/teller-part-time-berwick/
WELLS_FARGO,R-558293,Roving Banker - Central Inland Empire,Risk and Compliance,Riverside,CA,United States,unknown,Full time,2026-07-20 21:37:39.281971,2026-07-17 00:00:00,https://www.wellsfargojobs.com/en/jobs/r-558293/roving-banker-central-inland-empire/
WELLS_FARGO,R-556335,Senior Lead Digital Product Manager,Risk and Compliance,Charlotte,NC,United States,unknown,Full time,2026-07-20 21:37:39.317998,2026-07-17 00:00:00,https://www.wellsfargojobs.com/en/jobs/r-556335/senior-lead-digital-product-manager/
WELLS_FARGO,R-555672,Personal Banker Bilingual Newberry Main,Risk and Compliance,Newberry,SC,United States,unknown,Full time,2026-07-20 21:37:39.341649,2026-07-17 00:00:00,https://www.wellsfargojobs.com/en/jobs/r-555672/personal-banker-bilingual-newberry-main/
WELLS_FARGO,R-560556,Teller Part Time North Charleston North Village,Risk and Compliance,North Charleston,SC,United States,unknown,Part time,2026-07-20 21:37:39.360443,2026-07-17 00:00:00,https://www.wellsfargojobs.com/en/jobs/r-560556/teller-part-time-north-charleston-north-village/
WELLS_FARGO,R-549158,Personal Banker Gunnison,Risk and Compliance,Gunnison,CO,United States,unknown,Full time,2026-07-20 21:37:39.389148,2026-07-17 00:00:00,https://www.wellsfargojobs.com/en/jobs/r-549158/personal-banker-gunnison/
WELLS_FARGO,R-555561,Senior Premier Banker Friendswood Parkwood,Risk and Compliance,Friendswood,TX,United States,unknown,Full time,2026-07-20 21:37:39.418631,2026-07-17 00:00:00,https://www.wellsfargojobs.com/en/jobs/r-555561/senior-premier-banker-friendswood-parkwood/
WELLS_FARGO,R-557557,Relationship Banker Carillon Beach,Risk and Compliance,Panama City Beach,FL,United States,unknown,Full time,2026-07-20 21:37:39.447328,2026-07-17 00:00:00,https://www.wellsfargojobs.com/en/jobs/r-557557/relationship-banker-carillon-beach/
WELLS_FARGO,R-554251,Teller Part Time Fashion Square,Risk and Compliance,Charlottesville,VA,United States,unknown,Part time,2026-07-20 21:37:39.469479,2026-07-17 00:00:00,https://www.wellsfargojobs.com/en/jobs/r-554251/teller-part-time-fashion-square/
WELLS_FARGO,R-562041,Branch Manager Coastal Peaks,Risk and Compliance,Salem,OR,United States,unknown,Full time,2026-07-20 21:37:39.485213,2026-07-17 00:00:00,https://www.wellsfargojobs.com/en/jobs/r-562041/branch-manager-coastal-peaks/
WELLS_FARGO,R-560997,Teller Part Time Puente Hills,Risk and Compliance,City Of Industry,CA,United States,unknown,Part time,2026-07-20 21:37:39.516978,2026-07-17 00:00:00,https://www.wellsfargojobs.com/en/jobs/r-560997/teller-part-time-puente-hills/
WELLS_FARGO,R-562030,Branch Operations Coordinator Metro and Greater Chicago,Risk and Compliance,Niles,IL,United States,unknown,Full time,2026-07-20 21:37:39.532002,2026-07-17 00:00:00,https://www.wellsfargojobs.com/en/jobs/r-562030/branch-operations-coordinator-metro-and-greater-chicago/
WELLS_FARGO,R-548867,Senior Branch Premier Banker Riverstone,Risk and Compliance,Canton,GA,United States,unknown,Full time,2026-07-20 21:37:39.562563,2026-07-20 00:00:00,https://www.wellsfargojobs.com/en/jobs/r-548867/senior-branch-premier-banker-riverstone/
WELLS_FARGO,R-549533,Principal Engineer - CAO Technology,Risk and Compliance,Charlotte,NC,United States,unknown,Full time,2026-07-20 21:37:39.594395,2026-07-20 00:00:00,https://www.wellsfargojobs.com/en/jobs/r-549533/principal-engineer-cao-technology/
WELLS_FARGO,R-551339,Senior Premier Banker Hulen and Bellaire,Risk and Compliance,Fort Worth,TX,United States,unknown,Full time,2026-07-20 21:37:39.625698,2026-07-20 00:00:00,https://www.wellsfargojobs.com/en/jobs/r-551339/senior-premier-banker-hulen-and-bellaire/
WELLS_FARGO,R-559499,Senior Due Diligence Consultant – Transactional Risk & Intelligence Group (TRIG),Risk and Compliance,Charlotte,NC,United States,unknown,Full time,2026-07-20 21:37:39.662134,2026-07-20 00:00:00,https://www.wellsfargojobs.com/en/jobs/r-559499/senior-due-diligence-consultant-transactional-risk-intelligence-group-trig/
WELLS_FARGO,R-558709,Personal Banker Orlando FL Rio Pinar,Risk and Compliance,Orlando,FL,United States,unknown,Full time,2026-07-20 21:37:39.688446,2026-07-20 00:00:00,https://www.wellsfargojobs.com/en/jobs/r-558709/personal-banker-orlando-fl-rio-pinar/
WELLS_FARGO,R-559518,Personal Banker Orlando FL Vista Lakes,Risk and Compliance,Orlando,FL,United States,unknown,Full time,2026-07-20 21:37:39.703449,2026-07-20 00:00:00,https://www.wellsfargojobs.com/en/jobs/r-559518/personal-banker-orlando-fl-vista-lakes/
WELLS_FARGO,R-560587,Regional Coach Southeast Texas,Risk and Compliance,Houston,TX,United States,unknown,Full time,2026-07-20 21:37:39.719904,2026-07-20 00:00:00,https://www.wellsfargojobs.com/en/jobs/r-560587/regional-coach-southeast-texas/
WELLS_FARGO,R-546024,Financial Relationship Advisor,Risk and Compliance,Salt Lake City,UT,United States,unknown,Full time,2026-07-20 21:37:39.754082,2026-07-20 00:00:00,https://www.wellsfargojobs.com/en/jobs/r-546024/financial-relationship-advisor/
WELLS_FARGO,R-555304,Senior Full Stack Java Developer,Software Engineering,Charlotte,NC,United States,unknown,Full time,2026-07-20 21:37:39.773180,2026-07-20 00:00:00,https://www.wellsfargojobs.com/en/jobs/r-555304/senior-full-stack-java-developer/
WELLS_FARGO,R-559526,Teller Part Time Cape Canaveral,Risk and Compliance,Cape Canaveral,FL,United States,unknown,Part time,2026-07-20 21:37:39.796950,2026-07-20 00:00:00,https://www.wellsfargojobs.com/en/jobs/r-559526/teller-part-time-cape-canaveral/
WELLS_FARGO,R-561274,Senior Premier Banker - Beverly Hills,Risk and Compliance,Beverly Hills,CA,United States,unknown,Full time,2026-07-20 21:37:39.828872,2026-07-20 00:00:00,https://www.wellsfargojobs.com/en/jobs/r-561274/senior-premier-banker-beverly-hills/
WELLS_FARGO,R-561890,Teller Part Time Green Meadows,Risk and Compliance,Rochester,MN,United States,unknown,Part time,2026-07-20 21:37:39.849870,2026-07-20 00:00:00,https://www.wellsfargojobs.com/en/jobs/r-561890/teller-part-time-green-meadows/
WELLS_FARGO,R-561978,Roving Personal Banker North Metro Phoenix District,Risk and Compliance,Phoenix,AZ,United States,unknown,Full time,2026-07-20 21:37:39.884086,2026-07-20 00:00:00,https://www.wellsfargojobs.com/en/jobs/r-561978/roving-personal-banker-north-metro-phoenix-district/
WELLS_FARGO,R-554221,Branch Operations Coordinator Carytown Cary Court Branch,Risk and Compliance,Richmond,VA,United States,unknown,Full time,2026-07-20 21:37:39.904909,2026-07-20 00:00:00,https://www.wellsfargojobs.com/en/jobs/r-554221/branch-operations-coordinator-carytown-cary-court-branch/
WELLS_FARGO,R-561984,Relationship Banker Lakeway South,Risk and Compliance,Lakeway,TX,United States,unknown,Full time,2026-07-20 21:37:39.937780,2026-07-20 00:00:00,https://www.wellsfargojobs.com/en/jobs/r-561984/relationship-banker-lakeway-south/
WELLS_FARGO,R-557502,Product Management Senior Manager- Decision and Onboard My Customer,Risk and Compliance,Charlotte,NC,United States,unknown,Full time,2026-07-20 21:37:39.953756,2026-07-20 00:00:00,https://www.wellsfargojobs.com/en/jobs/r-557502/product-management-senior-manager-decision-and-onboard-my-customer/
WELLS_FARGO,R-561568,Teller Palm Springs,Risk and Compliance,Palm Springs,CA,United States,unknown,Full time,2026-07-20 21:37:39.989259,2026-07-20 00:00:00,https://www.wellsfargojobs.com/en/jobs/r-561568/teller-palm-springs/
WELLS_FARGO,R-560051,Principal Software Engineer,Software Engineering,Mclean,VA,United States,unknown,Full time,2026-07-20 21:37:40.016384,2026-07-20 00:00:00,https://www.wellsfargojobs.com/en/jobs/r-560051/principal-software-engineer/
WELLS_FARGO,R-557839,Personal Banker James Island Financial Center Branch Charleston SC,Risk and Compliance,Charleston,SC,United States,unknown,Full time,2026-07-20 21:37:40.050219,2026-07-20 00:00:00,https://www.wellsfargojobs.com/en/jobs/r-557839/personal-banker-james-island-financial-center-branch-charleston-sc/
WELLS_FARGO,R-561907,Teller Part Time Sidney,Risk and Compliance,Sidney,MT,United States,unknown,Part time,2026-07-20 21:37:40.073605,2026-07-20 00:00:00,https://www.wellsfargojobs.com/en/jobs/r-561907/teller-part-time-sidney/
WELLS_FARGO,R-559698,Registered Client Associate,Risk and Compliance,Traverse City,MI,United States,unknown,Full time,2026-07-20 21:37:40.092723,2026-07-20 00:00:00,https://www.wellsfargojobs.com/en/jobs/r-559698/registered-client-associate/
WELLS_FARGO,R-540273,Home Mortgage Consultant (SAFE),Risk and Compliance,Purchase,NY,United States,unknown,Full time,2026-07-20 21:37:40.112843,2026-04-29 00:00:00,https://www.wellsfargojobs.com/en/jobs/r-540273/home-mortgage-consultant-safe/
WELLS_FARGO,R-550065,Mortgage Retail Sales Associate Manager (SAFE),Risk and Compliance,Des Moines,IA,United States,unknown,Full time,2026-07-20 21:37:40.125310,2026-06-03 00:00:00,https://www.wellsfargojobs.com/en/jobs/r-550065/mortgage-retail-sales-associate-manager-safe/
WELLS_FARGO,R-554037,Private Mortgage Banker (SAFE),Risk and Compliance,Minneapolis,MN,United States,unknown,Full time,2026-07-20 21:37:40.156892,2026-06-18 00:00:00,https://www.wellsfargojobs.com/en/jobs/r-554037/private-mortgage-banker-safe/
WELLS_FARGO,R-549263,Teller Part Time Bilingual Spanish Sparks NV,Risk and Compliance,Sparks,NV,United States,unknown,Part time,2026-07-20 21:37:40.184687,2026-06-23 00:00:00,https://www.wellsfargojobs.com/en/jobs/r-549263/teller-part-time-bilingual-spanish-sparks-nv/
WELLS_FARGO,R-555413,Teller Fiesta Mall,Risk and Compliance,Mesa,AZ,United States,unknown,Full time,2026-07-20 21:37:40.213173,2026-06-23 00:00:00,https://www.wellsfargojobs.com/en/jobs/r-555413/teller-fiesta-mall/
WELLS_FARGO,R-555528,Teller Part Time Kennewick,Risk and Compliance,Kennewick,WA,United States,unknown,Part time,2026-07-20 21:37:40.229075,2026-06-25 00:00:00,https://www.wellsfargojobs.com/en/jobs/r-555528/teller-part-time-kennewick/
WELLS_FARGO,R-556649,Branch Manager Chinatown DeNovo,Risk and Compliance,New York,NY,United States,unknown,Full time,2026-07-20 21:37:40.261457,2026-06-28 00:00:00,https://www.wellsfargojobs.com/en/jobs/r-556649/branch-manager-chinatown-denovo/
WELLS_FARGO,R-556063,2027 CIB Investment Banking Analyst Program - Early Careers,Risk and Compliance,New York,NY,United States,unknown,Full time,2026-07-20 21:37:40.278882,2026-06-30 00:00:00,https://www.wellsfargojobs.com/en/jobs/r-556063/2027-cib-investment-banking-analyst-program-early-careers/
WELLS_FARGO,R-557321,Teller Northeast Denver,Risk and Compliance,Thornton,CO,United States,unknown,Full time,2026-07-20 21:37:40.313525,2026-06-30 00:00:00,https://www.wellsfargojobs.com/en/jobs/r-557321/teller-northeast-denver/
WELLS_FARGO,R-557625,Senior Premier Banker Peninsula Area,Risk and Compliance,Yorktown,VA,United States,unknown,Full time,2026-07-20 21:37:40.340326,2026-07-01 00:00:00,https://www.wellsfargojobs.com/en/jobs/r-557625/senior-premier-banker-peninsula-area/
WELLS_FARGO,R-557755,Teller Northwest Denver,Risk and Compliance,Westminster,CO,United States,unknown,Full time,2026-07-20 21:37:40.372591,2026-07-02 00:00:00,https://www.wellsfargojobs.com/en/jobs/r-557755/teller-northwest-denver/
WELLS_FARGO,R-557372,Senior Premier Banker Brokaw Plaza,Risk and Compliance,San Jose,CA,United States,unknown,Full time,2026-07-20 21:37:40.403472,2026-07-02 00:00:00,https://www.wellsfargojobs.com/en/jobs/r-557372/senior-premier-banker-brokaw-plaza/
WELLS_FARGO,R-557381,Senior Commercial Banking Portfolio Manager,Risk and Compliance,Charlotte,NC,United States,unknown,Full time,2026-07-20 21:37:40.426689,2026-07-06 00:00:00,https://www.wellsfargojobs.com/en/jobs/r-557381/senior-commercial-banking-portfolio-manager/
WELLS_FARGO,R-555874,Teller Part Time Sterling CO,Risk and Compliance,Sterling,CO,United States,unknown,Part time,2026-07-20 21:37:40.437693,2026-07-06 00:00:00,https://www.wellsfargojobs.com/en/jobs/r-555874/teller-part-time-sterling-co/
WELLS_FARGO,R-558207,Branch Operations Coordinator Camp Wisdom,Risk and Compliance,Grand Prairie,TX,United States,unknown,Full time,2026-07-20 21:37:40.469415,2026-07-06 00:00:00,https://www.wellsfargojobs.com/en/jobs/r-558207/branch-operations-coordinator-camp-wisdom/
WELLS_FARGO,R-558756,Lead Commercial Loan Servicing Specialist – Asset Based Lending/Syndicated Loans,Operations,Charlotte,NC,United States,unknown,Full time,2026-07-20 21:37:40.485306,2026-07-06 00:00:00,https://www.wellsfargojobs.com/en/jobs/r-558756/lead-commercial-loan-servicing-specialist-asset-based-lending-syndicated-loans/
WELLS_FARGO,R-557642,Teller Part Time Farmington Uptown,Risk and Compliance,Farmington,NM,United States,unknown,Part time,2026-07-20 21:37:40.513889,2026-07-06 00:00:00,https://www.wellsfargojobs.com/en/jobs/r-557642/teller-part-time-farmington-uptown/
WELLS_FARGO,R-558508,Personal Banker Kings Highway,Risk and Compliance,Port Charlotte,FL,United States,unknown,Full time,2026-07-20 21:37:40.531136,2026-07-07 00:00:00,https://www.wellsfargojobs.com/en/jobs/r-558508/personal-banker-kings-highway/
WELLS_FARGO,R-558536,Bilingual Personal Banker South Manatee (Spanish Required),Risk and Compliance,Bradenton,FL,United States,unknown,Full time,2026-07-20 21:37:40.563246,2026-07-07 00:00:00,https://www.wellsfargojobs.com/en/jobs/r-558536/bilingual-personal-banker-south-manatee-spanish-required/
WELLS_FARGO,R-558919,Relationship Banker - Norfolk area,Risk and Compliance,Norfolk,VA,United States,unknown,Full time,2026-07-20 21:37:40.579470,2026-07-07 00:00:00,https://www.wellsfargojobs.com/en/jobs/r-558919/relationship-banker-norfolk-area/
WELLS_FARGO,R-558604,Business Banker (LO) W 35TH STREET,Risk and Compliance,Austin,TX,United States,unknown,Full time,2026-07-20 21:37:40.614092,2026-07-07 00:00:00,https://www.wellsfargojobs.com/en/jobs/r-558604/business-banker-lo-w-35th-street/
WELLS_FARGO,R-558716,Business Banker (LO) Denton Crossing,Risk and Compliance,Denton,TX,United States,unknown,Full time,2026-07-20 21:37:40.650842,2026-07-07 00:00:00,https://www.wellsfargojobs.com/en/jobs/r-558716/business-banker-lo-denton-crossing/
WELLS_FARGO,R-558181,Branch Manager York Lancaster PA District,Risk and Compliance,Lancaster,PA,United States,unknown,Full time,2026-07-20 21:37:40.696463,2026-07-07 00:00:00,https://www.wellsfargojobs.com/en/jobs/r-558181/branch-manager-york-lancaster-pa-district/
WELLS_FARGO,R-559040,Customer Service Associate Licensed,Risk and Compliance,Minneapolis,MN,United States,unknown,Full time,2026-07-20 21:37:40.722937,2026-07-07 00:00:00,https://www.wellsfargojobs.com/en/jobs/r-559040/customer-service-associate-licensed/
WELLS_FARGO,R-554491,Teller Part Time Oregon City,Risk and Compliance,Oregon City,OR,United States,unknown,Part time,2026-07-20 21:37:40.755991,2026-07-07 00:00:00,https://www.wellsfargojobs.com/en/jobs/r-554491/teller-part-time-oregon-city/
WELLS_FARGO,R-555705,Home Mortgage Consultant (SAFE),Risk and Compliance,New York,NY,United States,unknown,,2026-07-20 21:37:40.781612,2026-07-08 00:00:00,https://www.wellsfargojobs.com/en/jobs/r-555705/home-mortgage-consultant-safe/
WELLS_FARGO,R-558967,"Business Banker (LO) Kirkland, WA",Risk and Compliance,Kirkland,WA,United States,unknown,Full time,2026-07-20 21:37:40.832102,2026-07-08 00:00:00,https://www.wellsfargojobs.com/en/jobs/r-558967/business-banker-lo-kirkland-wa/
WELLS_FARGO,R-558969,"Business Banker (LO) Seattle, WA",Risk and Compliance,Seattle,WA,United States,unknown,Full time,2026-07-20 21:37:40.863183,2026-07-08 00:00:00,https://www.wellsfargojobs.com/en/jobs/r-558969/business-banker-lo-seattle-wa/
WELLS_FARGO,R-558793,Business Banker (LO) Gulf Freeway,Risk and Compliance,Houston,TX,United States,unknown,Full time,2026-07-20 21:37:40.891472,2026-07-08 00:00:00,https://www.wellsfargojobs.com/en/jobs/r-558793/business-banker-lo-gulf-freeway/
WELLS_FARGO,R-558800,Business Banker (LO) Woodlands Pkwy,Risk and Compliance,The Woodlands,TX,United States,unknown,Full time,2026-07-20 21:37:40.919111,2026-07-08 00:00:00,https://www.wellsfargojobs.com/en/jobs/r-558800/business-banker-lo-woodlands-pkwy/
WELLS_FARGO,R-555078,Senior Data Engineer,Risk and Compliance,Charlotte,NC,United States,unknown,Full time,2026-07-20 21:37:40.939063,2026-07-08 00:00:00,https://www.wellsfargojobs.com/en/jobs/r-555078/senior-data-engineer/
WELLS_FARGO,R-558703,Branch Operations Coordinator Forest Ln,Risk and Compliance,Dallas,TX,United States,unknown,Full time,2026-07-20 21:37:40.963813,2026-07-08 00:00:00,https://www.wellsfargojobs.com/en/jobs/r-558703/branch-operations-coordinator-forest-ln/
WELLS_FARGO,R-558961,Senior Premier Banker Maplewood,Risk and Compliance,Maplewood,MN,United States,unknown,Full time,2026-07-20 21:37:40.984448,2026-07-09 00:00:00,https://www.wellsfargojobs.com/en/jobs/r-558961/senior-premier-banker-maplewood/
WELLS_FARGO,R-559562,Personal Banker West Allis,Risk and Compliance,West Allis,WI,United States,unknown,Full time,2026-07-20 21:37:41.021663,2026-07-09 00:00:00,https://www.wellsfargojobs.com/en/jobs/r-559562/personal-banker-west-allis/
WELLS_FARGO,R-559096,"Personal Banker, Queen Creek & Power Branch, Gilbert, AZ",Risk and Compliance,Gilbert,AZ,United States,unknown,Full time,2026-07-20 21:37:41.049277,2026-07-09 00:00:00,https://www.wellsfargojobs.com/en/jobs/r-559096/personal-banker-queen-creek-power-branch-gilbert-az/
WELLS_FARGO,R-559666,Senior Premier Banker North Fulton,Risk and Compliance,Atlanta,GA,United States,unknown,Full time,2026-07-20 21:37:41.082471,2026-07-09 00:00:00,https://www.wellsfargojobs.com/en/jobs/r-559666/senior-premier-banker-north-fulton/
WELLS_FARGO,R-552264,Pega Product & Solution Delivery Lead – AI Case Management,Risk and Compliance,Charlotte,NC,United States,unknown,Full time,2026-07-20 21:37:41.111009,2026-07-09 00:00:00,https://www.wellsfargojobs.com/en/jobs/r-552264/pega-product-solution-delivery-lead-ai-case-management/
WELLS_FARGO,R-559630,Teller Part Time Riverton Utah,Risk and Compliance,Riverton,UT,United States,unknown,Part time,2026-07-20 21:37:41.129698,2026-07-10 00:00:00,https://www.wellsfargojobs.com/en/jobs/r-559630/teller-part-time-riverton-utah/
WELLS_FARGO,R-552951,Personal Banker Appleton,Risk and Compliance,Appleton,WI,United States,unknown,Full time,2026-07-20 21:37:41.145219,2026-07-10 00:00:00,https://www.wellsfargojobs.com/en/jobs/r-552951/personal-banker-appleton/
WELLS_FARGO,R-559700,Community Mortgage Bank Sales Consultant (SAFE),Risk and Compliance,Richmond,VA,United States,unknown,Full time,2026-07-20 21:37:41.186432,2026-07-13 00:00:00,https://www.wellsfargojobs.com/en/jobs/r-559700/community-mortgage-bank-sales-consultant-safe/
WELLS_FARGO,R-559951,Mortgage Retail Sales Consultant (SAFE),Risk and Compliance,Chester,VA,United States,unknown,Full time,2026-07-20 21:37:41.209567,2026-07-13 00:00:00,https://www.wellsfargojobs.com/en/jobs/r-559951/mortgage-retail-sales-consultant-safe/
WELLS_FARGO,R-550471,Mortgage Retail Sales Consultant (West Florida) (SAFE),Risk and Compliance,Bradenton,FL,United States,unknown,,2026-07-20 21:37:41.219082,2026-07-13 00:00:00,https://www.wellsfargojobs.com/en/jobs/r-550471/mortgage-retail-sales-consultant-west-florida-safe/
WELLS_FARGO,R-559810,"Business Banker (LO) Havertown, PA",Risk and Compliance,Havertown,PA,United States,unknown,Full time,2026-07-20 21:37:41.258650,2026-07-13 00:00:00,https://www.wellsfargojobs.com/en/jobs/r-559810/business-banker-lo-havertown-pa/
WELLS_FARGO,R-555523,Senior Premier Banker Branham Snell,Risk and Compliance,San Jose,CA,United States,unknown,Full time,2026-07-20 21:37:41.295135,2026-07-13 00:00:00,https://www.wellsfargojobs.com/en/jobs/r-555523/senior-premier-banker-branham-snell/
WELLS_FARGO,R-560085,Associate Personal Banker - Galena,Risk and Compliance,Reno,NV,United States,unknown,Full time,2026-07-20 21:37:41.319759,2026-07-13 00:00:00,https://www.wellsfargojobs.com/en/jobs/r-560085/associate-personal-banker-galena/
WELLS_FARGO,R-558281,Senior Premier Banker Greater Twin Cities MN,Risk and Compliance,Richfield,MN,United States,unknown,Full time,2026-07-20 21:37:41.358497,2026-07-13 00:00:00,https://www.wellsfargojobs.com/en/jobs/r-558281/senior-premier-banker-greater-twin-cities-mn/
WELLS_FARGO,R-554255,Senior Branch Premier Banker Nutley,Risk and Compliance,Nutley,NJ,United States,unknown,Full time,2026-07-20 21:37:41.392417,2026-07-14 00:00:00,https://www.wellsfargojobs.com/en/jobs/r-554255/senior-branch-premier-banker-nutley/
WELLS_FARGO,R-554739,Personal Banker Bilingual Peekskill,Risk and Compliance,Peekskill,NY,United States,unknown,Full time,2026-07-20 21:37:41.418051,2026-07-14 00:00:00,https://www.wellsfargojobs.com/en/jobs/r-554739/personal-banker-bilingual-peekskill/
WELLS_FARGO,R-560316,Personal Banker Zelda,Risk and Compliance,Montgomery,AL,United States,unknown,Full time,2026-07-20 21:37:41.437795,2026-07-14 00:00:00,https://www.wellsfargojobs.com/en/jobs/r-560316/personal-banker-zelda/
WELLS_FARGO,R-560425,Senior Capital Markets Middle Office Specialist,Operations,Charlotte,NC,United States,unknown,Full time,2026-07-20 21:37:41.456087,2026-07-14 00:00:00,https://www.wellsfargojobs.com/en/jobs/r-560425/senior-capital-markets-middle-office-specialist/
WELLS_FARGO,R-556731,Senior Business Banking Relationship Manager (LO),Risk and Compliance,Hollywood,FL,United States,unknown,Full time,2026-07-20 21:37:41.488984,2026-07-14 00:00:00,https://www.wellsfargojobs.com/en/jobs/r-556731/senior-business-banking-relationship-manager-lo/
WELLS_FARGO,R-557077,Branch Manager Clearwater District,Risk and Compliance,Pinellas Park,FL,United States,unknown,Full time,2026-07-20 21:37:41.518719,2026-07-14 00:00:00,https://www.wellsfargojobs.com/en/jobs/r-557077/branch-manager-clearwater-district/
WELLS_FARGO,R-559409,Senior Premier Banker Westlake Main,Risk and Compliance,Thousand Oaks,CA,United States,unknown,Full time,2026-07-20 21:37:41.547346,2026-07-14 00:00:00,https://www.wellsfargojobs.com/en/jobs/r-559409/senior-premier-banker-westlake-main/
WELLS_FARGO,R-560696,Personal Banker Lakewood Ranch,Risk and Compliance,Bradenton,FL,United States,unknown,Full time,2026-07-20 21:37:41.565194,2026-07-14 00:00:00,https://www.wellsfargojobs.com/en/jobs/r-560696/personal-banker-lakewood-ranch/
WELLS_FARGO,R-558502,Relationship Banker Northeast St. Petersburg,Risk and Compliance,Saint Petersburg,FL,United States,unknown,Full time,2026-07-20 21:37:41.594877,2026-07-14 00:00:00,https://www.wellsfargojobs.com/en/jobs/r-558502/relationship-banker-northeast-st-petersburg/
WELLS_FARGO,R-553880,"Relationship Banker - Highlandtown Branch- Baltimore, MD",Risk and Compliance,Baltimore,MD,United States,unknown,Full time,2026-07-20 21:37:41.637857,2026-07-14 00:00:00,https://www.wellsfargojobs.com/en/jobs/r-553880/relationship-banker-highlandtown-branch-baltimore-md/
WELLS_FARGO,R-560885,Relationship Banker Wayne Mountainview,Risk and Compliance,Wayne,NJ,United States,unknown,Full time,2026-07-20 21:37:41.657130,2026-07-14 00:00:00,https://www.wellsfargojobs.com/en/jobs/r-560885/relationship-banker-wayne-mountainview/
WELLS_FARGO,R-560525,Teller Bilingual Part Time West Walnut,Risk and Compliance,Dalton,GA,United States,unknown,Part time,2026-07-20 21:37:41.688144,2026-07-14 00:00:00,https://www.wellsfargojobs.com/en/jobs/r-560525/teller-bilingual-part-time-west-walnut/
WELLS_FARGO,R-561009,Personal Banker Bilingual Spanish,Risk and Compliance,Nipomo,CA,United States,unknown,Full time,2026-07-20 21:37:41.720872,2026-07-14 00:00:00,https://www.wellsfargojobs.com/en/jobs/r-561009/personal-banker-bilingual-spanish/
WELLS_FARGO,R-552181,"Personal Banker, Cheyenne Main Branch, Cheyenne, WY",Risk and Compliance,Cheyenne,WY,United States,unknown,Full time,2026-07-20 21:37:41.742703,2026-07-15 00:00:00,https://www.wellsfargojobs.com/en/jobs/r-552181/personal-banker-cheyenne-main-branch-cheyenne-wy/
WELLS_FARGO,R-559589,Enterprise Product Owner Global Privacy Office (Lead Bus Execution Cnsltnt),Risk and Compliance,Charlotte,NC,United States,unknown,Full time,2026-07-20 21:37:41.765880,2026-07-15 00:00:00,https://www.wellsfargojobs.com/en/jobs/r-559589/enterprise-product-owner-global-privacy-office-lead-bus-execution-cnsltnt/
WELLS_FARGO,R-525451,Director of Inventory Finance Client Management - National Dealers Accounts,Risk and Compliance,Charlotte,NC,United States,unknown,Full time,2026-07-20 21:37:41.796949,2026-07-15 00:00:00,https://www.wellsfargojobs.com/en/jobs/r-525451/director-of-inventory-finance-client-management-national-dealers-accounts/
WELLS_FARGO,R-556512,Branch Operations Coordinator Toms River,Risk and Compliance,Toms River,NJ,United States,unknown,Full time,2026-07-20 21:37:41.822755,2026-07-15 00:00:00,https://www.wellsfargojobs.com/en/jobs/r-556512/branch-operations-coordinator-toms-river/
WELLS_FARGO,R-555588,Associate Personal Banker (SAFE) - Yerington,Risk and Compliance,Yerington,NV,United States,unknown,Full time,2026-07-20 21:37:41.843235,2026-07-15 00:00:00,https://www.wellsfargojobs.com/en/jobs/r-555588/associate-personal-banker-safe-yerington/
WELLS_FARGO,R-556077,Personal Banker Rockwall,Risk and Compliance,Rockwall,TX,United States,unknown,Full time,2026-07-20 21:37:41.859922,2026-07-15 00:00:00,https://www.wellsfargojobs.com/en/jobs/r-556077/personal-banker-rockwall/
WELLS_FARGO,R-557045,Relationship Banker Tallahassee,Risk and Compliance,Tallahassee,FL,United States,unknown,Full time,2026-07-20 21:37:41.891476,2026-07-15 00:00:00,https://www.wellsfargojobs.com/en/jobs/r-557045/relationship-banker-tallahassee/
WELLS_FARGO,R-555448,Relationship Banker Freehold Boro,Risk and Compliance,Freehold,NJ,United States,unknown,Full time,2026-07-20 21:37:41.921407,2026-07-15 00:00:00,https://www.wellsfargojobs.com/en/jobs/r-555448/relationship-banker-freehold-boro/
WELLS_FARGO,R-559739,Branch Manager,Risk and Compliance,Snellville,GA,United States,unknown,Full time,2026-07-20 21:37:41.967071,2026-07-15 00:00:00,https://www.wellsfargojobs.com/en/jobs/r-559739/branch-manager/
WELLS_FARGO,R-559223,Senior Premier Banker Berkeley/Elmwood,Risk and Compliance,Berkeley,CA,United States,unknown,Full time,2026-07-20 21:37:41.985075,2026-07-15 00:00:00,https://www.wellsfargojobs.com/en/jobs/r-559223/senior-premier-banker-berkeley-elmwood/
WELLS_FARGO,R-559110,Relationship Banker Kyle,Risk and Compliance,Kyle,TX,United States,unknown,Full time,2026-07-20 21:37:42.020327,2026-07-15 00:00:00,https://www.wellsfargojobs.com/en/jobs/r-559110/relationship-banker-kyle/
WELLS_FARGO,R-559695,Application Network Services Tech Director,Risk and Compliance,Columbus,OH,United States,unknown,Full time,2026-07-20 21:37:42.051857,2026-07-15 00:00:00,https://www.wellsfargojobs.com/en/jobs/r-559695/application-network-services-tech-director/
WELLS_FARGO,R-560843,Personal Banker Flemington Branch,Risk and Compliance,Flemington,NJ,United States,unknown,Full time,2026-07-20 21:37:42.076731,2026-07-15 00:00:00,https://www.wellsfargojobs.com/en/jobs/r-560843/personal-banker-flemington-branch/
WELLS_FARGO,R-560507,CA-WA Community Mortgage Bank Sales Consultant (SAFE) -Bilingual Spanish,Risk and Compliance,Long Beach,CA,United States,unknown,Full time,2026-07-20 21:37:42.103730,2026-07-16 00:00:00,https://www.wellsfargojobs.com/en/jobs/r-560507/ca-wa-community-mortgage-bank-sales-consultant-safe-bilingual-spanish/
WELLS_FARGO,R-560718,Personal Banker Northern Middlesex District,Risk and Compliance,Carteret,NJ,United States,unknown,Full time,2026-07-20 21:37:42.128469,2026-07-15 00:00:00,https://www.wellsfargojobs.com/en/jobs/r-560718/personal-banker-northern-middlesex-district/
WELLS_FARGO,R-554315,Teller Bilingual Part Time Cooper Center,Risk and Compliance,Alexandria,VA,United States,unknown,Part time,2026-07-20 21:37:42.145587,2026-07-16 00:00:00,https://www.wellsfargojobs.com/en/jobs/r-554315/teller-bilingual-part-time-cooper-center/
WELLS_FARGO,R-556555,Person Banker- Brenham Main,Risk and Compliance,Brenham,TX,United States,unknown,Full time,2026-07-20 21:37:42.177768,2026-07-16 00:00:00,https://www.wellsfargojobs.com/en/jobs/r-556555/person-banker-brenham-main/
WELLS_FARGO,R-559006,Personal Banker Bilingual- Bradway,Risk and Compliance,Haltom City,TX,United States,unknown,Full time,2026-07-20 21:37:42.199887,2026-07-16 00:00:00,https://www.wellsfargojobs.com/en/jobs/r-559006/personal-banker-bilingual-bradway/
WELLS_FARGO,R-561161,"Branch Manager Jordan Ranch, DeNovo",Risk and Compliance,Katy,TX,United States,unknown,Full time,2026-07-20 21:37:42.225579,2026-07-16 00:00:00,https://www.wellsfargojobs.com/en/jobs/r-561161/branch-manager-jordan-ranch-denovo/
WELLS_FARGO,R-561304,Bilingual Personal Banker | Noriega and 32nd,Risk and Compliance,San Francisco,CA,United States,unknown,Full time,2026-07-20 21:37:42.250314,2026-07-16 00:00:00,https://www.wellsfargojobs.com/en/jobs/r-561304/bilingual-personal-banker-noriega-and-32nd/
WELLS_FARGO,R-561546,Personal Banker Dana Point,Risk and Compliance,Laguna Niguel,CA,United States,unknown,Full time,2026-07-20 21:37:42.266905,2026-07-16 00:00:00,https://www.wellsfargojobs.com/en/jobs/r-561546/personal-banker-dana-point/
WELLS_FARGO,R-552903,Personal Banker Havertown Branch,Risk and Compliance,Havertown,PA,United States,unknown,Full time,2026-07-20 21:37:42.307102,2026-07-16 00:00:00,https://www.wellsfargojobs.com/en/jobs/r-552903/personal-banker-havertown-branch/
WELLS_FARGO,R-561667,Branch Manager Downtown Los Angeles,Risk and Compliance,Los Angeles,CA,United States,unknown,Full time,2026-07-20 21:37:42.329789,2026-07-16 00:00:00,https://www.wellsfargojobs.com/en/jobs/r-561667/branch-manager-downtown-los-angeles/
WELLS_FARGO,R-558847,"Personal Banker, Moab, UT",Risk and Compliance,Moab,UT,United States,unknown,Full time,2026-07-20 21:37:42.360549,2026-07-17 00:00:00,https://www.wellsfargojobs.com/en/jobs/r-558847/personal-banker-moab-ut/
WELLS_FARGO,R-548019,Premier Banker Graves Mill Branch,Risk and Compliance,Forest,VA,United States,unknown,Full time,2026-07-20 21:37:42.391951,2026-07-17 00:00:00,https://www.wellsfargojobs.com/en/jobs/r-548019/premier-banker-graves-mill-branch/
WELLS_FARGO,R-552821,Principal Data Architect Chief Data Office,Risk and Compliance,Charlotte,NC,United States,unknown,Full time,2026-07-20 21:37:42.406954,2026-07-17 00:00:00,https://www.wellsfargojobs.com/en/jobs/r-552821/principal-data-architect-chief-data-office/
WELLS_FARGO,R-557673,Teller Part Time Lewiston,Risk and Compliance,Lewiston,ID,United States,unknown,Part time,2026-07-20 21:37:42.438349,2026-07-17 00:00:00,https://www.wellsfargojobs.com/en/jobs/r-557673/teller-part-time-lewiston/
WELLS_FARGO,R-549893,Senior Securities Operations Specialist,Risk and Compliance,Charlotte,NC,United States,unknown,Full time,2026-07-20 21:37:42.458309,2026-07-17 00:00:00,https://www.wellsfargojobs.com/en/jobs/r-549893/senior-securities-operations-specialist/
WELLS_FARGO,R-561856,Senior Premier Banker Austin Jollyville,Risk and Compliance,Austin,TX,United States,unknown,Full time,2026-07-20 21:37:42.485498,2026-07-17 00:00:00,https://www.wellsfargojobs.com/en/jobs/r-561856/senior-premier-banker-austin-jollyville/
WELLS_FARGO,R-560896,Personal Banker  Kalispell North,Risk and Compliance,Kalispell,MT,United States,unknown,Full time,2026-07-20 21:37:42.517200,2026-07-17 00:00:00,https://www.wellsfargojobs.com/en/jobs/r-560896/personal-banker-kalispell-north/
WELLS_FARGO,R-557141,Personal Banker New Milford,Risk and Compliance,New Milford,NJ,United States,unknown,Full time,2026-07-20 21:37:42.532092,2026-07-17 00:00:00,https://www.wellsfargojobs.com/en/jobs/r-557141/personal-banker-new-milford/
WELLS_FARGO,R-560719,Treasury Management Support Analyst,Risk and Compliance,Plymouth Meeting,PA,United States,unknown,Full time,2026-07-20 21:37:42.547115,2026-07-17 00:00:00,https://www.wellsfargojobs.com/en/jobs/r-560719/treasury-management-support-analyst/
WELLS_FARGO,R-558466,Personal Banker Victoria North TX,Risk and Compliance,Victoria,TX,United States,unknown,Full time,2026-07-20 21:37:42.579650,2026-07-17 00:00:00,https://www.wellsfargojobs.com/en/jobs/r-558466/personal-banker-victoria-north-tx/
WELLS_FARGO,R-561983,Senior Premier Banker Raritan Valley District,Risk and Compliance,Bernardsville,NJ,United States,unknown,Full time,2026-07-20 21:37:42.612753,2026-07-17 00:00:00,https://www.wellsfargojobs.com/en/jobs/r-561983/senior-premier-banker-raritan-valley-district/
WELLS_FARGO,R-557185,Branch Manager - The Heights District,Risk and Compliance,San Francisco,CA,United States,unknown,Full time,2026-07-20 21:37:42.641017,2026-07-19 00:00:00,https://www.wellsfargojobs.com/en/jobs/r-557185/branch-manager-the-heights-district/
WELLS_FARGO,R-556541,Personal Banker Tulare,Risk and Compliance,Tulare,CA,United States,unknown,Full time,2026-07-20 21:37:42.658460,2026-07-17 00:00:00,https://www.wellsfargojobs.com/en/jobs/r-556541/personal-banker-tulare/
WELLS_FARGO,R-560747,Teller East Bessemer Avenue,Risk and Compliance,Greensboro,NC,United States,unknown,Full time,2026-07-20 21:37:42.689087,2026-07-17 00:00:00,https://www.wellsfargojobs.com/en/jobs/r-560747/teller-east-bessemer-avenue/
WELLS_FARGO,R-557891,Bilingual Personal Banker Waterlick Plaza,Risk and Compliance,Lynchburg,VA,United States,unknown,Full time,2026-07-20 21:37:42.717076,2026-07-20 00:00:00,https://www.wellsfargojobs.com/en/jobs/r-557891/bilingual-personal-banker-waterlick-plaza/
WELLS_FARGO,R-562090,Branch Manager Jackson Heights DeNovo,Risk and Compliance,Jackson Heights,NY,United States,unknown,Full time,2026-07-20 21:37:42.744687,2026-07-20 00:00:00,https://www.wellsfargojobs.com/en/jobs/r-562090/branch-manager-jackson-heights-denovo/
WELLS_FARGO,R-559506,Due Diligence Consultant – Transactional Risk & Intelligence Group (TRIG),Risk and Compliance,Charlotte,NC,United States,unknown,Full time,2026-07-20 21:37:42.766684,2026-07-20 00:00:00,https://www.wellsfargojobs.com/en/jobs/r-559506/due-diligence-consultant-transactional-risk-intelligence-group-trig/
WELLS_FARGO,R-561128,Principal Java Engineer Commodities,Risk and Compliance,Houston,TX,United States,unknown,Full time,2026-07-20 21:37:42.796889,2026-07-20 00:00:00,https://www.wellsfargojobs.com/en/jobs/r-561128/principal-java-engineer-commodities/
WELLS_FARGO,R-562146,Senior Premier Banker Brandywine District,Risk and Compliance,Brandywine,MD,United States,unknown,Full time,2026-07-20 21:37:42.837564,2026-07-20 00:00:00,https://www.wellsfargojobs.com/en/jobs/r-562146/senior-premier-banker-brandywine-district/
WELLS_FARGO,R-562154,Branch Manager Kansas City Area,Risk and Compliance,Shawnee,KS,United States,unknown,Full time,2026-07-20 21:37:42.872810,2026-07-20 00:00:00,https://www.wellsfargojobs.com/en/jobs/r-562154/branch-manager-kansas-city-area/
WELLS_FARGO,R-555787,Relationship Banker Windsor,Risk and Compliance,Windsor,CA,United States,unknown,Full time,2026-07-20 21:37:42.901047,2026-07-20 00:00:00,https://www.wellsfargojobs.com/en/jobs/r-555787/relationship-banker-windsor/
WELLS_FARGO,R-555830,Operations Processor,Risk and Compliance,Sterling,VA,United States,unknown,Part time,2026-07-20 21:37:42.927982,2026-07-20 00:00:00,https://www.wellsfargojobs.com/en/jobs/r-555830/operations-processor/
WELLS_FARGO,R-558242,Branch Manager - Northeast Dallas,Risk and Compliance,Garland,TX,United States,unknown,Full time,2026-07-20 21:37:42.959683,2026-07-20 00:00:00,https://www.wellsfargojobs.com/en/jobs/r-558242/branch-manager-northeast-dallas/
WELLS_FARGO,R-553730,Director - Trade Finance Product Leader - Import/Export Finance,Risk and Compliance,Charlotte,NC,United States,unknown,Full time,2026-07-20 21:37:42.969192,2026-07-20 00:00:00,https://www.wellsfargojobs.com/en/jobs/r-553730/director-trade-finance-product-leader-import-export-finance/
WELLS_FARGO,R-562123,Personal Banker Southampton DeNovo,Risk and Compliance,Southampton,NY,United States,unknown,Full time,2026-07-20 21:37:43.009187,2026-07-20 00:00:00,https://www.wellsfargojobs.com/en/jobs/r-562123/personal-banker-southampton-denovo/
WELLS_FARGO,R-559143,Due Diligence Consultant - Higher Risk Customer Management,Risk and Compliance,Minneapolis,MN,United States,unknown,Full time,2026-07-20 21:37:43.033227,2026-07-20 00:00:00,https://www.wellsfargojobs.com/en/jobs/r-559143/due-diligence-consultant-higher-risk-customer-management/
WELLS_FARGO,R-539080,Associate Financial Advisor,Risk and Compliance,Eugene,OR,United States,unknown,Full time,2026-07-20 21:37:43.055296,2026-07-20 00:00:00,https://www.wellsfargojobs.com/en/jobs/r-539080/associate-financial-advisor/
WELLS_FARGO,R-558920,Teller Part Time Kendall Town Center,Risk and Compliance,Miami,FL,United States,unknown,Part time,2026-07-20 21:37:43.078716,2026-07-20 00:00:00,https://www.wellsfargojobs.com/en/jobs/r-558920/teller-part-time-kendall-town-center/
WELLS_FARGO,R-562091,Business Banker (LO) Richmond,Risk and Compliance,Midlothian,VA,United States,unknown,Full time,2026-07-20 21:37:43.115061,2026-07-20 00:00:00,https://www.wellsfargojobs.com/en/jobs/r-562091/business-banker-lo-richmond/
WELLS_FARGO,R-547553,CA-WA Private Mortgage Banker (SAFE),Risk and Compliance,Fresno,CA,United States,unknown,Full time,2026-07-20 21:37:43.142781,2026-05-20 00:00:00,https://www.wellsfargojobs.com/en/jobs/r-547553/ca-wa-private-mortgage-banker-safe/
WELLS_FARGO,R-547532,CA-WA Mortgage Retail Sales Consultant (SAFE),Risk and Compliance,San Jose,CA,United States,unknown,Full time,2026-07-20 21:37:43.167487,2026-05-20 00:00:00,https://www.wellsfargojobs.com/en/jobs/r-547532/ca-wa-mortgage-retail-sales-consultant-safe/
WELLS_FARGO,R-544575,Private Mortgage Banker,Risk and Compliance,Seattle,WA,United States,unknown,Full time,2026-07-20 21:37:43.194456,2026-05-27 00:00:00,https://www.wellsfargojobs.com/en/jobs/r-544575/private-mortgage-banker/
WELLS_FARGO,R-545556,Senior Lead Commercial Banking Relationship Manager,Sales and Relationship Management,Melville,NY,United States,unknown,Full time,2026-07-20 21:37:43.216967,2026-05-28 00:00:00,https://www.wellsfargojobs.com/en/jobs/r-545556/senior-lead-commercial-banking-relationship-manager/
WELLS_FARGO,R-551216,Mortgage Consumer Direct Sales Consultant (SAFE),Risk and Compliance,Tempe,AZ,United States,unknown,Full time,2026-07-20 21:37:43.240119,2026-06-09 00:00:00,https://www.wellsfargojobs.com/en/jobs/r-551216/mortgage-consumer-direct-sales-consultant-safe/
WELLS_FARGO,R-554986,Personal Banker Corona DeNovo,Risk and Compliance,Corona,NY,United States,unknown,Full time,2026-07-20 21:37:43.265774,2026-06-22 00:00:00,https://www.wellsfargojobs.com/en/jobs/r-554986/personal-banker-corona-denovo/
WELLS_FARGO,R-554646,Branch Manager North Mountain District,Risk and Compliance,Durango,CO,United States,unknown,Full time,2026-07-20 21:37:43.281371,2026-06-22 00:00:00,https://www.wellsfargojobs.com/en/jobs/r-554646/branch-manager-north-mountain-district/
WELLS_FARGO,R-538250,Senior Lead Securities Quantitative Analytics Specialist - C++ Engineer,Risk and Compliance,New York,NY,United States,unknown,Full time,2026-07-20 21:37:43.323009,2026-06-23 00:00:00,https://www.wellsfargojobs.com/en/jobs/r-538250/senior-lead-securities-quantitative-analytics-specialist-c-engineer/
WELLS_FARGO,R-555403,Mortgage Retail Sales Consultant,Risk and Compliance,Arvada,CO,United States,unknown,Full time,2026-07-20 21:37:43.351470,2026-06-23 00:00:00,https://www.wellsfargojobs.com/en/jobs/r-555403/mortgage-retail-sales-consultant/
WELLS_FARGO,R-555867,Personal Banker Lower Brule,Risk and Compliance,Lower Brule,SD,United States,unknown,,2026-07-20 21:37:43.375265,2026-06-24 00:00:00,https://www.wellsfargojobs.com/en/jobs/r-555867/personal-banker-lower-brule/
WELLS_FARGO,R-554343,Teller Part Time West Lynwood,Risk and Compliance,Lynnwood,WA,United States,unknown,Part time,2026-07-20 21:37:43.400836,2026-06-24 00:00:00,https://www.wellsfargojobs.com/en/jobs/r-554343/teller-part-time-west-lynwood/
WELLS_FARGO,R-555050,2027 CIB Commercial Real Estate Analyst Program - Early Careers,Risk and Compliance,New York,NY,United States,unknown,Full time,2026-07-20 21:37:43.422577,2026-06-26 00:00:00,https://www.wellsfargojobs.com/en/jobs/r-555050/2027-cib-commercial-real-estate-analyst-program-early-careers/
WELLS_FARGO,R-556645,Personal Banker Forest Hills DeNovo,Risk and Compliance,Forest Hills,NY,United States,unknown,Full time,2026-07-20 21:37:43.438425,2026-06-28 00:00:00,https://www.wellsfargojobs.com/en/jobs/r-556645/personal-banker-forest-hills-denovo/
WELLS_FARGO,R-556569,Teller Bilingual Part Time Coit and 190,Risk and Compliance,Plano,TX,United States,unknown,Part time,2026-07-20 21:37:43.470588,2026-06-30 00:00:00,https://www.wellsfargojobs.com/en/jobs/r-556569/teller-bilingual-part-time-coit-and-190/
WELLS_FARGO,R-539416,Senior Business Relationship Manager (LO),Risk and Compliance,Fort Myers,FL,United States,unknown,Full time,2026-07-20 21:37:43.485609,2026-06-30 00:00:00,https://www.wellsfargojobs.com/en/jobs/r-539416/senior-business-relationship-manager-lo/
WELLS_FARGO,R-557843,Relationship Banker Belmont/Ralston Ave.,Risk and Compliance,Belmont,CA,United States,unknown,Full time,2026-07-20 21:37:43.523573,2026-07-02 00:00:00,https://www.wellsfargojobs.com/en/jobs/r-557843/relationship-banker-belmont-ralston-ave/
WELLS_FARGO,R-539275,Executive Director - Digital Asset Security Architecture,Risk and Compliance,Iselin,NJ,United States,unknown,Full time,2026-07-20 21:37:43.547313,2026-07-02 00:00:00,https://www.wellsfargojobs.com/en/jobs/r-539275/executive-director-digital-asset-security-architecture/
WELLS_FARGO,R-558044,Senior Premier Banker Greater San Francisco,Risk and Compliance,San Francisco,CA,United States,unknown,,2026-07-20 21:37:43.590702,2026-07-02 00:00:00,https://www.wellsfargojobs.com/en/jobs/r-558044/senior-premier-banker-greater-san-francisco/
WELLS_FARGO,R-540381,Nome Personal Banker,Risk and Compliance,Nome,AK,United States,unknown,Full time,2026-07-20 21:37:43.619113,2026-07-02 00:00:00,https://www.wellsfargojobs.com/en/jobs/r-540381/nome-personal-banker/
WELLS_FARGO,R-558308,Relationship Banker High Desert District,Risk and Compliance,Nampa,ID,United States,unknown,Full time,2026-07-20 21:37:43.641121,2026-07-03 00:00:00,https://www.wellsfargojobs.com/en/jobs/r-558308/relationship-banker-high-desert-district/
WELLS_FARGO,R-558364,Branch Operations Coordinator | Fillmore,Risk and Compliance,San Francisco,CA,United States,unknown,Full time,2026-07-20 21:37:43.673567,2026-07-06 00:00:00,https://www.wellsfargojobs.com/en/jobs/r-558364/branch-operations-coordinator-fillmore/
WELLS_FARGO,R-558275,Teller Detroit Lakes Main,Risk and Compliance,Detroit Lakes,MN,United States,unknown,Full time,2026-07-20 21:37:43.696640,2026-07-06 00:00:00,https://www.wellsfargojobs.com/en/jobs/r-558275/teller-detroit-lakes-main/
WELLS_FARGO,R-557844,Customer Service Representative Spanish Bilingual Small Business,Risk and Compliance,San Antonio,TX,United States,unknown,Full time,2026-07-20 21:37:43.723224,2026-07-06 00:00:00,https://www.wellsfargojobs.com/en/jobs/r-557844/customer-service-representative-spanish-bilingual-small-business/
WELLS_FARGO,R-558228,Business Banker (LO) W Illinois & Westmoreland,Risk and Compliance,Dallas,TX,United States,unknown,Full time,2026-07-20 21:37:43.748242,2026-07-07 00:00:00,https://www.wellsfargojobs.com/en/jobs/r-558228/business-banker-lo-w-illinois-westmoreland/
WELLS_FARGO,R-558718,Business Banker (LO) Shawnee,Risk and Compliance,Shawnee,KS,United States,unknown,Full time,2026-07-20 21:37:43.772419,2026-07-07 00:00:00,https://www.wellsfargojobs.com/en/jobs/r-558718/business-banker-lo-shawnee/
WELLS_FARGO,R-558932,Personal Banker Bonita Beach Road,Risk and Compliance,Bonita Springs,FL,United States,unknown,Full time,2026-07-20 21:37:43.782656,2026-07-07 00:00:00,https://www.wellsfargojobs.com/en/jobs/r-558932/personal-banker-bonita-beach-road/
WELLS_FARGO,R-549355,Senior Premier Banker East El Camino,Risk and Compliance,Sunnyvale,CA,United States,unknown,Full time,2026-07-20 21:37:43.817055,2026-07-07 00:00:00,https://www.wellsfargojobs.com/en/jobs/r-549355/senior-premier-banker-east-el-camino/
WELLS_FARGO,R-558859,Teller Fairbanks AK,Risk and Compliance,Fairbanks,AK,United States,unknown,Full time,2026-07-20 21:37:43.843659,2026-07-07 00:00:00,https://www.wellsfargojobs.com/en/jobs/r-558859/teller-fairbanks-ak/
WELLS_FARGO,R-558760,"Sr Premier Banker, Triangle Central District",Risk and Compliance,Durham,NC,United States,unknown,Full time,2026-07-20 21:37:43.883579,2026-07-07 00:00:00,https://www.wellsfargojobs.com/en/jobs/r-558760/sr-premier-banker-triangle-central-district/
WELLS_FARGO,R-558789,Branch Operations Coordinator North Pole AK,Risk and Compliance,North Pole,AK,United States,unknown,Full time,2026-07-20 21:37:43.906626,2026-07-07 00:00:00,https://www.wellsfargojobs.com/en/jobs/r-558789/branch-operations-coordinator-north-pole-ak/
WELLS_FARGO,R-558971,Associate Customer Service Representative Everyday Banking,Risk and Compliance,Sioux Falls,SD,United States,unknown,Full time,2026-07-20 21:37:43.928005,2026-07-07 00:00:00,https://www.wellsfargojobs.com/en/jobs/r-558971/associate-customer-service-representative-everyday-banking/
WELLS_FARGO,R-557848,Teller Irving,Risk and Compliance,Albuquerque,NM,United States,unknown,Full time,2026-07-20 21:37:43.953201,2026-07-07 00:00:00,https://www.wellsfargojobs.com/en/jobs/r-557848/teller-irving/
WELLS_FARGO,R-558798,Business Banker (LO) San Felipe,Risk and Compliance,Houston,TX,United States,unknown,Full time,2026-07-20 21:37:43.977452,2026-07-08 00:00:00,https://www.wellsfargojobs.com/en/jobs/r-558798/business-banker-lo-san-felipe/
WELLS_FARGO,R-554240,Relationship Banker Austin MN,Risk and Compliance,Austin,MN,United States,unknown,Full time,2026-07-20 21:37:44.009595,2026-07-08 00:00:00,https://www.wellsfargojobs.com/en/jobs/r-554240/relationship-banker-austin-mn/
WELLS_FARGO,R-559362,Teller Northeast Maryland District,Risk and Compliance,Parkville,MD,United States,unknown,Full time,2026-07-20 21:37:44.031710,2026-07-09 00:00:00,https://www.wellsfargojobs.com/en/jobs/r-559362/teller-northeast-maryland-district/
WELLS_FARGO,R-559349,Teller Lake Mission Viejo,Risk and Compliance,Mission Viejo,CA,United States,unknown,Full time,2026-07-20 21:37:44.047818,2026-07-09 00:00:00,https://www.wellsfargojobs.com/en/jobs/r-559349/teller-lake-mission-viejo/
WELLS_FARGO,R-559002,Teller Part Time Spanish Fork Utah,Risk and Compliance,Spanish Fork,UT,United States,unknown,Part time,2026-07-20 21:37:44.079429,2026-07-09 00:00:00,https://www.wellsfargojobs.com/en/jobs/r-559002/teller-part-time-spanish-fork-utah/
WELLS_FARGO,R-559285,Senior Business Relationship Manager (LO) Lawrenceville,Risk and Compliance,Lawrenceville,GA,United States,unknown,Full time,2026-07-20 21:37:44.095432,2026-07-09 00:00:00,https://www.wellsfargojobs.com/en/jobs/r-559285/senior-business-relationship-manager-lo-lawrenceville/
WELLS_FARGO,R-559553,Branch Operations Coordinator Holbrook,Risk and Compliance,Holbrook,AZ,United States,unknown,Full time,2026-07-20 21:37:44.117200,2026-07-09 00:00:00,https://www.wellsfargojobs.com/en/jobs/r-559553/branch-operations-coordinator-holbrook/
WELLS_FARGO,R-557357,Teller Part Time Via De La Valle,Risk and Compliance,Del Mar,CA,United States,unknown,Part time,2026-07-20 21:37:44.142449,2026-07-09 00:00:00,https://www.wellsfargojobs.com/en/jobs/r-557357/teller-part-time-via-de-la-valle/
WELLS_FARGO,R-558805,Teller Part Time Cheyenne East,Risk and Compliance,Cheyenne,WY,United States,unknown,Part time,2026-07-20 21:37:44.164154,2026-07-09 00:00:00,https://www.wellsfargojobs.com/en/jobs/r-558805/teller-part-time-cheyenne-east/
WELLS_FARGO,R-559694,Lead Treasury Consultant –Global Payments & Liquidity (Southeast),Risk and Compliance,Atlanta,GA,United States,unknown,Full time,2026-07-20 21:37:44.171670,2026-07-09 00:00:00,https://www.wellsfargojobs.com/en/jobs/r-559694/lead-treasury-consultant-global-payments-liquidity-southeast/
WELLS_FARGO,R-559758,"Executive Director, AI Architect and Strategist",Risk and Compliance,New York,NY,United States,unknown,Full time,2026-07-20 21:37:44.203162,2026-07-09 00:00:00,https://www.wellsfargojobs.com/en/jobs/r-559758/executive-director-ai-architect-and-strategist/
WELLS_FARGO,R-559709,Personal Banker Wrangell,Risk and Compliance,Wrangell,AK,United States,unknown,Full time,2026-07-20 21:37:44.219002,2026-07-10 00:00:00,https://www.wellsfargojobs.com/en/jobs/r-559709/personal-banker-wrangell/
WELLS_FARGO,R-520285,Senior Specialty Protocol Engineer,Risk and Compliance,Iselin,NJ,United States,unknown,Full time,2026-07-20 21:37:44.247165,2026-07-10 00:00:00,https://www.wellsfargojobs.com/en/jobs/r-520285/senior-specialty-protocol-engineer/
WELLS_FARGO,R-559999,Relationship Banker South Valley,Risk and Compliance,Bakersfield,CA,United States,unknown,,2026-07-20 21:37:44.281565,2026-07-10 00:00:00,https://www.wellsfargojobs.com/en/jobs/r-559999/relationship-banker-south-valley/
WELLS_FARGO,R-560086,Branch Manager High Desert District,Risk and Compliance,Meridian,ID,United States,unknown,Full time,2026-07-20 21:37:44.297465,2026-07-10 00:00:00,https://www.wellsfargojobs.com/en/jobs/r-560086/branch-manager-high-desert-district/
WELLS_FARGO,R-559551,Associate Personal Banker (SAFE) - McMinnville,Risk and Compliance,Mcminnville,OR,United States,unknown,Full time,2026-07-20 21:37:44.329557,2026-07-10 00:00:00,https://www.wellsfargojobs.com/en/jobs/r-559551/associate-personal-banker-safe-mcminnville/
WELLS_FARGO,R-560143,Personal Banker Delta Breeze District,Risk and Compliance,Pleasant Hill,CA,United States,unknown,Full time,2026-07-20 21:37:44.345128,2026-07-10 00:00:00,https://www.wellsfargojobs.com/en/jobs/r-560143/personal-banker-delta-breeze-district/
WELLS_FARGO,R-559971,Private Mortgage Banker (SAFE),Risk and Compliance,Richmond,VA,United States,unknown,Full time,2026-07-20 21:37:44.375613,2026-07-13 00:00:00,https://www.wellsfargojobs.com/en/jobs/r-559971/private-mortgage-banker-safe/
WELLS_FARGO,R-550640,"Community Mortgage Bank Sales Consultant (SAFE)- Orlando, FL",Risk and Compliance,Kissimmee,FL,United States,unknown,Full time,2026-07-20 21:37:44.390202,2026-07-13 00:00:00,https://www.wellsfargojobs.com/en/jobs/r-550640/community-mortgage-bank-sales-consultant-safe-orlando-fl/
WELLS_FARGO,R-554786,Teller Bilingual Rio Rancho,Risk and Compliance,Rio Rancho,NM,United States,unknown,Full time,2026-07-20 21:37:44.418216,2026-07-13 00:00:00,https://www.wellsfargojobs.com/en/jobs/r-554786/teller-bilingual-rio-rancho/
WELLS_FARGO,R-558037,"Relationship Banker Circle Drive Rochester, MN",Risk and Compliance,Rochester,MN,United States,unknown,Full time,2026-07-20 21:37:44.444859,2026-07-13 00:00:00,https://www.wellsfargojobs.com/en/jobs/r-558037/relationship-banker-circle-drive-rochester-mn/
WELLS_FARGO,R-559723,"Business Banker (LO) Belmont, NC",Risk and Compliance,Belmont,NC,United States,unknown,Full time,2026-07-20 21:37:44.461600,2026-07-13 00:00:00,https://www.wellsfargojobs.com/en/jobs/r-559723/business-banker-lo-belmont-nc/
WELLS_FARGO,R-559725,"Business Banker (LO) Mobile, AL",Risk and Compliance,Mobile,AL,United States,unknown,Full time,2026-07-20 21:37:44.492109,2026-07-13 00:00:00,https://www.wellsfargojobs.com/en/jobs/r-559725/business-banker-lo-mobile-al/
WELLS_FARGO,R-559796,"Business Banker (LO) Parkville, MD",Risk and Compliance,Parkville,MD,United States,unknown,Full time,2026-07-20 21:37:44.517966,2026-07-13 00:00:00,https://www.wellsfargojobs.com/en/jobs/r-559796/business-banker-lo-parkville-md/
WELLS_FARGO,R-560267,Relationship Banker - Virgina Beach District,Risk and Compliance,Virginia Beach,VA,United States,unknown,Full time,2026-07-20 21:37:44.540663,2026-07-13 00:00:00,https://www.wellsfargojobs.com/en/jobs/r-560267/relationship-banker-virgina-beach-district/
WELLS_FARGO,R-560270,"Senior Premier Banker - Prince William North, VA",Risk and Compliance,Manassas,VA,United States,unknown,Full time,2026-07-20 21:37:44.572114,2026-07-13 00:00:00,https://www.wellsfargojobs.com/en/jobs/r-560270/senior-premier-banker-prince-william-north-va/
WELLS_FARGO,R-546682,Relationship Banker 22nd & Mission,Risk and Compliance,San Francisco,CA,United States,unknown,Full time,2026-07-20 21:37:44.609073,2026-07-13 00:00:00,https://www.wellsfargojobs.com/en/jobs/r-546682/relationship-banker-22nd-mission/
WELLS_FARGO,R-559083,Senior Premier Banker 3rd and 58th,Risk and Compliance,New York,NY,United States,unknown,Full time,2026-07-20 21:37:44.640775,2026-07-13 00:00:00,https://www.wellsfargojobs.com/en/jobs/r-559083/senior-premier-banker-3rd-and-58th/
WELLS_FARGO,R-560469,Mortgage Retail Sales Coordinator (SAFE),Risk and Compliance,Melville,NY,United States,unknown,,2026-07-20 21:37:44.656683,2026-07-13 00:00:00,https://www.wellsfargojobs.com/en/jobs/r-560469/mortgage-retail-sales-coordinator-safe/
WELLS_FARGO,R-560528,Personal Banker Aberdeen,Risk and Compliance,Aberdeen,SD,United States,unknown,Full time,2026-07-20 21:37:44.673281,2026-07-13 00:00:00,https://www.wellsfargojobs.com/en/jobs/r-560528/personal-banker-aberdeen/
WELLS_FARGO,R-552136,Lead Architect - Card Systems and Data Architecture,Risk and Compliance,Charlotte,NC,United States,unknown,Full time,2026-07-20 21:37:44.699430,2026-07-13 00:00:00,https://www.wellsfargojobs.com/en/jobs/r-552136/lead-architect-card-systems-and-data-architecture/
WELLS_FARGO,R-558514,Roving Personal Banker ROVING Sarasota District,Risk and Compliance,North Port,FL,United States,unknown,Full time,2026-07-20 21:37:44.725068,2026-07-13 00:00:00,https://www.wellsfargojobs.com/en/jobs/r-558514/roving-personal-banker-roving-sarasota-district/
WELLS_FARGO,R-560125,Personal Banker 9th St & Greenway,Risk and Compliance,Phoenix,AZ,United States,unknown,Full time,2026-07-20 21:37:44.745309,2026-07-13 00:00:00,https://www.wellsfargojobs.com/en/jobs/r-560125/personal-banker-9th-st-greenway/
WELLS_FARGO,R-552631,Lead Business Aligned Finance Analyst- CIB Markets,Risk and Compliance,New York,NY,United States,unknown,Full time,2026-07-20 21:37:44.750307,2026-07-14 00:00:00,https://www.wellsfargojobs.com/en/jobs/r-552631/lead-business-aligned-finance-analyst-cib-markets/
WELLS_FARGO,R-560411,Kotzebue Personal Banker,Risk and Compliance,Kotzebue,AK,United States,unknown,Full time,2026-07-20 21:37:44.782577,2026-07-14 00:00:00,https://www.wellsfargojobs.com/en/jobs/r-560411/kotzebue-personal-banker/
WELLS_FARGO,R-560543,Branch Manager Capitol of Texas District,Risk and Compliance,Austin,TX,United States,unknown,Full time,2026-07-20 21:37:44.797598,2026-07-14 00:00:00,https://www.wellsfargojobs.com/en/jobs/r-560543/branch-manager-capitol-of-texas-district/
WELLS_FARGO,R-550151,Associate Personal Banker (SAFE) - Jackson West. WY,Risk and Compliance,Jackson,WY,United States,unknown,Full time,2026-07-20 21:37:44.829322,2026-07-14 00:00:00,https://www.wellsfargojobs.com/en/jobs/r-550151/associate-personal-banker-safe-jackson-west-wy/
WELLS_FARGO,R-560281,Senior Regional Real Estate Manager,Risk and Compliance,Dallas,TX,United States,unknown,Full time,2026-07-20 21:37:44.845194,2026-07-14 00:00:00,https://www.wellsfargojobs.com/en/jobs/r-560281/senior-regional-real-estate-manager/
WELLS_FARGO,R-560520,Associate Fixed Income Portfolio Manager,Risk and Compliance,Charlotte,NC,United States,unknown,Full time,2026-07-20 21:37:44.862390,2026-07-15 00:00:00,https://www.wellsfargojobs.com/en/jobs/r-560520/associate-fixed-income-portfolio-manager/
WELLS_FARGO,R-557460,Teller Part Time Loucks Road,Risk and Compliance,York,PA,United States,unknown,Part time,2026-07-20 21:37:44.877533,2026-07-15 00:00:00,https://www.wellsfargojobs.com/en/jobs/r-557460/teller-part-time-loucks-road/
WELLS_FARGO,R-560840,Teller Part Time Wilton Office,Risk and Compliance,Wilton,CT,United States,unknown,Part time,2026-07-20 21:37:44.909466,2026-07-15 00:00:00,https://www.wellsfargojobs.com/en/jobs/r-560840/teller-part-time-wilton-office/
WELLS_FARGO,R-560994,Teller Part Time Bilingual Austell Medical Center,Risk and Compliance,Austell,GA,United States,unknown,Part time,2026-07-20 21:37:44.927274,2026-07-15 00:00:00,https://www.wellsfargojobs.com/en/jobs/r-560994/teller-part-time-bilingual-austell-medical-center/
WELLS_FARGO,R-561001,Personal Banker Hutto TX,Risk and Compliance,Hutto,TX,United States,unknown,Full time,2026-07-20 21:37:44.952852,2026-07-15 00:00:00,https://www.wellsfargojobs.com/en/jobs/r-561001/personal-banker-hutto-tx/
WELLS_FARGO,R-557333,Branch Manager Sarasota,Risk and Compliance,Sarasota,FL,United States,unknown,Full time,2026-07-20 21:37:44.971257,2026-07-15 00:00:00,https://www.wellsfargojobs.com/en/jobs/r-557333/branch-manager-sarasota/
WELLS_FARGO,R-553801,Branch Manager Mt. Vernon,Risk and Compliance,Mount Vernon,WA,United States,unknown,Full time,2026-07-20 21:37:44.993853,2026-07-15 00:00:00,https://www.wellsfargojobs.com/en/jobs/r-553801/branch-manager-mt-vernon/
WELLS_FARGO,R-553892,Lead Product Manager - Transformation & Strategic Initiatives,Risk and Compliance,Charlotte,NC,United States,unknown,Full time,2026-07-20 21:37:45.025449,2026-07-15 00:00:00,https://www.wellsfargojobs.com/en/jobs/r-553892/lead-product-manager-transformation-strategic-initiatives/
WELLS_FARGO,R-560717,Retail Fixed Income Trader,Risk and Compliance,Saint Louis,MO,United States,unknown,Full time,2026-07-20 21:37:45.041157,2026-07-15 00:00:00,https://www.wellsfargojobs.com/en/jobs/r-560717/retail-fixed-income-trader/
WELLS_FARGO,R-561037,Relationship Banker - Tri City,Risk and Compliance,Palm Desert,CA,United States,unknown,Full time,2026-07-20 21:37:45.073736,2026-07-15 00:00:00,https://www.wellsfargojobs.com/en/jobs/r-561037/relationship-banker-tri-city/
WELLS_FARGO,R-561303,Senior Premier Banker Mayfair,Risk and Compliance,Wauwatosa,WI,United States,unknown,Full time,2026-07-20 21:37:45.088756,2026-07-15 00:00:00,https://www.wellsfargojobs.com/en/jobs/r-561303/senior-premier-banker-mayfair/
WELLS_FARGO,R-549314,Teller Bilingual Part Time Spring Rock Green Branch,Risk and Compliance,Richmond,VA,United States,unknown,Part time,2026-07-20 21:37:45.123387,2026-07-15 00:00:00,https://www.wellsfargojobs.com/en/jobs/r-549314/teller-bilingual-part-time-spring-rock-green-branch/
WELLS_FARGO,R-560435,CA-WA Community Mortgage Bank Sales Consultant (SAFE) -Bilingual Spanish,Risk and Compliance,Los Angeles,CA,United States,unknown,Full time,2026-07-20 21:37:45.147800,2026-07-16 00:00:00,https://www.wellsfargojobs.com/en/jobs/r-560435/ca-wa-community-mortgage-bank-sales-consultant-safe-bilingual-spanish/
WELLS_FARGO,R-561446,Lead Commercial Banking Relationship Manager,Risk and Compliance,Denver,CO,United States,unknown,Full time,2026-07-20 21:37:45.167513,2026-07-16 00:00:00,https://www.wellsfargojobs.com/en/jobs/r-561446/lead-commercial-banking-relationship-manager/
WELLS_FARGO,R-549746,Teller Part Time Thomas Dr,Risk and Compliance,Panama City Beach,FL,United States,unknown,Part time,2026-07-20 21:37:45.179060,2026-07-16 00:00:00,https://www.wellsfargojobs.com/en/jobs/r-549746/teller-part-time-thomas-dr/
WELLS_FARGO,R-557594,"Lead Merchant Services Product Sales Consultant, Corporate Banking",Sales and Relationship Management,Irving,TX,United States,unknown,Full time,2026-07-20 21:37:45.218693,2026-07-16 00:00:00,https://www.wellsfargojobs.com/en/jobs/r-557594/lead-merchant-services-product-sales-consultant-corporate-banking/
WELLS_FARGO,R-561326,Teller Billings,Risk and Compliance,Billings,MT,United States,unknown,Full time,2026-07-20 21:37:45.242048,2026-07-16 00:00:00,https://www.wellsfargojobs.com/en/jobs/r-561326/teller-billings/
WELLS_FARGO,R-561633,Branch Operations Manager- Route 66 District,Risk and Compliance,Glendora,CA,United States,unknown,Full time,2026-07-20 21:37:45.263778,2026-07-16 00:00:00,https://www.wellsfargojobs.com/en/jobs/r-561633/branch-operations-manager-route-66-district/
WELLS_FARGO,R-561645,Personal Banker Foothills OC District,Risk and Compliance,Irvine,CA,United States,unknown,Full time,2026-07-20 21:37:45.281435,2026-07-16 00:00:00,https://www.wellsfargojobs.com/en/jobs/r-561645/personal-banker-foothills-oc-district/
WELLS_FARGO,R-561296,Teller Part Time Memorial,Risk and Compliance,Houston,TX,United States,unknown,Part time,2026-07-20 21:37:45.297169,2026-07-16 00:00:00,https://www.wellsfargojobs.com/en/jobs/r-561296/teller-part-time-memorial/
WELLS_FARGO,R-555470,"Personal Banker ONTARIO, OR 97914",Risk and Compliance,Caldwell,ID,United States,unknown,Full time,2026-07-20 21:37:45.329761,2026-07-16 00:00:00,https://www.wellsfargojobs.com/en/jobs/r-555470/personal-banker-ontario-or-97914/
WELLS_FARGO,R-560912,Teller Part Time Clemmons,Risk and Compliance,Clemmons,NC,United States,unknown,Part time,2026-07-20 21:37:45.354053,2026-07-16 00:00:00,https://www.wellsfargojobs.com/en/jobs/r-560912/teller-part-time-clemmons/
WELLS_FARGO,R-561502,Teller Part Time Glenwood Branch,Risk and Compliance,Philadelphia,PA,United States,unknown,Part time,2026-07-20 21:37:45.374982,2026-07-16 00:00:00,https://www.wellsfargojobs.com/en/jobs/r-561502/teller-part-time-glenwood-branch/
WELLS_FARGO,R-560465,CA-WA Mortgage Retail Sales Consultant,Risk and Compliance,El Segundo,CA,United States,unknown,Full time,2026-07-20 21:37:45.390656,2026-07-17 00:00:00,https://www.wellsfargojobs.com/en/jobs/r-560465/ca-wa-mortgage-retail-sales-consultant/
WELLS_FARGO,R-558651,Lead Software Engineer,Risk and Compliance,Irving,TX,United States,unknown,Full time,2026-07-20 21:37:45.406350,2026-07-17 00:00:00,https://www.wellsfargojobs.com/en/jobs/r-558651/lead-software-engineer/
WELLS_FARGO,R-561032,Premier Banker University Town Center,Risk and Compliance,San Diego,CA,United States,unknown,Full time,2026-07-20 21:37:45.443974,2026-07-17 00:00:00,https://www.wellsfargojobs.com/en/jobs/r-561032/premier-banker-university-town-center/
WELLS_FARGO,R-561225,Relationship Banker Clairemont Town Center,Risk and Compliance,San Diego,CA,United States,unknown,Full time,2026-07-20 21:37:45.472378,2026-07-17 00:00:00,https://www.wellsfargojobs.com/en/jobs/r-561225/relationship-banker-clairemont-town-center/
WELLS_FARGO,R-555850,"Vice President, Lending Committee Coordination & Reporting",Risk and Compliance,New York,NY,United States,unknown,Full time,2026-07-20 21:37:45.495377,2026-07-17 00:00:00,https://www.wellsfargojobs.com/en/jobs/r-555850/vice-president-lending-committee-coordination-reporting/
WELLS_FARGO,R-558964,Branch Operations Coordinator Fernley,Risk and Compliance,Fernley,NV,United States,unknown,Full time,2026-07-20 21:37:45.515113,2026-07-17 00:00:00,https://www.wellsfargojobs.com/en/jobs/r-558964/branch-operations-coordinator-fernley/
WELLS_FARGO,R-561273,Strategy Consultant,Risk and Compliance,New York,NY,United States,unknown,Full time,2026-07-20 21:37:45.531763,2026-07-17 00:00:00,https://www.wellsfargojobs.com/en/jobs/r-561273/strategy-consultant/
WELLS_FARGO,R-548126,Personal Banker Glenwood Meadows,Risk and Compliance,Glenwood Springs,CO,United States,unknown,Full time,2026-07-20 21:37:45.558988,2026-07-17 00:00:00,https://www.wellsfargojobs.com/en/jobs/r-548126/personal-banker-glenwood-meadows/
WELLS_FARGO,R-561172,Teller Bilingual Part Time 75th Ave And Thomas,Risk and Compliance,Phoenix,AZ,United States,unknown,Part time,2026-07-20 21:37:45.578118,2026-07-17 00:00:00,https://www.wellsfargojobs.com/en/jobs/r-561172/teller-bilingual-part-time-75th-ave-and-thomas/
WELLS_FARGO,R-561777,Lead Commercial Banking Relationship Manager,Sales and Relationship Management,Woodland Hills,CA,United States,unknown,Full time,2026-07-20 21:37:45.593864,2026-07-17 00:00:00,https://www.wellsfargojobs.com/en/jobs/r-561777/lead-commercial-banking-relationship-manager/
WELLS_FARGO,R-561285,Teller Bilingual South Boone at ASU,Risk and Compliance,Boone,NC,United States,unknown,Full time,2026-07-20 21:37:45.623122,2026-07-17 00:00:00,https://www.wellsfargojobs.com/en/jobs/r-561285/teller-bilingual-south-boone-at-asu/
WELLS_FARGO,R-557620,Senior Premier Banker North Phoenix Scottsdale,Risk and Compliance,Phoenix,AZ,United States,unknown,Full time,2026-07-20 21:37:45.662402,2026-07-17 00:00:00,https://www.wellsfargojobs.com/en/jobs/r-557620/senior-premier-banker-north-phoenix-scottsdale/
WELLS_FARGO,R-558342,"Roving Personal Banker MERIDIAN, ID",Risk and Compliance,Meridian,ID,United States,unknown,Full time,2026-07-20 21:37:45.692303,2026-07-14 00:00:00,https://www.wellsfargojobs.com/en/jobs/r-558342/roving-personal-banker-meridian-id/
WELLS_FARGO,R-557182,Sr. Business Aligned Finance Analyst,Risk and Compliance,Minneapolis,MN,United States,unknown,Full time,2026-07-20 21:37:45.712494,2026-07-20 00:00:00,https://www.wellsfargojobs.com/en/jobs/r-557182/sr-business-aligned-finance-analyst/
WELLS_FARGO,R-560797,Senior Branch Network Management Trainee (SAFE),Risk and Compliance,Irving,TX,United States,unknown,Full time,2026-07-20 21:37:45.744022,2026-07-20 00:00:00,https://www.wellsfargojobs.com/en/jobs/r-560797/senior-branch-network-management-trainee-safe/
WELLS_FARGO,R-561826,Teller West Cheyenne Las Vegas,Risk and Compliance,Las Vegas,NV,United States,unknown,Full time,2026-07-20 21:37:45.774085,2026-07-20 00:00:00,https://www.wellsfargojobs.com/en/jobs/r-561826/teller-west-cheyenne-las-vegas/
WELLS_FARGO,R-561739,Relationship Banker Montgomery County Area,Risk and Compliance,Silver Spring,MD,United States,unknown,Full time,2026-07-20 21:37:45.812769,2026-07-20 00:00:00,https://www.wellsfargojobs.com/en/jobs/r-561739/relationship-banker-montgomery-county-area/
WELLS_FARGO,R-561888,Personal Banker Rochester MN,Risk and Compliance,Rochester,MN,United States,unknown,Full time,2026-07-20 21:37:45.828474,2026-07-20 00:00:00,https://www.wellsfargojobs.com/en/jobs/r-561888/personal-banker-rochester-mn/
WELLS_FARGO,R-553026,Teller Part Time Willow Creek And Sandretto,Risk and Compliance,Prescott,AZ,United States,unknown,Part time,2026-07-20 21:37:45.869648,2026-07-20 00:00:00,https://www.wellsfargojobs.com/en/jobs/r-553026/teller-part-time-willow-creek-and-sandretto/
WELLS_FARGO,R-562176,Personal Banker-Desired Creole/Haitian Speaker Sample Road Pompano Beach FL,Risk and Compliance,Pompano Beach,FL,United States,unknown,Full time,2026-07-20 21:37:45.901686,2026-07-20 00:00:00,https://www.wellsfargojobs.com/en/jobs/r-562176/personal-banker-desired-creole-haitian-speaker-sample-road-pompano-beach-fl/
WELLS_FARGO,R-555803,Teller Part Time North Seattle,Risk and Compliance,Seattle,WA,United States,unknown,Part time,2026-07-20 21:37:45.935018,2026-07-20 00:00:00,https://www.wellsfargojobs.com/en/jobs/r-555803/teller-part-time-north-seattle/
WELLS_FARGO,R-562052,Teller Austin NW District,Risk and Compliance,Cedar Park,TX,United States,unknown,Full time,2026-07-20 21:37:45.964106,2026-07-20 00:00:00,https://www.wellsfargojobs.com/en/jobs/r-562052/teller-austin-nw-district/
WELLS_FARGO,R-560284,Lead Storage Infrastructure Engineer,Risk and Compliance,West Des Moines,IA,United States,unknown,Full time,2026-07-20 21:37:45.993077,2026-07-20 00:00:00,https://www.wellsfargojobs.com/en/jobs/r-560284/lead-storage-infrastructure-engineer/
WELLS_FARGO,R-560462,Priority Support L3 - Network Engineer Manager,Risk and Compliance,Irving,TX,United States,unknown,Full time,2026-07-20 21:37:46.018287,2026-07-20 00:00:00,https://www.wellsfargojobs.com/en/jobs/r-560462/priority-support-l3-network-engineer-manager/
WELLS_FARGO,R-558029,Relationship Banker Triangle Southwest District,Risk and Compliance,Cary,NC,United States,unknown,Full time,2026-07-20 21:37:46.070922,2026-07-20 00:00:00,https://www.wellsfargojobs.com/en/jobs/r-558029/relationship-banker-triangle-southwest-district/
WELLS_FARGO,R-542722,Market Risk Specialist | Corporate & Investment Banking,Risk and Compliance,Charlotte,NC,United States,unknown,Full time,2026-07-20 21:37:46.099043,2026-07-20 00:00:00,https://www.wellsfargojobs.com/en/jobs/r-542722/market-risk-specialist-corporate-investment-banking/
WELLS_FARGO,R-554627,Teller Part Time Landowne,Risk and Compliance,Lansdowne,PA,United States,unknown,Part time,2026-07-20 21:37:46.129182,2026-07-20 00:00:00,https://www.wellsfargojobs.com/en/jobs/r-554627/teller-part-time-landowne/
WELLS_FARGO,R-556434,Personal Banker Bilingual Jimmy Carter Blvd,Risk and Compliance,Norcross,GA,United States,unknown,Full time,2026-07-20 21:37:46.161217,2026-07-20 00:00:00,https://www.wellsfargojobs.com/en/jobs/r-556434/personal-banker-bilingual-jimmy-carter-blvd/
WELLS_FARGO,R-540277,Private Mortgage Banker (SAFE),Risk and Compliance,Purchase,NY,United States,unknown,Full time,2026-07-20 21:37:46.190027,2026-04-29 00:00:00,https://www.wellsfargojobs.com/en/jobs/r-540277/private-mortgage-banker-safe/
WELLS_FARGO,R-546741,Private Mortgage Banker (SAFE) AZ,Risk and Compliance,Phoenix,AZ,United States,unknown,,2026-07-20 21:37:46.215153,2026-05-26 00:00:00,https://www.wellsfargojobs.com/en/jobs/r-546741/private-mortgage-banker-safe-az/
WELLS_FARGO,R-546027,Lead Commercial Relationship Manager,Sales and Relationship Management,Richmond,VA,United States,unknown,Full time,2026-07-20 21:37:46.238127,2026-05-29 00:00:00,https://www.wellsfargojobs.com/en/jobs/r-546027/lead-commercial-relationship-manager/
WELLS_FARGO,R-548856,"Mortgage Retail Sales Consultant (SAFE) Dallas, (South) TX",Risk and Compliance,Frisco,TX,United States,unknown,,2026-07-20 21:37:46.265899,2026-05-29 00:00:00,https://www.wellsfargojobs.com/en/jobs/r-548856/mortgage-retail-sales-consultant-safe-dallas-south-tx/
WELLS_FARGO,R-548908,"Mortgage Retail Sales Consultant (SAFE) Dallas, (North) TX",Risk and Compliance,Frisco,TX,United States,unknown,,2026-07-20 21:37:46.296827,2026-05-29 00:00:00,https://www.wellsfargojobs.com/en/jobs/r-548908/mortgage-retail-sales-consultant-safe-dallas-north-tx/
WELLS_FARGO,R-548918,Mortgage Retail Sales Consultant (SAFE) San Antonio,Risk and Compliance,San Antonio,TX,United States,unknown,,2026-07-20 21:37:46.330155,2026-05-29 00:00:00,https://www.wellsfargojobs.com/en/jobs/r-548918/mortgage-retail-sales-consultant-safe-san-antonio/
WELLS_FARGO,R-534787,Private Mortgage Banker (SAFE),Risk and Compliance,Red Bank,NJ,United States,unknown,Full time,2026-07-20 21:37:46.366614,2026-06-16 00:00:00,https://www.wellsfargojobs.com/en/jobs/r-534787/private-mortgage-banker-safe/
WELLS_FARGO,R-554460,Mortgage Consumer Direct Sales Consultant (SAFE),Risk and Compliance,West Des Moines,IA,United States,unknown,Full time,2026-07-20 21:37:46.392143,2026-06-22 00:00:00,https://www.wellsfargojobs.com/en/jobs/r-554460/mortgage-consumer-direct-sales-consultant-safe/
WELLS_FARGO,R-555231,Community Mortgage Bank Sales Consultant,Risk and Compliance,Coachella,CA,United States,unknown,Full time,2026-07-20 21:37:46.423421,2026-06-22 00:00:00,https://www.wellsfargojobs.com/en/jobs/r-555231/community-mortgage-bank-sales-consultant/
WELLS_FARGO,R-555069,Senior Premier Banker Corona DeNovo,Risk and Compliance,Corona,NY,United States,unknown,Full time,2026-07-20 21:37:46.461323,2026-06-22 00:00:00,https://www.wellsfargojobs.com/en/jobs/r-555069/senior-premier-banker-corona-denovo/
WELLS_FARGO,R-555252,Community Mortgage Bank Sales Consultant,Risk and Compliance,San Marcos,CA,United States,unknown,Full time,2026-07-20 21:37:46.488438,2026-06-22 00:00:00,https://www.wellsfargojobs.com/en/jobs/r-555252/community-mortgage-bank-sales-consultant/
WELLS_FARGO,R-554050,Private Mortgage Banker (SAFE),Risk and Compliance,Overland Park,KS,United States,unknown,Full time,2026-07-20 21:37:46.512122,2026-06-22 00:00:00,https://www.wellsfargojobs.com/en/jobs/r-554050/private-mortgage-banker-safe/
WELLS_FARGO,R-555140,2027 CIB Commercial Real Estate Analyst Program - Early Careers (California),Risk and Compliance,Los Angeles,CA,United States,unknown,Full time,2026-07-20 21:37:46.530724,2026-06-26 00:00:00,https://www.wellsfargojobs.com/en/jobs/r-555140/2027-cib-commercial-real-estate-analyst-program-early-careers-california/
WELLS_FARGO,R-555720,2027 Commercial Banking Summer Internship – Early Careers,Risk and Compliance,Charlotte,NC,United States,unknown,Full time,2026-07-20 21:37:46.575390,2026-06-26 00:00:00,https://www.wellsfargojobs.com/en/jobs/r-555720/2027-commercial-banking-summer-internship-early-careers/
WELLS_FARGO,R-555363,District Manager - Canyons District,Risk and Compliance,Draper,UT,United States,unknown,Full time,2026-07-20 21:37:46.606256,2026-06-26 00:00:00,https://www.wellsfargojobs.com/en/jobs/r-555363/district-manager-canyons-district/
WELLS_FARGO,R-539581,Senior Business Banking Relationship Manager (LO),Risk and Compliance,Salinas,CA,United States,unknown,Full time,2026-07-20 21:37:46.642203,2026-06-30 00:00:00,https://www.wellsfargojobs.com/en/jobs/r-539581/senior-business-banking-relationship-manager-lo/
WELLS_FARGO,R-549103,Lead Engineer - Infrastructure Solutions,Risk and Compliance,Charlotte,NC,United States,unknown,Full time,2026-07-20 21:37:46.671555,2026-06-30 00:00:00,https://www.wellsfargojobs.com/en/jobs/r-549103/lead-engineer-infrastructure-solutions/
WELLS_FARGO,R-556136,Private Mortgage Banker (SAFE),Risk and Compliance,Los Angeles,CA,United States,unknown,Full time,2026-07-20 21:37:46.687323,2026-06-30 00:00:00,https://www.wellsfargojobs.com/en/jobs/r-556136/private-mortgage-banker-safe/
WELLS_FARGO,R-557457,Personal Banker - Coastal Peaks (evergreen),Risk and Compliance,Bend,OR,United States,unknown,Full time,2026-07-20 21:37:46.724082,2026-07-01 00:00:00,https://www.wellsfargojobs.com/en/jobs/r-557457/personal-banker-coastal-peaks-evergreen/
WELLS_FARGO,R-555825,Senior Premier Banker Beach and Valley,Risk and Compliance,Capitola,CA,United States,unknown,Full time,2026-07-20 21:37:46.762233,2026-07-01 00:00:00,https://www.wellsfargojobs.com/en/jobs/r-555825/senior-premier-banker-beach-and-valley/
WELLS_FARGO,R-542246,Securities Operations Associate Manager - Money Movement Request Management,Risk and Compliance,Minneapolis,MN,United States,unknown,Full time,2026-07-20 21:37:46.782533,2026-07-02 00:00:00,https://www.wellsfargojobs.com/en/jobs/r-542246/securities-operations-associate-manager-money-movement-request-management/
WELLS_FARGO,R-556940,Branch Manager Cascadia District,Risk and Compliance,Lynnwood,WA,United States,unknown,Full time,2026-07-20 21:37:46.821032,2026-07-02 00:00:00,https://www.wellsfargojobs.com/en/jobs/r-556940/branch-manager-cascadia-district/
WELLS_FARGO,R-557572,Teller Part Time Redmond Oregon,Risk and Compliance,Redmond,OR,United States,unknown,Part time,2026-07-20 21:37:46.848365,2026-07-02 00:00:00,https://www.wellsfargojobs.com/en/jobs/r-557572/teller-part-time-redmond-oregon/
WELLS_FARGO,R-558272,"Personal Banker LEWISTON, ID",Risk and Compliance,Lewiston,ID,United States,unknown,Full time,2026-07-20 21:37:46.874888,2026-07-03 00:00:00,https://www.wellsfargojobs.com/en/jobs/r-558272/personal-banker-lewiston-id/
WELLS_FARGO,R-549657,Roving Personal Banker Northern Alaska,Risk and Compliance,Fairbanks,AK,United States,unknown,Full time,2026-07-20 21:37:46.904270,2026-07-06 00:00:00,https://www.wellsfargojobs.com/en/jobs/r-549657/roving-personal-banker-northern-alaska/
WELLS_FARGO,R-558056,Teller Part Time Englewood,Risk and Compliance,Englewood,CO,United States,unknown,Part time,2026-07-20 21:37:46.932732,2026-07-06 00:00:00,https://www.wellsfargojobs.com/en/jobs/r-558056/teller-part-time-englewood/
WELLS_FARGO,R-558692,"Branch Manager Jamestown, ND",Risk and Compliance,Jamestown,ND,United States,unknown,Full time,2026-07-20 21:37:46.966987,2026-07-06 00:00:00,https://www.wellsfargojobs.com/en/jobs/r-558692/branch-manager-jamestown-nd/
WELLS_FARGO,R-558896,Senior Premier Banker Sharon Greens,Risk and Compliance,Cumming,GA,United States,unknown,Full time,2026-07-20 21:37:47.015250,2026-07-07 00:00:00,https://www.wellsfargojobs.com/en/jobs/r-558896/senior-premier-banker-sharon-greens/
WELLS_FARGO,R-556945,Branch Manager Santa Monica,Risk and Compliance,Santa Monica,CA,United States,unknown,Full time,2026-07-20 21:37:47.046699,2026-07-07 00:00:00,https://www.wellsfargojobs.com/en/jobs/r-556945/branch-manager-santa-monica/
WELLS_FARGO,R-558719,Business Banker (LO) Jim Wright FWY,Risk and Compliance,Fort Worth,TX,United States,unknown,Full time,2026-07-20 21:37:47.094930,2026-07-07 00:00:00,https://www.wellsfargojobs.com/en/jobs/r-558719/business-banker-lo-jim-wright-fwy/
WELLS_FARGO,R-558628,Business Banker (LO) Arbor Trails,Risk and Compliance,Austin,TX,United States,unknown,Full time,2026-07-20 21:37:47.143361,2026-07-07 00:00:00,https://www.wellsfargojobs.com/en/jobs/r-558628/business-banker-lo-arbor-trails/
WELLS_FARGO,R-559024,"Relationship Banker, Cape Fear District",Risk and Compliance,Southern Pines,NC,United States,unknown,Full time,2026-07-20 21:37:47.182024,2026-07-07 00:00:00,https://www.wellsfargojobs.com/en/jobs/r-559024/relationship-banker-cape-fear-district/
WELLS_FARGO,R-559159,Personal Banker Sweetgrass District,Risk and Compliance,Charleston,SC,United States,unknown,Full time,2026-07-20 21:37:47.210394,2026-07-07 00:00:00,https://www.wellsfargojobs.com/en/jobs/r-559159/personal-banker-sweetgrass-district/
WELLS_FARGO,R-558953,"Business Banker (LO) Tucson, AZ",Risk and Compliance,Tucson,AZ,United States,unknown,Full time,2026-07-20 21:37:47.228962,2026-07-08 00:00:00,https://www.wellsfargojobs.com/en/jobs/r-558953/business-banker-lo-tucson-az/
WELLS_FARGO,R-558962,"Business Banker (LO) Lynnwood, WA",Risk and Compliance,Lynnwood,WA,United States,unknown,Full time,2026-07-20 21:37:47.267151,2026-07-08 00:00:00,https://www.wellsfargojobs.com/en/jobs/r-558962/business-banker-lo-lynnwood-wa/
WELLS_FARGO,R-559188,Branch Manager Greater Danbury District NY,Risk and Compliance,Carmel,NY,United States,unknown,Full time,2026-07-20 21:37:47.312650,2026-07-08 00:00:00,https://www.wellsfargojobs.com/en/jobs/r-559188/branch-manager-greater-danbury-district-ny/
WELLS_FARGO,R-558771,Business Banker (LO) Midtown,Risk and Compliance,Houston,TX,United States,unknown,Full time,2026-07-20 21:37:47.332178,2026-07-08 00:00:00,https://www.wellsfargojobs.com/en/jobs/r-558771/business-banker-lo-midtown/
WELLS_FARGO,R-558780,Business Banker (LO) Memorial & Asbury,Risk and Compliance,Houston,TX,United States,unknown,Full time,2026-07-20 21:37:47.376216,2026-07-08 00:00:00,https://www.wellsfargojobs.com/en/jobs/r-558780/business-banker-lo-memorial-asbury/
WELLS_FARGO,R-558795,Business Banker (LO) Sharpstown,Risk and Compliance,Houston,TX,United States,unknown,Full time,2026-07-20 21:37:47.405736,2026-07-08 00:00:00,https://www.wellsfargojobs.com/en/jobs/r-558795/business-banker-lo-sharpstown/
WELLS_FARGO,R-557330,Branch Manger Trainee - Greater Fredericksburg,Risk and Compliance,Stafford,VA,United States,unknown,Full time,2026-07-20 21:37:47.452803,2026-07-08 00:00:00,https://www.wellsfargojobs.com/en/jobs/r-557330/branch-manger-trainee-greater-fredericksburg/
WELLS_FARGO,R-542499,Relationship Banker Cottonwood Creek,Risk and Compliance,Wasilla,AK,United States,unknown,Full time,2026-07-20 21:37:47.496863,2026-07-09 00:00:00,https://www.wellsfargojobs.com/en/jobs/r-542499/relationship-banker-cottonwood-creek/
WELLS_FARGO,R-559603,Senior Premier Banker Grand Strand District South Carolina,Risk and Compliance,Florence,SC,United States,unknown,Full time,2026-07-20 21:37:47.532609,2026-07-09 00:00:00,https://www.wellsfargojobs.com/en/jobs/r-559603/senior-premier-banker-grand-strand-district-south-carolina/
WELLS_FARGO,R-559715,Senior Premier Banker South Valley,Risk and Compliance,Bakersfield,CA,United States,unknown,,2026-07-20 21:37:47.572807,2026-07-09 00:00:00,https://www.wellsfargojobs.com/en/jobs/r-559715/senior-premier-banker-south-valley/
WELLS_FARGO,R-558759,Private Mortgage Banker (SAFE),Risk and Compliance,Minneapolis,MN,United States,unknown,Full time,2026-07-20 21:37:47.595080,2026-07-10 00:00:00,https://www.wellsfargojobs.com/en/jobs/r-558759/private-mortgage-banker-safe/
WELLS_FARGO,R-558782,CA-WA Mortgage Retail Sales Consultant (SAFE),Risk and Compliance,Irvine,CA,United States,unknown,Full time,2026-07-20 21:37:47.617089,2026-07-10 00:00:00,https://www.wellsfargojobs.com/en/jobs/r-558782/ca-wa-mortgage-retail-sales-consultant-safe/
BNY,79248,"Senior Specialist, Fund/Client Accounting",Finance and Accounting,Lake Mary,FL,United States,unknown,Full time,2026-07-20 21:39:20.661038,2026-07-20 00:00:00,https://eofe.fa.us2.oraclecloud.com/hcmUI/CandidateExperience/en/sites/BNY-Careers/job/79248
BNY,79249,"Senior Specialist, Fund/Client Accounting",Finance and Accounting,Lake Mary,FL,United States,unknown,Full time,2026-07-20 21:39:21.916419,2026-07-20 00:00:00,https://eofe.fa.us2.oraclecloud.com/hcmUI/CandidateExperience/en/sites/BNY-Careers/job/79249
GOLDMAN_SACHS,177346,"Compliance, Markets Surveillance, Associate, Salt Lake City",Risk and Compliance,Salt Lake City,UT,United States,unknown,,2026-07-20 21:39:22.455821,,https://higher.gs.com/roles/177346
BNY,79336,"Senior Specialist, Client Service Management",Risk and Compliance,Pittsburgh,PA,United States,unknown,Full time,2026-07-20 21:39:22.651811,2026-07-20 00:00:00,https://eofe.fa.us2.oraclecloud.com/hcmUI/CandidateExperience/en/sites/BNY-Careers/job/79336
BNY,79341,"Senior Specialist, Private Banking Team Lead",Risk and Compliance,New York,NY,United States,unknown,Full time,2026-07-20 21:39:23.713144,2026-07-20 00:00:00,https://eofe.fa.us2.oraclecloud.com/hcmUI/CandidateExperience/en/sites/BNY-Careers/job/79341
BNY,79344,"Specialist, Client Processing Representative",Operations,Pittsburgh,PA,United States,hybrid,Full time,2026-07-20 21:39:24.782393,2026-07-20 00:00:00,https://eofe.fa.us2.oraclecloud.com/hcmUI/CandidateExperience/en/sites/BNY-Careers/job/79344
BNY,79345,"Specialist, Cash Processing/Funds Transfer",Operations,Pittsburgh,PA,United States,unknown,Full time,2026-07-20 21:39:25.673781,2026-07-20 00:00:00,https://eofe.fa.us2.oraclecloud.com/hcmUI/CandidateExperience/en/sites/BNY-Careers/job/79345
BNY,79347,"Senior Specialist, IWM Portfolio Analyst",Risk and Compliance,Philadelphia,PA,United States,unknown,Full time,2026-07-20 21:39:26.887861,2026-07-20 00:00:00,https://eofe.fa.us2.oraclecloud.com/hcmUI/CandidateExperience/en/sites/BNY-Careers/job/79347
BNY,79346,"Specialist, Client Processing Representative",Operations,Pittsburgh,PA,United States,hybrid,Full time,2026-07-20 21:39:27.731398,2026-07-20 00:00:00,https://eofe.fa.us2.oraclecloud.com/hcmUI/CandidateExperience/en/sites/BNY-Careers/job/79346
BNY,79350,"Specialist, Client Service Management",Other,Houston,TX,United States,unknown,Full time,2026-07-20 21:39:28.835242,2026-07-20 00:00:00,https://eofe.fa.us2.oraclecloud.com/hcmUI/CandidateExperience/en/sites/BNY-Careers/job/79350
BNY,79380,"Vice President, Fiduciary",Risk and Compliance,Boston,MA,United States,unknown,Full time,2026-07-20 21:39:29.799016,2026-07-20 00:00:00,https://eofe.fa.us2.oraclecloud.com/hcmUI/CandidateExperience/en/sites/BNY-Careers/job/79380
BNY,79384,"Senior Specialist, Fiduciary",Risk and Compliance,New York,NY,United States,unknown,Full time,2026-07-20 21:39:30.898308,2026-07-20 00:00:00,https://eofe.fa.us2.oraclecloud.com/hcmUI/CandidateExperience/en/sites/BNY-Careers/job/79384
BNY,79386,"Vice President, IWM Portfolio Management",Risk and Compliance,San Francisco,CA,United States,unknown,Full time,2026-07-20 21:39:31.810885,2026-07-20 00:00:00,https://eofe.fa.us2.oraclecloud.com/hcmUI/CandidateExperience/en/sites/BNY-Careers/job/79386
BNY,79387,"Specialist, Client Service II",Operations,Pittsburgh,PA,United States,hybrid,Full time,2026-07-20 21:39:32.844742,2026-07-20 00:00:00,https://eofe.fa.us2.oraclecloud.com/hcmUI/CandidateExperience/en/sites/BNY-Careers/job/79387
BNY,79388,"Specialist, OPS Control II",Risk and Compliance,Pittsburgh,PA,United States,hybrid,Full time,2026-07-20 21:39:33.724566,2026-07-20 00:00:00,https://eofe.fa.us2.oraclecloud.com/hcmUI/CandidateExperience/en/sites/BNY-Careers/job/79388
BNY,79390,"Estate Settlement Specialist, Client Service II",Legal,Philadelphia,PA,United States,unknown,Full time,2026-07-20 21:39:34.677678,2026-08-20 00:00:00,https://eofe.fa.us2.oraclecloud.com/hcmUI/CandidateExperience/en/sites/BNY-Careers/job/79390
BNY,79427,"Specialist, Client Service II",Risk and Compliance,Boston,MA,United States,unknown,Full time,2026-07-20 21:39:35.679633,2026-07-20 00:00:00,https://eofe.fa.us2.oraclecloud.com/hcmUI/CandidateExperience/en/sites/BNY-Careers/job/79427
BNY,79478,"Specialist, Tax Reporting & Compliance",Risk and Compliance,Pittsburgh,PA,United States,unknown,Full time,2026-07-20 21:39:37.762436,2026-07-20 00:00:00,https://eofe.fa.us2.oraclecloud.com/hcmUI/CandidateExperience/en/sites/BNY-Careers/job/79478
BNY,79653,"Senior Specialist, Client Processing",Operations,New York,NY,United States,unknown,Full time,2026-07-20 21:39:38.717667,2026-07-20 00:00:00,https://eofe.fa.us2.oraclecloud.com/hcmUI/CandidateExperience/en/sites/BNY-Careers/job/79653
BNY,79654,"Senior Specialist, Client Processing",Operations,New York,NY,United States,unknown,Full time,2026-07-20 21:39:39.783722,2026-07-20 00:00:00,https://eofe.fa.us2.oraclecloud.com/hcmUI/CandidateExperience/en/sites/BNY-Careers/job/79654
BNY,79876,"Specialist, Client Service Management II",Risk and Compliance,Pittsburgh,PA,United States,unknown,Full time,2026-07-20 21:39:40.733504,2026-07-20 00:00:00,https://eofe.fa.us2.oraclecloud.com/hcmUI/CandidateExperience/en/sites/BNY-Careers/job/79876
BNY,80058,"Vice President, Production Services Application Support",Operations,New York,NY,United States,hybrid,Full time,2026-07-20 21:39:41.747283,2026-07-20 00:00:00,https://eofe.fa.us2.oraclecloud.com/hcmUI/CandidateExperience/en/sites/BNY-Careers/job/80058
GOLDMAN_SACHS,170046,"Senior Software Engineer, Global Banking & Markets, Trading Technology",Software Engineering,Salt Lake City,UT,United States,unknown,,2026-07-20 21:39:42.566569,,https://higher.gs.com/roles/170046
BNY,80152,"Senior Vice President, Client Success",Finance and Accounting,Boston,MA,United States,unknown,Full time,2026-07-20 21:39:42.861299,2026-07-20 00:00:00,https://eofe.fa.us2.oraclecloud.com/hcmUI/CandidateExperience/en/sites/BNY-Careers/job/80152
GOLDMAN_SACHS,172655,"Network Engineer, Global Banking & Markets, Electronic Trading Platform",Cloud and Infrastructure,New York,NY,United States,unknown,,2026-07-20 21:39:43.549734,,https://higher.gs.com/roles/172655
BNY,77693,"Director, Full-Stack Engineer",Risk and Compliance,New York,NY,United States,unknown,Full time,2026-07-20 21:39:43.778804,2026-07-19 00:00:00,https://eofe.fa.us2.oraclecloud.com/hcmUI/CandidateExperience/en/sites/BNY-Careers/job/77693
GOLDMAN_SACHS,167342,"Production Engineer, Global Banking & Markets, FICC Systematic Market Making (SMM) - Vice President / Associate",Cloud and Infrastructure,New York,NY,United States,unknown,,2026-07-20 21:39:44.556243,,https://higher.gs.com/roles/167342
BNY,70446,"Vice President, Full-Stack Engineer",Data and AI,Pittsburgh,PA,United States,hybrid,Full time,2026-07-20 21:39:44.813039,2026-07-17 00:00:00,https://eofe.fa.us2.oraclecloud.com/hcmUI/CandidateExperience/en/sites/BNY-Careers/job/70446
BNY,72880,"Senior Vice President, Custody Product",Cloud and Infrastructure,New York,NY,United States,hybrid,Full time,2026-07-20 21:39:45.721161,2026-07-17 00:00:00,https://eofe.fa.us2.oraclecloud.com/hcmUI/CandidateExperience/en/sites/BNY-Careers/job/72880
GOLDMAN_SACHS,174140,AWM Management-L2-New York-Associate-Product Management,Risk and Compliance,New York,NY,United States,unknown,,2026-07-20 21:39:46.562393,,https://higher.gs.com/roles/174140
BNY,73541,"Specialist, Client Processing",Operations,Houston,TX,United States,unknown,Full time,2026-07-20 21:39:46.855595,2026-07-17 00:00:00,https://eofe.fa.us2.oraclecloud.com/hcmUI/CandidateExperience/en/sites/BNY-Careers/job/73541
BNY,76607,"Senior Specialist, Credit Services Administration",Operations,New York,NY,United States,unknown,Full time,2026-07-20 21:39:47.840306,2026-07-17 00:00:00,https://eofe.fa.us2.oraclecloud.com/hcmUI/CandidateExperience/en/sites/BNY-Careers/job/76607
GOLDMAN_SACHS,163773,"AWM, Marcus by Goldman Sachs, Fraud Product Lead, Vice President - Richardson, TX",Product Management,Richardson,TX,United States,unknown,,2026-07-20 21:39:48.620223,,https://higher.gs.com/roles/163773
BNY,76733,"Specialist, Client Processing II",Operations,Houston,TX,United States,unknown,Full time,2026-07-20 21:39:48.930404,2026-07-17 00:00:00,https://eofe.fa.us2.oraclecloud.com/hcmUI/CandidateExperience/en/sites/BNY-Careers/job/76733
GOLDMAN_SACHS,162921,"Product Manager, Asset & Wealth Management, Public Investing",Product Management,New York,NY,United States,unknown,,2026-07-20 21:39:49.608864,,https://higher.gs.com/roles/162921
BNY,77711,"Senior Vice President, Full-Stack Engineer",Software Engineering,Jersey City,NJ,United States,unknown,Full time,2026-07-20 21:39:49.996117,2026-07-17 00:00:00,https://eofe.fa.us2.oraclecloud.com/hcmUI/CandidateExperience/en/sites/BNY-Careers/job/77711
GOLDMAN_SACHS,156350,Asset & Wealth Management Operations - Private Wealth Management – Trade Management & Settlement Operations Senior Associate / Associate - Salt Lake City,Operations,Salt Lake City,UT,United States,unknown,,2026-07-20 21:39:50.615917,,https://higher.gs.com/roles/156350
BNY,78127,Cryptography Platform and Services Technologist Lead,Cybersecurity,Pittsburgh,PA,United States,unknown,Full time,2026-07-20 21:39:50.911548,2026-07-17 00:00:00,https://eofe.fa.us2.oraclecloud.com/hcmUI/CandidateExperience/en/sites/BNY-Careers/job/78127
GOLDMAN_SACHS,176855,"Controllers – Dallas - Associate, Regulatory Reporting – Portfolio Level - 9005250",Risk and Compliance,Dallas,TX,United States,unknown,,2026-07-20 21:39:51.633738,,https://higher.gs.com/roles/176855
BNY,78259,"Senior Specialist, Control",Risk and Compliance,Lake Mary,FL,United States,unknown,Full time,2026-07-20 21:39:51.845953,2026-07-17 00:00:00,https://eofe.fa.us2.oraclecloud.com/hcmUI/CandidateExperience/en/sites/BNY-Careers/job/78259
GOLDMAN_SACHS,176856,"Engineering Division - Draper - Vice President, Systems Engineering - 389899",Cloud and Infrastructure,Draper,UT,United States,unknown,,2026-07-20 21:39:52.678212,,https://higher.gs.com/roles/176856
BNY,78338,"Vice President, Audio Visual Engineering Manager",Risk and Compliance,New York,NY,United States,unknown,Full time,2026-07-20 21:39:52.889880,2026-07-17 00:00:00,https://eofe.fa.us2.oraclecloud.com/hcmUI/CandidateExperience/en/sites/BNY-Careers/job/78338
GOLDMAN_SACHS,176882,"Global Banking & Markets - New York - Vice President, Banker – Industry/Country Coverage - 9594313",Sales and Relationship Management,New York,NY,United States,unknown,,2026-07-20 21:39:53.635516,,https://higher.gs.com/roles/176882
BNY,78678,"Specialist, Client Processing Representative II",Operations,Houston,TX,United States,unknown,Full time,2026-07-20 21:39:54.271951,2026-07-17 00:00:00,https://eofe.fa.us2.oraclecloud.com/hcmUI/CandidateExperience/en/sites/BNY-Careers/job/78678
GOLDMAN_SACHS,176871,"Engineering -Dallas, Texas - Vice President, Software Engineering - 3912564",Software Engineering,Dallas,TX,United States,unknown,,2026-07-20 21:39:54.651171,,https://higher.gs.com/roles/176871
BNY,78682,"Specialist, Client Processing Representative II",Operations,Houston,TX,United States,unknown,Full time,2026-07-20 21:39:54.874272,2026-07-17 00:00:00,https://eofe.fa.us2.oraclecloud.com/hcmUI/CandidateExperience/en/sites/BNY-Careers/job/78682
GOLDMAN_SACHS,176854,"Asset & Wealth Management-New York-Vice President, Product Management-9134893",Product Management,New York,NY,United States,unknown,,2026-07-20 21:39:55.653184,,https://higher.gs.com/roles/176854
BNY,78679,"Specialist, Client Processing Representative II",Operations,Houston,TX,United States,unknown,Full time,2026-07-20 21:39:55.908490,2026-07-17 00:00:00,https://eofe.fa.us2.oraclecloud.com/hcmUI/CandidateExperience/en/sites/BNY-Careers/job/78679
GOLDMAN_SACHS,176853,"Risk - Salt Lake City - Associate, Software Engineering - 777858",Risk and Compliance,Salt Lake City,UT,United States,unknown,,2026-07-20 21:39:56.671018,,https://higher.gs.com/roles/176853
BNY,78687,"Specialist, Client Processing Representative II",Operations,Houston,TX,United States,unknown,Full time,2026-07-20 21:39:57.050360,2026-07-17 00:00:00,https://eofe.fa.us2.oraclecloud.com/hcmUI/CandidateExperience/en/sites/BNY-Careers/job/78687
GOLDMAN_SACHS,179114,"Asset & Wealth Management, Private Wealth Management, Marketing Designer, Analyst - Miami, FL",Risk and Compliance,Miami,FL,United States,unknown,,2026-07-20 21:39:57.706259,,https://higher.gs.com/roles/179114
GOLDMAN_SACHS,179194,Asset Management Public-Trade Management - Shared-Salt Lake City-Vice President,Risk and Compliance,Salt Lake City,UT,United States,unknown,,2026-07-20 21:39:58.688341,,https://higher.gs.com/roles/179194
BNY,78700,"Specialist, Client Processing Representative II",Operations,Pittsburgh,PA,United States,unknown,Full time,2026-07-20 21:39:59.026031,2026-07-17 00:00:00,https://eofe.fa.us2.oraclecloud.com/hcmUI/CandidateExperience/en/sites/BNY-Careers/job/78700
GOLDMAN_SACHS,177618,"GBM - Public,  Electronic Cash Market Making, Quantitative Engineering, Vice President - New York",Software Engineering,New York,NY,United States,unknown,,2026-07-20 21:39:59.689972,,https://higher.gs.com/roles/177618
BNY,78703,"Specialist, Client Processing Representative II",Operations,Pittsburgh,PA,United States,unknown,Full time,2026-07-20 21:40:00.146210,2026-07-17 00:00:00,https://eofe.fa.us2.oraclecloud.com/hcmUI/CandidateExperience/en/sites/BNY-Careers/job/78703
GOLDMAN_SACHS,178296,Global Banking & Markets Operations-Fis Sales & Trading Services-Dallas-Associate,Operations,Dallas,TX,United States,unknown,,2026-07-20 21:40:00.696466,,https://higher.gs.com/roles/178296
BNY,78722,"Specialist, Client Processing Representative II",Operations,Houston,TX,United States,unknown,Full time,2026-07-20 21:40:01.302316,2026-07-17 00:00:00,https://eofe.fa.us2.oraclecloud.com/hcmUI/CandidateExperience/en/sites/BNY-Careers/job/78722
GOLDMAN_SACHS,178979,"Asset & Wealth Management, Private Wealth Management, Goldman Sachs Trust Company, Estate Associate - New York",Legal,New York,NY,United States,unknown,,2026-07-20 21:40:01.702859,,https://higher.gs.com/roles/178979
BNY,78723,"Specialist, Client Processing Representative II",Operations,Houston,TX,United States,unknown,Full time,2026-07-20 21:40:01.952716,2026-07-17 00:00:00,https://eofe.fa.us2.oraclecloud.com/hcmUI/CandidateExperience/en/sites/BNY-Careers/job/78723
GOLDMAN_SACHS,179570,"Compliance, Business Intelligence Group, Associate, Dallas",Risk and Compliance,Dallas,TX,United States,unknown,,2026-07-20 21:40:02.744066,,https://higher.gs.com/roles/179570
BNY,78728,"Vice President, Full-Stack Engineer",Software Engineering,Jersey City,NJ,United States,unknown,Full time,2026-07-20 21:40:02.930460,2026-07-17 00:00:00,https://eofe.fa.us2.oraclecloud.com/hcmUI/CandidateExperience/en/sites/BNY-Careers/job/78728
BNY,78730,"Vice President, Full-Stack Engineer",Software Engineering,Jersey City,NJ,United States,unknown,Full time,2026-07-20 21:40:03.922558,2026-07-17 00:00:00,https://eofe.fa.us2.oraclecloud.com/hcmUI/CandidateExperience/en/sites/BNY-Careers/job/78730
GOLDMAN_SACHS,169846,"Asset & Wealth Management, Private Wealth Management, Financial Analyst - Seattle",Finance and Accounting,Seattle,WA,United States,unknown,,2026-07-20 21:40:04.708478,,https://higher.gs.com/roles/169846
BNY,78733,"Vice President, Full-Stack Engineer",Software Engineering,Lake Mary,FL,United States,unknown,Full time,2026-07-20 21:40:04.907258,2026-07-17 00:00:00,https://eofe.fa.us2.oraclecloud.com/hcmUI/CandidateExperience/en/sites/BNY-Careers/job/78733
GOLDMAN_SACHS,159795,Internal Audit - Business and Finance Audit | Analyst | Salt Lake City,Audit,Salt Lake City,UT,United States,unknown,,2026-07-20 21:40:05.707101,,https://higher.gs.com/roles/159795
BNY,78959,"Vice President, POM Product Owner",Product Management,New York,NY,United States,unknown,Full time,2026-07-20 21:40:05.926306,2026-07-17 00:00:00,https://eofe.fa.us2.oraclecloud.com/hcmUI/CandidateExperience/en/sites/BNY-Careers/job/78959
GOLDMAN_SACHS,178261,"Global Banking & Markets - New York - Vice President, Banker – Industry/Country Coverage - 10079487",Sales and Relationship Management,New York,NY,United States,unknown,,2026-07-20 21:40:06.749193,,https://higher.gs.com/roles/178261
BNY,78968,"Senior Vice President, Technology Control Management",Risk and Compliance,Pittsburgh,PA,United States,onsite,Full time,2026-07-20 21:40:06.932844,2026-07-17 00:00:00,https://eofe.fa.us2.oraclecloud.com/hcmUI/CandidateExperience/en/sites/BNY-Careers/job/78968
BNY,79176,"Senior Specialist, Business Planning and Analysis",Risk and Compliance,Berwyn,PA,United States,unknown,Full time,2026-07-20 21:40:07.955056,2026-07-17 00:00:00,https://eofe.fa.us2.oraclecloud.com/hcmUI/CandidateExperience/en/sites/BNY-Careers/job/79176
BNY,79356,"Vice President, Product Governance (Global Collateral Controls)",Risk and Compliance,New York,NY,United States,hybrid,Full time,2026-07-20 21:40:08.943003,2026-07-17 00:00:00,https://eofe.fa.us2.oraclecloud.com/hcmUI/CandidateExperience/en/sites/BNY-Careers/job/79356
BNY,79513,"Senior Vice President, POM Product Management",Product Management,Washington,DC,United States,hybrid,Full time,2026-07-20 21:40:09.933766,2026-07-17 00:00:00,https://eofe.fa.us2.oraclecloud.com/hcmUI/CandidateExperience/en/sites/BNY-Careers/job/79513
BNY,79828,"Senior Director, Organizational Effectiveness",Human Resources,New York,NY,United States,unknown,Full time,2026-07-20 21:40:10.956624,2026-07-28 00:00:00,https://eofe.fa.us2.oraclecloud.com/hcmUI/CandidateExperience/en/sites/BNY-Careers/job/79828
BNY,79892,"Director, Solution Architect",Operations,Jersey City,NJ,United States,hybrid,Full time,2026-07-20 21:40:11.909180,2026-07-17 00:00:00,https://eofe.fa.us2.oraclecloud.com/hcmUI/CandidateExperience/en/sites/BNY-Careers/job/79892
BNY,80031,"Senior Vice President, Corporate Tax",Finance and Accounting,Jersey City,NJ,United States,unknown,Full time,2026-07-20 21:40:12.950178,2026-07-17 00:00:00,https://eofe.fa.us2.oraclecloud.com/hcmUI/CandidateExperience/en/sites/BNY-Careers/job/80031
BNY,80113,"Director, Application Development Manager",Risk and Compliance,New York,NY,United States,unknown,Full time,2026-07-20 21:40:13.952411,2026-07-17 00:00:00,https://eofe.fa.us2.oraclecloud.com/hcmUI/CandidateExperience/en/sites/BNY-Careers/job/80113
BNY,80139,"Vice President, Private Banking",Risk and Compliance,San Francisco,CA,United States,hybrid,Full time,2026-07-20 21:40:14.936712,2026-07-17 00:00:00,https://eofe.fa.us2.oraclecloud.com/hcmUI/CandidateExperience/en/sites/BNY-Careers/job/80139
BNY,80140,"Vice President, Private Banking",Risk and Compliance,San Francisco,CA,United States,hybrid,Full time,2026-07-20 21:40:15.914340,2026-07-17 00:00:00,https://eofe.fa.us2.oraclecloud.com/hcmUI/CandidateExperience/en/sites/BNY-Careers/job/80140
BNY,73488,"Senior Specialist, Client Operations",Operations,Los Angeles,CA,United States,unknown,Full time,2026-07-20 21:40:16.960575,2026-07-16 00:00:00,https://eofe.fa.us2.oraclecloud.com/hcmUI/CandidateExperience/en/sites/BNY-Careers/job/73488
BNY,74851,"Managing Director, Client Executive Manager – Global Payments & Trade",Risk and Compliance,New York,NY,United States,unknown,Full time,2026-07-20 21:40:17.956960,2026-07-16 00:00:00,https://eofe.fa.us2.oraclecloud.com/hcmUI/CandidateExperience/en/sites/BNY-Careers/job/74851
BNY,76715,"Vice President, Client Operations",Operations,Lake Mary,FL,United States,unknown,Full time,2026-07-20 21:40:18.983508,2026-07-16 00:00:00,https://eofe.fa.us2.oraclecloud.com/hcmUI/CandidateExperience/en/sites/BNY-Careers/job/76715
BNY,77371,Cloud Engineer,Cloud and Infrastructure,Jersey City,NJ,United States,hybrid,Full time,2026-07-20 21:40:21.028451,2026-07-16 00:00:00,https://eofe.fa.us2.oraclecloud.com/hcmUI/CandidateExperience/en/sites/BNY-Careers/job/77371
GOLDMAN_SACHS,176746,"Compliance - Salt Lake City- Associate, Financial Crime Controls - 10071990",Risk and Compliance,Salt Lake City,UT,United States,unknown,,2026-07-20 21:40:21.778202,,https://higher.gs.com/roles/176746
BNY,77407,"Senior Vice President, POM Product Management",Product Management,Pittsburgh,PA,United States,hybrid,Full time,2026-07-20 21:40:22.019109,2026-07-16 00:00:00,https://eofe.fa.us2.oraclecloud.com/hcmUI/CandidateExperience/en/sites/BNY-Careers/job/77407
GOLDMAN_SACHS,176709,"Global Banking & Markets (Investment Banking) - New York - Vice President, Product Management - 754858",Product Management,New York,NY,United States,unknown,,2026-07-20 21:40:22.762557,,https://higher.gs.com/roles/176709
BNY,78049,"Vice President, Client Operations",Risk and Compliance,Lake Mary,FL,United States,unknown,Full time,2026-07-20 21:40:22.980675,2026-07-16 00:00:00,https://eofe.fa.us2.oraclecloud.com/hcmUI/CandidateExperience/en/sites/BNY-Careers/job/78049
GOLDMAN_SACHS,176759,"Engineering Division - New York - Associate, Project Management - 9298528",Risk and Compliance,New York,NY,United States,unknown,,2026-07-20 21:40:23.927414,,https://higher.gs.com/roles/176759
BNY,78231,"Senior Specialist, Client Operations - CLO Reporting",Operations,Houston,TX,United States,unknown,Full time,2026-07-20 21:40:24.048532,2026-07-16 00:00:00,https://eofe.fa.us2.oraclecloud.com/hcmUI/CandidateExperience/en/sites/BNY-Careers/job/78231
GOLDMAN_SACHS,176744,"Asset & Wealth Management - Richardson - Associate, Software Engineering - 5093673",Software Engineering,Richardson,TX,United States,unknown,,2026-07-20 21:40:24.816467,,https://higher.gs.com/roles/176744
BNY,78501,"Director, Client Service Executive",Operations,Jersey City,NJ,United States,unknown,Full time,2026-07-20 21:40:25.015630,2026-07-16 00:00:00,https://eofe.fa.us2.oraclecloud.com/hcmUI/CandidateExperience/en/sites/BNY-Careers/job/78501
GOLDMAN_SACHS,176765,"Global Banking & Markets-New York-Associate, Banker-Industry/Country Coverage-10109248",Sales and Relationship Management,New York,NY,United States,unknown,,2026-07-20 21:40:25.814018,,https://higher.gs.com/roles/176765
BNY,79074,"Vice President,  ETF Trading",Risk and Compliance,New York,NY,United States,hybrid,Full time,2026-07-20 21:40:26.081153,2026-07-16 00:00:00,https://eofe.fa.us2.oraclecloud.com/hcmUI/CandidateExperience/en/sites/BNY-Careers/job/79074
GOLDMAN_SACHS,176745,"Global Banking & Markets (Operations)-New York - Associate, Risk Governance- 8930318",Risk and Compliance,New York,NY,United States,unknown,,2026-07-20 21:40:26.827882,,https://higher.gs.com/roles/176745
BNY,79657,Senior Operational Due Diligence Analyst (Vice President/Senior Vice President),Risk and Compliance,New York,NY,United States,unknown,Full time,2026-07-20 21:40:27.102475,2026-07-16 00:00:00,https://eofe.fa.us2.oraclecloud.com/hcmUI/CandidateExperience/en/sites/BNY-Careers/job/79657
GOLDMAN_SACHS,176733,"Controllers – Dallas - Associate, Financial Accounting - 8497122",Finance and Accounting,Dallas,TX,United States,unknown,,2026-07-20 21:40:27.853898,,https://higher.gs.com/roles/176733
BNY,79720,"Director, Treasury",Risk and Compliance,New York,NY,United States,unknown,Full time,2026-07-20 21:40:28.273351,2026-07-16 00:00:00,https://eofe.fa.us2.oraclecloud.com/hcmUI/CandidateExperience/en/sites/BNY-Careers/job/79720
GOLDMAN_SACHS,178179,"Asset & Wealth Management, Private Wealth Management, Equity Structuring, Vice President - New York",Risk and Compliance,New York,NY,United States,unknown,,2026-07-20 21:40:28.883882,,https://higher.gs.com/roles/178179
BNY,74619,"Director, Investor Servicing Operations",Operations,New York,NY,United States,unknown,Full time,2026-07-20 21:40:29.168918,2026-07-15 00:00:00,https://eofe.fa.us2.oraclecloud.com/hcmUI/CandidateExperience/en/sites/BNY-Careers/job/74619
GOLDMAN_SACHS,168978,Asset& Wealth Management-Software Engineering-Associate-New York,Software Engineering,New York,NY,United States,unknown,,2026-07-20 21:40:29.884657,,https://higher.gs.com/roles/168978
BNY,75663,"Vice President, Client Coverage",Risk and Compliance,New York,NY,United States,unknown,Full time,2026-07-20 21:40:30.220436,2026-08-15 00:00:00,https://eofe.fa.us2.oraclecloud.com/hcmUI/CandidateExperience/en/sites/BNY-Careers/job/75663
GOLDMAN_SACHS,175483,"Marcus by Goldman Sachs, Delivery Workforce Planning and Hiring Process Manager, Vice President - Richardson, TX",Risk and Compliance,Richardson,TX,United States,unknown,,2026-07-20 21:40:30.866225,,https://higher.gs.com/roles/175483
BNY,77178,"Vice President, Derivative Support",Operations,Lake Mary,FL,United States,unknown,Full time,2026-07-20 21:40:31.214128,2026-07-15 00:00:00,https://eofe.fa.us2.oraclecloud.com/hcmUI/CandidateExperience/en/sites/BNY-Careers/job/77178
GOLDMAN_SACHS,175503,Controllers Operations-Global Position Reporting-Dallas-Analyst,Risk and Compliance,Dallas,TX,United States,unknown,,2026-07-20 21:40:31.855629,,https://higher.gs.com/roles/175503
BNY,77533,"Vice President, Client Service Management",Operations,Berwyn,PA,United States,unknown,Full time,2026-07-20 21:40:32.087048,2026-07-15 00:00:00,https://eofe.fa.us2.oraclecloud.com/hcmUI/CandidateExperience/en/sites/BNY-Careers/job/77533
GOLDMAN_SACHS,179446,"Executive Office, Speaker & Conference Strategy, Vice President, New York",Risk and Compliance,New York,NY,United States,unknown,,2026-07-20 21:40:32.946863,,https://higher.gs.com/roles/179446
GOLDMAN_SACHS,167536,"Asset & Wealth Management, Quantitative Equity Solutions - Client Portfolio Management, Analyst - Dallas",Finance and Accounting,Dallas,TX,United States,unknown,,2026-07-20 21:40:33.870983,,https://higher.gs.com/roles/167536
BNY,77642,"Vice President, Client Operations - CLO Reporting",Operations,Houston,TX,United States,unknown,Full time,2026-07-20 21:40:34.253182,2026-07-15 00:00:00,https://eofe.fa.us2.oraclecloud.com/hcmUI/CandidateExperience/en/sites/BNY-Careers/job/77642
GOLDMAN_SACHS,176350,"Asset & Wealth Management, ETF Investment Strategy, Analyst - Wheaton, IL",Sales and Relationship Management,Chicago,IL,United States,unknown,,2026-07-20 21:40:34.880847,,https://higher.gs.com/roles/176350
BNY,77643,"Vice President, Client Operations - CLO Reporting",Operations,Houston,TX,United States,unknown,Full time,2026-07-20 21:40:35.112259,2026-07-15 00:00:00,https://eofe.fa.us2.oraclecloud.com/hcmUI/CandidateExperience/en/sites/BNY-Careers/job/77643
GOLDMAN_SACHS,139331,"Algo Developer, Global Banking & Markets, Electronic Trading",Software Engineering,New York,NY,United States,unknown,,2026-07-20 21:40:35.879056,,https://higher.gs.com/roles/139331
BNY,78232,"Senior Specialist, Client Operations - CLO Reporting",Operations,Pittsburgh,PA,United States,unknown,Full time,2026-07-20 21:40:36.136454,2026-07-15 00:00:00,https://eofe.fa.us2.oraclecloud.com/hcmUI/CandidateExperience/en/sites/BNY-Careers/job/78232
GOLDMAN_SACHS,165732,AMD Public-New York-Vice President-Quantitative Engineering,Risk and Compliance,New York,NY,United States,unknown,,2026-07-20 21:40:36.950286,,https://higher.gs.com/roles/165732
BNY,78273,"Director, Data Leader - Product & Innovation",Risk and Compliance,New York,NY,United States,unknown,Full time,2026-07-20 21:40:37.160118,2026-07-15 00:00:00,https://eofe.fa.us2.oraclecloud.com/hcmUI/CandidateExperience/en/sites/BNY-Careers/job/78273
GOLDMAN_SACHS,159806,Operations | Analyst | Salt Lake City,Risk and Compliance,Salt Lake City,UT,United States,unknown,,2026-07-20 21:40:37.945563,,https://higher.gs.com/roles/159806
BNY,78302,"Vice President, POM Product Owner, AI Hub",Product Management,Pittsburgh,PA,United States,unknown,Full time,2026-07-20 21:40:38.126908,2026-07-15 00:00:00,https://eofe.fa.us2.oraclecloud.com/hcmUI/CandidateExperience/en/sites/BNY-Careers/job/78302
BNY,78485,"Senior Specialist, Client Operations - CLO Reporting",Operations,Houston,TX,United States,hybrid,Full time,2026-07-20 21:40:39.177235,2026-07-15 00:00:00,https://eofe.fa.us2.oraclecloud.com/hcmUI/CandidateExperience/en/sites/BNY-Careers/job/78485
GOLDMAN_SACHS,137676,"Risk, AI Model Validation, Vice President,  New York",Risk and Compliance,New York,NY,United States,unknown,,2026-07-20 21:40:39.915584,,https://higher.gs.com/roles/137676
BNY,78601,"Senior Specialist, Client Operations - CLO Reporting",Operations,Pittsburgh,PA,United States,unknown,Full time,2026-07-20 21:40:40.107518,2026-07-15 00:00:00,https://eofe.fa.us2.oraclecloud.com/hcmUI/CandidateExperience/en/sites/BNY-Careers/job/78601
GOLDMAN_SACHS,179388,Corporate Treasury-Salt Lake City-Analyst-Liquidity Execution,Finance and Accounting,Salt Lake City,UT,United States,unknown,,2026-07-20 21:40:40.920745,,https://higher.gs.com/roles/179388
BNY,78812,"Senior Specialist, Business Process Improvements/Best Practice",Operations,Lake Mary,FL,United States,unknown,Full time,2026-07-20 21:40:41.110955,2026-07-15 00:00:00,https://eofe.fa.us2.oraclecloud.com/hcmUI/CandidateExperience/en/sites/BNY-Careers/job/78812
BNY,79262,"Senior Vice President, Securities Finance Product Manager",Risk and Compliance,Pittsburgh,PA,United States,hybrid,Full time,2026-07-20 21:40:42.140700,2026-07-15 00:00:00,https://eofe.fa.us2.oraclecloud.com/hcmUI/CandidateExperience/en/sites/BNY-Careers/job/79262
BNY,79273,"Vice President, Securities Finance Product Manager",Risk and Compliance,Lake Mary,FL,United States,hybrid,Full time,2026-07-20 21:40:43.124296,2026-07-15 00:00:00,https://eofe.fa.us2.oraclecloud.com/hcmUI/CandidateExperience/en/sites/BNY-Careers/job/79273
GOLDMAN_SACHS,179508,"Controllers - Dallas - Associate, Financial Accounting - 10113206",Finance and Accounting,Dallas,TX,United States,unknown,,2026-07-20 21:40:43.927483,,https://higher.gs.com/roles/179508
BNY,79531,"Senior Specialist, Client Processing Team Lead",Operations,Lake Mary,FL,United States,unknown,Full time,2026-07-20 21:40:44.077911,2026-07-15 00:00:00,https://eofe.fa.us2.oraclecloud.com/hcmUI/CandidateExperience/en/sites/BNY-Careers/job/79531
GOLDMAN_SACHS,179503,"AWM, Private Bank, Credit Underwriter, Analyst, Dallas, TX",Risk and Compliance,Dallas,TX,United States,unknown,,2026-07-20 21:40:44.945641,,https://higher.gs.com/roles/179503
BNY,79585,"Director, POM Product Management Manager",Risk and Compliance,Jersey City,NJ,United States,unknown,Full time,2026-07-20 21:40:45.130521,2026-07-15 00:00:00,https://eofe.fa.us2.oraclecloud.com/hcmUI/CandidateExperience/en/sites/BNY-Careers/job/79585
GOLDMAN_SACHS,152916,"Human Capital Management (HCM) Strategy, Senior Project Manager, Vice President, New York City",Risk and Compliance,New York,NY,United States,unknown,,2026-07-20 21:40:45.940004,,https://higher.gs.com/roles/152916
BNY,79589,"Vice President, POM Product Management",Risk and Compliance,New York,NY,United States,unknown,Full time,2026-07-20 21:40:46.106333,2026-07-15 00:00:00,https://eofe.fa.us2.oraclecloud.com/hcmUI/CandidateExperience/en/sites/BNY-Careers/job/79589
GOLDMAN_SACHS,176110,Engineering-Associate–Foundation Engineering Product Management-Operations,Operations,Salt Lake City,UT,United States,unknown,,2026-07-20 21:40:46.923476,,https://higher.gs.com/roles/176110
BNY,79782,"Vice President, Control",Risk and Compliance,Lake Mary,FL,United States,unknown,Full time,2026-07-20 21:40:47.153358,2026-07-15 00:00:00,https://eofe.fa.us2.oraclecloud.com/hcmUI/CandidateExperience/en/sites/BNY-Careers/job/79782
GOLDMAN_SACHS,177779,"Head of Experience Research, Wealth Management, New York City",Software Engineering,New York,NY,United States,unknown,,2026-07-20 21:40:47.959562,,https://higher.gs.com/roles/177779
GOLDMAN_SACHS,168533,"Controllers, AWM Fund Accounting Private, Associate, Dallas",Finance and Accounting,Dallas,TX,United States,unknown,,2026-07-20 21:40:48.959678,,https://higher.gs.com/roles/168533
BNY,71383,"Director, Operations Group Manager - Global Clearing Operations",Operations,Lake Mary,FL,United States,hybrid,Full time,2026-07-20 21:40:49.285892,2026-07-14 00:00:00,https://eofe.fa.us2.oraclecloud.com/hcmUI/CandidateExperience/en/sites/BNY-Careers/job/71383
GOLDMAN_SACHS,179364,Global Banking & Markets - Transaction Banking - Dallas,Risk and Compliance,Dallas,TX,United States,unknown,,2026-07-20 21:40:49.939959,,https://higher.gs.com/roles/179364
BNY,72286,"Specialist, Client Processing",Operations,Pittsburgh,PA,United States,hybrid,Full time,2026-07-20 21:40:50.161253,2026-07-14 00:00:00,https://eofe.fa.us2.oraclecloud.com/hcmUI/CandidateExperience/en/sites/BNY-Careers/job/72286
GOLDMAN_SACHS,178124,"Risk-Dallas-Vice President, Software Engineering-3704179",Risk and Compliance,Dallas,TX,United States,unknown,,2026-07-20 21:40:50.952769,,https://higher.gs.com/roles/178124
BNY,74665,"Specialist, Client Processing I",Operations,Houston,TX,United States,unknown,Full time,2026-07-20 21:40:51.141747,2026-07-14 00:00:00,https://eofe.fa.us2.oraclecloud.com/hcmUI/CandidateExperience/en/sites/BNY-Careers/job/74665
GOLDMAN_SACHS,178378,"Quantitative Developer, Global Banking & Markets, Systematic Market Marking",Software Engineering,New York,NY,United States,unknown,,2026-07-20 21:40:52.085098,,https://higher.gs.com/roles/178378
BNY,75073,Senior Database Engineer - Eagle Platform (Oracle/PLSQL),Risk and Compliance,Pittsburgh,PA,United States,unknown,Full time,2026-07-20 21:40:52.182601,2026-07-14 00:00:00,https://eofe.fa.us2.oraclecloud.com/hcmUI/CandidateExperience/en/sites/BNY-Careers/job/75073
BNY,75317,"Vice President, Full-Stack Engineer",Risk and Compliance,Pittsburgh,PA,United States,unknown,Full time,2026-07-20 21:40:53.165354,2026-08-11 00:00:00,https://eofe.fa.us2.oraclecloud.com/hcmUI/CandidateExperience/en/sites/BNY-Careers/job/75317
BNY,75349,"Director, Client Executive",Operations,Boston,MA,United States,unknown,Full time,2026-07-20 21:40:54.245772,2026-07-14 00:00:00,https://eofe.fa.us2.oraclecloud.com/hcmUI/CandidateExperience/en/sites/BNY-Careers/job/75349
BNY,75391,"Vice President, Full-Stack Engineer",Software Engineering,Pittsburgh,PA,United States,unknown,Full time,2026-07-20 21:40:55.201393,2026-07-14 00:00:00,https://eofe.fa.us2.oraclecloud.com/hcmUI/CandidateExperience/en/sites/BNY-Careers/job/75391
BNY,76110,"Senior Vice President, POM Product Management",Operations,Pittsburgh,PA,United States,unknown,Full time,2026-07-20 21:40:56.355070,2026-07-14 00:00:00,https://eofe.fa.us2.oraclecloud.com/hcmUI/CandidateExperience/en/sites/BNY-Careers/job/76110
BNY,76120,"Senior Vice President, Product Enablement — Product Practice",Risk and Compliance,New York,NY,United States,unknown,Full time,2026-07-20 21:40:57.157034,2026-07-14 00:00:00,https://eofe.fa.us2.oraclecloud.com/hcmUI/CandidateExperience/en/sites/BNY-Careers/job/76120
BNY,76420,"Senior Specialist, Corporate Actions Team Lead",Operations,Pittsburgh,PA,United States,unknown,Full time,2026-07-20 21:40:58.157463,2026-07-14 00:00:00,https://eofe.fa.us2.oraclecloud.com/hcmUI/CandidateExperience/en/sites/BNY-Careers/job/76420
BNY,76765,"Senior Specialist, Middle Office",Operations,Pittsburgh,PA,United States,unknown,Full time,2026-07-20 21:40:59.213265,2026-07-14 00:00:00,https://eofe.fa.us2.oraclecloud.com/hcmUI/CandidateExperience/en/sites/BNY-Careers/job/76765
BNY,76807,"Director, Operational Risk Coverage (Fund & Investor Solutions)",Risk and Compliance,New York,NY,United States,unknown,Full time,2026-07-20 21:41:00.164040,2026-07-14 00:00:00,https://eofe.fa.us2.oraclecloud.com/hcmUI/CandidateExperience/en/sites/BNY-Careers/job/76807
BNY,76902,"Specialist, Fund/Client Accounting Representative",Finance and Accounting,Lake Mary,FL,United States,unknown,Full time,2026-07-20 21:41:01.310260,2026-07-14 00:00:00,https://eofe.fa.us2.oraclecloud.com/hcmUI/CandidateExperience/en/sites/BNY-Careers/job/76902
BNY,76919,"Vice President, Compliance & Control (Ethics Office)",Risk and Compliance,Pittsburgh,PA,United States,unknown,Full time,2026-07-20 21:41:02.158705,2026-07-14 00:00:00,https://eofe.fa.us2.oraclecloud.com/hcmUI/CandidateExperience/en/sites/BNY-Careers/job/76919
GOLDMAN_SACHS,164029,Asset & Wealth Management - Android Mobile Engineer - Marcus - Associate - Richardson,Software Engineering,Richardson,TX,United States,unknown,,2026-07-20 21:41:03.126056,,https://higher.gs.com/roles/164029
BNY,76957,"Senior Specialist, Fund/Client Accounting",Finance and Accounting,New York,NY,United States,unknown,Full time,2026-07-20 21:41:03.204348,2026-07-14 00:00:00,https://eofe.fa.us2.oraclecloud.com/hcmUI/CandidateExperience/en/sites/BNY-Careers/job/76957
BNY,77731,"Senior Director, Client Executive Manager",Risk and Compliance,New York,NY,United States,unknown,Full time,2026-07-20 21:41:04.249082,2026-07-14 00:00:00,https://eofe.fa.us2.oraclecloud.com/hcmUI/CandidateExperience/en/sites/BNY-Careers/job/77731
BNY,77794,"Vice President, Full-Stack Engineer",Software Engineering,Pittsburgh,PA,United States,unknown,Full time,2026-07-20 21:41:05.359904,2026-07-14 00:00:00,https://eofe.fa.us2.oraclecloud.com/hcmUI/CandidateExperience/en/sites/BNY-Careers/job/77794
BNY,77856,"Senior Vice President, Third Party Application Engineering",Software Engineering,Boston,MA,United States,unknown,Full time,2026-07-20 21:41:06.371934,2026-07-14 00:00:00,https://eofe.fa.us2.oraclecloud.com/hcmUI/CandidateExperience/en/sites/BNY-Careers/job/77856
BNY,78226,"Senior Specialist, Client Operations",Operations,Houston,TX,United States,unknown,Full time,2026-07-20 21:41:07.222549,2026-07-14 00:00:00,https://eofe.fa.us2.oraclecloud.com/hcmUI/CandidateExperience/en/sites/BNY-Careers/job/78226
BNY,78233,"Senior Specialist, Client Operations - CLO Reporting",Operations,Houston,TX,United States,unknown,Full time,2026-07-20 21:41:08.247990,2026-07-14 00:00:00,https://eofe.fa.us2.oraclecloud.com/hcmUI/CandidateExperience/en/sites/BNY-Careers/job/78233
BNY,78488,"Specialist, Investor Services Operations II",Operations,Lake Mary,FL,United States,hybrid,Full time,2026-07-20 21:41:09.278146,2026-07-14 00:00:00,https://eofe.fa.us2.oraclecloud.com/hcmUI/CandidateExperience/en/sites/BNY-Careers/job/78488
BNY,78490,"Senior Specialist, Middle Office Team Lead",Operations,Lake Mary,FL,United States,hybrid,Full time,2026-07-20 21:41:10.281770,2026-07-14 00:00:00,https://eofe.fa.us2.oraclecloud.com/hcmUI/CandidateExperience/en/sites/BNY-Careers/job/78490
GOLDMAN_SACHS,137519,"Risk, Credit Risk, Analyst, Salt Lake City",Risk and Compliance,Salt Lake City,UT,United States,unknown,,2026-07-20 21:41:11.055036,,https://higher.gs.com/roles/137519
GOLDMAN_SACHS,178303,"Asset & Wealth Management, Private Wealth Management, Digital Marketing Analyst-New York",Risk and Compliance,New York,NY,United States,unknown,,2026-07-20 21:41:12.046565,,https://higher.gs.com/roles/178303
BNY,78505,"Specialist, Middle Office Representative II",Operations,Lake Mary,FL,United States,hybrid,Full time,2026-07-20 21:41:12.281302,2026-07-14 00:00:00,https://eofe.fa.us2.oraclecloud.com/hcmUI/CandidateExperience/en/sites/BNY-Careers/job/78505
GOLDMAN_SACHS,178508,"Controllers, AWM Public Product Control, Associate",Finance and Accounting,Salt Lake City,UT,United States,unknown,,2026-07-20 21:41:13.046774,,https://higher.gs.com/roles/178508
BNY,78611,"Vice President, Middle Office",Operations,New York,NY,United States,hybrid,Full time,2026-07-20 21:41:13.291787,2026-07-14 00:00:00,https://eofe.fa.us2.oraclecloud.com/hcmUI/CandidateExperience/en/sites/BNY-Careers/job/78611
GOLDMAN_SACHS,174660,"Asset & Wealth Management, Multi-Asset Solutions: Portfolio Construction and Manager Research - Private Markets Specialist, Vice President - New York",Risk and Compliance,New York,NY,United States,unknown,,2026-07-20 21:41:14.070042,,https://higher.gs.com/roles/174660
BNY,78614,"Specialist, Middle Office II",Operations,Pittsburgh,PA,United States,hybrid,Full time,2026-07-20 21:41:14.342107,2026-07-14 00:00:00,https://eofe.fa.us2.oraclecloud.com/hcmUI/CandidateExperience/en/sites/BNY-Careers/job/78614
GOLDMAN_SACHS,159515,Asset & Wealth Management - Software Engineer - Vice President - New York,Software Engineering,New York,NY,United States,unknown,,2026-07-20 21:41:15.085008,,https://higher.gs.com/roles/159515
BNY,78616,"Specialist, Middle Office II",Operations,Pittsburgh,PA,United States,hybrid,Full time,2026-07-20 21:41:15.303282,2026-07-14 00:00:00,https://eofe.fa.us2.oraclecloud.com/hcmUI/CandidateExperience/en/sites/BNY-Careers/job/78616
GOLDMAN_SACHS,178283,"AWM, GS Ayco Workplace Advisory Solutions, Relationship Manager - Vice President, New York, NY",Sales and Relationship Management,New York,NY,United States,unknown,,2026-07-20 21:41:16.096287,,https://higher.gs.com/roles/178283
BNY,78659,"Director, Client Executive",Operations,New York,NY,United States,hybrid,Full time,2026-07-20 21:41:16.441821,2026-07-14 00:00:00,https://eofe.fa.us2.oraclecloud.com/hcmUI/CandidateExperience/en/sites/BNY-Careers/job/78659
GOLDMAN_SACHS,179209,"Corporate Planning & Management, Product Strategy & Enablement, Associate, Dallas",Operations,Dallas,TX,United States,unknown,,2026-07-20 21:41:17.097829,,https://higher.gs.com/roles/179209
BNY,78987,"Specialist, OPS Data Transfer, Integration & Quality II",Risk and Compliance,Lake Mary,FL,United States,unknown,Full time,2026-07-20 21:41:17.417811,2026-07-14 00:00:00,https://eofe.fa.us2.oraclecloud.com/hcmUI/CandidateExperience/en/sites/BNY-Careers/job/78987
GOLDMAN_SACHS,179120,"Controllers, Private Valuation Oversight/Product Control, Associate, New York",Finance and Accounting,New York,NY,United States,unknown,,2026-07-20 21:41:18.091930,,https://higher.gs.com/roles/179120
BNY,79004,"Senior Vice President, Client Operations Manager",Operations,Boston,MA,United States,unknown,Full time,2026-07-20 21:41:18.327614,2026-07-14 00:00:00,https://eofe.fa.us2.oraclecloud.com/hcmUI/CandidateExperience/en/sites/BNY-Careers/job/79004
GOLDMAN_SACHS,172300,Asset Management Public-Fund Services - Public-Dallas-Associate,Risk and Compliance,Dallas,TX,United States,unknown,,2026-07-20 21:41:19.105600,,https://higher.gs.com/roles/172300
BNY,79005,"Vice President, Client Operations Manager",Risk and Compliance,New York,NY,United States,unknown,Full time,2026-07-20 21:41:19.570780,2026-07-14 00:00:00,https://eofe.fa.us2.oraclecloud.com/hcmUI/CandidateExperience/en/sites/BNY-Careers/job/79005
GOLDMAN_SACHS,176468,"Quantitative Strategist, Global Banking & Markets, Commodities Trading - Sao Paulo / New York City",Cloud and Infrastructure,New York,NY,United States,unknown,,2026-07-20 21:41:20.114447,,https://higher.gs.com/roles/176468
BNY,79204,"Vice President, Client Operations Manager",Risk and Compliance,Boston,MA,United States,unknown,Full time,2026-07-20 21:41:20.391895,2026-07-14 00:00:00,https://eofe.fa.us2.oraclecloud.com/hcmUI/CandidateExperience/en/sites/BNY-Careers/job/79204
GOLDMAN_SACHS,177001,Global Banking & Markets Operations-Prime Margin Lending-New York-Analyst,Operations,New York,NY,United States,unknown,,2026-07-20 21:41:21.089234,,https://higher.gs.com/roles/177001
BNY,79205,"Vice President, Client Operations Manager",Risk and Compliance,Boston,MA,United States,unknown,Full time,2026-07-20 21:41:21.438930,2026-07-14 00:00:00,https://eofe.fa.us2.oraclecloud.com/hcmUI/CandidateExperience/en/sites/BNY-Careers/job/79205
BNY,79206,"Vice President, Client Operations Manager",Risk and Compliance,Boston,MA,United States,unknown,Full time,2026-07-20 21:41:22.372706,2026-07-14 00:00:00,https://eofe.fa.us2.oraclecloud.com/hcmUI/CandidateExperience/en/sites/BNY-Careers/job/79206
GOLDMAN_SACHS,179014,"AWM, GS Ayco, Workplace Advisory Solutions, Regional Business Development - Vice President - Newport Beach",Sales and Relationship Management,Newport Beach,CA,United States,unknown,,2026-07-20 21:41:23.116150,,https://higher.gs.com/roles/179014
BNY,79208,"Vice President, Client Operations Manager",Risk and Compliance,New York,NY,United States,unknown,Full time,2026-07-20 21:41:23.314060,2026-07-14 00:00:00,https://eofe.fa.us2.oraclecloud.com/hcmUI/CandidateExperience/en/sites/BNY-Careers/job/79208
GOLDMAN_SACHS,179118,"AWM, GS Ayco, Workplace Advisory Solutions, Regional Business Development, Vice President - Chicago",Sales and Relationship Management,Chicago,IL,United States,unknown,,2026-07-20 21:41:24.130099,,https://higher.gs.com/roles/179118
BNY,79460,"Specialist, Production Services Application Support Analyst",Operations,Pittsburgh,PA,United States,unknown,Full time,2026-07-20 21:41:24.329323,2026-07-14 00:00:00,https://eofe.fa.us2.oraclecloud.com/hcmUI/CandidateExperience/en/sites/BNY-Careers/job/79460
GOLDMAN_SACHS,178004,"HCM - Dallas - Vice President, Data Analytics & Reporting - 9607793",Risk and Compliance,Dallas,TX,United States,unknown,,2026-07-20 21:41:25.109732,,https://higher.gs.com/roles/178004
BNY,79635,"Vice President, Cross-Functional Client Coverage and Business Development",Risk and Compliance,New York,NY,United States,hybrid,Full time,2026-07-20 21:41:25.500676,2026-07-14 00:00:00,https://eofe.fa.us2.oraclecloud.com/hcmUI/CandidateExperience/en/sites/BNY-Careers/job/79635
GOLDMAN_SACHS,177980,"Global Banking & Markets - Salt Lake City - Vice President, Divisional CFO - 9849475",Risk and Compliance,Salt Lake City,UT,United States,unknown,,2026-07-20 21:41:26.131585,,https://higher.gs.com/roles/177980
BNY,79642,"Vice President, Cross-Functional Client Coverage and Business Development",Risk and Compliance,Lake Mary,FL,United States,hybrid,Full time,2026-07-20 21:41:26.378872,2026-07-14 00:00:00,https://eofe.fa.us2.oraclecloud.com/hcmUI/CandidateExperience/en/sites/BNY-Careers/job/79642
GOLDMAN_SACHS,173976,"Quantitative Strategist, Global Banking & Markets, Commodities Trading - Vice President",Cloud and Infrastructure,New York,NY,United States,unknown,,2026-07-20 21:41:27.157431,,https://higher.gs.com/roles/173976
BNY,79639,"Vice President, Cross-Functional Client Coverage and Business Development",Risk and Compliance,New York,NY,United States,hybrid,Full time,2026-07-20 21:41:27.551697,2026-07-14 00:00:00,https://eofe.fa.us2.oraclecloud.com/hcmUI/CandidateExperience/en/sites/BNY-Careers/job/79639
GOLDMAN_SACHS,176736,"Controllers, Legal Entity Controllers (Financial Accounting), Associate",Finance and Accounting,Salt Lake City,UT,United States,unknown,,2026-07-20 21:41:28.144607,,https://higher.gs.com/roles/176736
BNY,79766,"Senior Specialist, Treasury",Finance and Accounting,New York,NY,United States,unknown,Full time,2026-07-20 21:41:28.330413,2026-07-14 00:00:00,https://eofe.fa.us2.oraclecloud.com/hcmUI/CandidateExperience/en/sites/BNY-Careers/job/79766
GOLDMAN_SACHS,178586,Global Banking & Markets Operations - Asset Servicing Pre Event - New York - Associate,Operations,New York,NY,United States,unknown,,2026-07-20 21:41:29.149617,,https://higher.gs.com/roles/178586
BNY,79799,"Vice President, Client Service Manager",Risk and Compliance,Pittsburgh,PA,United States,unknown,Full time,2026-07-20 21:41:29.300562,2026-07-14 00:00:00,https://eofe.fa.us2.oraclecloud.com/hcmUI/CandidateExperience/en/sites/BNY-Careers/job/79799
GOLDMAN_SACHS,177975,"Global Banking & Markets- New York- Vice President, Banker - Industry/Country Coverage- 9682795",Sales and Relationship Management,New York,NY,United States,unknown,,2026-07-20 21:41:30.173057,,https://higher.gs.com/roles/177975
BNY,79800,"Vice President, Client Service Manager",Risk and Compliance,Pittsburgh,PA,United States,unknown,Full time,2026-07-20 21:41:30.347447,2026-07-14 00:00:00,https://eofe.fa.us2.oraclecloud.com/hcmUI/CandidateExperience/en/sites/BNY-Careers/job/79800
GOLDMAN_SACHS,177977,"Asset & Wealth Management - Miami - Associate, Sales - 9381986",Finance and Accounting,Miami,FL,United States,unknown,,2026-07-20 21:41:31.208168,,https://higher.gs.com/roles/177977
GOLDMAN_SACHS,177961,"Office of Regulatory Relations - New York - Associate, Project Management - 4488972",Risk and Compliance,New York,NY,United States,unknown,,2026-07-20 21:41:32.166015,,https://higher.gs.com/roles/177961
BNY,71910,"Specialist, Client Processing",Operations,Pittsburgh,PA,United States,hybrid,Full time,2026-07-20 21:41:32.365566,2026-07-13 00:00:00,https://eofe.fa.us2.oraclecloud.com/hcmUI/CandidateExperience/en/sites/BNY-Careers/job/71910
BNY,72004,"Senior Director, Fellow, Enterprise Architect",Risk and Compliance,New York,NY,United States,hybrid,Full time,2026-07-20 21:41:33.422532,2026-07-13 00:00:00,https://eofe.fa.us2.oraclecloud.com/hcmUI/CandidateExperience/en/sites/BNY-Careers/job/72004
BNY,75674,"Senior Vice President, Payments Product Manager",Product Management,New York,NY,United States,unknown,Full time,2026-07-20 21:41:34.334037,2026-07-13 00:00:00,https://eofe.fa.us2.oraclecloud.com/hcmUI/CandidateExperience/en/sites/BNY-Careers/job/75674
BNY,77270,"Senior Vice President, Entra ID Service",Risk and Compliance,New York,NY,United States,unknown,Full time,2026-07-20 21:41:35.333881,2026-07-13 00:00:00,https://eofe.fa.us2.oraclecloud.com/hcmUI/CandidateExperience/en/sites/BNY-Careers/job/77270
BNY,77614,"Vice President, POM Product Management",Risk and Compliance,Boston,MA,United States,unknown,Full time,2026-07-20 21:41:36.578844,2026-07-13 00:00:00,https://eofe.fa.us2.oraclecloud.com/hcmUI/CandidateExperience/en/sites/BNY-Careers/job/77614
BNY,78045,"Senior Specialist, Fund/Client Accounting",Finance and Accounting,Lake Mary,FL,United States,unknown,Full time,2026-07-20 21:41:37.493354,2026-07-13 00:00:00,https://eofe.fa.us2.oraclecloud.com/hcmUI/CandidateExperience/en/sites/BNY-Careers/job/78045
BNY,78203,"Senior Vice President, Full-Stack Engineer",Software Engineering,Pittsburgh,PA,United States,unknown,Full time,2026-07-20 21:41:38.497042,2026-07-13 00:00:00,https://eofe.fa.us2.oraclecloud.com/hcmUI/CandidateExperience/en/sites/BNY-Careers/job/78203
BNY,78235,"Vice President, Client Operations - CLO Reporting",Operations,Houston,TX,United States,unknown,Full time,2026-07-20 21:41:39.454007,2026-07-13 00:00:00,https://eofe.fa.us2.oraclecloud.com/hcmUI/CandidateExperience/en/sites/BNY-Careers/job/78235
GOLDMAN_SACHS,176547,"Asset & Wealth Management- Miami- Associate, Sales- 10066406",Sales and Relationship Management,Miami,FL,United States,unknown,,2026-07-20 21:41:40.188392,,https://higher.gs.com/roles/176547
BNY,78334,"Senior Vice President, POM Product Management",Risk and Compliance,New York,NY,United States,unknown,Full time,2026-07-20 21:41:40.411783,2026-07-13 00:00:00,https://eofe.fa.us2.oraclecloud.com/hcmUI/CandidateExperience/en/sites/BNY-Careers/job/78334
GOLDMAN_SACHS,168139,"Asset & Wealth Management, Global Risk Management, Multi-Asset Risk, Vice President - New York",Risk and Compliance,New York,NY,United States,unknown,,2026-07-20 21:41:41.220645,,https://higher.gs.com/roles/168139
BNY,78497,"Vice President, Client Processing",Operations,Dallas,TX,United States,hybrid,Full time,2026-07-20 21:41:41.450367,2026-07-13 00:00:00,https://eofe.fa.us2.oraclecloud.com/hcmUI/CandidateExperience/en/sites/BNY-Careers/job/78497
GOLDMAN_SACHS,153467,Asset & Wealth Management - Sr. Quantitative Portfolio Strats - Vice President - New York,Software Engineering,,NY,United States,unknown,,2026-07-20 21:41:42.219944,,https://higher.gs.com/roles/153467
BNY,78602,"Vice President, Client Operations - CLO Reporting",Operations,Houston,TX,United States,unknown,Full time,2026-07-20 21:41:42.506965,2026-07-13 00:00:00,https://eofe.fa.us2.oraclecloud.com/hcmUI/CandidateExperience/en/sites/BNY-Careers/job/78602
GOLDMAN_SACHS,179013,"AWM, GS Ayco, Workplace Advisory Solutions, Regional Business Development - Vice President, Atlanta",Sales and Relationship Management,Atlanta,GA,United States,unknown,,2026-07-20 21:41:43.220418,,https://higher.gs.com/roles/179013
GOLDMAN_SACHS,167404,"Quantitative Strategist, Global Banking & Markets, Equities Structured Products",Risk and Compliance,New York,NY,United States,unknown,,2026-07-20 21:41:44.254968,,https://higher.gs.com/roles/167404
BNY,78928,"Vice President, POM Product Management",Risk and Compliance,New York,NY,United States,hybrid,Full time,2026-07-20 21:41:44.444419,2026-07-13 00:00:00,https://eofe.fa.us2.oraclecloud.com/hcmUI/CandidateExperience/en/sites/BNY-Careers/job/78928
GOLDMAN_SACHS,178286,"AWM, GS Ayco Workplace Advisory Solutions, Relationship Manager - Vice President, NewPort Beach, CA",Sales and Relationship Management,Newport Beach,CA,United States,unknown,,2026-07-20 21:41:45.237794,,https://higher.gs.com/roles/178286
BNY,78985,"Specialist, Middle Office Representative",Operations,Pittsburgh,PA,United States,unknown,Full time,2026-07-20 21:41:45.466717,2026-07-13 00:00:00,https://eofe.fa.us2.oraclecloud.com/hcmUI/CandidateExperience/en/sites/BNY-Careers/job/78985
GOLDMAN_SACHS,178281,"AWM, GS Ayco Workplace Advisory Solutions, Relationship Manager - Vice President, Chicago, IL",Sales and Relationship Management,Chicago,IL,United States,unknown,,2026-07-20 21:41:46.235696,,https://higher.gs.com/roles/178281
BNY,79016,"Senior Vice President, Client Service Executive",Sales and Relationship Management,Boston,MA,United States,unknown,Full time,2026-07-20 21:41:46.473497,2026-07-13 00:00:00,https://eofe.fa.us2.oraclecloud.com/hcmUI/CandidateExperience/en/sites/BNY-Careers/job/79016
GOLDMAN_SACHS,178282,"AWM, GS Ayco Workplace Advisory Solutions, Relationship Manager - Vice President, Atlanta, GA",Sales and Relationship Management,Atlanta,GA,United States,unknown,,2026-07-20 21:41:47.252203,,https://higher.gs.com/roles/178282
BNY,79975,Corporate Security Engineering – Lead Engineer Role,Cybersecurity,Pittsburgh,PA,United States,unknown,Full time,2026-07-20 21:41:47.491362,2026-07-13 00:00:00,https://eofe.fa.us2.oraclecloud.com/hcmUI/CandidateExperience/en/sites/BNY-Careers/job/79975
GOLDMAN_SACHS,178879,"AWM, Private Bank, Regional Lending Advisor, Associate/ Jr. Vice President- Los Angeles",Risk and Compliance,Los Angeles,CA,United States,unknown,,2026-07-20 21:41:48.260848,,https://higher.gs.com/roles/178879
BNY,70911,"Vice President, Fiduciary",Operations,Pittsburgh,PA,United States,unknown,Full time,2026-07-20 21:41:48.668309,2026-07-10 00:00:00,https://eofe.fa.us2.oraclecloud.com/hcmUI/CandidateExperience/en/sites/BNY-Careers/job/70911
GOLDMAN_SACHS,166643,"Asset & Wealth Management, Product Management, Vice President - New York",Risk and Compliance,New York,NY,United States,unknown,,2026-07-20 21:41:49.272333,,https://higher.gs.com/roles/166643
BNY,75514,"Senior Vice President, Product Management",Operations,Pittsburgh,PA,United States,unknown,Full time,2026-07-20 21:41:49.621513,2026-08-11 00:00:00,https://eofe.fa.us2.oraclecloud.com/hcmUI/CandidateExperience/en/sites/BNY-Careers/job/75514
GOLDMAN_SACHS,179273,"Asset & Wealth Management - New York - Vice President, Investing & Portfolio Management - 9872660",Risk and Compliance,New York,NY,United States,unknown,,2026-07-20 21:41:50.256801,,https://higher.gs.com/roles/179273
BNY,77847,"Senior Vice President, DMZ Network Engineer",Cloud and Infrastructure,Pittsburgh,PA,United States,unknown,Full time,2026-07-20 21:41:50.540036,2026-07-10 00:00:00,https://eofe.fa.us2.oraclecloud.com/hcmUI/CandidateExperience/en/sites/BNY-Careers/job/77847
GOLDMAN_SACHS,178478,"Risk, Market Risk, Associate, New York",Risk and Compliance,New York,NY,United States,unknown,,2026-07-20 21:41:51.284409,,https://higher.gs.com/roles/178478
GOLDMAN_SACHS,171345,"Human Capital Management (HCM) Strategy, Compensation & Rewards Sr. Product Management, Vice President",Product Management,New York,NY,United States,unknown,,2026-07-20 21:41:52.293977,,https://higher.gs.com/roles/171345
BNY,78684,"Vice President, Fund Reporting",Risk and Compliance,Lake Mary,FL,United States,unknown,Full time,2026-07-20 21:41:52.484231,2026-07-10 00:00:00,https://eofe.fa.us2.oraclecloud.com/hcmUI/CandidateExperience/en/sites/BNY-Careers/job/78684
GOLDMAN_SACHS,152915,"Human Capital Management (HCM) Strategy, Artificial Intelligence (AI) Product Strategist, Vice President, New York City",Risk and Compliance,New York,NY,United States,unknown,,2026-07-20 21:41:53.310866,,https://higher.gs.com/roles/152915
BNY,78948,"Vice President, Product Design",Operations,Pittsburgh,PA,United States,unknown,Full time,2026-07-20 21:41:53.494824,2026-07-10 00:00:00,https://eofe.fa.us2.oraclecloud.com/hcmUI/CandidateExperience/en/sites/BNY-Careers/job/78948
BNY,79433,"Specialist, Credit Risk",Risk and Compliance,New York,NY,United States,hybrid,Full time,2026-07-20 21:41:54.568516,2026-07-10 00:00:00,https://eofe.fa.us2.oraclecloud.com/hcmUI/CandidateExperience/en/sites/BNY-Careers/job/79433
GOLDMAN_SACHS,177771,"Internal Audit-Data Analytics, Data Engineer -New York-Vice President",Audit,New York,NY,United States,unknown,,2026-07-20 21:41:55.309553,,https://higher.gs.com/roles/177771
BNY,79434,"Specialist, Credit Risk",Risk and Compliance,New York,NY,United States,unknown,Full time,2026-07-20 21:41:55.585185,2026-07-10 00:00:00,https://eofe.fa.us2.oraclecloud.com/hcmUI/CandidateExperience/en/sites/BNY-Careers/job/79434
GOLDMAN_SACHS,135162,"Tax, Business and Data Intelligence, Analyst, Jersey City",Finance and Accounting,Jersey City,NJ,United States,unknown,,2026-07-20 21:41:56.297528,,https://higher.gs.com/roles/135162
BNY,79435,"Specialist, Credit Risk",Risk and Compliance,New York,NY,United States,hybrid,Full time,2026-07-20 21:41:56.480457,2026-07-10 00:00:00,https://eofe.fa.us2.oraclecloud.com/hcmUI/CandidateExperience/en/sites/BNY-Careers/job/79435
GOLDMAN_SACHS,179263,"Compliance - Salt Lake City - Vice President, Business Unit Compliance- 10076305",Risk and Compliance,Salt Lake City,UT,United States,unknown,,2026-07-20 21:41:57.307789,,https://higher.gs.com/roles/179263
BNY,79470,"Director, POM Technical Product Management",Product Management,New York,NY,United States,unknown,Full time,2026-07-20 21:41:57.514978,2026-07-10 00:00:00,https://eofe.fa.us2.oraclecloud.com/hcmUI/CandidateExperience/en/sites/BNY-Careers/job/79470
GOLDMAN_SACHS,159061,"Asset & Wealth Management, Ayco Administrative Assistant, Dallas",Sales and Relationship Management,Dallas,TX,United States,unknown,,2026-07-20 21:41:58.282309,,https://higher.gs.com/roles/159061
BNY,79536,"Senior Vice President, Accounting",Finance and Accounting,Pittsburgh,PA,United States,unknown,Full time,2026-07-20 21:41:58.483852,2026-07-10 00:00:00,https://eofe.fa.us2.oraclecloud.com/hcmUI/CandidateExperience/en/sites/BNY-Careers/job/79536
GOLDMAN_SACHS,177645,"Software Engineer, Global Banking & Markets, Front Office Technology",Software Engineering,New York,NY,United States,unknown,,2026-07-20 21:41:59.308378,,https://higher.gs.com/roles/177645
BNY,79539,"Senior Specialist, Accounting",Finance and Accounting,Pittsburgh,PA,United States,unknown,Full time,2026-07-20 21:41:59.613557,2026-07-10 00:00:00,https://eofe.fa.us2.oraclecloud.com/hcmUI/CandidateExperience/en/sites/BNY-Careers/job/79539
BNY,79781,"Senior Specialist, IWM Portfolio Analyst",Risk and Compliance,New York,NY,United States,unknown,Full time,2026-07-20 21:42:00.454575,2026-07-10 00:00:00,https://eofe.fa.us2.oraclecloud.com/hcmUI/CandidateExperience/en/sites/BNY-Careers/job/79781
GOLDMAN_SACHS,161083,"Asset & Wealth Management, Private Wealth Management, Wealth Management Professional, Associate - Washington D.C.",Risk and Compliance,Washington,DC,United States,unknown,,2026-07-20 21:42:01.415734,,https://higher.gs.com/roles/161083
BNY,67783,"Senior Vice President, Private Equity Fund Accounting",Finance and Accounting,New York,NY,United States,unknown,Full time,2026-07-20 21:42:01.524430,2026-07-09 00:00:00,https://eofe.fa.us2.oraclecloud.com/hcmUI/CandidateExperience/en/sites/BNY-Careers/job/67783
BNY,72289,"Senior Vice President, Production Services Application Support",Risk and Compliance,Jersey City,NJ,United States,unknown,Full time,2026-07-20 21:42:02.498014,2026-07-09 00:00:00,https://eofe.fa.us2.oraclecloud.com/hcmUI/CandidateExperience/en/sites/BNY-Careers/job/72289
BNY,72301,"Vice President, Fund/Client Accounting Manager",Finance and Accounting,Los Angeles,CA,United States,unknown,Full time,2026-07-20 21:42:03.485723,2026-07-09 00:00:00,https://eofe.fa.us2.oraclecloud.com/hcmUI/CandidateExperience/en/sites/BNY-Careers/job/72301
BNY,72324,"Director, Operations Group Manager - Loans Enablement",Operations,Houston,TX,United States,hybrid,Full time,2026-07-20 21:42:04.557490,2026-07-09 00:00:00,https://eofe.fa.us2.oraclecloud.com/hcmUI/CandidateExperience/en/sites/BNY-Careers/job/72324
BNY,74426,"Vice President, Client Implementations Manager",Risk and Compliance,Lake Mary,FL,United States,unknown,Full time,2026-07-20 21:42:05.591148,2026-08-19 00:00:00,https://eofe.fa.us2.oraclecloud.com/hcmUI/CandidateExperience/en/sites/BNY-Careers/job/74426
BNY,74668,"Specialist, Client Processing I",Operations,Houston,TX,United States,unknown,Full time,2026-07-20 21:42:06.548268,2026-07-09 00:00:00,https://eofe.fa.us2.oraclecloud.com/hcmUI/CandidateExperience/en/sites/BNY-Careers/job/74668
BNY,75137,"Vice President, Client Operations",Risk and Compliance,Los Angeles,CA,United States,unknown,Full time,2026-07-20 21:42:07.641484,2026-07-09 00:00:00,https://eofe.fa.us2.oraclecloud.com/hcmUI/CandidateExperience/en/sites/BNY-Careers/job/75137
BNY,75138,"Vice President, Client Operations",Risk and Compliance,Los Angeles,CA,United States,unknown,Full time,2026-07-20 21:42:09.550771,2026-07-09 00:00:00,https://eofe.fa.us2.oraclecloud.com/hcmUI/CandidateExperience/en/sites/BNY-Careers/job/75138
BNY,75139,"Vice President, Client Operations",Risk and Compliance,Los Angeles,CA,United States,unknown,Full time,2026-07-20 21:42:10.672121,2026-07-09 00:00:00,https://eofe.fa.us2.oraclecloud.com/hcmUI/CandidateExperience/en/sites/BNY-Careers/job/75139
BNY,75279,"Vice President, Full Stack Engineer",Software Engineering,Berwyn,PA,United States,unknown,Full time,2026-07-20 21:42:11.560232,2026-07-09 00:00:00,https://eofe.fa.us2.oraclecloud.com/hcmUI/CandidateExperience/en/sites/BNY-Careers/job/75279
BNY,76965,"Vice President, POM Product Management",Risk and Compliance,Jersey City,NJ,United States,unknown,Full time,2026-07-20 21:42:12.713131,2026-07-09 00:00:00,https://eofe.fa.us2.oraclecloud.com/hcmUI/CandidateExperience/en/sites/BNY-Careers/job/76965
BNY,77849,"Vice President, Production Services Infrastructure Support",Cloud and Infrastructure,Lake Mary,FL,United States,unknown,Full time,2026-07-20 21:42:13.813180,2026-07-09 00:00:00,https://eofe.fa.us2.oraclecloud.com/hcmUI/CandidateExperience/en/sites/BNY-Careers/job/77849
BNY,78035,"Vice President, Fund/Client Accounting Manager",Finance and Accounting,New York,NY,United States,unknown,Full time,2026-07-20 21:42:14.629771,2026-07-09 00:00:00,https://eofe.fa.us2.oraclecloud.com/hcmUI/CandidateExperience/en/sites/BNY-Careers/job/78035
BNY,78210,"Vice President, Data Analyst & BI",Data and AI,Pittsburgh,PA,United States,unknown,Full time,2026-07-20 21:42:15.735281,2026-07-09 00:00:00,https://eofe.fa.us2.oraclecloud.com/hcmUI/CandidateExperience/en/sites/BNY-Careers/job/78210
BNY,78211,"Senior Vice President, Data Analyst & BI",Risk and Compliance,Pittsburgh,PA,United States,unknown,Full time,2026-07-20 21:42:16.644689,2026-07-09 00:00:00,https://eofe.fa.us2.oraclecloud.com/hcmUI/CandidateExperience/en/sites/BNY-Careers/job/78211
BNY,78258,"Vice President, Client Service Management",Operations,Jersey City,NJ,United States,unknown,Full time,2026-07-20 21:42:17.678548,2026-07-09 00:00:00,https://eofe.fa.us2.oraclecloud.com/hcmUI/CandidateExperience/en/sites/BNY-Careers/job/78258
BNY,78318,"Senior Vice President, Business & Function Finance",Cloud and Infrastructure,Pittsburgh,PA,United States,unknown,Full time,2026-07-20 21:42:18.734884,2026-07-09 00:00:00,https://eofe.fa.us2.oraclecloud.com/hcmUI/CandidateExperience/en/sites/BNY-Careers/job/78318
BNY,78320,"Director, Business & Function Finance Manager",Risk and Compliance,Pittsburgh,PA,United States,unknown,Full time,2026-07-20 21:42:19.782246,2026-07-09 00:00:00,https://eofe.fa.us2.oraclecloud.com/hcmUI/CandidateExperience/en/sites/BNY-Careers/job/78320
BNY,78299,"Senior Specialist, OPS Data Transfer, Integration & Quality",Other,Houston,TX,United States,hybrid,Full time,2026-07-20 21:42:20.642736,2026-07-09 00:00:00,https://eofe.fa.us2.oraclecloud.com/hcmUI/CandidateExperience/en/sites/BNY-Careers/job/78299
GOLDMAN_SACHS,179077,"Transaction Banking, Delivery Program Manager, Vice President",Project and Program Management,New York,NY,United States,unknown,,2026-07-20 21:42:21.424449,,https://higher.gs.com/roles/179077
BNY,78460,"Senior Vice President, Deal Management",Risk and Compliance,Boston,MA,United States,unknown,Full time,2026-07-20 21:42:21.724662,2026-07-09 00:00:00,https://eofe.fa.us2.oraclecloud.com/hcmUI/CandidateExperience/en/sites/BNY-Careers/job/78460
GOLDMAN_SACHS,178036,"Corporate Treasury, New York, Associate, Software Engineering",Software Engineering,New York,NY,United States,unknown,,2026-07-20 21:42:22.467979,,https://higher.gs.com/roles/178036
BNY,78550,"Senior Vice President, Client Service Executive",Operations,Lake Mary,FL,United States,hybrid,Full time,2026-07-20 21:42:22.702831,2026-07-09 00:00:00,https://eofe.fa.us2.oraclecloud.com/hcmUI/CandidateExperience/en/sites/BNY-Careers/job/78550
GOLDMAN_SACHS,178035,"Corporate Treasury, New York, Vice President, Software Engineering",Software Engineering,New York,NY,United States,unknown,,2026-07-20 21:42:23.454598,,https://higher.gs.com/roles/178035
BNY,78870,"Vice President, Trade Capture",Risk and Compliance,Lake Mary,FL,United States,unknown,Full time,2026-07-20 21:42:23.741169,2026-07-09 00:00:00,https://eofe.fa.us2.oraclecloud.com/hcmUI/CandidateExperience/en/sites/BNY-Careers/job/78870
GOLDMAN_SACHS,179210,"Asset & Wealth Management, Private Wealth Management, Goldman Sachs Family Office, Private Client Accounting and Payment Services Lead, Vice President - Dallas",Finance and Accounting,Dallas,TX,United States,unknown,,2026-07-20 21:42:24.471246,,https://higher.gs.com/roles/179210
BNY,78984,"Specialist, Middle Office Representative",Operations,Pittsburgh,PA,United States,unknown,Full time,2026-07-20 21:42:24.594514,2026-07-09 00:00:00,https://eofe.fa.us2.oraclecloud.com/hcmUI/CandidateExperience/en/sites/BNY-Careers/job/78984
GOLDMAN_SACHS,178867,"Compliance-The Core Compliance, Associate, Dallas",Risk and Compliance,Dallas,TX,United States,unknown,,2026-07-20 21:42:25.511432,,https://higher.gs.com/roles/178867
BNY,79464,"Director, AI / Machine Learning Data Engineer",Data and AI,New York,NY,United States,unknown,Full time,2026-07-20 21:42:25.629823,2026-07-09 00:00:00,https://eofe.fa.us2.oraclecloud.com/hcmUI/CandidateExperience/en/sites/BNY-Careers/job/79464
GOLDMAN_SACHS,169642,"Asset & Wealth Management, Goldman Sachs Ayco, Relationship Management, Analyst, Atlanta, GA",Sales and Relationship Management,Atlanta,GA,United States,unknown,,2026-07-20 21:42:26.472641,,https://higher.gs.com/roles/169642
BNY,79469,"Senior Specialist, Trading (Dreyfus)",Risk and Compliance,New York,NY,United States,unknown,Full time,2026-07-20 21:42:26.790961,2026-07-09 00:00:00,https://eofe.fa.us2.oraclecloud.com/hcmUI/CandidateExperience/en/sites/BNY-Careers/job/79469
GOLDMAN_SACHS,148187,"Internal Audit, FICC Auditor, Vice President, Salt Lake City",Audit,Salt Lake City,UT,United States,unknown,,2026-07-20 21:42:27.491308,,https://higher.gs.com/roles/148187
BNY,79532,"Vice President, Accounting",Finance and Accounting,Pittsburgh,PA,United States,unknown,Full time,2026-07-20 21:42:27.658297,2026-07-09 00:00:00,https://eofe.fa.us2.oraclecloud.com/hcmUI/CandidateExperience/en/sites/BNY-Careers/job/79532
GOLDMAN_SACHS,176984,"Asset & Wealth Management, Wealth Investment Solutions (WIS), Digital Product Manager, Analyst - New York",Risk and Compliance,New York,NY,United States,unknown,,2026-07-20 21:42:28.548596,,https://higher.gs.com/roles/176984
BNY,79578,"Vice President, POM Product Owner",Product Management,Jersey City,NJ,United States,unknown,Full time,2026-07-20 21:42:28.641132,2026-07-09 00:00:00,https://eofe.fa.us2.oraclecloud.com/hcmUI/CandidateExperience/en/sites/BNY-Careers/job/79578
GOLDMAN_SACHS,175129,"GBM Private, Capital Solutions Group, Public Sector Financing, Sports, Vice President - New York",Risk and Compliance,New York,NY,United States,unknown,,2026-07-20 21:42:29.475929,,https://higher.gs.com/roles/175129
BNY,72386,"Senior Specialist, Client Processing - Loans Enablement",Operations,Pittsburgh,PA,United States,hybrid,Full time,2026-07-20 21:42:30.659127,2026-07-08 00:00:00,https://eofe.fa.us2.oraclecloud.com/hcmUI/CandidateExperience/en/sites/BNY-Careers/job/72386
GOLDMAN_SACHS,172993,C# Software Developer - Vice President - Dallas - Engineering,Software Engineering,Dallas,TX,United States,unknown,,2026-07-20 21:42:31.466761,,https://higher.gs.com/roles/172993
BNY,72387,"Senior Specialist, Client Processing",Operations,Pittsburgh,PA,United States,hybrid,Full time,2026-07-20 21:42:31.808246,2026-07-08 00:00:00,https://eofe.fa.us2.oraclecloud.com/hcmUI/CandidateExperience/en/sites/BNY-Careers/job/72387
GOLDMAN_SACHS,153226,"Internal Audit, Data Analytics, Technology Audit, Vice President, Dallas",Audit,Dallas,TX,United States,unknown,,2026-07-20 21:42:32.474612,,https://higher.gs.com/roles/153226
BNY,72875,"Vice President, Scrum Leader",Product Management,New York,NY,United States,unknown,Full time,2026-07-20 21:42:32.767868,2026-07-08 00:00:00,https://eofe.fa.us2.oraclecloud.com/hcmUI/CandidateExperience/en/sites/BNY-Careers/job/72875
GOLDMAN_SACHS,154746,"Internal Audit, Controllers & Tax - Technology Audit, Associate, New York",Finance and Accounting,New York,NY,United States,unknown,,2026-07-20 21:42:33.477560,,https://higher.gs.com/roles/154746
BNY,73198,"Specialist, Client Processing Representative II",Operations,Pittsburgh,PA,United States,unknown,Full time,2026-07-20 21:42:33.714231,2026-07-08 00:00:00,https://eofe.fa.us2.oraclecloud.com/hcmUI/CandidateExperience/en/sites/BNY-Careers/job/73198
GOLDMAN_SACHS,178679,"Asset & Wealth Management, Strategic Client Services (SCS) , Vice President",Risk and Compliance,New York,NY,United States,unknown,,2026-07-20 21:42:34.500958,,https://higher.gs.com/roles/178679
BNY,74662,"Vice President, Client Processing",Operations,Houston,TX,United States,unknown,Full time,2026-07-20 21:42:34.818569,2026-07-08 00:00:00,https://eofe.fa.us2.oraclecloud.com/hcmUI/CandidateExperience/en/sites/BNY-Careers/job/74662
BNY,74869,"Senior Vice President, Technology Strategist",Risk and Compliance,Pittsburgh,PA,United States,unknown,Full time,2026-07-20 21:42:35.652531,2026-08-14 00:00:00,https://eofe.fa.us2.oraclecloud.com/hcmUI/CandidateExperience/en/sites/BNY-Careers/job/74869
GOLDMAN_SACHS,156142,"Internal Audit, Technology Auditor-Investment Banking, Associate",Audit,Dallas,TX,United States,unknown,,2026-07-20 21:42:36.495345,,https://higher.gs.com/roles/156142
BNY,76177,"Vice President, Strategic Planning",Risk and Compliance,Jersey City,NJ,United States,unknown,Full time,2026-07-20 21:42:36.645301,2026-07-08 00:00:00,https://eofe.fa.us2.oraclecloud.com/hcmUI/CandidateExperience/en/sites/BNY-Careers/job/76177
BNY,77459,"Vice President, Data Governance (Global Markets)",Risk and Compliance,Pittsburgh,PA,United States,unknown,Full time,2026-07-20 21:42:37.688413,2026-07-08 00:00:00,https://eofe.fa.us2.oraclecloud.com/hcmUI/CandidateExperience/en/sites/BNY-Careers/job/77459
GOLDMAN_SACHS,177524,Corporate Treasury-Resource Deployment & Strategy-Salt Lake City-Analyst,Risk and Compliance,Salt Lake City,UT,United States,unknown,,2026-07-20 21:42:38.501466,,https://higher.gs.com/roles/177524
BNY,77653,"Vice President, Client Operations",Operations,Lake Mary,FL,United States,unknown,Full time,2026-07-20 21:42:38.697705,2026-07-08 00:00:00,https://eofe.fa.us2.oraclecloud.com/hcmUI/CandidateExperience/en/sites/BNY-Careers/job/77653
GOLDMAN_SACHS,173938,"Global Banking & Markets Private, Classic - Natural Resources, Houston, Analyst",Sales and Relationship Management,Houston,TX,United States,unknown,,2026-07-20 21:42:39.484665,,https://higher.gs.com/roles/173938
BNY,78175,"Senior Specialist, Client Processing",Risk and Compliance,Berwyn,PA,United States,unknown,Full time,2026-07-20 21:42:39.713619,2026-07-08 00:00:00,https://eofe.fa.us2.oraclecloud.com/hcmUI/CandidateExperience/en/sites/BNY-Careers/job/78175
BNY,78395,"Specialist, Client Processing II",Operations,Pittsburgh,PA,United States,hybrid,Full time,2026-07-20 21:42:40.774080,2026-07-08 00:00:00,https://eofe.fa.us2.oraclecloud.com/hcmUI/CandidateExperience/en/sites/BNY-Careers/job/78395
GOLDMAN_SACHS,178894,"Asset & Wealth Management, Alternative Capital Markets, Associate - New York",Sales and Relationship Management,New York,NY,United States,unknown,,2026-07-20 21:42:41.546671,,https://higher.gs.com/roles/178894
BNY,78397,"Specialist, Client Operations II",Operations,Pittsburgh,PA,United States,hybrid,Full time,2026-07-20 21:42:41.776758,2026-07-08 00:00:00,https://eofe.fa.us2.oraclecloud.com/hcmUI/CandidateExperience/en/sites/BNY-Careers/job/78397
GOLDMAN_SACHS,178406,"GBM - Private - Investment Banking Associate, Activism & Shareholder Advisory - New York",Risk and Compliance,New York,NY,United States,unknown,,2026-07-20 21:42:42.538716,,https://higher.gs.com/roles/178406
BNY,78398,"Senior Specialist, Client Processing",Operations,Pittsburgh,PA,United States,hybrid,Full time,2026-07-20 21:42:42.728366,2026-07-08 00:00:00,https://eofe.fa.us2.oraclecloud.com/hcmUI/CandidateExperience/en/sites/BNY-Careers/job/78398
GOLDMAN_SACHS,177983,"Legal, Legal Strategy Management & Operations, Senior Analyst/Associate, New York City",Legal,New York,NY,United States,unknown,,2026-07-20 21:42:43.542760,,https://higher.gs.com/roles/177983
BNY,78599,"Vice President, Client Processing Manager",Operations,Pittsburgh,PA,United States,unknown,Full time,2026-07-20 21:42:43.752669,2026-07-08 00:00:00,https://eofe.fa.us2.oraclecloud.com/hcmUI/CandidateExperience/en/sites/BNY-Careers/job/78599
GOLDMAN_SACHS,179180,"Global Banking & Markets- Dallas- Associate, Regulatory Reporting - Trade Level- 10219895",Risk and Compliance,Dallas,TX,United States,unknown,,2026-07-20 21:42:44.548625,,https://higher.gs.com/roles/179180
BNY,78674,"Specialist, Client Processing Representative II",Operations,Pittsburgh,PA,United States,unknown,Full time,2026-07-20 21:42:44.746809,2026-07-08 00:00:00,https://eofe.fa.us2.oraclecloud.com/hcmUI/CandidateExperience/en/sites/BNY-Careers/job/78674
GOLDMAN_SACHS,178613,"Asset & Wealth Management, Product Development - Innovator ETF's, Vice President - Wheaton IL",Risk and Compliance,Chicago,IL,United States,unknown,,2026-07-20 21:42:45.565180,,https://higher.gs.com/roles/178613
BNY,78676,"Specialist, Client Processing Representative II",Operations,Pittsburgh,PA,United States,unknown,Full time,2026-07-20 21:42:45.734707,2026-07-08 00:00:00,https://eofe.fa.us2.oraclecloud.com/hcmUI/CandidateExperience/en/sites/BNY-Careers/job/78676
GOLDMAN_SACHS,169684,"Senior Software Engineer, Global Banking & Markets, Equities Trading Technology",Operations,New York,NY,United States,unknown,,2026-07-20 21:42:46.550356,,https://higher.gs.com/roles/169684
BNY,78704,"Specialist, Client Processing Representative II",Operations,Pittsburgh,PA,United States,unknown,Full time,2026-07-20 21:42:46.750560,2026-07-08 00:00:00,https://eofe.fa.us2.oraclecloud.com/hcmUI/CandidateExperience/en/sites/BNY-Careers/job/78704
GOLDMAN_SACHS,179178,"Asset & Wealth Management-Richardson-Associate, External Product Specialists–10253069",Data and AI,Richardson,TX,United States,unknown,,2026-07-20 21:42:47.566336,,https://higher.gs.com/roles/179178
GOLDMAN_SACHS,178574,"Global Banking & Markets, GS Select, National Accounts Manager, Associate - New York",Operations,New York,NY,United States,unknown,,2026-07-20 21:42:48.586417,,https://higher.gs.com/roles/178574
BNY,79049,"Senior Specialist, Product Designer",Operations,New York,NY,United States,unknown,Full time,2026-07-20 21:42:48.863296,2026-07-08 00:00:00,https://eofe.fa.us2.oraclecloud.com/hcmUI/CandidateExperience/en/sites/BNY-Careers/job/79049
GOLDMAN_SACHS,170579,Corporate Treasury Operations-Trade Processing-New York-Associate,Operations,New York,NY,United States,unknown,,2026-07-20 21:42:49.594704,,https://higher.gs.com/roles/170579
BNY,79075,"Vice President, Fixed Income Trading",Risk and Compliance,Boston,MA,United States,hybrid,Full time,2026-07-20 21:42:49.838617,2026-07-08 00:00:00,https://eofe.fa.us2.oraclecloud.com/hcmUI/CandidateExperience/en/sites/BNY-Careers/job/79075
GOLDMAN_SACHS,149561,"Internal Audit, Equities Auditor, Vice President, Salt Lake City",Audit,Salt Lake City,UT,United States,unknown,,2026-07-20 21:42:50.599641,,https://higher.gs.com/roles/149561
BNY,79183,"Vice President, Tax Reporting & Compliance",Risk and Compliance,Pittsburgh,PA,United States,unknown,Full time,2026-07-20 21:42:50.772631,2026-07-08 00:00:00,https://eofe.fa.us2.oraclecloud.com/hcmUI/CandidateExperience/en/sites/BNY-Careers/job/79183
GOLDMAN_SACHS,177745,"Global Banking & Markets- New York- Associate, Banker-Industry/Country Coverage- 9673502",Sales and Relationship Management,New York,NY,United States,unknown,,2026-07-20 21:42:51.599778,,https://higher.gs.com/roles/177745
BNY,79423,"Senior Specialist, Treasury and ALM",Risk and Compliance,New York,NY,United States,unknown,Full time,2026-07-20 21:42:51.819424,2026-07-08 00:00:00,https://eofe.fa.us2.oraclecloud.com/hcmUI/CandidateExperience/en/sites/BNY-Careers/job/79423
GOLDMAN_SACHS,177752,"Asset & Wealth Management - New York - Associate, Investing & Portfolio Management – Private - 9333245",Cloud and Infrastructure,New York,NY,United States,unknown,,2026-07-20 21:42:52.584706,,https://higher.gs.com/roles/177752
BNY,79430,"Director, Accounting",Finance and Accounting,Pittsburgh,PA,United States,unknown,Full time,2026-07-20 21:42:52.795808,2026-07-08 00:00:00,https://eofe.fa.us2.oraclecloud.com/hcmUI/CandidateExperience/en/sites/BNY-Careers/job/79430
GOLDMAN_SACHS,177877,"Global Banking & Markets - New York - Associate, Banker-Industry/Country Coverage – 9904540",Sales and Relationship Management,New York,NY,United States,unknown,,2026-07-20 21:42:53.611163,,https://higher.gs.com/roles/177877
BNY,79540,Senior Vice President - Hedge Fund Credit & Alternative Asset,Risk and Compliance,New York,NY,United States,hybrid,Full time,2026-07-20 21:42:53.788147,2026-07-08 00:00:00,https://eofe.fa.us2.oraclecloud.com/hcmUI/CandidateExperience/en/sites/BNY-Careers/job/79540
GOLDMAN_SACHS,177782,"Global Banking & Markets - New York - Associate, Settlements- 9283349",Risk and Compliance,New York,NY,United States,unknown,,2026-07-20 21:42:54.594975,,https://higher.gs.com/roles/177782
BNY,75027,"Vice President, Full-Stack Engineer",Software Engineering,Boston,MA,United States,unknown,Full time,2026-07-20 21:42:54.830238,2026-07-07 00:00:00,https://eofe.fa.us2.oraclecloud.com/hcmUI/CandidateExperience/en/sites/BNY-Careers/job/75027
GOLDMAN_SACHS,177876,"Global Banking & Markets-Salt Lake City-Senior Associate, Trade Processing-8949915",Risk and Compliance,Salt Lake City,UT,United States,unknown,,2026-07-20 21:42:55.614401,,https://higher.gs.com/roles/177876
BNY,75292,"Vice President, Digital Asset Operations",Operations,New York,NY,United States,unknown,Full time,2026-07-20 21:42:55.814751,2026-07-07 00:00:00,https://eofe.fa.us2.oraclecloud.com/hcmUI/CandidateExperience/en/sites/BNY-Careers/job/75292
GOLDMAN_SACHS,177738,"Risk Division- New York- Vice President, Credit Risk- 8637952",Risk and Compliance,New York,NY,United States,unknown,,2026-07-20 21:42:56.612960,,https://higher.gs.com/roles/177738
BNY,76319,"Specialist, Client Processing",Operations,Pittsburgh,PA,United States,unknown,Full time,2026-07-20 21:42:56.826077,2026-07-07 00:00:00,https://eofe.fa.us2.oraclecloud.com/hcmUI/CandidateExperience/en/sites/BNY-Careers/job/76319
GOLDMAN_SACHS,177879,"Global Banking & Markets - New York - Associate, Banker – Industry/Country Coverage - 10113155",Sales and Relationship Management,New York,NY,United States,unknown,,2026-07-20 21:42:57.642906,,https://higher.gs.com/roles/177879
BNY,77115,"Vice President, Product Manager",Product Management,Pittsburgh,PA,United States,unknown,Full time,2026-07-20 21:42:57.811081,2026-07-07 00:00:00,https://eofe.fa.us2.oraclecloud.com/hcmUI/CandidateExperience/en/sites/BNY-Careers/job/77115
GOLDMAN_SACHS,177865,"Platform Solutions- Richardson- Vice President, Analytics & Reporting- 9848762",Operations,Richardson,TX,United States,unknown,,2026-07-20 21:42:58.682155,,https://higher.gs.com/roles/177865
BNY,77848,"Senior Vice President, Infrastructure Engineer",Cloud and Infrastructure,New York,NY,United States,unknown,Full time,2026-07-20 21:42:58.882898,2026-07-07 00:00:00,https://eofe.fa.us2.oraclecloud.com/hcmUI/CandidateExperience/en/sites/BNY-Careers/job/77848
GOLDMAN_SACHS,177780,"Global Banking and Markets (Client Ops)- Salt Lake City- Snr Associate, Client Onboarding & Configuration - 9713864",Risk and Compliance,Salt Lake City,UT,United States,unknown,,2026-07-20 21:42:59.628976,,https://higher.gs.com/roles/177780
GOLDMAN_SACHS,177767,"Global Banking & Markets- New York- Associate, Banker-Industry Country Coverage- 9872318",Sales and Relationship Management,New York,NY,United States,unknown,,2026-07-20 21:43:00.609723,,https://higher.gs.com/roles/177767
BNY,78105,"Vice President, POM Product Management",Risk and Compliance,Lake Mary,FL,United States,unknown,Full time,2026-07-20 21:43:00.845914,2026-07-07 00:00:00,https://eofe.fa.us2.oraclecloud.com/hcmUI/CandidateExperience/en/sites/BNY-Careers/job/78105
GOLDMAN_SACHS,177766,"Platform Solutions – Dallas – Associate, Software Engineering – 4208762",Software Engineering,Dallas,TX,United States,unknown,,2026-07-20 21:43:01.626157,,https://higher.gs.com/roles/177766
BNY,78319,"Senior Vice President, DevOps Production Services",Cloud and Infrastructure,Lake Mary,FL,United States,unknown,Full time,2026-07-20 21:43:01.975633,2026-07-07 00:00:00,https://eofe.fa.us2.oraclecloud.com/hcmUI/CandidateExperience/en/sites/BNY-Careers/job/78319
GOLDMAN_SACHS,177746,"Global Banking & Markets - New York - Associate, Banker - Industry/Country Coverage – 9872404",Sales and Relationship Management,New York,NY,United States,unknown,,2026-07-20 21:43:02.739560,,https://higher.gs.com/roles/177746
BNY,78322,"Vice President, DevOps Production Services",Cloud and Infrastructure,New York,NY,United States,unknown,Full time,2026-07-20 21:43:02.833235,2026-07-07 00:00:00,https://eofe.fa.us2.oraclecloud.com/hcmUI/CandidateExperience/en/sites/BNY-Careers/job/78322
GOLDMAN_SACHS,179172,"Asset & Wealth Management - New York - Associate, External Product Specialists - 10243378",Risk and Compliance,New York,NY,United States,unknown,,2026-07-20 21:43:03.657301,,https://higher.gs.com/roles/179172
BNY,78890,"Senior Vice President, Infrastructure Engineer",Cloud and Infrastructure,Lake Mary,FL,United States,unknown,Full time,2026-07-20 21:43:03.876989,2026-07-07 00:00:00,https://eofe.fa.us2.oraclecloud.com/hcmUI/CandidateExperience/en/sites/BNY-Careers/job/78890
BNY,79067,"Vice President, Client Service Management (Global Collateral Platform)",Operations,Lake Mary,FL,United States,hybrid,Full time,2026-07-20 21:43:04.909482,2026-07-07 00:00:00,https://eofe.fa.us2.oraclecloud.com/hcmUI/CandidateExperience/en/sites/BNY-Careers/job/79067
BNY,79137,"Vice President, Cash Processing/Funds Transfer Manager",Operations,Pittsburgh,PA,United States,unknown,Full time,2026-07-20 21:43:05.871103,2026-07-07 00:00:00,https://eofe.fa.us2.oraclecloud.com/hcmUI/CandidateExperience/en/sites/BNY-Careers/job/79137
BNY,79227,"Senior Vice President, Client Executive (Securities Finance)",Risk and Compliance,New York,NY,United States,hybrid,Full time,2026-07-20 21:43:06.971758,2026-07-07 00:00:00,https://eofe.fa.us2.oraclecloud.com/hcmUI/CandidateExperience/en/sites/BNY-Careers/job/79227
BNY,79425,"Senior Vice President, SOX Control & Compliance Manager",Risk and Compliance,Pittsburgh,PA,United States,unknown,Full time,2026-07-20 21:43:07.979200,2026-07-07 00:00:00,https://eofe.fa.us2.oraclecloud.com/hcmUI/CandidateExperience/en/sites/BNY-Careers/job/79425
BNY,79502,"Vice President, SOX Control & Compliance",Risk and Compliance,Pittsburgh,PA,United States,unknown,Full time,2026-07-20 21:43:08.999354,2026-07-07 00:00:00,https://eofe.fa.us2.oraclecloud.com/hcmUI/CandidateExperience/en/sites/BNY-Careers/job/79502
BNY,79504,"Vice President, SOX Control & Compliance",Risk and Compliance,New York,NY,United States,unknown,Full time,2026-07-20 21:43:10.016164,2026-07-07 00:00:00,https://eofe.fa.us2.oraclecloud.com/hcmUI/CandidateExperience/en/sites/BNY-Careers/job/79504
BNY,79594,"Senior Specialist, Product Management",Data and AI,New York,NY,United States,unknown,Full time,2026-07-20 21:43:10.986082,2026-07-07 00:00:00,https://eofe.fa.us2.oraclecloud.com/hcmUI/CandidateExperience/en/sites/BNY-Careers/job/79594
BNY,79604,"Vice President, Sourcing & Resiliency Coordinator - Product & Innovation (Digital Assets Business)",Risk and Compliance,New York,NY,United States,unknown,Full time,2026-07-20 21:43:11.876248,2026-07-07 00:00:00,https://eofe.fa.us2.oraclecloud.com/hcmUI/CandidateExperience/en/sites/BNY-Careers/job/79604
GOLDMAN_SACHS,161628,"AI/ML Engineer, Global Banking & Markets, Front Office Technology",Data and AI,Dallas,TX,United States,unknown,,2026-07-20 21:43:12.764677,,https://higher.gs.com/roles/161628
BNY,79738,"Senior Director, Senior Managing Counsel- Fixed Income and Equities (FIEQ)",Legal,New York,NY,United States,hybrid,Full time,2026-07-20 21:43:12.938670,2026-07-07 00:00:00,https://eofe.fa.us2.oraclecloud.com/hcmUI/CandidateExperience/en/sites/BNY-Careers/job/79738
GOLDMAN_SACHS,173275,"Compliance, Surveillance & Models-Software Engineering, Vice President, Dallas",Risk and Compliance,Dallas,TX,United States,unknown,,2026-07-20 21:43:13.776563,,https://higher.gs.com/roles/173275
BNY,74165,"Senior Specialist, Control",Risk and Compliance,Lake Mary,FL,United States,unknown,Full time,2026-07-20 21:43:14.091789,2026-07-06 00:00:00,https://eofe.fa.us2.oraclecloud.com/hcmUI/CandidateExperience/en/sites/BNY-Careers/job/74165
GOLDMAN_SACHS,175615,"GBM - Public, US Leveraged Finance, Fundamental Strategies Group Associate / Vice President - New York",Risk and Compliance,New York,NY,United States,unknown,,2026-07-20 21:43:14.788199,,https://higher.gs.com/roles/175615
BNY,74301,"Senior Vice President, Client Service Executive",Other,Everett,MA,United States,unknown,Full time,2026-07-20 21:43:14.938541,2026-08-12 00:00:00,https://eofe.fa.us2.oraclecloud.com/hcmUI/CandidateExperience/en/sites/BNY-Careers/job/74301
GOLDMAN_SACHS,153924,"Risk, Enterprise Risk Management – Climate Risk and Digital Assets, Analyst, Salt Lake City",Risk and Compliance,Salt Lake City,UT,United States,unknown,,2026-07-20 21:43:15.787623,,https://higher.gs.com/roles/153924
BNY,75643,"Specialist, Client Processing Representative",Operations,Jersey City,NJ,United States,unknown,Full time,2026-07-20 21:43:16.125338,2026-07-06 00:00:00,https://eofe.fa.us2.oraclecloud.com/hcmUI/CandidateExperience/en/sites/BNY-Careers/job/75643
GOLDMAN_SACHS,169228,"Global Investment Research, Credit Research Analyst",Cloud and Infrastructure,Salt Lake City,UT,United States,unknown,,2026-07-20 21:43:16.793381,,https://higher.gs.com/roles/169228
GOLDMAN_SACHS,154066,Asset & Wealth Management - Scrum Master  - Associate - Dallas,Project and Program Management,Dallas,TX,United States,unknown,,2026-07-20 21:43:17.818477,,https://higher.gs.com/roles/154066
BNY,76351,"Specialist, Client Processing",Operations,Lake Mary,FL,United States,unknown,Full time,2026-07-20 21:43:17.982872,2026-07-06 00:00:00,https://eofe.fa.us2.oraclecloud.com/hcmUI/CandidateExperience/en/sites/BNY-Careers/job/76351
GOLDMAN_SACHS,177659,AMD Public-Dallas-Associate-Security Engineering,Cybersecurity,Dallas,TX,United States,unknown,,2026-07-20 21:43:18.832987,,https://higher.gs.com/roles/177659
BNY,76352,"Specialist, Client Processing",Operations,Lake Mary,FL,United States,unknown,Full time,2026-07-20 21:43:19.003799,2026-07-06 00:00:00,https://eofe.fa.us2.oraclecloud.com/hcmUI/CandidateExperience/en/sites/BNY-Careers/job/76352
GOLDMAN_SACHS,177184,"GBM- IB Classic - Investment Banking Associate, Industrials - New York",Legal,New York,NY,United States,unknown,,2026-07-20 21:43:19.825819,,https://higher.gs.com/roles/177184
BNY,76918,"Director, Compliance & Control",Risk and Compliance,New York,NY,United States,unknown,Full time,2026-07-20 21:43:20.048418,2026-07-06 00:00:00,https://eofe.fa.us2.oraclecloud.com/hcmUI/CandidateExperience/en/sites/BNY-Careers/job/76918
GOLDMAN_SACHS,177370,"GBM, Private, Investment Banking Associate, FIG (Asset Management) - New York",Risk and Compliance,New York,NY,United States,unknown,,2026-07-20 21:43:20.859722,,https://higher.gs.com/roles/177370
BNY,77057,"Senior Director, Product Lead – Data Strategy Group, Integrated Middle Office",Operations,New York,NY,United States,unknown,Full time,2026-07-20 21:43:21.091353,2026-07-06 00:00:00,https://eofe.fa.us2.oraclecloud.com/hcmUI/CandidateExperience/en/sites/BNY-Careers/job/77057
GOLDMAN_SACHS,167424,"GBM - Private - Investment Banking Associate, Industrials - Chicago",Legal,Chicago,IL,United States,unknown,,2026-07-20 21:43:21.900133,,https://higher.gs.com/roles/167424
BNY,77528,"Vice President, Client Service Management",Risk and Compliance,Lake Mary,FL,United States,unknown,Full time,2026-07-20 21:43:22.141347,2026-07-06 00:00:00,https://eofe.fa.us2.oraclecloud.com/hcmUI/CandidateExperience/en/sites/BNY-Careers/job/77528
GOLDMAN_SACHS,157273,"GBM - Private - Investment Banking, CMG FIG (FinTech) Associate- New York",Legal,New York,NY,United States,unknown,,2026-07-20 21:43:22.873502,,https://higher.gs.com/roles/157273
BNY,78240,"Senior Specialist, Client Operations",Operations,Pittsburgh,PA,United States,unknown,Full time,2026-07-20 21:43:23.121579,2026-07-06 00:00:00,https://eofe.fa.us2.oraclecloud.com/hcmUI/CandidateExperience/en/sites/BNY-Careers/job/78240
GOLDMAN_SACHS,171395,Asset Management - XIG Investment Oversight-Public - Salt Lake City - Vice President,Risk and Compliance,Salt Lake City,UT,United States,unknown,,2026-07-20 21:43:23.957995,,https://higher.gs.com/roles/171395
BNY,78419,"Specialist, Client Processing",Operations,Lake Mary,FL,United States,hybrid,Full time,2026-07-20 21:43:24.125902,2026-07-06 00:00:00,https://eofe.fa.us2.oraclecloud.com/hcmUI/CandidateExperience/en/sites/BNY-Careers/job/78419
GOLDMAN_SACHS,177585,Asset & Wealth Management - New York - Vice President - 9507008,Risk and Compliance,New York,NY,United States,unknown,,2026-07-20 21:43:24.859926,,https://higher.gs.com/roles/177585
BNY,78420,"Specialist, Client Processing",Operations,Lake Mary,FL,United States,hybrid,Full time,2026-07-20 21:43:25.375391,2026-07-06 00:00:00,https://eofe.fa.us2.oraclecloud.com/hcmUI/CandidateExperience/en/sites/BNY-Careers/job/78420
GOLDMAN_SACHS,177621,"Global Banking & Markets - New York - Vice President, Trading - 9032011",Risk and Compliance,New York,NY,United States,unknown,,2026-07-20 21:43:25.869503,,https://higher.gs.com/roles/177621
BNY,78705,"Specialist, Client Processing Representative II",Operations,Pittsburgh,PA,United States,unknown,Full time,2026-07-20 21:43:26.061030,2026-07-06 00:00:00,https://eofe.fa.us2.oraclecloud.com/hcmUI/CandidateExperience/en/sites/BNY-Careers/job/78705
GOLDMAN_SACHS,160657,"Global Banking & Markets Public, Marquee Product Manager, Vice President - New York",Product Management,New York,NY,United States,unknown,,2026-07-20 21:43:26.878985,,https://higher.gs.com/roles/160657
BNY,78966,"Senior Specialist, Alternative Funds Lending",Risk and Compliance,New York,NY,United States,hybrid,Full time,2026-07-20 21:43:27.160900,2026-07-06 00:00:00,https://eofe.fa.us2.oraclecloud.com/hcmUI/CandidateExperience/en/sites/BNY-Careers/job/78966
BNY,79321,"Vice President, Full-Stack Engineer",Risk and Compliance,Pittsburgh,PA,United States,unknown,Full time,2026-07-20 21:43:28.147796,2026-07-06 00:00:00,https://eofe.fa.us2.oraclecloud.com/hcmUI/CandidateExperience/en/sites/BNY-Careers/job/79321
BNY,79667,"Director, Payments Product Management",Risk and Compliance,New York,NY,United States,unknown,Full time,2026-07-20 21:43:30.275169,2026-07-06 00:00:00,https://eofe.fa.us2.oraclecloud.com/hcmUI/CandidateExperience/en/sites/BNY-Careers/job/79667
GOLDMAN_SACHS,165894,"Global Banking & Markets Private , Corporate Derivatives Underwriting Associate -Dallas",Risk and Compliance,Dallas,TX,United States,unknown,,2026-07-20 21:43:30.908398,,https://higher.gs.com/roles/165894
BNY,76789,"Senior Director, Fellow, Solution Architect",Operations,Jersey City,NJ,United States,unknown,Full time,2026-07-20 21:43:31.071295,2026-07-03 00:00:00,https://eofe.fa.us2.oraclecloud.com/hcmUI/CandidateExperience/en/sites/BNY-Careers/job/76789
BNY,74408,"Vice President, Client Implementations Manager",Risk and Compliance,Pittsburgh,PA,United States,unknown,Full time,2026-07-20 21:43:32.121826,2026-07-02 00:00:00,https://eofe.fa.us2.oraclecloud.com/hcmUI/CandidateExperience/en/sites/BNY-Careers/job/74408
GOLDMAN_SACHS,177969,"Controllers, Ayco Corporate Controllers - Accounts Receivable Analyst, Albany",Finance and Accounting,Albany,NY,United States,unknown,,2026-07-20 21:43:32.907165,,https://higher.gs.com/roles/177969
BNY,75269,"Vice President, Database Management",Risk and Compliance,Berwyn,PA,United States,unknown,Full time,2026-07-20 21:43:33.123498,2026-07-02 00:00:00,https://eofe.fa.us2.oraclecloud.com/hcmUI/CandidateExperience/en/sites/BNY-Careers/job/75269
GOLDMAN_SACHS,165485,Data Engineering - Data Quality Assurance Regional Manager - Vice President - Dallas,Data and AI,Dallas,TX,United States,unknown,,2026-07-20 21:43:33.908840,,https://higher.gs.com/roles/165485
BNY,77362,"Director, Fund Tax Product Management",Finance and Accounting,Boston,MA,United States,unknown,Full time,2026-07-20 21:43:34.209856,2026-07-02 00:00:00,https://eofe.fa.us2.oraclecloud.com/hcmUI/CandidateExperience/en/sites/BNY-Careers/job/77362
GOLDMAN_SACHS,178681,"Controllers, Derivatives External Reporting Controller, Vice President, Jersey City",Finance and Accounting,Jersey City,NJ,United States,unknown,,2026-07-20 21:43:34.922379,,https://higher.gs.com/roles/178681
BNY,77517,"Vice President, Client Service Management",Operations,New York,NY,United States,unknown,Full time,2026-07-20 21:43:35.324050,2026-07-02 00:00:00,https://eofe.fa.us2.oraclecloud.com/hcmUI/CandidateExperience/en/sites/BNY-Careers/job/77517
BNY,77660,"Specialist, Client Processing Representative",Operations,New York,NY,United States,unknown,Full time,2026-07-20 21:43:36.173030,2026-07-02 00:00:00,https://eofe.fa.us2.oraclecloud.com/hcmUI/CandidateExperience/en/sites/BNY-Careers/job/77660
GOLDMAN_SACHS,178631,"Compliance, Enterprise Compliance Office- Risk Assessments, Associate, NY",Risk and Compliance,New York,NY,United States,unknown,,2026-07-20 21:43:36.918465,,https://higher.gs.com/roles/178631
BNY,77844,"Vice President, Production Services Infrastructure Support",Cloud and Infrastructure,Pittsburgh,PA,United States,unknown,Full time,2026-07-20 21:43:37.257949,2026-07-02 00:00:00,https://eofe.fa.us2.oraclecloud.com/hcmUI/CandidateExperience/en/sites/BNY-Careers/job/77844
BNY,77913,"Senior Director, FX Product Management Manager",Risk and Compliance,New York,NY,United States,unknown,Full time,2026-07-20 21:43:38.154284,2026-07-02 00:00:00,https://eofe.fa.us2.oraclecloud.com/hcmUI/CandidateExperience/en/sites/BNY-Careers/job/77913
GOLDMAN_SACHS,175552,"GBM - Public, ETF Trading, Vice President - New York",Data and AI,New York,NY,United States,unknown,,2026-07-20 21:43:38.983382,,https://higher.gs.com/roles/175552
BNY,78955,"Vice President, Product Design",Software Engineering,New York,NY,United States,unknown,Full time,2026-07-20 21:43:39.160159,2026-07-02 00:00:00,https://eofe.fa.us2.oraclecloud.com/hcmUI/CandidateExperience/en/sites/BNY-Careers/job/78955
GOLDMAN_SACHS,176405,Global Banking & Markets Operations - Private Transaction Banking - Onboarding - Dallas - Vice President,Risk and Compliance,Dallas,TX,United States,unknown,,2026-07-20 21:43:39.954140,,https://higher.gs.com/roles/176405
GOLDMAN_SACHS,177509,"Corporate Treasury - Salt Lake City - Associate, Liquidity Risk - 9815128",Risk and Compliance,Salt Lake City,UT,United States,unknown,,2026-07-20 21:43:40.953084,,https://higher.gs.com/roles/177509
BNY,79044,Internal Investment Consultant - BNY Investments,Operations,New York,NY,United States,unknown,Full time,2026-07-20 21:43:41.155473,2026-07-02 00:00:00,https://eofe.fa.us2.oraclecloud.com/hcmUI/CandidateExperience/en/sites/BNY-Careers/job/79044
GOLDMAN_SACHS,177503,"Engineering Division- New York-Vice President, Software Engineering- 4637826",Software Engineering,New York,NY,United States,unknown,,2026-07-20 21:43:41.947569,,https://higher.gs.com/roles/177503
BNY,79186,"Specialist, Client Service Management",Other,Philadelphia,PA,United States,unknown,Full time,2026-07-20 21:43:42.181671,2026-07-02 00:00:00,https://eofe.fa.us2.oraclecloud.com/hcmUI/CandidateExperience/en/sites/BNY-Careers/job/79186
GOLDMAN_SACHS,177507,"Engineering -New York - Associate, Software Engineering – 3396053",Software Engineering,New York,NY,United States,unknown,,2026-07-20 21:43:42.954271,,https://higher.gs.com/roles/177507
BNY,79184,"Specialist, Client Processing",Operations,Pittsburgh,PA,United States,unknown,Full time,2026-07-20 21:43:43.140620,2026-07-02 00:00:00,https://eofe.fa.us2.oraclecloud.com/hcmUI/CandidateExperience/en/sites/BNY-Careers/job/79184
GOLDMAN_SACHS,177511,"Platform Solutions- Richardson- Associate, Software Engineering- 3266716",Software Engineering,Richardson,TX,United States,unknown,,2026-07-20 21:43:43.969409,,https://higher.gs.com/roles/177511
BNY,79291,"Senior Specialist, Control (Global Collateral Platform)",Risk and Compliance,Lake Mary,FL,United States,hybrid,Full time,2026-07-20 21:43:44.138780,2026-07-02 00:00:00,https://eofe.fa.us2.oraclecloud.com/hcmUI/CandidateExperience/en/sites/BNY-Careers/job/79291
GOLDMAN_SACHS,177508,Platform Solutions- Atlanta - Vice President - 3645014,Risk and Compliance,Atlanta,GA,United States,unknown,,2026-07-20 21:43:44.992594,,https://higher.gs.com/roles/177508
BNY,79485,"Vice President, Information Security",Cybersecurity,Nashville,TN,United States,unknown,Full time,2026-07-20 21:43:45.172843,2026-07-02 00:00:00,https://eofe.fa.us2.oraclecloud.com/hcmUI/CandidateExperience/en/sites/BNY-Careers/job/79485
GOLDMAN_SACHS,177502,"Engineering-Dallas-Vice President, Software Engineering-5121448",Software Engineering,Dallas,TX,United States,unknown,,2026-07-20 21:43:46.003728,,https://higher.gs.com/roles/177502
BNY,79492,"Vice President, Financial Planning & Analysis",Risk and Compliance,Pittsburgh,PA,United States,unknown,Full time,2026-07-20 21:43:46.256987,2026-07-02 00:00:00,https://eofe.fa.us2.oraclecloud.com/hcmUI/CandidateExperience/en/sites/BNY-Careers/job/79492
GOLDMAN_SACHS,177145,"Asset & Wealth Management, MAS, Public/Privates and Tactical Tilt Funds PM, Associate - New York",Risk and Compliance,New York,NY,United States,unknown,,2026-07-20 21:43:47.011036,,https://higher.gs.com/roles/177145
BNY,74347,Strategic Accounts Relationship Manager - Vice President - BNY Investments,Sales and Relationship Management,New York,NY,United States,unknown,Full time,2026-07-20 21:43:47.259375,2026-07-01 00:00:00,https://eofe.fa.us2.oraclecloud.com/hcmUI/CandidateExperience/en/sites/BNY-Careers/job/74347
GOLDMAN_SACHS,177505,"Global Banking & Markets-New York-Vice President, Quantitative Engineering-9134899",Software Engineering,New York,NY,United States,unknown,,2026-07-20 21:43:48.023957,,https://higher.gs.com/roles/177505
BNY,75114,"Vice President, Full-Stack Engineer",Risk and Compliance,Pittsburgh,PA,United States,unknown,Full time,2026-07-20 21:43:48.212275,2026-08-17 00:00:00,https://eofe.fa.us2.oraclecloud.com/hcmUI/CandidateExperience/en/sites/BNY-Careers/job/75114
GOLDMAN_SACHS,177516,"Asset & Wealth Management - New York - Associate, Risk Governance – 9730155",Risk and Compliance,New York,NY,United States,unknown,,2026-07-20 21:43:49.034533,,https://higher.gs.com/roles/177516
BNY,77139,"Specialist, Investor Services Operations Representative",Operations,Lake Mary,FL,United States,unknown,Full time,2026-07-20 21:43:49.217626,2026-07-01 00:00:00,https://eofe.fa.us2.oraclecloud.com/hcmUI/CandidateExperience/en/sites/BNY-Careers/job/77139
GOLDMAN_SACHS,177514,"Platform Solutions- Dallas- Senior Associate, Client Services – Operations-10072339",Operations,Dallas,TX,United States,unknown,,2026-07-20 21:43:50.039433,,https://higher.gs.com/roles/177514
BNY,77346,"Senior Vice President, POM Product Management",Product Management,Pittsburgh,PA,United States,unknown,Full time,2026-07-20 21:43:50.208509,2026-07-01 00:00:00,https://eofe.fa.us2.oraclecloud.com/hcmUI/CandidateExperience/en/sites/BNY-Careers/job/77346
GOLDMAN_SACHS,177513,"Asset & Wealth Management - Salt Lake City - Associate, Confirmations- 9707172",Risk and Compliance,Salt Lake City,UT,United States,unknown,,2026-07-20 21:43:51.063586,,https://higher.gs.com/roles/177513
BNY,77382,"Senior Director, POM Product Management Manager",Risk and Compliance,New York,NY,United States,unknown,Full time,2026-07-20 21:43:51.204447,2026-07-01 00:00:00,https://eofe.fa.us2.oraclecloud.com/hcmUI/CandidateExperience/en/sites/BNY-Careers/job/77382
GOLDMAN_SACHS,177512,"Global Banking & Markets- Dallas- Vice President, Loan Management & Due Diligence- 9702024",Risk and Compliance,Dallas,TX,United States,unknown,,2026-07-20 21:43:52.057069,,https://higher.gs.com/roles/177512
BNY,77649,"Specialist, Client Processing Representative",Operations,New York,NY,United States,unknown,Full time,2026-07-20 21:43:52.212410,2026-07-01 00:00:00,https://eofe.fa.us2.oraclecloud.com/hcmUI/CandidateExperience/en/sites/BNY-Careers/job/77649
GOLDMAN_SACHS,177510,"Global Banking & Markets- Salt Lake City- Associate, Confirmations- 9303079",Risk and Compliance,Salt Lake City,UT,United States,unknown,,2026-07-20 21:43:53.068634,,https://higher.gs.com/roles/177510
BNY,77943,"Director, Client Executive",Operations,New York,NY,United States,unknown,Full time,2026-07-20 21:43:53.281879,2026-07-01 00:00:00,https://eofe.fa.us2.oraclecloud.com/hcmUI/CandidateExperience/en/sites/BNY-Careers/job/77943
BNY,78201,"Senior Vice President, Forward Deployed Engineer",Software Engineering,New York,NY,United States,unknown,Full time,2026-07-20 21:43:54.263524,2026-07-01 00:00:00,https://eofe.fa.us2.oraclecloud.com/hcmUI/CandidateExperience/en/sites/BNY-Careers/job/78201
GOLDMAN_SACHS,177616,"Compliance, Core – Hands-on Software Engineer Leader, Vice President, Salt Lake City",Risk and Compliance,Salt Lake City,UT,United States,unknown,,2026-07-20 21:43:55.142335,,https://higher.gs.com/roles/177616
BNY,78301,"Director, POM Product Management",Risk and Compliance,New York,NY,United States,unknown,Full time,2026-07-20 21:43:56.360884,2026-07-01 00:00:00,https://eofe.fa.us2.oraclecloud.com/hcmUI/CandidateExperience/en/sites/BNY-Careers/job/78301
BNY,78657,"Senior Legal Specialist, Data Analyst/AI Specialist - Commercial Law Group",Legal,Lake Mary,FL,United States,unknown,Full time,2026-07-20 21:43:57.372567,2026-07-01 00:00:00,https://eofe.fa.us2.oraclecloud.com/hcmUI/CandidateExperience/en/sites/BNY-Careers/job/78657
BNY,79072,"Director, Equity Sales",Sales and Relationship Management,New York,NY,United States,hybrid,Full time,2026-07-20 21:43:58.278746,2026-07-01 00:00:00,https://eofe.fa.us2.oraclecloud.com/hcmUI/CandidateExperience/en/sites/BNY-Careers/job/79072
BNY,79418,"Senior Vice President, Head of Paid Media",Risk and Compliance,New York,NY,United States,hybrid,Full time,2026-07-20 21:43:59.327825,2026-07-01 00:00:00,https://eofe.fa.us2.oraclecloud.com/hcmUI/CandidateExperience/en/sites/BNY-Careers/job/79418
BNY,79421,"Vice President, Private Banking - Business Banker",Sales and Relationship Management,New York,NY,United States,unknown,Full time,2026-07-20 21:44:00.537468,2026-07-01 00:00:00,https://eofe.fa.us2.oraclecloud.com/hcmUI/CandidateExperience/en/sites/BNY-Careers/job/79421
BNY,79426,"Director, Business & Function Finance Manager",Finance and Accounting,New York,NY,United States,unknown,Full time,2026-07-20 21:44:01.330972,2026-07-01 00:00:00,https://eofe.fa.us2.oraclecloud.com/hcmUI/CandidateExperience/en/sites/BNY-Careers/job/79426
GOLDMAN_SACHS,168543,Vice President - Dallas - Technology Risk - Cloud Security Architecture,Risk and Compliance,Dallas,TX,United States,unknown,,2026-07-20 21:44:02.136428,,https://higher.gs.com/roles/168543
BNY,79466,"Senior Vice President,  AI / Machine Learning Data Engineer",Data and AI,New York,NY,United States,unknown,Full time,2026-07-20 21:44:02.305294,2026-07-01 00:00:00,https://eofe.fa.us2.oraclecloud.com/hcmUI/CandidateExperience/en/sites/BNY-Careers/job/79466
GOLDMAN_SACHS,178651,"Asset & Wealth Management, Design, Analyst - New York",Risk and Compliance,New York,NY,United States,unknown,,2026-07-20 21:44:03.097470,,https://higher.gs.com/roles/178651
BNY,79509,"Senior Specialist, Treasury and ALM",Finance and Accounting,New York,NY,United States,unknown,,2026-07-20 21:44:03.344765,2026-07-01 00:00:00,https://eofe.fa.us2.oraclecloud.com/hcmUI/CandidateExperience/en/sites/BNY-Careers/job/79509
GOLDMAN_SACHS,161899,VP Software Engineer - Cloud Development- Dallas,Cloud and Infrastructure,Dallas,TX,United States,unknown,,2026-07-20 21:44:04.172371,,https://higher.gs.com/roles/161899
BNY,79583,"Senior Director, POM Product Management Manager",Operations,Dallas,TX,United States,hybrid,Full time,2026-07-20 21:44:04.547817,2026-07-01 00:00:00,https://eofe.fa.us2.oraclecloud.com/hcmUI/CandidateExperience/en/sites/BNY-Careers/job/79583
GOLDMAN_SACHS,161898,VP Software Engineer - Cloud Connectivity - Dallas,Cloud and Infrastructure,Dallas,TX,United States,unknown,,2026-07-20 21:44:05.158169,,https://higher.gs.com/roles/161898
BNY,79591,"Senior Director - Global Head Of Enterprise Marketing Technology, AI & Data",Data and AI,New York,NY,United States,hybrid,Full time,2026-07-20 21:44:05.327890,2026-07-01 00:00:00,https://eofe.fa.us2.oraclecloud.com/hcmUI/CandidateExperience/en/sites/BNY-Careers/job/79591
GOLDMAN_SACHS,166209,Tech Risk - Security Architecture- VP- Dallas,Cybersecurity,Dallas,TX,United States,unknown,,2026-07-20 21:44:06.110711,,https://higher.gs.com/roles/166209
BNY,75404,"Senior Vice President, Full-Stack Engineer",Software Engineering,New York,NY,United States,unknown,Full time,2026-07-20 21:44:06.306772,2026-06-30 00:00:00,https://eofe.fa.us2.oraclecloud.com/hcmUI/CandidateExperience/en/sites/BNY-Careers/job/75404
GOLDMAN_SACHS,168545,"Technology Risk - Vice President - Security Engineer (Dallas, TX)",Risk and Compliance,Dallas,TX,United States,unknown,,2026-07-20 21:44:07.196575,,https://higher.gs.com/roles/168545
BNY,76692,"Specialist, Anti Money Laundering/Prevention/KYC Representative II",Risk and Compliance,Pittsburgh,PA,United States,unknown,Full time,2026-07-20 21:44:07.456841,2026-06-30 00:00:00,https://eofe.fa.us2.oraclecloud.com/hcmUI/CandidateExperience/en/sites/BNY-Careers/job/76692
GOLDMAN_SACHS,168547,Security Engineering - New York - Vice President,Cybersecurity,New York,NY,United States,unknown,,2026-07-20 21:44:08.145652,,https://higher.gs.com/roles/168547
GOLDMAN_SACHS,178288,"Legal, PWM Lending Attorney, Vice President, New York/Dallas",Legal,New York,NY,United States,unknown,,2026-07-20 21:44:09.163098,,https://higher.gs.com/roles/178288
BNY,77791,"Senior Vice President, Infrastructure Engineer",Cloud and Infrastructure,Jersey City,NJ,United States,unknown,Full time,2026-07-20 21:44:09.381205,2026-06-30 00:00:00,https://eofe.fa.us2.oraclecloud.com/hcmUI/CandidateExperience/en/sites/BNY-Careers/job/77791
GOLDMAN_SACHS,159791,Internal Audit - Business and Finance Audit | Analyst | Dallas,Audit,Dallas,TX,United States,unknown,,2026-07-20 21:44:10.155849,,https://higher.gs.com/roles/159791
BNY,78472,"Senior Vice President, Product Manager - Document Custody & eCustody Solutions",Product Management,New York,NY,United States,hybrid,Full time,2026-07-20 21:44:10.615459,2026-06-30 00:00:00,https://eofe.fa.us2.oraclecloud.com/hcmUI/CandidateExperience/en/sites/BNY-Careers/job/78472
GOLDMAN_SACHS,170012,"AWM, Product Management, Associate - Richardson",Software Engineering,Richardson,TX,United States,unknown,,2026-07-20 21:44:11.170452,,https://higher.gs.com/roles/170012
BNY,78474,"Senior Director, POM Product Management Manager",Risk and Compliance,New York,NY,United States,hybrid,Full time,2026-07-20 21:44:11.486744,2026-06-30 00:00:00,https://eofe.fa.us2.oraclecloud.com/hcmUI/CandidateExperience/en/sites/BNY-Careers/job/78474
GOLDMAN_SACHS,177148,Global Banking & Markets - Private - Dallas - Analyst - Loan Management - Trade Analytics,Operations,Dallas,TX,United States,unknown,,2026-07-20 21:44:12.166123,,https://higher.gs.com/roles/177148
BNY,78574,"Senior Specialist, Client Operations",Operations,Berwyn,PA,United States,unknown,Full time,2026-07-20 21:44:12.326926,2026-06-30 00:00:00,https://eofe.fa.us2.oraclecloud.com/hcmUI/CandidateExperience/en/sites/BNY-Careers/job/78574
GOLDMAN_SACHS,177279,"Asset & Wealth Management-New York-Associate, Quantitative Engineering–9225677",Data and AI,New York,NY,United States,unknown,,2026-07-20 21:44:13.183760,,https://higher.gs.com/roles/177279
BNY,78610,"Vice President, Middle Office",Operations,New York,NY,United States,unknown,Full time,2026-07-20 21:44:13.595954,2026-06-30 00:00:00,https://eofe.fa.us2.oraclecloud.com/hcmUI/CandidateExperience/en/sites/BNY-Careers/job/78610
GOLDMAN_SACHS,178637,System Engineer - Dallas- Vice President,Risk and Compliance,Dallas,TX,United States,unknown,,2026-07-20 21:44:14.178863,,https://higher.gs.com/roles/178637
BNY,79121,"Senior Vice President, Resiliency Lead",Cloud and Infrastructure,New York,NY,United States,unknown,Full time,2026-07-20 21:44:14.480318,2026-06-30 00:00:00,https://eofe.fa.us2.oraclecloud.com/hcmUI/CandidateExperience/en/sites/BNY-Careers/job/79121
GOLDMAN_SACHS,168036,"Asset & Wealth Management, Private Wealth Management, Goldman Partner Office Planning, Financial Planner, Associate - New York",Finance and Accounting,New York,NY,United States,unknown,,2026-07-20 21:44:15.182845,,https://higher.gs.com/roles/168036
BNY,79554,"Senior Director, Client Executive Manager",Other,Boston,MA,United States,onsite,Full time,2026-07-20 21:44:15.495444,2026-06-30 00:00:00,https://eofe.fa.us2.oraclecloud.com/hcmUI/CandidateExperience/en/sites/BNY-Careers/job/79554
GOLDMAN_SACHS,171728,"Asset & Wealth Management, Private Wealth Management, Goldman Partner Office, Tax Manager, Vice President - Dallas",Finance and Accounting,Dallas,TX,United States,unknown,,2026-07-20 21:44:16.197913,,https://higher.gs.com/roles/171728
BNY,79568,Full-Stack Engineer,Software Engineering,New York,NY,United States,unknown,Full time,2026-07-20 21:44:16.414326,2026-06-30 00:00:00,https://eofe.fa.us2.oraclecloud.com/hcmUI/CandidateExperience/en/sites/BNY-Careers/job/79568
GOLDMAN_SACHS,178632,"GBM - Quantitative Dev/Strat - Systematic Rates Trading, New York",Software Engineering,New York,NY,United States,unknown,,2026-07-20 21:44:17.195881,,https://higher.gs.com/roles/178632
BNY,70899,"Specialist, Real Estate Asset Management II",Audit,New York,NY,United States,unknown,Full time,2026-07-20 21:44:17.430055,2026-06-29 00:00:00,https://eofe.fa.us2.oraclecloud.com/hcmUI/CandidateExperience/en/sites/BNY-Careers/job/70899
GOLDMAN_SACHS,176582,"Marcus by Goldman Sachs, Back Office Fulfillment Specialist | Draper, UT",Operations,Draper,UT,United States,unknown,,2026-07-20 21:44:18.210631,,https://higher.gs.com/roles/176582
BNY,74494,"Vice President, Operational Risk Coverage",Risk and Compliance,New York,NY,United States,unknown,Full time,2026-07-20 21:44:18.391161,2026-06-29 00:00:00,https://eofe.fa.us2.oraclecloud.com/hcmUI/CandidateExperience/en/sites/BNY-Careers/job/74494
GOLDMAN_SACHS,176906,"Asset & Wealth Management, Alternative Capital Markets, Client Solutions, Analyst- Albany",Sales and Relationship Management,Albany,NY,United States,unknown,,2026-07-20 21:44:19.191244,,https://higher.gs.com/roles/176906
BNY,74608,"Vice President, Full-Stack Engineer",Cloud and Infrastructure,Lake Mary,FL,United States,unknown,Full time,2026-07-20 21:44:19.473168,2026-06-29 00:00:00,https://eofe.fa.us2.oraclecloud.com/hcmUI/CandidateExperience/en/sites/BNY-Careers/job/74608
GOLDMAN_SACHS,168947,Systems Engineer - Vice President - Dallas,Risk and Compliance,Dallas,TX,United States,unknown,,2026-07-20 21:44:20.196787,,https://higher.gs.com/roles/168947
BNY,74644,"Vice President, Client Operations Manager",Operations,Pittsburgh,PA,United States,unknown,Full time,2026-07-20 21:44:20.509182,2026-06-29 00:00:00,https://eofe.fa.us2.oraclecloud.com/hcmUI/CandidateExperience/en/sites/BNY-Careers/job/74644
GOLDMAN_SACHS,140353,"Asset & Wealth Management, Private Wealth Management, Business Development Professional, Associate",Sales and Relationship Management,San Francisco,CA,United States,unknown,,2026-07-20 21:44:21.234021,,https://higher.gs.com/roles/140353
BNY,75086,"Vice President, Scrum Leader",Product Management,Pittsburgh,PA,United States,unknown,Full time,2026-07-20 21:44:21.460538,2026-06-29 00:00:00,https://eofe.fa.us2.oraclecloud.com/hcmUI/CandidateExperience/en/sites/BNY-Careers/job/75086
BNY,76048,"Vice President, Full Stack Engineer",Software Engineering,Berwyn,PA,United States,unknown,Full time,2026-07-20 21:44:22.395680,2026-06-29 00:00:00,https://eofe.fa.us2.oraclecloud.com/hcmUI/CandidateExperience/en/sites/BNY-Careers/job/76048
GOLDMAN_SACHS,176221,"Wealth Management, Financial Investment Professional, Associate/Vice President- West Palm Beach",Risk and Compliance,West Palm Beach,FL,United States,unknown,,2026-07-20 21:44:23.243597,,https://higher.gs.com/roles/176221
GOLDMAN_SACHS,178185,"Asset & Wealth Management, Private Wealth Management, Goldman Sachs Family Office, Philanthropic Strategist, Vice President - Philadelphia",Sales and Relationship Management,Philadelphia,PA,United States,unknown,,2026-07-20 21:44:24.242451,,https://higher.gs.com/roles/178185
GOLDMAN_SACHS,178589,"Asset & Wealth Management, Wealth Management Product Manager (Analytics), Analyst - Dallas, TX",Product Management,Dallas,TX,United States,unknown,,2026-07-20 21:44:25.245079,,https://higher.gs.com/roles/178589
GOLDMAN_SACHS,178821,"Global Banking & Markets  – Dallas – Vice President, Software Engineering – 072621",Software Engineering,Dallas,TX,United States,unknown,,2026-07-20 21:44:27.240848,,https://higher.gs.com/roles/178821
GOLDMAN_SACHS,177277,"Controllers - Dallas - Associate, Financial Accounting - 9879327",Finance and Accounting,Dallas,TX,United States,unknown,,2026-07-20 21:44:29.237859,,https://higher.gs.com/roles/177277
GOLDMAN_SACHS,177282,"Global Banking & Markets–Dallas-Vice President, Data Analytics & Reporting BI-9768801",Operations,Dallas,TX,United States,unknown,,2026-07-20 21:44:30.273061,,https://higher.gs.com/roles/177282
GOLDMAN_SACHS,177275,"Controllers- Salt Lake City- Associate, Funding & Capital Planning- 9347088",Finance and Accounting,Salt Lake City,UT,United States,unknown,,2026-07-20 21:44:31.270267,,https://higher.gs.com/roles/177275
GOLDMAN_SACHS,177341,"Engineering - New York - Vice President, Core Engineering- 9257495",Risk and Compliance,New York,NY,United States,unknown,,2026-07-20 21:44:32.296124,,https://higher.gs.com/roles/177341
GOLDMAN_SACHS,177276,"Internal Audit - Dallas - Vice President, Technology Audit - 8923167",Audit,Dallas,TX,United States,unknown,,2026-07-20 21:44:33.321195,,https://higher.gs.com/roles/177276
GOLDMAN_SACHS,177343,"Engineering Division -New York - Associate, Software Engineering - 3148229",Software Engineering,New York,NY,United States,unknown,,2026-07-20 21:44:34.306190,,https://higher.gs.com/roles/177343
GOLDMAN_SACHS,177285,"Global Banking & Markets - New York - Vice President, Quantitative Engineering - 3937401",Data and AI,New York,NY,United States,unknown,,2026-07-20 21:44:35.321109,,https://higher.gs.com/roles/177285
GOLDMAN_SACHS,177261,"Controllers - Jersey City - Associate, Monitoring and Testing- 9878916",Risk and Compliance,Jersey City,NJ,United States,unknown,,2026-07-20 21:44:36.309069,,https://higher.gs.com/roles/177261
GOLDMAN_SACHS,177258,"Compliance - New York- Vice President, Financial Crime Controls - 9283333",Risk and Compliance,New York,NY,United States,unknown,,2026-07-20 21:44:37.321598,,https://higher.gs.com/roles/177258
BNY,76716,"Specialist, Client Coverage",Operations,Lake Mary,FL,United States,unknown,Full time,2026-07-20 21:44:46.100219,2026-06-29 00:00:00,https://eofe.fa.us2.oraclecloud.com/hcmUI/CandidateExperience/en/sites/BNY-Careers/job/76716
BNY,77181,"Vice President, Client Operations",Operations,Pittsburgh,PA,United States,unknown,Full time,2026-07-20 21:44:46.967687,2026-06-29 00:00:00,https://eofe.fa.us2.oraclecloud.com/hcmUI/CandidateExperience/en/sites/BNY-Careers/job/77181
BNY,77272,"Senior Vice President, Full-Stack Engineer",Software Engineering,New York,NY,United States,unknown,Full time,2026-07-20 21:44:47.474799,2026-06-29 00:00:00,https://eofe.fa.us2.oraclecloud.com/hcmUI/CandidateExperience/en/sites/BNY-Careers/job/77272
GOLDMAN_SACHS,178404,"GBM Private, IB Classic - Investment Banking Vice President, Industrials",Cloud and Infrastructure,New York,NY,United States,unknown,,2026-07-20 21:44:48.359130,,https://higher.gs.com/roles/178404
GOLDMAN_SACHS,178274,"Executive Office, Corporate Engagement, Community TeamWorks & Employee Engagement, Vice President, New York",Risk and Compliance,New York,NY,United States,unknown,,2026-07-20 21:44:49.369460,,https://higher.gs.com/roles/178274
GOLDMAN_SACHS,176910,"Asset & Wealth Management, Quantitative Equity Solutions, Client Portfolio Manager, Associate",Finance and Accounting,New York,NY,United States,unknown,,2026-07-20 21:44:50.382615,,https://higher.gs.com/roles/176910
BNY,77319,"Director, Product Management Manager - Government Solutions",Risk and Compliance,Washington,DC,United States,unknown,Full time,2026-07-20 21:44:50.830114,2026-06-29 00:00:00,https://eofe.fa.us2.oraclecloud.com/hcmUI/CandidateExperience/en/sites/BNY-Careers/job/77319
GOLDMAN_SACHS,175234,Vice President - Active Directory Engineer - Jersey City,Cloud and Infrastructure,Jersey City,NJ,United States,unknown,,2026-07-20 21:44:51.413213,,https://higher.gs.com/roles/175234
GOLDMAN_SACHS,178493,"Asset & Wealth Management, Private Wealth Management, Business Unit Manager, Vice President - Atlanta",Risk and Compliance,Atlanta,GA,United States,unknown,,2026-07-20 21:44:52.433489,,https://higher.gs.com/roles/178493
GOLDMAN_SACHS,178183,"Asset & Wealth Management, Private Wealth Management, Apex, Vice President - Dallas",Sales and Relationship Management,Dallas,TX,United States,unknown,,2026-07-20 21:44:53.419593,,https://higher.gs.com/roles/178183
GOLDMAN_SACHS,177786,"Asset & Wealth Management, Private Credit, Strategic Capital Management, Vice President, New York",Risk and Compliance,New York,NY,United States,unknown,,2026-07-20 21:44:54.411670,,https://higher.gs.com/roles/177786
GOLDMAN_SACHS,178182,"Asset & Wealth Management, Private Wealth Management, Apex, Vice President - New York",Sales and Relationship Management,New York,NY,United States,unknown,,2026-07-20 21:44:55.421869,,https://higher.gs.com/roles/178182
GOLDMAN_SACHS,178479,"AWM, Goldman Sachs Ayco, Personal Wealth Financial Analyst, Dallas, TX",Risk and Compliance,Dallas,TX,United States,unknown,,2026-07-20 21:44:56.454730,,https://higher.gs.com/roles/178479
GOLDMAN_SACHS,176972,"Asset & Wealth Management, Marketing, Analyst - Chicago",Risk and Compliance,Chicago,IL,United States,unknown,,2026-07-20 21:44:57.512436,,https://higher.gs.com/roles/176972
GOLDMAN_SACHS,162522,Engineering - DXR Engineering - Senior Scheduling Platform Production Engineer - Dallas - Vice President,Cloud and Infrastructure,Dallas,TX,United States,unknown,,2026-07-20 21:44:58.454444,,https://higher.gs.com/roles/162522
GOLDMAN_SACHS,153023,Engineering - SRE Platforms - Site Reliability Engineer - Vice President - Dallas,Cloud and Infrastructure,Dallas,TX,United States,unknown,,2026-07-20 21:44:59.472748,,https://higher.gs.com/roles/153023
BNY,77472,"Senior Vice President, Release Train Engineer",Cloud and Infrastructure,Jersey City,NJ,United States,unknown,Full time,2026-07-20 21:45:00.291001,2026-06-29 00:00:00,https://eofe.fa.us2.oraclecloud.com/hcmUI/CandidateExperience/en/sites/BNY-Careers/job/77472
GOLDMAN_SACHS,171620,"Asset & Wealth Management, XIG, Platform Management - Hedge Funds, Investment Onboarding & Structuring , Analyst - West Palm Beach",Risk and Compliance,West Palm Beach,FL,United States,unknown,,2026-07-20 21:45:00.469781,,https://higher.gs.com/roles/171620
GOLDMAN_SACHS,147050,"Risk, Credit Risk (Global Markets), Associate, Salt Lake City",Risk and Compliance,Salt Lake City,UT,United States,unknown,,2026-07-20 21:45:01.471105,,https://higher.gs.com/roles/147050
BNY,77504,"Senior Specialist, Full-Stack Engineer",Software Engineering,Pittsburgh,PA,United States,unknown,Full time,2026-07-20 21:45:01.509246,2026-06-29 00:00:00,https://eofe.fa.us2.oraclecloud.com/hcmUI/CandidateExperience/en/sites/BNY-Careers/job/77504
BNY,77652,"Specialist, Client Operations",Operations,Lake Mary,FL,United States,unknown,Full time,2026-07-20 21:45:02.274969,2026-06-29 00:00:00,https://eofe.fa.us2.oraclecloud.com/hcmUI/CandidateExperience/en/sites/BNY-Careers/job/77652
GOLDMAN_SACHS,176399,"AWM, Private Bank, Head of US Deposits, Vice President- New York",Risk and Compliance,New York,NY,United States,unknown,,2026-07-20 21:45:03.477922,,https://higher.gs.com/roles/176399
GOLDMAN_SACHS,174347,Asset & Wealth Management Operations - Goldman Sachs Asset Management Operations - Portfolio Control - Accounting Reconciliation –  Dallas - Vice President,Operations,Dallas,TX,United States,unknown,,2026-07-20 21:45:04.490848,,https://higher.gs.com/roles/174347
BNY,77662,"Senior Specialist, Client Processing",Operations,Lake Mary,FL,United States,unknown,Full time,2026-07-20 21:45:04.570715,2026-06-29 00:00:00,https://eofe.fa.us2.oraclecloud.com/hcmUI/CandidateExperience/en/sites/BNY-Careers/job/77662
BNY,77855,"Senior Specialist, Client Processing",Operations,Lake Mary,FL,United States,unknown,Full time,2026-07-20 21:45:05.037911,2026-06-29 00:00:00,https://eofe.fa.us2.oraclecloud.com/hcmUI/CandidateExperience/en/sites/BNY-Careers/job/77855
GOLDMAN_SACHS,169289,"Software Engineering - Data, Lakehouse and AI Data Platform Engineer - Vice President - Dallas",Software Engineering,Dallas,TX,United States,unknown,,2026-07-20 21:45:05.497039,,https://higher.gs.com/roles/169289
GOLDMAN_SACHS,176617,"Transaction Banking, Global Payments Product Manager, Associate",Risk and Compliance,New York,NY,United States,unknown,,2026-07-20 21:45:07.547134,,https://higher.gs.com/roles/176617
GOLDMAN_SACHS,176631,"GBM Private, Capital Solutions Group, Leveraged Finance, Associate - New York",Risk and Compliance,New York,NY,United States,unknown,,2026-07-20 21:45:08.543366,,https://higher.gs.com/roles/176631
BNY,77871,"Vice President, Third Party Application Engineering",Software Engineering,Boston,MA,United States,unknown,Full time,2026-07-20 21:45:13.300632,2026-06-29 00:00:00,https://eofe.fa.us2.oraclecloud.com/hcmUI/CandidateExperience/en/sites/BNY-Careers/job/77871
BNY,77994,"Specialist, Fund/Client Accounting Representative",Finance and Accounting,New York,NY,United States,unknown,Full time,2026-07-20 21:45:13.846807,2026-06-29 00:00:00,https://eofe.fa.us2.oraclecloud.com/hcmUI/CandidateExperience/en/sites/BNY-Careers/job/77994
BNY,77973,"Specialist, Fund Reporting",Audit,Boston,MA,United States,unknown,Full time,2026-07-20 21:45:22.362040,2026-06-29 00:00:00,https://eofe.fa.us2.oraclecloud.com/hcmUI/CandidateExperience/en/sites/BNY-Careers/job/77973
BNY,77974,"Vice President, Fund Reporting Manager",Risk and Compliance,Boston,MA,United States,unknown,Full time,2026-07-20 21:45:22.862905,2026-06-29 00:00:00,https://eofe.fa.us2.oraclecloud.com/hcmUI/CandidateExperience/en/sites/BNY-Careers/job/77974
BNY,77975,"Senior Specialist, Fund Reporting",Risk and Compliance,Boston,MA,United States,unknown,Full time,2026-07-20 21:45:24.694222,2026-06-29 00:00:00,https://eofe.fa.us2.oraclecloud.com/hcmUI/CandidateExperience/en/sites/BNY-Careers/job/77975
BNY,77982,"Specialist, Fund Reporting Representative",Risk and Compliance,Boston,MA,United States,unknown,Full time,2026-07-20 21:45:25.534639,2026-06-29 00:00:00,https://eofe.fa.us2.oraclecloud.com/hcmUI/CandidateExperience/en/sites/BNY-Careers/job/77982
GOLDMAN_SACHS,174883,"Asset & Wealth Management, Alternatives Capital Formation (ACF), Co-Investment Team, Vice President - New York",Finance and Accounting,New York,NY,United States,unknown,,2026-07-20 21:45:26.461897,,https://higher.gs.com/roles/174883
BNY,78374,"Director, POM Experience Designer - Digital Channels",Product Management,New York,NY,United States,unknown,Full time,2026-07-20 21:45:26.741878,2026-06-29 00:00:00,https://eofe.fa.us2.oraclecloud.com/hcmUI/CandidateExperience/en/sites/BNY-Careers/job/78374
GOLDMAN_SACHS,178575,"Controllers, Asset & Wealth Management Public Product Control, Jersey City, Analyst",Finance and Accounting,Jersey City,NJ,United States,unknown,,2026-07-20 21:45:27.432637,,https://higher.gs.com/roles/178575
GOLDMAN_SACHS,159148,"Executive Office, Corporate Reputation Marketing, Vice President, New York",Other,New York,NY,United States,unknown,,2026-07-20 21:45:28.476777,,https://higher.gs.com/roles/159148
GOLDMAN_SACHS,154096,"Asset & Wealth Management - Marcus: Mobile Engineering Lead, iOS/Android - Vice President - Richardson",Risk and Compliance,Richardson,TX,United States,unknown,,2026-07-20 21:45:29.454259,,https://higher.gs.com/roles/154096
BNY,78479,"Senior Vice President, Client Executive",Risk and Compliance,New York,NY,United States,hybrid,Full time,2026-07-20 21:45:31.368624,2026-06-29 00:00:00,https://eofe.fa.us2.oraclecloud.com/hcmUI/CandidateExperience/en/sites/BNY-Careers/job/78479
BNY,78554,"Director, Client Executive",Risk and Compliance,New York,NY,United States,unknown,Full time,2026-07-20 21:45:32.820189,2026-06-29 00:00:00,https://eofe.fa.us2.oraclecloud.com/hcmUI/CandidateExperience/en/sites/BNY-Careers/job/78554
BNY,70827,"Senior Vice President, Research - IM",Risk and Compliance,Pittsburgh,PA,United States,hybrid,Full time,2026-07-20 21:45:33.141073,2026-06-26 00:00:00,https://eofe.fa.us2.oraclecloud.com/hcmUI/CandidateExperience/en/sites/BNY-Careers/job/70827
GOLDMAN_SACHS,154123,"AWM | Private Bank | Ultra High Net Worth Credit Underwriter, Associate | Dallas",Risk and Compliance,Dallas,TX,United States,unknown,,2026-07-20 21:45:33.464247,,https://higher.gs.com/roles/154123
BNY,72548,"Vice President, Client Processing Manager",Operations,Pittsburgh,PA,United States,unknown,Full time,2026-07-20 21:45:34.154569,2026-06-26 00:00:00,https://eofe.fa.us2.oraclecloud.com/hcmUI/CandidateExperience/en/sites/BNY-Careers/job/72548
GOLDMAN_SACHS,165547,Market Data - Vendor Manager - Vice President - New York,Risk and Compliance,New York,NY,United States,unknown,,2026-07-20 21:45:34.484170,,https://higher.gs.com/roles/165547
GOLDMAN_SACHS,175569,Global Banking & Markets Operations-Mortgage Loan Servicing-Dallas-Associate,Operations,Dallas,TX,United States,unknown,,2026-07-20 21:45:35.495055,,https://higher.gs.com/roles/175569
BNY,75098,"Vice President, Full-Stack Engineer",Software Engineering,Boston,MA,United States,unknown,Full time,2026-07-20 21:45:36.232219,2026-06-26 00:00:00,https://eofe.fa.us2.oraclecloud.com/hcmUI/CandidateExperience/en/sites/BNY-Careers/job/75098
GOLDMAN_SACHS,177113,"Engineering- Dallas - Associate, Software Engineering - 4133518",Software Engineering,Dallas,TX,United States,unknown,,2026-07-20 21:45:36.479398,,https://higher.gs.com/roles/177113
BNY,75099,"Senior Vice President, Full-Stack Engineer",Cloud and Infrastructure,Boston,MA,United States,unknown,Full time,2026-07-20 21:45:37.217196,2026-06-26 00:00:00,https://eofe.fa.us2.oraclecloud.com/hcmUI/CandidateExperience/en/sites/BNY-Careers/job/75099
GOLDMAN_SACHS,176963,"Corporate Treasury-New York-Vice President, Software Engineering-4903062",Software Engineering,New York,NY,United States,unknown,,2026-07-20 21:45:37.499707,,https://higher.gs.com/roles/176963
BNY,75209,"Senior Vice President, Full-Stack Engineer",Cloud and Infrastructure,Pittsburgh,PA,United States,unknown,Full time,2026-07-20 21:45:38.263366,2026-06-26 00:00:00,https://eofe.fa.us2.oraclecloud.com/hcmUI/CandidateExperience/en/sites/BNY-Careers/job/75209
BNY,75593,"Senior Vice President, Infrastructure Engineer",Cloud and Infrastructure,New York,NY,United States,unknown,Full time,2026-07-20 21:45:39.327733,2026-06-26 00:00:00,https://eofe.fa.us2.oraclecloud.com/hcmUI/CandidateExperience/en/sites/BNY-Careers/job/75593
GOLDMAN_SACHS,176971,Global Banking & Markets - New York - Associate- 9732698,Risk and Compliance,New York,NY,United States,unknown,,2026-07-20 21:45:39.516443,,https://higher.gs.com/roles/176971
BNY,76101,"Director, Client Operations Manager",Operations,New York,NY,United States,unknown,Full time,2026-07-20 21:45:40.219024,2026-06-26 00:00:00,https://eofe.fa.us2.oraclecloud.com/hcmUI/CandidateExperience/en/sites/BNY-Careers/job/76101
GOLDMAN_SACHS,177002,"Controllers- Dallas- Associate, Financial Accounting- 9303119",Finance and Accounting,Dallas,TX,United States,unknown,,2026-07-20 21:45:40.539178,,https://higher.gs.com/roles/177002
BNY,76568,"Specialist, Client Operations Representative",Operations,Berwyn,PA,United States,unknown,Full time,2026-07-20 21:45:41.173407,2026-06-26 00:00:00,https://eofe.fa.us2.oraclecloud.com/hcmUI/CandidateExperience/en/sites/BNY-Careers/job/76568
GOLDMAN_SACHS,177004,"Global Banking & Markets - New York - Vice President, Software Engineering - 3599606",Software Engineering,New York,NY,United States,unknown,,2026-07-20 21:45:41.539347,,https://higher.gs.com/roles/177004
BNY,77232,"Vice President, Full-Stack Engineer",Software Engineering,Jersey City,NJ,United States,unknown,Full time,2026-07-20 21:45:42.209055,2026-06-26 00:00:00,https://eofe.fa.us2.oraclecloud.com/hcmUI/CandidateExperience/en/sites/BNY-Careers/job/77232
GOLDMAN_SACHS,177010,"Engineering - Dallas - Vice President, Security Engineering - 3381787",Cybersecurity,Dallas,TX,United States,unknown,,2026-07-20 21:45:42.532369,,https://higher.gs.com/roles/177010
BNY,77841,"Senior Specialist, Full-Stack Engineer",Risk and Compliance,Pittsburgh,PA,United States,unknown,Full time,2026-07-20 21:45:43.242890,2026-06-26 00:00:00,https://eofe.fa.us2.oraclecloud.com/hcmUI/CandidateExperience/en/sites/BNY-Careers/job/77841
BNY,78228,Sr. Executive Assistant to the Deputy Chief Audit Executive and Chief Administrative Officer for Internal Audit,Audit,New York,NY,United States,unknown,Full time,2026-07-20 21:45:45.171913,2026-06-26 00:00:00,https://eofe.fa.us2.oraclecloud.com/hcmUI/CandidateExperience/en/sites/BNY-Careers/job/78228
BNY,78340,"Senior Specialist, POM Product Owner",Data and AI,Pittsburgh,PA,United States,unknown,Full time,2026-07-20 21:45:46.225815,2026-06-26 00:00:00,https://eofe.fa.us2.oraclecloud.com/hcmUI/CandidateExperience/en/sites/BNY-Careers/job/78340
BNY,78384,"Vice President, Full-Stack Engineer",Cloud and Infrastructure,New York,NY,United States,unknown,Full time,2026-07-20 21:45:47.214208,2026-06-26 00:00:00,https://eofe.fa.us2.oraclecloud.com/hcmUI/CandidateExperience/en/sites/BNY-Careers/job/78384
BNY,67275,"Vice President, Senior SOC Analyst- Tuesday- Saturday",Cybersecurity,Pittsburgh,PA,United States,hybrid,Full time,2026-07-20 21:45:48.221592,2026-06-25 00:00:00,https://eofe.fa.us2.oraclecloud.com/hcmUI/CandidateExperience/en/sites/BNY-Careers/job/67275
BNY,73880,"Specialist, Client Processing Representative",Operations,Pittsburgh,PA,United States,unknown,Full time,2026-07-20 21:45:49.257297,2026-06-25 00:00:00,https://eofe.fa.us2.oraclecloud.com/hcmUI/CandidateExperience/en/sites/BNY-Careers/job/73880
BNY,73882,"Specialist, Client Processing Representative",Operations,Pittsburgh,PA,United States,unknown,Full time,2026-07-20 21:45:50.269594,2026-06-25 00:00:00,https://eofe.fa.us2.oraclecloud.com/hcmUI/CandidateExperience/en/sites/BNY-Careers/job/73882
BNY,73884,"Specialist, Client Processing Representative II",Operations,Pittsburgh,PA,United States,unknown,Full time,2026-07-20 21:45:51.274291,2026-06-25 00:00:00,https://eofe.fa.us2.oraclecloud.com/hcmUI/CandidateExperience/en/sites/BNY-Careers/job/73884
BNY,73885,"Specialist, Client Processing",Operations,Pittsburgh,PA,United States,unknown,Full time,2026-07-20 21:45:52.350385,2026-06-25 00:00:00,https://eofe.fa.us2.oraclecloud.com/hcmUI/CandidateExperience/en/sites/BNY-Careers/job/73885
GOLDMAN_SACHS,177968,"Global Investment Research, Equity Research, Medical Technology & Healthcare IT, Associate",Finance and Accounting,San Francisco,CA,United States,unknown,,2026-07-20 21:45:52.620694,,https://higher.gs.com/roles/177968
BNY,76056,"Vice President, Production Services Infrastructure Support",Cloud and Infrastructure,Boston,MA,United States,unknown,Full time,2026-07-20 21:45:53.347057,2026-06-25 00:00:00,https://eofe.fa.us2.oraclecloud.com/hcmUI/CandidateExperience/en/sites/BNY-Careers/job/76056
GOLDMAN_SACHS,176743,"Transaction Banking, Sales, Vice President",Sales and Relationship Management,New York,NY,United States,unknown,,2026-07-20 21:45:53.623822,,https://higher.gs.com/roles/176743
BNY,76058,"Senior Specialist, Production Services Infrastructure Support Analyst",Cloud and Infrastructure,Boston,MA,United States,unknown,Full time,2026-07-20 21:45:54.332606,2026-06-25 00:00:00,https://eofe.fa.us2.oraclecloud.com/hcmUI/CandidateExperience/en/sites/BNY-Careers/job/76058
GOLDMAN_SACHS,175338,"Asset & Wealth Management, Public Investing, Performance Strategy, Associate - New York",Other,New York,NY,United States,unknown,,2026-07-20 21:45:55.612863,,https://higher.gs.com/roles/175338
BNY,76619,"Vice President, Full-Stack Engineer II",Software Engineering,Jersey City,NJ,United States,unknown,Full time,2026-07-20 21:45:56.390955,2026-06-25 00:00:00,https://eofe.fa.us2.oraclecloud.com/hcmUI/CandidateExperience/en/sites/BNY-Careers/job/76619
BNY,76851,"Senior Vice President, Infrastructure Engineer",Cloud and Infrastructure,Pittsburgh,PA,United States,unknown,Full time,2026-07-20 21:45:57.293018,2026-06-25 00:00:00,https://eofe.fa.us2.oraclecloud.com/hcmUI/CandidateExperience/en/sites/BNY-Careers/job/76851
BNY,76915,"Senior Specialist, Client Success",Other,Lake Mary,FL,United States,unknown,Full time,2026-07-20 21:45:58.330607,2026-06-25 00:00:00,https://eofe.fa.us2.oraclecloud.com/hcmUI/CandidateExperience/en/sites/BNY-Careers/job/76915
BNY,77450,"Senior Vice President, Full-Stack Engineer",Risk and Compliance,Jersey City,NJ,United States,unknown,Full time,2026-07-20 21:45:59.314296,2026-06-25 00:00:00,https://eofe.fa.us2.oraclecloud.com/hcmUI/CandidateExperience/en/sites/BNY-Careers/job/77450
GOLDMAN_SACHS,178498,"Asset & Wealth Management - Software Engineer, AI Platform and Services - Associate - Richardson",Software Engineering,Richardson,TX,United States,unknown,,2026-07-20 21:45:59.649301,,https://higher.gs.com/roles/178498
BNY,77696,"Senior Vice President, Entra ID Service",Cybersecurity,Pittsburgh,PA,United States,unknown,Full time,2026-07-20 21:46:00.348714,2026-06-25 00:00:00,https://eofe.fa.us2.oraclecloud.com/hcmUI/CandidateExperience/en/sites/BNY-Careers/job/77696
BNY,77789,"Senior Specialist, Production Services Infrastructure Support Analyst",Cloud and Infrastructure,Nashville,TN,United States,unknown,Full time,2026-07-20 21:46:01.314150,2026-06-25 00:00:00,https://eofe.fa.us2.oraclecloud.com/hcmUI/CandidateExperience/en/sites/BNY-Careers/job/77789
BNY,77790,"Senior Specialist, Production Services Infrastructure Support Analyst",Cloud and Infrastructure,Nashville,TN,United States,unknown,Full time,2026-07-20 21:46:02.298061,2026-06-25 00:00:00,https://eofe.fa.us2.oraclecloud.com/hcmUI/CandidateExperience/en/sites/BNY-Careers/job/77790
BNY,77845,"Vice President, Production Services Infrastructure Support",Cloud and Infrastructure,Pittsburgh,PA,United States,unknown,Full time,2026-07-20 21:46:03.435296,2026-06-25 00:00:00,https://eofe.fa.us2.oraclecloud.com/hcmUI/CandidateExperience/en/sites/BNY-Careers/job/77845
BNY,77977,"Senior Specialist, Fund Reporting",Audit,Lake Mary,FL,United States,unknown,Full time,2026-07-20 21:46:04.365882,2026-06-25 00:00:00,https://eofe.fa.us2.oraclecloud.com/hcmUI/CandidateExperience/en/sites/BNY-Careers/job/77977
BNY,78967,"Director, Group Delivery Lead Manager",Risk and Compliance,New York,NY,United States,unknown,Full time,2026-07-20 21:46:05.371127,2026-06-25 00:00:00,https://eofe.fa.us2.oraclecloud.com/hcmUI/CandidateExperience/en/sites/BNY-Careers/job/78967
GOLDMAN_SACHS,178358,"Compliance, Private Wealth Management (PWM) Compliance, Associate, Chicago",Risk and Compliance,Chicago,IL,United States,unknown,,2026-07-20 21:46:05.693576,,https://higher.gs.com/roles/178358
BNY,70936,"Vice President, Full-Stack Engineer",Data and AI,Lake Mary,FL,United States,unknown,Full time,2026-07-20 21:46:06.378865,2026-06-24 00:00:00,https://eofe.fa.us2.oraclecloud.com/hcmUI/CandidateExperience/en/sites/BNY-Careers/job/70936
GOLDMAN_SACHS,177874,Software Engineer - Associate - Jersey City - IAM Entitlements,Software Engineering,Jersey City,NJ,United States,unknown,,2026-07-20 21:46:06.693186,,https://higher.gs.com/roles/177874
BNY,72322,"Specialist, Client Processing I",Operations,Pittsburgh,PA,United States,hybrid,Full time,2026-07-20 21:46:07.422188,2026-06-24 00:00:00,https://eofe.fa.us2.oraclecloud.com/hcmUI/CandidateExperience/en/sites/BNY-Careers/job/72322
GOLDMAN_SACHS,169232,Security Engineer - Dallas - Vice President,Cybersecurity,Dallas,TX,United States,unknown,,2026-07-20 21:46:07.714810,,https://higher.gs.com/roles/169232
BNY,73508,"Specialist, Client Processing",Operations,Pittsburgh,PA,United States,unknown,Full time,2026-07-20 21:46:08.408601,2026-06-24 00:00:00,https://eofe.fa.us2.oraclecloud.com/hcmUI/CandidateExperience/en/sites/BNY-Careers/job/73508
BNY,73509,"Specialist, Client Processing",Operations,Pittsburgh,PA,United States,unknown,Full time,2026-07-20 21:46:10.438503,2026-06-24 00:00:00,https://eofe.fa.us2.oraclecloud.com/hcmUI/CandidateExperience/en/sites/BNY-Careers/job/73509
GOLDMAN_SACHS,127665,"Risk, Capital Risk, Associate / Vice President, Dallas",Risk and Compliance,Dallas,TX,United States,unknown,,2026-07-20 21:46:10.758998,,https://higher.gs.com/roles/127665
BNY,73510,"Specialist, Client Processing",Operations,Pittsburgh,PA,United States,unknown,Full time,2026-07-20 21:46:11.398280,2026-06-24 00:00:00,https://eofe.fa.us2.oraclecloud.com/hcmUI/CandidateExperience/en/sites/BNY-Careers/job/73510
GOLDMAN_SACHS,165346,Asset & Wealth Management - Mobile Engineering Lead - iOS/Android - Vice President - Richardson,Risk and Compliance,Richardson,TX,United States,unknown,,2026-07-20 21:46:11.750840,,https://higher.gs.com/roles/165346
BNY,73511,"Specialist, Client Processing II",Operations,Pittsburgh,PA,United States,unknown,Full time,2026-07-20 21:46:12.584320,2026-06-24 00:00:00,https://eofe.fa.us2.oraclecloud.com/hcmUI/CandidateExperience/en/sites/BNY-Careers/job/73511
BNY,73757,"Vice President, POM Product Management",Risk and Compliance,Lake Mary,FL,United States,unknown,Full time,2026-07-20 21:46:13.388146,2026-06-24 00:00:00,https://eofe.fa.us2.oraclecloud.com/hcmUI/CandidateExperience/en/sites/BNY-Careers/job/73757
BNY,75713,"Senior Vice President, Front-End Engineer",Software Engineering,New York,NY,United States,unknown,Full time,2026-07-20 21:46:14.371095,2026-06-24 00:00:00,https://eofe.fa.us2.oraclecloud.com/hcmUI/CandidateExperience/en/sites/BNY-Careers/job/75713
BNY,75827,"Senior Specialist, OPS Business Technology Liaison",Operations,Lake Mary,FL,United States,unknown,Full time,2026-07-20 21:46:15.400547,2026-06-24 00:00:00,https://eofe.fa.us2.oraclecloud.com/hcmUI/CandidateExperience/en/sites/BNY-Careers/job/75827
GOLDMAN_SACHS,154116,Asset & Wealth Management - Web Engineering - Marcus - Richardson - Vice President,Software Engineering,Richardson,TX,United States,unknown,,2026-07-20 21:46:15.796670,,https://higher.gs.com/roles/154116
BNY,75938,"Senior Vice President, Back-End Engineer",Software Engineering,New York,NY,United States,unknown,Full time,2026-07-20 21:46:16.445812,2026-06-24 00:00:00,https://eofe.fa.us2.oraclecloud.com/hcmUI/CandidateExperience/en/sites/BNY-Careers/job/75938
BNY,75953,"Vice President, Database Engineer",Risk and Compliance,Boston,MA,United States,unknown,Full time,2026-07-20 21:46:17.430071,2026-06-24 00:00:00,https://eofe.fa.us2.oraclecloud.com/hcmUI/CandidateExperience/en/sites/BNY-Careers/job/75953
BNY,76795,"Senior Director, Information Security Manager (IAM)",Cybersecurity,Pittsburgh,PA,United States,unknown,Full time,2026-07-20 21:46:18.585083,2026-06-24 00:00:00,https://eofe.fa.us2.oraclecloud.com/hcmUI/CandidateExperience/en/sites/BNY-Careers/job/76795
BNY,76927,"Vice President, Client Implementations Manager",Risk and Compliance,Lake Mary,FL,United States,unknown,Full time,2026-07-20 21:46:19.510418,2026-06-24 00:00:00,https://eofe.fa.us2.oraclecloud.com/hcmUI/CandidateExperience/en/sites/BNY-Careers/job/76927
BNY,77384,"Director, POM Product Management",Other,New York,NY,United States,unknown,Full time,2026-07-20 21:46:20.507774,2026-06-24 00:00:00,https://eofe.fa.us2.oraclecloud.com/hcmUI/CandidateExperience/en/sites/BNY-Careers/job/77384
BNY,78241,"Senior Specialist, Syndicated Loans / Agency Specialist",Operations,Houston,TX,United States,unknown,Full time,2026-07-20 21:46:21.454847,2026-06-24 00:00:00,https://eofe.fa.us2.oraclecloud.com/hcmUI/CandidateExperience/en/sites/BNY-Careers/job/78241
BNY,78546,"Senior Vice President, Consumer Compliance Officer (Global Payments & Trade)",Risk and Compliance,New York,NY,United States,unknown,,2026-07-20 21:46:22.632219,2026-06-24 00:00:00,https://eofe.fa.us2.oraclecloud.com/hcmUI/CandidateExperience/en/sites/BNY-Careers/job/78546
BNY,78849,"Senior Specialist, Corporate Actions",Operations,Lake Mary,FL,United States,unknown,Full time,2026-07-20 21:46:23.604525,2026-06-24 00:00:00,https://eofe.fa.us2.oraclecloud.com/hcmUI/CandidateExperience/en/sites/BNY-Careers/job/78849
BNY,78856,"Senior Specialist, Corporate Actions",Operations,Jersey City,NJ,United States,unknown,Full time,2026-07-20 21:46:24.470199,2026-06-24 00:00:00,https://eofe.fa.us2.oraclecloud.com/hcmUI/CandidateExperience/en/sites/BNY-Careers/job/78856
BNY,78858,"Vice President, Corporate Actions",Risk and Compliance,Jersey City,NJ,United States,unknown,Full time,2026-07-20 21:46:25.501567,2026-06-24 00:00:00,https://eofe.fa.us2.oraclecloud.com/hcmUI/CandidateExperience/en/sites/BNY-Careers/job/78858
BNY,78860,"Senior Specialist, Corporate Actions",Operations,Jersey City,NJ,United States,unknown,Full time,2026-07-20 21:46:26.505810,2026-06-24 00:00:00,https://eofe.fa.us2.oraclecloud.com/hcmUI/CandidateExperience/en/sites/BNY-Careers/job/78860
GOLDMAN_SACHS,175379,"Transaction Banking, Senior Escrow Product Manager, Vice President",Risk and Compliance,New York,NY,United States,unknown,,2026-07-20 21:46:26.891838,,https://higher.gs.com/roles/175379
GOLDMAN_SACHS,177798,"Compliance, Communications Compliance, Associate, Salt Lake City",Risk and Compliance,Salt Lake City,UT,United States,unknown,,2026-07-20 21:46:27.906837,,https://higher.gs.com/roles/177798
BNY,79313,"Vice President, Full-Stack Engineer",Software Engineering,Pittsburgh,PA,United States,unknown,Full time,2026-07-20 21:46:28.516002,2026-06-24 00:00:00,https://eofe.fa.us2.oraclecloud.com/hcmUI/CandidateExperience/en/sites/BNY-Careers/job/79313
GOLDMAN_SACHS,177515,"Compliance, Asset Management Compliance, Vice President, New York",Risk and Compliance,New York,NY,United States,unknown,,2026-07-20 21:46:28.925126,,https://higher.gs.com/roles/177515
BNY,79381,"Director, Digital Asset 1st Line Compliance & Financial Crimes Lead",Risk and Compliance,New York,NY,United States,unknown,Full time,2026-07-20 21:46:29.479956,2026-06-24 00:00:00,https://eofe.fa.us2.oraclecloud.com/hcmUI/CandidateExperience/en/sites/BNY-Careers/job/79381
GOLDMAN_SACHS,177795,Global Banking & Markets Operations-TxB Ops Enablement-Dallas-Associate,Risk and Compliance,Dallas,TX,United States,unknown,,2026-07-20 21:46:29.937900,,https://higher.gs.com/roles/177795
BNY,79417,"Vice President, Full-Stack Engineer",Software Engineering,Pittsburgh,PA,United States,unknown,Full time,2026-07-20 21:46:30.578222,2026-08-18 00:00:00,https://eofe.fa.us2.oraclecloud.com/hcmUI/CandidateExperience/en/sites/BNY-Careers/job/79417
GOLDMAN_SACHS,176903,"Asset & Wealth Management, Liquidity Management, Deal Execution and Operations Lead, Associate - Salt Lake City",Risk and Compliance,Salt Lake City,UT,United States,unknown,,2026-07-20 21:46:30.941305,,https://higher.gs.com/roles/176903
BNY,75452,"Vice President, Full-Stack Engineer",Software Engineering,New York,NY,United States,unknown,Full time,2026-07-20 21:46:31.519270,2026-06-23 00:00:00,https://eofe.fa.us2.oraclecloud.com/hcmUI/CandidateExperience/en/sites/BNY-Careers/job/75452
GOLDMAN_SACHS,176899,"Asset & Wealth Management, Alternative Capital Markets, Wealth Management Professional, Associate - Dallas",Risk and Compliance,Dallas,TX,United States,unknown,,2026-07-20 21:46:31.941472,,https://higher.gs.com/roles/176899
BNY,76606,"Senior Specialist, Fund Accounting",Finance and Accounting,Lake Mary,FL,United States,unknown,Full time,2026-07-20 21:46:32.556694,2026-06-23 00:00:00,https://eofe.fa.us2.oraclecloud.com/hcmUI/CandidateExperience/en/sites/BNY-Careers/job/76606
GOLDMAN_SACHS,176811,"GBM - Public, Latam Structuring, Vice President - New York",Risk and Compliance,New York,NY,United States,unknown,,2026-07-20 21:46:32.957452,,https://higher.gs.com/roles/176811
BNY,76791,"Senior Specialist, Talent Acquisition",Human Resources,New York,NY,United States,unknown,Full time,2026-07-20 21:46:33.516236,2026-06-23 00:00:00,https://eofe.fa.us2.oraclecloud.com/hcmUI/CandidateExperience/en/sites/BNY-Careers/job/76791
GOLDMAN_SACHS,163296,"Asset & Wealth Management, Risk Management, Analyst - New York",Risk and Compliance,New York,NY,United States,unknown,,2026-07-20 21:46:33.940249,,https://higher.gs.com/roles/163296
BNY,76831,"Vice President, Financial Planning & Analysis",Finance and Accounting,New York,NY,United States,unknown,Full time,2026-07-20 21:46:34.472534,2026-06-23 00:00:00,https://eofe.fa.us2.oraclecloud.com/hcmUI/CandidateExperience/en/sites/BNY-Careers/job/76831
GOLDMAN_SACHS,177843,Wealth Management-Operations-Business Intelligence & Applied AI-New York-Vice President,Risk and Compliance,New York,NY,United States,unknown,,2026-07-20 21:46:34.954634,,https://higher.gs.com/roles/177843
BNY,77304,"Vice President, AI/ML Software Engineer",Software Engineering,New York,NY,United States,unknown,Full time,2026-07-20 21:46:35.601007,2026-06-23 00:00:00,https://eofe.fa.us2.oraclecloud.com/hcmUI/CandidateExperience/en/sites/BNY-Careers/job/77304
GOLDMAN_SACHS,177150,Asset & Wealth Management Operations Private-Alts Pvt KYC Group-Dallas-Vice President,Risk and Compliance,Dallas,TX,United States,unknown,,2026-07-20 21:46:35.965511,,https://higher.gs.com/roles/177150
BNY,77305,"Senior Vice President, AI/ML Software Engineer",Software Engineering,New York,NY,United States,unknown,Full time,2026-07-20 21:46:36.672137,2026-06-23 00:00:00,https://eofe.fa.us2.oraclecloud.com/hcmUI/CandidateExperience/en/sites/BNY-Careers/job/77305
GOLDMAN_SACHS,178279,"Legal, Asset Management Fund Formation Attorney, Vice President, New York City/ Dallas",Legal,New York,NY,United States,unknown,,2026-07-20 21:46:36.956328,,https://higher.gs.com/roles/178279
BNY,77580,"Vice President, Infrastructure Services",Cloud and Infrastructure,New York,NY,United States,unknown,Full time,2026-07-20 21:46:37.676436,2026-06-23 00:00:00,https://eofe.fa.us2.oraclecloud.com/hcmUI/CandidateExperience/en/sites/BNY-Careers/job/77580
GOLDMAN_SACHS,177809,"Compliance, Compliance Testing Group (CTG), Vice President, Dallas",Risk and Compliance,Dallas,TX,United States,unknown,,2026-07-20 21:46:37.963550,,https://higher.gs.com/roles/177809
BNY,77764,"Senior Vice President, Full Stack Engineer",Software Engineering,Pittsburgh,PA,United States,unknown,Full time,2026-07-20 21:46:38.840421,2026-06-23 00:00:00,https://eofe.fa.us2.oraclecloud.com/hcmUI/CandidateExperience/en/sites/BNY-Careers/job/77764
GOLDMAN_SACHS,178012,"AWM, Goldman Sachs Ayco, Financial Planner Training & Development, Associate, Dallas",Risk and Compliance,Dallas,TX,United States,unknown,,2026-07-20 21:46:38.972878,,https://higher.gs.com/roles/178012
BNY,77792,"Specialist, Infrastructure Operations Analyst II",Operations,Pittsburgh,PA,United States,unknown,Full time,2026-07-20 21:46:39.813400,2026-06-23 00:00:00,https://eofe.fa.us2.oraclecloud.com/hcmUI/CandidateExperience/en/sites/BNY-Careers/job/77792
GOLDMAN_SACHS,135231,"GBM Private, IB Classic, Investment Banking Associate, Healthcare - New York",Risk and Compliance,New York,NY,United States,unknown,,2026-07-20 21:46:41.010101,,https://higher.gs.com/roles/135231
BNY,77846,"Senior Vice President, Network Security Support Lead",Risk and Compliance,Lake Mary,FL,United States,unknown,Full time,2026-07-20 21:46:41.614896,2026-06-23 00:00:00,https://eofe.fa.us2.oraclecloud.com/hcmUI/CandidateExperience/en/sites/BNY-Careers/job/77846
GOLDMAN_SACHS,175551,Global Banking & Markets - Private -Dallas-Analyst-Loan Management,Risk and Compliance,Dallas,TX,United States,unknown,,2026-07-20 21:46:41.996692,,https://higher.gs.com/roles/175551
BNY,77876,"Director, Client Executive",Risk and Compliance,New York,NY,United States,unknown,Full time,2026-07-20 21:46:42.583782,2026-08-20 00:00:00,https://eofe.fa.us2.oraclecloud.com/hcmUI/CandidateExperience/en/sites/BNY-Careers/job/77876
GOLDMAN_SACHS,159167,Asset & Wealth Management - Web React Software Engineer - Associate - Richardson,Software Engineering,Richardson,TX,United States,unknown,,2026-07-20 21:46:43.006397,,https://higher.gs.com/roles/159167
BNY,78122,"Senior Specialist, Talent Acquisition Lateral Recruiter",Human Resources,Pittsburgh,PA,United States,unknown,Full time,2026-07-20 21:46:43.596367,2026-06-23 00:00:00,https://eofe.fa.us2.oraclecloud.com/hcmUI/CandidateExperience/en/sites/BNY-Careers/job/78122
GOLDMAN_SACHS,177044,"Asset & Wealth Management, Marcus US Deposits Business Controls & Risk Management, Associate - Richardson",Risk and Compliance,Richardson,TX,United States,unknown,,2026-07-20 21:46:44.039399,,https://higher.gs.com/roles/177044
BNY,73178,"Vice President, Client Processing Manager",Operations,Pittsburgh,PA,United States,unknown,Full time,2026-07-20 21:46:44.586013,2026-06-22 00:00:00,https://eofe.fa.us2.oraclecloud.com/hcmUI/CandidateExperience/en/sites/BNY-Careers/job/73178
GOLDMAN_SACHS,164034,Asset & Wealth Management - iOS Mobile Engineer - Marcus - Associate - Richardson,Software Engineering,Richardson,TX,United States,unknown,,2026-07-20 21:46:45.031444,,https://higher.gs.com/roles/164034
BNY,73854,"Specialist, Client Coverage II",Sales and Relationship Management,New York,NY,United States,unknown,Full time,2026-07-20 21:46:45.706486,2026-06-22 00:00:00,https://eofe.fa.us2.oraclecloud.com/hcmUI/CandidateExperience/en/sites/BNY-Careers/job/73854
GOLDMAN_SACHS,168517,Asset & Wealth Management - Business Risk & Controls - Associate - Richardson,Risk and Compliance,Richardson,TX,United States,unknown,,2026-07-20 21:46:46.031269,,https://higher.gs.com/roles/168517
BNY,74604,"Specialist, Client Processing II",Operations,Pittsburgh,PA,United States,unknown,Full time,2026-07-20 21:46:46.630907,2026-06-22 00:00:00,https://eofe.fa.us2.oraclecloud.com/hcmUI/CandidateExperience/en/sites/BNY-Careers/job/74604
GOLDMAN_SACHS,170703,"Asset & Wealth Management, Risk Governance, Associate - Dallas",Risk and Compliance,Dallas,TX,United States,unknown,,2026-07-20 21:46:47.047519,,https://higher.gs.com/roles/170703
BNY,76281,"Senior Vice President, Client Processing Manager",Operations,Pittsburgh,PA,United States,unknown,Full time,2026-07-20 21:46:47.576492,2026-06-22 00:00:00,https://eofe.fa.us2.oraclecloud.com/hcmUI/CandidateExperience/en/sites/BNY-Careers/job/76281
GOLDMAN_SACHS,176401,"Asset & Wealth Management, Operational Risk, Associate - Irving",Risk and Compliance,Irving,TX,United States,unknown,,2026-07-20 21:46:48.062614,,https://higher.gs.com/roles/176401
BNY,76500,Endpoint Security Engineer,Cybersecurity,Pittsburgh,PA,United States,unknown,Full time,2026-07-20 21:46:48.854134,2026-06-22 00:00:00,https://eofe.fa.us2.oraclecloud.com/hcmUI/CandidateExperience/en/sites/BNY-Careers/job/76500
GOLDMAN_SACHS,177046,"Human Capital Management, Executive Compensation, Vice President, New York City",Risk and Compliance,New York,NY,United States,unknown,,2026-07-20 21:46:49.068724,,https://higher.gs.com/roles/177046
BNY,76681,"Specialist, Client Processing Representative",Operations,Lake Mary,FL,United States,unknown,Full time,2026-07-20 21:46:49.637569,2026-06-22 00:00:00,https://eofe.fa.us2.oraclecloud.com/hcmUI/CandidateExperience/en/sites/BNY-Careers/job/76681
GOLDMAN_SACHS,168350,"Asset & Wealth Management, Marketing, Digital Strategy & Web Management, Associate - New York",Risk and Compliance,New York,NY,United States,unknown,,2026-07-20 21:46:50.096479,,https://higher.gs.com/roles/168350
BNY,77174,"Specialist, Client Operations Representative",Operations,Pittsburgh,PA,United States,unknown,Full time,2026-07-20 21:46:50.554116,2026-06-22 00:00:00,https://eofe.fa.us2.oraclecloud.com/hcmUI/CandidateExperience/en/sites/BNY-Careers/job/77174
GOLDMAN_SACHS,177541,"Asset & Wealth Management, MAS - Custom Models – Lead Portfolio Manager, Vice President - San Francisco",Operations,San Francisco,CA,United States,unknown,,2026-07-20 21:46:51.140245,,https://higher.gs.com/roles/177541
BNY,77461,"Vice President, Client Operations",Operations,Houston,TX,United States,unknown,Full time,2026-07-20 21:46:51.656031,2026-06-22 00:00:00,https://eofe.fa.us2.oraclecloud.com/hcmUI/CandidateExperience/en/sites/BNY-Careers/job/77461
GOLDMAN_SACHS,177542,"Asset & Wealth Management, MAS - Custom Models – Lead Portfolio Manager, Vice President - New York",Operations,New York,NY,United States,unknown,,2026-07-20 21:46:52.113316,,https://higher.gs.com/roles/177542
BNY,78310,"Vice President, Full-Stack Engineer",Software Engineering,Lake Mary,FL,United States,unknown,Full time,2026-07-20 21:46:52.586931,2026-06-22 00:00:00,https://eofe.fa.us2.oraclecloud.com/hcmUI/CandidateExperience/en/sites/BNY-Careers/job/78310
GOLDMAN_SACHS,160626,"Database Engineer, Global Banking & Markets, Transaction Banking",Cloud and Infrastructure,New York,NY,United States,unknown,,2026-07-20 21:46:53.114629,,https://higher.gs.com/roles/160626
BNY,78516,"Senior Specialist, Business Planning and Analysis",Risk and Compliance,New York,NY,United States,unknown,Full time,2026-07-20 21:46:53.571095,2026-06-22 00:00:00,https://eofe.fa.us2.oraclecloud.com/hcmUI/CandidateExperience/en/sites/BNY-Careers/job/78516
BNY,78729,"Senior Vice President, Asset Managers & Insurance Lending",Risk and Compliance,New York,NY,United States,unknown,Full time,2026-07-20 21:46:54.634805,2026-06-22 00:00:00,https://eofe.fa.us2.oraclecloud.com/hcmUI/CandidateExperience/en/sites/BNY-Careers/job/78729
BNY,76235,"Director, Delivery Practitioner",Risk and Compliance,New York,NY,United States,unknown,Full time,2026-07-20 21:46:55.559212,2026-06-19 00:00:00,https://eofe.fa.us2.oraclecloud.com/hcmUI/CandidateExperience/en/sites/BNY-Careers/job/76235
BNY,76710,"Director, Client Executive",Operations,New York,NY,United States,unknown,Full time,2026-07-20 21:46:56.569839,2026-06-19 00:00:00,https://eofe.fa.us2.oraclecloud.com/hcmUI/CandidateExperience/en/sites/BNY-Careers/job/76710
BNY,76879,"Specialist, Fund/Client Accounting I",Finance and Accounting,Lake Mary,FL,United States,unknown,Full time,2026-07-20 21:46:57.617817,2026-06-19 00:00:00,https://eofe.fa.us2.oraclecloud.com/hcmUI/CandidateExperience/en/sites/BNY-Careers/job/76879
GOLDMAN_SACHS,158312,"Asset & Wealth Management, Administrative Assistant, Boston",Risk and Compliance,Boston,MA,United States,unknown,,2026-07-20 21:46:59.140517,,https://higher.gs.com/roles/158312
BNY,77169,"Director, Client Executive",Operations,New York,NY,United States,unknown,Full time,2026-07-20 21:46:59.595306,2026-06-19 00:00:00,https://eofe.fa.us2.oraclecloud.com/hcmUI/CandidateExperience/en/sites/BNY-Careers/job/77169
GOLDMAN_SACHS,177364,"Global Banking & Markets Private -Corporate Derivatives, FX Solutions- Analyst- New York",Risk and Compliance,New York,NY,United States,unknown,,2026-07-20 21:47:00.129171,,https://higher.gs.com/roles/177364
BNY,78058,"Senior Director, Client Executive",Operations,New York,NY,United States,unknown,Full time,2026-07-20 21:47:00.555501,2026-06-19 00:00:00,https://eofe.fa.us2.oraclecloud.com/hcmUI/CandidateExperience/en/sites/BNY-Careers/job/78058
GOLDMAN_SACHS,177372,"Asset & Wealth Management, Talent Strategy, Advisor Development, Private Wealth Management (PWM), Vice President - New York",Risk and Compliance,New York,NY,United States,unknown,,2026-07-20 21:47:01.148769,,https://higher.gs.com/roles/177372
BNY,69510,"Vice President, Regulatory Administration",Risk and Compliance,Westborough,MA,United States,unknown,Full time,2026-07-20 21:47:01.646752,2026-06-18 00:00:00,https://eofe.fa.us2.oraclecloud.com/hcmUI/CandidateExperience/en/sites/BNY-Careers/job/69510
GOLDMAN_SACHS,171221,Machine Learning Platform - CI/CD Engineer - Associate - New York,Data and AI,Jersey City,NJ,United States,unknown,,2026-07-20 21:47:02.185432,,https://higher.gs.com/roles/171221
BNY,72403,"Senior Specialist, Client Processing - Trade Servicing",Operations,Lake Mary,FL,United States,hybrid,Full time,2026-07-20 21:47:02.584569,2026-06-18 00:00:00,https://eofe.fa.us2.oraclecloud.com/hcmUI/CandidateExperience/en/sites/BNY-Careers/job/72403
GOLDMAN_SACHS,177967,"Asset & Wealth Management, Communications Operations, Analyst - Richardson, TX",Risk and Compliance,Richardson,TX,United States,unknown,,2026-07-20 21:47:03.268700,,https://higher.gs.com/roles/177967
BNY,73111,"Specialist, Enterprise CRM System",Other,Pittsburgh,PA,United States,unknown,Full time,2026-07-20 21:47:03.593140,2026-06-18 00:00:00,https://eofe.fa.us2.oraclecloud.com/hcmUI/CandidateExperience/en/sites/BNY-Careers/job/73111
GOLDMAN_SACHS,171865,"Asset & Wealth Management, Private Wealth, Administrative Assistant, San Francisco",Other,San Francisco,CA,United States,unknown,,2026-07-20 21:47:04.201675,,https://higher.gs.com/roles/171865
BNY,74487,"Senior Vice President, POM Product Management",Operations,New York,NY,United States,unknown,Full time,2026-07-20 21:47:04.575704,2026-08-14 00:00:00,https://eofe.fa.us2.oraclecloud.com/hcmUI/CandidateExperience/en/sites/BNY-Careers/job/74487
GOLDMAN_SACHS,176763,"Asset & Wealth Management, UI/UX Design, Analyst - New York",Product Management,New York,NY,United States,unknown,,2026-07-20 21:47:05.204412,,https://higher.gs.com/roles/176763
BNY,75441,Senior Vice President US Transfer Agency Product Management,Operations,Boston,MA,United States,unknown,Full time,2026-07-20 21:47:05.618835,2026-06-18 00:00:00,https://eofe.fa.us2.oraclecloud.com/hcmUI/CandidateExperience/en/sites/BNY-Careers/job/75441
GOLDMAN_SACHS,172748,Compliance-Salt Lake City-Analyst- Markets Surveillance,Risk and Compliance,Salt Lake City,UT,United States,unknown,,2026-07-20 21:47:06.225067,,https://higher.gs.com/roles/172748
BNY,75461,"Senior Vice President, POM Product Management",Operations,New York,NY,United States,unknown,Full time,2026-07-20 21:47:06.622631,2026-06-18 00:00:00,https://eofe.fa.us2.oraclecloud.com/hcmUI/CandidateExperience/en/sites/BNY-Careers/job/75461
GOLDMAN_SACHS,153665,"Risk, Credit Risk (Hedge Fund), Associate, New York",Risk and Compliance,New York,NY,United States,unknown,,2026-07-20 21:47:07.221277,,https://higher.gs.com/roles/153665
BNY,75880,"Senior Vice President, Credit Risk",Risk and Compliance,Lake Mary,FL,United States,unknown,Full time,2026-07-20 21:47:07.589151,2026-06-18 00:00:00,https://eofe.fa.us2.oraclecloud.com/hcmUI/CandidateExperience/en/sites/BNY-Careers/job/75880
GOLDMAN_SACHS,177973,"Controllers, Regulatory Policy, New York, Analyst",Risk and Compliance,New York,NY,United States,unknown,,2026-07-20 21:47:08.217380,,https://higher.gs.com/roles/177973
BNY,75949,"Senior Vice President, Applied AI Product Manager",Product Management,New York,NY,United States,unknown,Full time,2026-07-20 21:47:08.587305,2026-06-18 00:00:00,https://eofe.fa.us2.oraclecloud.com/hcmUI/CandidateExperience/en/sites/BNY-Careers/job/75949
GOLDMAN_SACHS,177972,"Controllers, Capital Analysis, Plans & Reporting, Salt Lake City, Analyst",Finance and Accounting,Salt Lake City,UT,United States,unknown,,2026-07-20 21:47:09.258977,,https://higher.gs.com/roles/177972
BNY,76028,"Senior Vice President, Full-Stack Engineer",Software Engineering,Lake Mary,FL,United States,unknown,Full time,2026-07-20 21:47:09.602525,2026-06-18 00:00:00,https://eofe.fa.us2.oraclecloud.com/hcmUI/CandidateExperience/en/sites/BNY-Careers/job/76028
BNY,76047,Vice President US Transfer Agency Product,Business Analysis,Westborough,MA,United States,unknown,Full time,2026-07-20 21:47:10.639013,2026-06-18 00:00:00,https://eofe.fa.us2.oraclecloud.com/hcmUI/CandidateExperience/en/sites/BNY-Careers/job/76047
GOLDMAN_SACHS,162064,"GBM Private, IB Classic, Investment Banking Vice President, Natural Resources - Metals & Mining",Legal,New York,NY,United States,unknown,,2026-07-20 21:47:11.266509,,https://higher.gs.com/roles/162064
BNY,76953,ETF Basket Administrator,Operations,New York,NY,United States,unknown,Full time,2026-07-20 21:47:11.628640,2026-06-18 00:00:00,https://eofe.fa.us2.oraclecloud.com/hcmUI/CandidateExperience/en/sites/BNY-Careers/job/76953
GOLDMAN_SACHS,162063,"GBM Private, IB Classic- Investment Banking Vice President -Chemicals",Legal,New York,NY,United States,unknown,,2026-07-20 21:47:12.239355,,https://higher.gs.com/roles/162063
BNY,77176,"Vice President, Front-End Engineer",Risk and Compliance,Pittsburgh,PA,United States,unknown,Full time,2026-07-20 21:47:12.593945,2026-06-18 00:00:00,https://eofe.fa.us2.oraclecloud.com/hcmUI/CandidateExperience/en/sites/BNY-Careers/job/77176
GOLDMAN_SACHS,176362,"Executive Office, Paid Media, Analyst, New York",Risk and Compliance,New York,NY,United States,unknown,,2026-07-20 21:47:13.283944,,https://higher.gs.com/roles/176362
BNY,77368,"Senior Vice President, Cash Processing/Funds Transfer Manager",Operations,Pittsburgh,PA,United States,unknown,Full time,2026-07-20 21:47:13.666389,2026-06-18 00:00:00,https://eofe.fa.us2.oraclecloud.com/hcmUI/CandidateExperience/en/sites/BNY-Careers/job/77368
BNY,77483,"Senior Vice President, POM Product Management",Risk and Compliance,Boston,MA,United States,unknown,Full time,2026-07-20 21:47:14.670043,2026-06-18 00:00:00,https://eofe.fa.us2.oraclecloud.com/hcmUI/CandidateExperience/en/sites/BNY-Careers/job/77483
GOLDMAN_SACHS,163359,Asset & Wealth Management-Senior Software Engineer-Vice President- Richardson,Software Engineering,Richardson,TX,United States,unknown,,2026-07-20 21:47:15.288737,,https://higher.gs.com/roles/163359
BNY,77671,"Senior Vice President, POM Technical Product Management",Software Engineering,Pittsburgh,PA,United States,unknown,Full time,2026-07-20 21:47:15.676347,2026-06-18 00:00:00,https://eofe.fa.us2.oraclecloud.com/hcmUI/CandidateExperience/en/sites/BNY-Careers/job/77671
BNY,77825,"Vice President, Angular Front-End Engineer",Risk and Compliance,Pittsburgh,PA,United States,unknown,Full time,2026-07-20 21:47:16.688159,2026-06-18 00:00:00,https://eofe.fa.us2.oraclecloud.com/hcmUI/CandidateExperience/en/sites/BNY-Careers/job/77825
BNY,77992,"Vice President, Fund/Client Accounting Manager",Finance and Accounting,Los Angeles,CA,United States,unknown,Full time,2026-07-20 21:47:17.656593,2026-06-18 00:00:00,https://eofe.fa.us2.oraclecloud.com/hcmUI/CandidateExperience/en/sites/BNY-Careers/job/77992
BNY,78087,"Vice President, Client Implementations",Risk and Compliance,Pittsburgh,PA,United States,unknown,Full time,2026-07-20 21:47:18.674030,2026-06-18 00:00:00,https://eofe.fa.us2.oraclecloud.com/hcmUI/CandidateExperience/en/sites/BNY-Careers/job/78087
GOLDMAN_SACHS,175507,"Controllers, Capital Analysis, Planning & Reporting, Associate, New York",Finance and Accounting,New York,NY,United States,unknown,,2026-07-20 21:47:20.424552,,https://higher.gs.com/roles/175507
BNY,80073,"Senior Vice President, Governance Manager of Risk/Compliance Testing Group (2LoD)",Risk and Compliance,New York,NY,United States,unknown,Full time,2026-07-20 21:48:05.448939,2026-07-20 00:00:00,https://eofe.fa.us2.oraclecloud.com/hcmUI/CandidateExperience/en/sites/BNY-Careers/job/80073
BNY,78169,"Director, Audit Manager, Enterprise Custody Services Platform",Operations,New York,NY,United States,unknown,Full time,2026-07-20 21:54:54.455424,2026-06-18 00:00:00,https://eofe.fa.us2.oraclecloud.com/hcmUI/CandidateExperience/en/sites/BNY-Careers/job/78169
BNY,78548,"Senior Specialist, Regulatory Oversight Management",Risk and Compliance,Pittsburgh,PA,United States,unknown,Full time,2026-07-20 21:54:55.484004,2026-06-18 00:00:00,https://eofe.fa.us2.oraclecloud.com/hcmUI/CandidateExperience/en/sites/BNY-Careers/job/78548
BNY,70608,"Specialist, Reconciliation II",Operations,Berwyn,PA,United States,hybrid,Full time,2026-07-20 21:54:56.468676,2026-06-17 00:00:00,https://eofe.fa.us2.oraclecloud.com/hcmUI/CandidateExperience/en/sites/BNY-Careers/job/70608
BNY,73921,"Specialist, Client Processing",Operations,Berwyn,PA,United States,unknown,Full time,2026-07-20 21:54:57.529230,2026-06-17 00:00:00,https://eofe.fa.us2.oraclecloud.com/hcmUI/CandidateExperience/en/sites/BNY-Careers/job/73921
BNY,75359,"Director, Global Employment Tax",Finance and Accounting,New York,NY,United States,unknown,Full time,2026-07-20 21:54:58.490091,2026-06-17 00:00:00,https://eofe.fa.us2.oraclecloud.com/hcmUI/CandidateExperience/en/sites/BNY-Careers/job/75359
BNY,76160,"Vice President, Full-Stack Engineer",Software Engineering,New York,NY,United States,unknown,Full time,2026-07-20 21:54:59.455429,2026-06-17 00:00:00,https://eofe.fa.us2.oraclecloud.com/hcmUI/CandidateExperience/en/sites/BNY-Careers/job/76160
BNY,76739,"Senior Specialist, Client Processing",Operations,Lake Mary,FL,United States,unknown,Full time,2026-07-20 21:55:00.480046,2026-06-17 00:00:00,https://eofe.fa.us2.oraclecloud.com/hcmUI/CandidateExperience/en/sites/BNY-Careers/job/76739
BNY,76740,"Specialist, Client Processing II",Operations,Lake Mary,FL,United States,unknown,Full time,2026-07-20 21:55:01.533184,2026-06-17 00:00:00,https://eofe.fa.us2.oraclecloud.com/hcmUI/CandidateExperience/en/sites/BNY-Careers/job/76740
BNY,76828,"Vice President, Product & Innovation – Commercialization & Execution",Sales and Relationship Management,New York,NY,United States,unknown,Full time,2026-07-20 21:55:02.459483,2026-06-17 00:00:00,https://eofe.fa.us2.oraclecloud.com/hcmUI/CandidateExperience/en/sites/BNY-Careers/job/76828
BNY,76992,"Senior Specialist, Fund/Client Accounting",Finance and Accounting,Pittsburgh,PA,United States,unknown,Full time,2026-07-20 21:55:03.454142,2026-06-17 00:00:00,https://eofe.fa.us2.oraclecloud.com/hcmUI/CandidateExperience/en/sites/BNY-Careers/job/76992
BNY,77255,"Senior Vice President, Head of Performance Management & Intelligence",Risk and Compliance,New York,NY,United States,unknown,Full time,2026-07-20 21:55:04.513261,2026-06-17 00:00:00,https://eofe.fa.us2.oraclecloud.com/hcmUI/CandidateExperience/en/sites/BNY-Careers/job/77255
BNY,77663,"Specialist, Client Service",Operations,Lake Mary,FL,United States,unknown,Full time,2026-07-20 21:55:05.554011,2026-06-17 00:00:00,https://eofe.fa.us2.oraclecloud.com/hcmUI/CandidateExperience/en/sites/BNY-Careers/job/77663
BNY,77743,"Senior Vice President, Application Development Manager",Operations,Pittsburgh,PA,United States,unknown,Full time,2026-07-20 21:55:06.600973,2026-06-17 00:00:00,https://eofe.fa.us2.oraclecloud.com/hcmUI/CandidateExperience/en/sites/BNY-Careers/job/77743
BNY,77968,"Specialist, Client Processing",Operations,Lake Mary,FL,United States,unknown,Full time,2026-07-20 21:55:07.562875,2026-06-17 00:00:00,https://eofe.fa.us2.oraclecloud.com/hcmUI/CandidateExperience/en/sites/BNY-Careers/job/77968
BNY,77990,"Specialist, Investor Services Operations Representative",Operations,Boston,MA,United States,unknown,Full time,2026-07-20 21:55:08.627431,2026-06-17 00:00:00,https://eofe.fa.us2.oraclecloud.com/hcmUI/CandidateExperience/en/sites/BNY-Careers/job/77990
BNY,77983,"Vice President, Trade Capture",Risk and Compliance,Lake Mary,FL,United States,unknown,Full time,2026-07-20 21:55:09.579997,2026-06-17 00:00:00,https://eofe.fa.us2.oraclecloud.com/hcmUI/CandidateExperience/en/sites/BNY-Careers/job/77983
BNY,78366,"Vice President, POM Technical Product Management - Developer Marketplace",Software Engineering,New York,NY,United States,unknown,Full time,2026-07-20 21:55:10.672083,2026-06-17 00:00:00,https://eofe.fa.us2.oraclecloud.com/hcmUI/CandidateExperience/en/sites/BNY-Careers/job/78366
BNY,78514,"Vice President, Data Privacy",Risk and Compliance,Pittsburgh,PA,United States,unknown,Full time,2026-07-20 21:55:12.744653,2026-06-17 00:00:00,https://eofe.fa.us2.oraclecloud.com/hcmUI/CandidateExperience/en/sites/BNY-Careers/job/78514
BNY,78520,Senior Vice-President/Counsel - Global Markets and Treasury Services,Legal,New York,NY,United States,unknown,Full time,2026-07-20 21:55:13.668990,2026-06-17 00:00:00,https://eofe.fa.us2.oraclecloud.com/hcmUI/CandidateExperience/en/sites/BNY-Careers/job/78520
BNY,78643,"Vice President, Corporate Actions",Risk and Compliance,New York,NY,United States,unknown,Full time,2026-07-20 21:55:14.622446,2026-06-17 00:00:00,https://eofe.fa.us2.oraclecloud.com/hcmUI/CandidateExperience/en/sites/BNY-Careers/job/78643
BNY,69982,"Vice President, Sourcing and Procurement",Other,Lake Mary,FL,United States,unknown,Full time,2026-07-20 21:55:15.652278,2026-06-16 00:00:00,https://eofe.fa.us2.oraclecloud.com/hcmUI/CandidateExperience/en/sites/BNY-Careers/job/69982
BNY,73824,"Senior Specialist, Client Processing - FX Operations",Operations,Pittsburgh,PA,United States,unknown,Full time,2026-07-20 21:55:16.615360,2026-06-16 00:00:00,https://eofe.fa.us2.oraclecloud.com/hcmUI/CandidateExperience/en/sites/BNY-Careers/job/73824
BNY,76122,"Senior Vice President, Product Strategy - Product & Innovation Hub",Other,New York,NY,United States,unknown,Full time,2026-07-20 21:55:17.574539,2026-06-16 00:00:00,https://eofe.fa.us2.oraclecloud.com/hcmUI/CandidateExperience/en/sites/BNY-Careers/job/76122
BNY,76306,"Vice President, OPS Data Transfer, Integration & Quality",Risk and Compliance,Pittsburgh,PA,United States,unknown,Full time,2026-07-20 21:55:18.617880,2026-06-16 00:00:00,https://eofe.fa.us2.oraclecloud.com/hcmUI/CandidateExperience/en/sites/BNY-Careers/job/76306
BNY,76574,"Senior Vice President, Fund/Client Accounting Manager",Finance and Accounting,Lake Mary,FL,United States,unknown,Full time,2026-07-20 21:55:19.659287,2026-06-16 00:00:00,https://eofe.fa.us2.oraclecloud.com/hcmUI/CandidateExperience/en/sites/BNY-Careers/job/76574
BNY,76997,"Senior Vice President, Trade Capture",Risk and Compliance,Lake Mary,FL,United States,unknown,Full time,2026-07-20 21:55:20.711546,2026-06-16 00:00:00,https://eofe.fa.us2.oraclecloud.com/hcmUI/CandidateExperience/en/sites/BNY-Careers/job/76997
BNY,77289,"Vice President, Scrum Leader",Product Management,Lake Mary,FL,United States,unknown,Full time,2026-07-20 21:55:21.610109,2026-06-16 00:00:00,https://eofe.fa.us2.oraclecloud.com/hcmUI/CandidateExperience/en/sites/BNY-Careers/job/77289
BNY,77320,"Vice President, Scrum Leader",Product Management,Pittsburgh,PA,United States,unknown,Full time,2026-07-20 21:55:22.610684,2026-06-16 00:00:00,https://eofe.fa.us2.oraclecloud.com/hcmUI/CandidateExperience/en/sites/BNY-Careers/job/77320
BNY,77768,"Vice President, Application Support Manager",Risk and Compliance,Pittsburgh,PA,United States,unknown,Full time,2026-07-20 21:55:23.595643,2026-06-16 00:00:00,https://eofe.fa.us2.oraclecloud.com/hcmUI/CandidateExperience/en/sites/BNY-Careers/job/77768
BNY,77996,"Senior Vice President, Fund/Client Accounting Manager",Finance and Accounting,New York,NY,United States,unknown,Full time,2026-07-20 21:55:24.631608,2026-06-16 00:00:00,https://eofe.fa.us2.oraclecloud.com/hcmUI/CandidateExperience/en/sites/BNY-Careers/job/77996
BNY,78328,"Senior Vice President, Full-Stack Engineer",Cloud and Infrastructure,Lake Mary,FL,United States,unknown,Full time,2026-07-20 21:55:25.639675,2026-06-16 00:00:00,https://eofe.fa.us2.oraclecloud.com/hcmUI/CandidateExperience/en/sites/BNY-Careers/job/78328
BNY,78379,"Vice President, Paralegal Manager",Legal,Pittsburgh,PA,United States,unknown,Full time,2026-07-20 21:55:26.703247,2026-06-16 00:00:00,https://eofe.fa.us2.oraclecloud.com/hcmUI/CandidateExperience/en/sites/BNY-Careers/job/78379
BNY,71561,"Vice President, POM Product Management",Risk and Compliance,Pittsburgh,PA,United States,unknown,Full time,2026-07-20 21:55:28.871862,2026-06-15 00:00:00,https://eofe.fa.us2.oraclecloud.com/hcmUI/CandidateExperience/en/sites/BNY-Careers/job/71561
BNY,71562,"Vice President, POM Product Management",Risk and Compliance,Pittsburgh,PA,United States,unknown,Full time,2026-07-20 21:55:29.961184,2026-06-15 00:00:00,https://eofe.fa.us2.oraclecloud.com/hcmUI/CandidateExperience/en/sites/BNY-Careers/job/71562
BNY,72526,"Senior Vice President, Client Processing",Operations,Pittsburgh,PA,United States,unknown,Full time,2026-07-20 21:55:30.837080,2026-06-15 00:00:00,https://eofe.fa.us2.oraclecloud.com/hcmUI/CandidateExperience/en/sites/BNY-Careers/job/72526
BNY,76199,"Vice President, Fund/Client Accounting Manager",Finance and Accounting,Los Angeles,CA,United States,unknown,Full time,2026-07-20 21:55:31.926912,2026-06-15 00:00:00,https://eofe.fa.us2.oraclecloud.com/hcmUI/CandidateExperience/en/sites/BNY-Careers/job/76199
BNY,76530,"Senior Specialist, Client Processing",Operations,Pittsburgh,PA,United States,unknown,Full time,2026-07-20 21:55:32.878111,2026-06-15 00:00:00,https://eofe.fa.us2.oraclecloud.com/hcmUI/CandidateExperience/en/sites/BNY-Careers/job/76530
BNY,76532,"Senior Specialist, Client Processing",Operations,Pittsburgh,PA,United States,unknown,Full time,2026-07-20 21:55:33.879056,2026-06-15 00:00:00,https://eofe.fa.us2.oraclecloud.com/hcmUI/CandidateExperience/en/sites/BNY-Careers/job/76532
BNY,77168,"Director, Client Executive",Sales and Relationship Management,New York,NY,United States,unknown,Full time,2026-07-20 21:55:34.922588,2026-06-15 00:00:00,https://eofe.fa.us2.oraclecloud.com/hcmUI/CandidateExperience/en/sites/BNY-Careers/job/77168
BNY,77816,"Vice President, Fund Accounting Manager",Finance and Accounting,Lake Mary,FL,United States,unknown,Full time,2026-07-20 21:55:35.962675,2026-06-15 00:00:00,https://eofe.fa.us2.oraclecloud.com/hcmUI/CandidateExperience/en/sites/BNY-Careers/job/77816
BNY,77818,"Senior Fund Accountant, Hedge Operations",Operations,Lake Mary,FL,United States,unknown,Full time,2026-07-20 21:55:36.938153,2026-06-15 00:00:00,https://eofe.fa.us2.oraclecloud.com/hcmUI/CandidateExperience/en/sites/BNY-Careers/job/77818
BNY,77814,"Specialist, Fund/Client Accounting II",Finance and Accounting,Lake Mary,FL,United States,unknown,Full time,2026-07-20 21:55:37.948209,2026-06-15 00:00:00,https://eofe.fa.us2.oraclecloud.com/hcmUI/CandidateExperience/en/sites/BNY-Careers/job/77814
BNY,77859,"Vice President, Client Processing Manager",Operations,Pittsburgh,PA,United States,unknown,Full time,2026-07-20 21:55:38.922915,2026-06-15 00:00:00,https://eofe.fa.us2.oraclecloud.com/hcmUI/CandidateExperience/en/sites/BNY-Careers/job/77859
BNY,77962,"Senior Vice President, Derivatives Support",Operations,Lake Mary,FL,United States,unknown,Full time,2026-07-20 21:55:40.076679,2026-06-15 00:00:00,https://eofe.fa.us2.oraclecloud.com/hcmUI/CandidateExperience/en/sites/BNY-Careers/job/77962
BNY,78034,"Vice President, Fund Accounting Manager",Finance and Accounting,New York,NY,United States,unknown,Full time,2026-07-20 21:55:40.970236,2026-06-15 00:00:00,https://eofe.fa.us2.oraclecloud.com/hcmUI/CandidateExperience/en/sites/BNY-Careers/job/78034
BNY,78036,"Associate, Fund Accountant II",Finance and Accounting,Lake Mary,FL,United States,unknown,Full time,2026-07-20 21:55:41.952339,2026-06-15 00:00:00,https://eofe.fa.us2.oraclecloud.com/hcmUI/CandidateExperience/en/sites/BNY-Careers/job/78036
BNY,78037,Fund Accountant II,Finance and Accounting,Lake Mary,FL,United States,unknown,Full time,2026-07-20 21:55:43.018744,2026-06-15 00:00:00,https://eofe.fa.us2.oraclecloud.com/hcmUI/CandidateExperience/en/sites/BNY-Careers/job/78037
BNY,78330,"Senior Vice President, Full-Stack Engineer",Software Engineering,New York,NY,United States,unknown,Full time,2026-07-20 21:55:43.988815,2026-06-15 00:00:00,https://eofe.fa.us2.oraclecloud.com/hcmUI/CandidateExperience/en/sites/BNY-Careers/job/78330
BNY,78331,"Senior Vice President, Full-Stack Engineer",Software Engineering,New York,NY,United States,unknown,Full time,2026-07-20 21:55:45.076073,2026-06-15 00:00:00,https://eofe.fa.us2.oraclecloud.com/hcmUI/CandidateExperience/en/sites/BNY-Careers/job/78331
BNY,75143,"Vice President, Investment Strategist",Risk and Compliance,Miami,FL,United States,unknown,Full time,2026-07-20 21:55:45.985994,2026-06-12 00:00:00,https://eofe.fa.us2.oraclecloud.com/hcmUI/CandidateExperience/en/sites/BNY-Careers/job/75143
BNY,75201,"Vice President, Full-Stack Engineer",Software Engineering,Pittsburgh,PA,United States,unknown,Full time,2026-07-20 21:55:47.049986,2026-06-12 00:00:00,https://eofe.fa.us2.oraclecloud.com/hcmUI/CandidateExperience/en/sites/BNY-Careers/job/75201
GOLDMAN_SACHS,178011,"Asset & Wealth Management, Quantitative Equity Solutions - Client Portfolio Management, Vice President",Finance and Accounting,New York,NY,United States,unknown,,2026-07-20 21:55:47.538525,,https://higher.gs.com/roles/178011
GOLDMAN_SACHS,168520,VP Developer Productivity (DXR) Engineer - Dallas,Software Engineering,Dallas,TX,United States,unknown,,2026-07-20 21:55:48.543829,,https://higher.gs.com/roles/168520
BNY,76170,"Senior Director, Engineering Leader",Risk and Compliance,Berwyn,PA,United States,unknown,Full time,2026-07-20 21:55:49.018215,2026-06-12 00:00:00,https://eofe.fa.us2.oraclecloud.com/hcmUI/CandidateExperience/en/sites/BNY-Careers/job/76170
GOLDMAN_SACHS,147204,"Risk, Operational Risk (Artificial Intelligence Coverage), Vice President, Dallas or Salt Lake City",Risk and Compliance,Dallas,TX,United States,unknown,,2026-07-20 21:55:49.582114,,https://higher.gs.com/roles/147204
BNY,76234,"Vice President, Auditor, Operations and Payments",Audit,Pittsburgh,PA,United States,unknown,Full time,2026-07-20 21:55:50.045038,2026-06-12 00:00:00,https://eofe.fa.us2.oraclecloud.com/hcmUI/CandidateExperience/en/sites/BNY-Careers/job/76234
GOLDMAN_SACHS,153407,"Human Capital Management, Pine Street, Leadership Development / Project Management, Senior Analyst, New York",Risk and Compliance,New York,NY,United States,unknown,,2026-07-20 21:55:50.550214,,https://higher.gs.com/roles/153407
BNY,76693,"Specialist, Anti Money Laundering/Prevention/KYC Representative II",Risk and Compliance,Pittsburgh,PA,United States,unknown,Full time,2026-07-20 21:55:50.988290,2026-06-12 00:00:00,https://eofe.fa.us2.oraclecloud.com/hcmUI/CandidateExperience/en/sites/BNY-Careers/job/76693
GOLDMAN_SACHS,121099,"Risk, Operational Risk, Associate, Dallas",Risk and Compliance,Dallas,TX,United States,unknown,,2026-07-20 21:55:51.532929,,https://higher.gs.com/roles/121099
BNY,77126,"Specialist, Anti Money Laundering/Prevention/KYC Representative II",Risk and Compliance,Pittsburgh,PA,United States,unknown,Full time,2026-07-20 21:55:51.999291,2026-08-14 00:00:00,https://eofe.fa.us2.oraclecloud.com/hcmUI/CandidateExperience/en/sites/BNY-Careers/job/77126
GOLDMAN_SACHS,158821,"Internal Audit, Artificial Intelligence Audit Vice President, Dallas",Audit,Dallas,TX,United States,unknown,,2026-07-20 21:55:52.551281,,https://higher.gs.com/roles/158821
BNY,77127,"Senior Specialist, Anti Money Laundering/Prevention/Know Your Client",Risk and Compliance,Pittsburgh,PA,United States,unknown,Full time,2026-07-20 21:55:53.000054,2026-06-12 00:00:00,https://eofe.fa.us2.oraclecloud.com/hcmUI/CandidateExperience/en/sites/BNY-Careers/job/77127
GOLDMAN_SACHS,176632,"Asset & Wealth Management, MAS, Portfolio Management – Third Party Wealth and Strategic Partnerships, Vice President- New York",Risk and Compliance,New York,NY,United States,unknown,,2026-07-20 21:55:53.552176,,https://higher.gs.com/roles/176632
BNY,77128,"Specialist, Onboarding/Transitions/Conversions/KYC/Representative II",Risk and Compliance,Pittsburgh,PA,United States,unknown,Full time,2026-07-20 21:55:54.025612,2026-06-12 00:00:00,https://eofe.fa.us2.oraclecloud.com/hcmUI/CandidateExperience/en/sites/BNY-Careers/job/77128
GOLDMAN_SACHS,167668,"Asset & Wealth Management, Committee Governance, Associate - Dallas",Risk and Compliance,Dallas,TX,United States,unknown,,2026-07-20 21:55:54.555395,,https://higher.gs.com/roles/167668
BNY,78267,"Vice President, Corporate Trust Transaction Manager",Legal,Houston,TX,United States,unknown,Full time,2026-07-20 21:55:54.985587,2026-06-12 00:00:00,https://eofe.fa.us2.oraclecloud.com/hcmUI/CandidateExperience/en/sites/BNY-Careers/job/78267
BNY,78268,"Vice President, Corporate Trust Transaction Manager",Legal,Houston,TX,United States,unknown,Full time,2026-07-20 21:55:56.062102,2026-06-12 00:00:00,https://eofe.fa.us2.oraclecloud.com/hcmUI/CandidateExperience/en/sites/BNY-Careers/job/78268
GOLDMAN_SACHS,177854,Wealth Management-Private Wealth Management-Margin Lending-Salt Lake City-Vice President,Risk and Compliance,Salt Lake City,UT,United States,unknown,,2026-07-20 21:55:56.583498,,https://higher.gs.com/roles/177854
BNY,78410,"Director, Product Design",Operations,New York,NY,United States,unknown,Full time,2026-07-20 21:55:56.985938,2026-06-12 00:00:00,https://eofe.fa.us2.oraclecloud.com/hcmUI/CandidateExperience/en/sites/BNY-Careers/job/78410
BNY,78522,"Vice President, SAR Investigations",Risk and Compliance,Pittsburgh,PA,United States,unknown,Full time,2026-07-20 21:55:58.094237,2026-06-12 00:00:00,https://eofe.fa.us2.oraclecloud.com/hcmUI/CandidateExperience/en/sites/BNY-Careers/job/78522
GOLDMAN_SACHS,160810,"Product Management, Asset & Wealth Management, Private Wealth Management - Miami",Risk and Compliance,Miami,FL,United States,unknown,,2026-07-20 21:55:58.584723,,https://higher.gs.com/roles/160810
BNY,78620,"Senior Vice President, Audit Leader, Audit Practice and Quality",Audit,New York,NY,United States,unknown,Full time,2026-07-20 21:55:59.110767,2026-06-12 00:00:00,https://eofe.fa.us2.oraclecloud.com/hcmUI/CandidateExperience/en/sites/BNY-Careers/job/78620
BNY,73364,"Senior Director, Client Executive - Tech",Sales and Relationship Management,San Francisco,CA,United States,unknown,Full time,2026-07-20 21:56:00.103162,2026-06-11 00:00:00,https://eofe.fa.us2.oraclecloud.com/hcmUI/CandidateExperience/en/sites/BNY-Careers/job/73364
BNY,74107,"Vice President, Client Operations",Risk and Compliance,Boston,MA,United States,unknown,Full time,2026-07-20 21:56:01.042660,2026-06-11 00:00:00,https://eofe.fa.us2.oraclecloud.com/hcmUI/CandidateExperience/en/sites/BNY-Careers/job/74107
GOLDMAN_SACHS,158822,"Internal Audit, Cloud Technology Audit, Vice President, Dallas",Audit,Dallas,TX,United States,unknown,,2026-07-20 21:56:01.614802,,https://higher.gs.com/roles/158822
BNY,76575,"Director, Fund/Client Accounting Manager",Finance and Accounting,Boston,MA,United States,unknown,Full time,2026-07-20 21:56:02.040297,2026-06-11 00:00:00,https://eofe.fa.us2.oraclecloud.com/hcmUI/CandidateExperience/en/sites/BNY-Careers/job/76575
GOLDMAN_SACHS,165512,"Risk, Americas Equity Market Risk (Lead), Vice President, New York",Risk and Compliance,New York,NY,United States,unknown,,2026-07-20 21:56:02.644461,,https://higher.gs.com/roles/165512
BNY,76730,"Specialist, Middle Office Representative II",Operations,Pittsburgh,PA,United States,unknown,Full time,2026-07-20 21:56:03.028534,2026-06-11 00:00:00,https://eofe.fa.us2.oraclecloud.com/hcmUI/CandidateExperience/en/sites/BNY-Careers/job/76730
GOLDMAN_SACHS,169219,"Asset & Wealth Management, Private, Real Estate Divisional CFO, Associate - Dallas",Cloud and Infrastructure,Dallas,TX,United States,unknown,,2026-07-20 21:56:03.657223,,https://higher.gs.com/roles/169219
BNY,76796,"Director, Azure Cloud / Entra ID Engineering / IAM",Risk and Compliance,Pittsburgh,PA,United States,unknown,Full time,2026-07-20 21:56:04.061179,2026-06-11 00:00:00,https://eofe.fa.us2.oraclecloud.com/hcmUI/CandidateExperience/en/sites/BNY-Careers/job/76796
BNY,77478,"Specialist, Client Processing II",Operations,Berwyn,PA,United States,unknown,Full time,2026-07-20 21:56:05.031133,2026-06-11 00:00:00,https://eofe.fa.us2.oraclecloud.com/hcmUI/CandidateExperience/en/sites/BNY-Careers/job/77478
BNY,77797,"Vice President, Production Services Application Support",Operations,Lake Mary,FL,United States,unknown,Full time,2026-07-20 21:56:06.125330,2026-06-11 00:00:00,https://eofe.fa.us2.oraclecloud.com/hcmUI/CandidateExperience/en/sites/BNY-Careers/job/77797
BNY,78305,"Senior Vice President, Intraday Risk",Risk and Compliance,Pittsburgh,PA,United States,unknown,Full time,2026-07-20 21:56:08.112907,2026-06-11 00:00:00,https://eofe.fa.us2.oraclecloud.com/hcmUI/CandidateExperience/en/sites/BNY-Careers/job/78305
GOLDMAN_SACHS,167421,"AWM, Private Bank, Ultra High Net Worth Underwriter, Vice President- Dallas",Risk and Compliance,Dallas,TX,United States,unknown,,2026-07-20 21:56:08.650119,,https://higher.gs.com/roles/167421
BNY,78306,"Vice President, Credit Risk (Intraday Risk)",Risk and Compliance,Pittsburgh,PA,United States,unknown,Full time,2026-07-20 21:56:09.073497,2026-06-11 00:00:00,https://eofe.fa.us2.oraclecloud.com/hcmUI/CandidateExperience/en/sites/BNY-Careers/job/78306
GOLDMAN_SACHS,161660,"Asset & Wealth Management, Multi-Asset Solutions: Portfolio Construction and Manager Research, Vice President - New York",Risk and Compliance,New York,NY,United States,unknown,,2026-07-20 21:56:09.648959,,https://higher.gs.com/roles/161660
BNY,78360,"Director, Head of Enterprise Collateral Risk (2LOD)",Risk and Compliance,Pittsburgh,PA,United States,unknown,Full time,2026-07-20 21:56:10.043261,2026-06-11 00:00:00,https://eofe.fa.us2.oraclecloud.com/hcmUI/CandidateExperience/en/sites/BNY-Careers/job/78360
BNY,78361,"Vice President, Commercial Real Estate Review Appraiser",Risk and Compliance,Pittsburgh,PA,United States,unknown,Full time,2026-07-20 21:56:11.132008,2026-06-11 00:00:00,https://eofe.fa.us2.oraclecloud.com/hcmUI/CandidateExperience/en/sites/BNY-Careers/job/78361
BNY,78362,"Senior Vice President, Commercial Real Estate Review Appraiser",Risk and Compliance,New York,NY,United States,unknown,Full time,2026-07-20 21:56:12.127641,2026-06-11 00:00:00,https://eofe.fa.us2.oraclecloud.com/hcmUI/CandidateExperience/en/sites/BNY-Careers/job/78362
BNY,72854,"Specialist, Investor Services Operations Representative",Operations,Boston,MA,United States,unknown,Full time,2026-07-20 21:56:13.203176,2026-06-10 00:00:00,https://eofe.fa.us2.oraclecloud.com/hcmUI/CandidateExperience/en/sites/BNY-Careers/job/72854
BNY,72908,"Senior Specialist, Production Services Application Support Analyst",Cloud and Infrastructure,Pittsburgh,PA,United States,unknown,Full time,2026-07-20 21:56:14.081205,2026-06-10 00:00:00,https://eofe.fa.us2.oraclecloud.com/hcmUI/CandidateExperience/en/sites/BNY-Careers/job/72908
BNY,73861,"Specialist, Investor Services Operations Representative",Operations,Boston,MA,United States,unknown,Full time,2026-07-20 21:56:15.136751,2026-06-10 00:00:00,https://eofe.fa.us2.oraclecloud.com/hcmUI/CandidateExperience/en/sites/BNY-Careers/job/73861
BNY,73862,"Specialist, ETF Services II",Operations,Boston,MA,United States,unknown,Full time,2026-07-20 21:56:16.154324,2026-06-10 00:00:00,https://eofe.fa.us2.oraclecloud.com/hcmUI/CandidateExperience/en/sites/BNY-Careers/job/73862
BNY,73867,"Senior Specialist, Investor Services Operations",Operations,Boston,MA,United States,unknown,Full time,2026-07-20 21:56:17.104991,2026-06-10 00:00:00,https://eofe.fa.us2.oraclecloud.com/hcmUI/CandidateExperience/en/sites/BNY-Careers/job/73867
BNY,74247,"Specialist, (Non Supervisory), Fund/Client Accounting Representative II",Finance and Accounting,Boston,MA,United States,unknown,Full time,2026-07-20 21:56:18.218904,2026-06-10 00:00:00,https://eofe.fa.us2.oraclecloud.com/hcmUI/CandidateExperience/en/sites/BNY-Careers/job/74247
BNY,76395,"Senior Director, Technical Product Manager - Digital Assets",Risk and Compliance,New York,NY,United States,unknown,Full time,2026-07-20 21:56:19.173528,2026-06-10 00:00:00,https://eofe.fa.us2.oraclecloud.com/hcmUI/CandidateExperience/en/sites/BNY-Careers/job/76395
BNY,76986,"Senior Specialist, Investor Services Operations",Operations,Westborough,MA,United States,unknown,Full time,2026-07-20 21:56:20.120197,2026-06-10 00:00:00,https://eofe.fa.us2.oraclecloud.com/hcmUI/CandidateExperience/en/sites/BNY-Careers/job/76986
BNY,77055,"Specialist, OPS Data Management & Quantitative Analysis II",Other,Lake Mary,FL,United States,unknown,Full time,2026-07-20 21:56:21.212378,2026-06-10 00:00:00,https://eofe.fa.us2.oraclecloud.com/hcmUI/CandidateExperience/en/sites/BNY-Careers/job/77055
BNY,77091,"Specialist, (Non Supervisory), Fund/Client Accounting Representative II",Finance and Accounting,Pittsburgh,PA,United States,unknown,Full time,2026-07-20 21:56:22.172723,2026-06-10 00:00:00,https://eofe.fa.us2.oraclecloud.com/hcmUI/CandidateExperience/en/sites/BNY-Careers/job/77091
BNY,77092,"Specialist, Fund/Client Accounting Representative",Finance and Accounting,Pittsburgh,PA,United States,unknown,Full time,2026-07-20 21:56:23.164621,2026-06-10 00:00:00,https://eofe.fa.us2.oraclecloud.com/hcmUI/CandidateExperience/en/sites/BNY-Careers/job/77092
GOLDMAN_SACHS,177800,"Controllers, Financial Reporting, Vice President, New York",Finance and Accounting,New York,NY,United States,unknown,,2026-07-20 21:56:23.703189,,https://higher.gs.com/roles/177800
BNY,78133,"Senior Director, Leadership Development",Risk and Compliance,New York,NY,United States,unknown,Full time,2026-07-20 21:56:25.158105,2026-06-10 00:00:00,https://eofe.fa.us2.oraclecloud.com/hcmUI/CandidateExperience/en/sites/BNY-Careers/job/78133
BNY,78141,"Senior Vice President, Talent, Skills & Growth",Human Resources,New York,NY,United States,unknown,Full time,2026-07-20 21:56:26.172862,2026-06-10 00:00:00,https://eofe.fa.us2.oraclecloud.com/hcmUI/CandidateExperience/en/sites/BNY-Careers/job/78141
GOLDMAN_SACHS,177344,"Asset & Wealth Management, Growth Equity Investing, Associate - San Francisco / New York",Cloud and Infrastructure,San Francisco,CA,United States,unknown,,2026-07-20 21:56:26.736123,,https://higher.gs.com/roles/177344
BNY,78206,"Specialist, Anti Money Laundering/Prevention/KYC Representative II",Risk and Compliance,Lake Mary,FL,United States,unknown,Full time,2026-07-20 21:56:27.161153,2026-06-10 00:00:00,https://eofe.fa.us2.oraclecloud.com/hcmUI/CandidateExperience/en/sites/BNY-Careers/job/78206
GOLDMAN_SACHS,177340,"Asset & Wealth Management, Wealth Solutions, Vice President - Dallas",Risk and Compliance,Dallas,TX,United States,unknown,,2026-07-20 21:56:27.754371,,https://higher.gs.com/roles/177340
BNY,78207,"Specialist, Anti Money Laundering/Prevention/KYC Representative II",Risk and Compliance,Lake Mary,FL,United States,unknown,Full time,2026-07-20 21:56:28.146215,2026-06-10 00:00:00,https://eofe.fa.us2.oraclecloud.com/hcmUI/CandidateExperience/en/sites/BNY-Careers/job/78207
GOLDMAN_SACHS,164624,"Internal Audit, Global Banking and Markets, Risk,  Senior Analyst, Dallas",Audit,Dallas,TX,United States,unknown,,2026-07-20 21:56:28.756133,,https://higher.gs.com/roles/164624
BNY,78215,"Specialist, Anti Money Laundering/Prevention/KYC Representative II",Risk and Compliance,Lake Mary,FL,United States,unknown,Full time,2026-07-20 21:56:29.137594,2026-06-10 00:00:00,https://eofe.fa.us2.oraclecloud.com/hcmUI/CandidateExperience/en/sites/BNY-Careers/job/78215
GOLDMAN_SACHS,164566,"Corporate Planning & Management, Strategic Sourcing (Spend Management), Associate, Dallas",Risk and Compliance,Dallas,TX,United States,unknown,,2026-07-20 21:56:29.783536,,https://higher.gs.com/roles/164566
BNY,78217,"Specialist, Anti Money Laundering/Prevention/KYC Representative II",Risk and Compliance,Lake Mary,FL,United States,unknown,Full time,2026-07-20 21:56:30.202871,2026-06-10 00:00:00,https://eofe.fa.us2.oraclecloud.com/hcmUI/CandidateExperience/en/sites/BNY-Careers/job/78217
BNY,78285,"Vice President, IWM Portfolio Management",Risk and Compliance,Seattle,WA,United States,unknown,Full time,2026-07-20 21:56:31.192886,2026-06-10 00:00:00,https://eofe.fa.us2.oraclecloud.com/hcmUI/CandidateExperience/en/sites/BNY-Careers/job/78285
GOLDMAN_SACHS,177168,"Asset & Wealth Management, Private Wealth Management, Goldman Sachs Family Office, Private Client Accounting and Payment Services Lead, Vice President - New York",Finance and Accounting,New York,NY,United States,unknown,,2026-07-20 21:56:31.775550,,https://higher.gs.com/roles/177168
BNY,78590,"Director, Full-Stack Engineer",Software Engineering,New York,NY,United States,hybrid,Full time,2026-07-20 21:56:32.207207,2026-06-10 00:00:00,https://eofe.fa.us2.oraclecloud.com/hcmUI/CandidateExperience/en/sites/BNY-Careers/job/78590
BNY,78593,"Director, Full-Stack Engineer",Software Engineering,Pittsburgh,PA,United States,hybrid,Full time,2026-07-20 21:56:33.214733,2026-06-10 00:00:00,https://eofe.fa.us2.oraclecloud.com/hcmUI/CandidateExperience/en/sites/BNY-Careers/job/78593
BNY,68034,"Senior Vice President, Solution Architect",Risk and Compliance,Pittsburgh,PA,United States,hybrid,Full time,2026-07-20 21:56:34.233172,2026-06-09 00:00:00,https://eofe.fa.us2.oraclecloud.com/hcmUI/CandidateExperience/en/sites/BNY-Careers/job/68034
BNY,74229,"Senior Specialist, OPS Business Process Improvements/Best Practice",Operations,Lake Mary,FL,United States,unknown,Full time,2026-07-20 21:56:35.219907,2026-06-09 00:00:00,https://eofe.fa.us2.oraclecloud.com/hcmUI/CandidateExperience/en/sites/BNY-Careers/job/74229
BNY,74488,"Vice President, Transfer Agency for Digital Assets Product Management",Operations,New York,NY,United States,unknown,Full time,2026-07-20 21:56:36.269864,2026-06-09 00:00:00,https://eofe.fa.us2.oraclecloud.com/hcmUI/CandidateExperience/en/sites/BNY-Careers/job/74488
BNY,74506,"Vice President, Real Estate Fund/Client Accounting Manager",Finance and Accounting,Lake Mary,FL,United States,unknown,Full time,2026-07-20 21:56:37.252664,2026-06-09 00:00:00,https://eofe.fa.us2.oraclecloud.com/hcmUI/CandidateExperience/en/sites/BNY-Careers/job/74506
BNY,75052,"Senior Specialist, Trading Services",Operations,Berwyn,PA,United States,unknown,Full time,2026-07-20 21:56:38.251020,2026-06-09 00:00:00,https://eofe.fa.us2.oraclecloud.com/hcmUI/CandidateExperience/en/sites/BNY-Careers/job/75052
GOLDMAN_SACHS,173068,"Controllers, Legal Entity Controller, Associate, Jersey City",Finance and Accounting,Jersey City,NJ,United States,unknown,,2026-07-20 21:56:38.735057,,https://higher.gs.com/roles/173068
BNY,75195,"Vice President, Full-Stack Engineer",Software Engineering,New York,NY,United States,unknown,Full time,2026-07-20 21:56:39.267986,2026-06-09 00:00:00,https://eofe.fa.us2.oraclecloud.com/hcmUI/CandidateExperience/en/sites/BNY-Careers/job/75195
GOLDMAN_SACHS,118111,"Asset & Wealth Management, Private Wealth Management, Private Wealth Advisor - Houston",Sales and Relationship Management,Houston,TX,United States,unknown,,2026-07-20 21:56:39.754929,,https://higher.gs.com/roles/118111
BNY,76184,"Senior Vice President, System Specialist and App Delivery",Risk and Compliance,Jersey City,NJ,United States,unknown,Full time,2026-07-20 21:56:40.234681,2026-06-09 00:00:00,https://eofe.fa.us2.oraclecloud.com/hcmUI/CandidateExperience/en/sites/BNY-Careers/job/76184
GOLDMAN_SACHS,118109,"Asset & Wealth Management, Private Wealth Management, Private Wealth Advisor, Associate / Vice President - Dallas",Sales and Relationship Management,Dallas,TX,United States,unknown,,2026-07-20 21:56:40.764331,,https://higher.gs.com/roles/118109
BNY,76646,"Vice President, Data Management and Quantitative Analysis I",Risk and Compliance,Boston,MA,United States,unknown,Full time,2026-07-20 21:56:41.337449,2026-06-09 00:00:00,https://eofe.fa.us2.oraclecloud.com/hcmUI/CandidateExperience/en/sites/BNY-Careers/job/76646
GOLDMAN_SACHS,167759,Asset & Wealth Management - Software Engineer - Vice President - Dallas,Software Engineering,Dallas,TX,United States,unknown,,2026-07-20 21:56:41.773544,,https://higher.gs.com/roles/167759
BNY,76712,"Specialist, Client Operations II",Operations,Lake Mary,FL,United States,unknown,Full time,2026-07-20 21:56:42.297557,2026-06-09 00:00:00,https://eofe.fa.us2.oraclecloud.com/hcmUI/CandidateExperience/en/sites/BNY-Careers/job/76712
GOLDMAN_SACHS,161630,"Software Engineer, Global Banking & Markets, Front Office Technology",Software Engineering,Dallas,TX,United States,unknown,,2026-07-20 21:56:42.769673,,https://higher.gs.com/roles/161630
GOLDMAN_SACHS,166507,"Asset & Wealth Management, Private Wealth Management, Goldman Sachs Family Office,  Family Office Solutions (Reporting), Analyst - Dallas, TX",Finance and Accounting,Dallas,TX,United States,unknown,,2026-07-20 21:56:43.784874,,https://higher.gs.com/roles/166507
BNY,76877,"Director, Engineering Group Leader",Software Engineering,Pittsburgh,PA,United States,unknown,Full time,2026-07-20 21:56:44.343754,2026-06-09 00:00:00,https://eofe.fa.us2.oraclecloud.com/hcmUI/CandidateExperience/en/sites/BNY-Careers/job/76877
GOLDMAN_SACHS,176151,"Associate, Quantitative Strategist, Core Planning and Analysis Strats",Risk and Compliance,New York,NY,United States,unknown,,2026-07-20 21:56:44.774915,,https://higher.gs.com/roles/176151
BNY,77381,"Director, POM Product Management",Product Management,New York,NY,United States,unknown,Full time,2026-07-20 21:56:45.442930,2026-06-09 00:00:00,https://eofe.fa.us2.oraclecloud.com/hcmUI/CandidateExperience/en/sites/BNY-Careers/job/77381
GOLDMAN_SACHS,176902,"Asset & Wealth Management, Alternative Capital Markets, Liquidity Solutions Analyst - New York",Risk and Compliance,New York,NY,United States,unknown,,2026-07-20 21:56:45.775641,,https://higher.gs.com/roles/176902
BNY,77398,"Vice President, POM Product Management",Risk and Compliance,New York,NY,United States,unknown,Full time,2026-07-20 21:56:46.326466,2026-06-09 00:00:00,https://eofe.fa.us2.oraclecloud.com/hcmUI/CandidateExperience/en/sites/BNY-Careers/job/77398
GOLDMAN_SACHS,164899,"Internal Audit, Technology Auditor-Investment Banking, Associate",Audit,Dallas,TX,United States,unknown,,2026-07-20 21:56:46.751505,,https://higher.gs.com/roles/164899
BNY,77487,"Senior Vice President, Metrics and Analytics Manager",Risk and Compliance,Pittsburgh,PA,United States,unknown,Full time,2026-07-20 21:56:47.349088,2026-06-09 00:00:00,https://eofe.fa.us2.oraclecloud.com/hcmUI/CandidateExperience/en/sites/BNY-Careers/job/77487
GOLDMAN_SACHS,176764,"Asset & Wealth Management, Design Operations, Associate - New York",Operations,New York,NY,United States,unknown,,2026-07-20 21:56:47.789880,,https://higher.gs.com/roles/176764
BNY,78005,"Senior Specialist, Client Operations - CLO Reporting",Operations,Houston,TX,United States,unknown,Full time,2026-07-20 21:56:48.310130,2026-06-09 00:00:00,https://eofe.fa.us2.oraclecloud.com/hcmUI/CandidateExperience/en/sites/BNY-Careers/job/78005
BNY,78263,"Vice President, Technology Relationship Mgmnt",Software Engineering,New York,NY,United States,unknown,Full time,2026-07-20 21:56:49.348958,2026-06-09 00:00:00,https://eofe.fa.us2.oraclecloud.com/hcmUI/CandidateExperience/en/sites/BNY-Careers/job/78263
BNY,78381,"Senior Vice President, Counsel​ (Asset Servicing)",Legal,Lake Mary,FL,United States,unknown,Full time,2026-07-20 21:56:50.322892,2026-06-09 00:00:00,https://eofe.fa.us2.oraclecloud.com/hcmUI/CandidateExperience/en/sites/BNY-Careers/job/78381
BNY,78556,"Senior Specialist, Senior Executive Assistant",Other,Lake Mary,FL,United States,unknown,Full time,2026-07-20 21:56:51.271079,2026-06-09 00:00:00,https://eofe.fa.us2.oraclecloud.com/hcmUI/CandidateExperience/en/sites/BNY-Careers/job/78556
BNY,74793,"Vice President, Full Stack Engineer",Software Engineering,New York,NY,United States,unknown,Full time,2026-07-20 21:56:52.273722,2026-06-08 00:00:00,https://eofe.fa.us2.oraclecloud.com/hcmUI/CandidateExperience/en/sites/BNY-Careers/job/74793
BNY,76612,"Specialist, Paralegal II – Investments",Legal,Pittsburgh,PA,United States,unknown,Full time,2026-07-20 21:56:53.278313,2026-06-08 00:00:00,https://eofe.fa.us2.oraclecloud.com/hcmUI/CandidateExperience/en/sites/BNY-Careers/job/76612
BNY,77342,"Director, Service Delivery General Management Manager",Risk and Compliance,Pittsburgh,PA,United States,unknown,Full time,2026-07-20 21:56:54.378429,2026-06-08 00:00:00,https://eofe.fa.us2.oraclecloud.com/hcmUI/CandidateExperience/en/sites/BNY-Careers/job/77342
BNY,77744,"Senior Vice President, Client Operations",Operations,Pittsburgh,PA,United States,unknown,Full time,2026-07-20 21:56:55.375300,2026-06-08 00:00:00,https://eofe.fa.us2.oraclecloud.com/hcmUI/CandidateExperience/en/sites/BNY-Careers/job/77744
BNY,78048,"Senior Director, Technology Partnerships",Software Engineering,New York,NY,United States,hybrid,Full time,2026-07-20 21:56:56.380780,2026-06-08 00:00:00,https://eofe.fa.us2.oraclecloud.com/hcmUI/CandidateExperience/en/sites/BNY-Careers/job/78048
BNY,72731,"Vice President, Target Process Application Engineer",Software Engineering,Pittsburgh,PA,United States,unknown,Full time,2026-07-20 21:56:57.316199,2026-06-07 00:00:00,https://eofe.fa.us2.oraclecloud.com/hcmUI/CandidateExperience/en/sites/BNY-Careers/job/72731
BNY,77883,"Senior Vice President, Development Group Lead",Software Engineering,Pittsburgh,PA,United States,unknown,Full time,2026-07-20 21:56:59.373950,2026-06-07 00:00:00,https://eofe.fa.us2.oraclecloud.com/hcmUI/CandidateExperience/en/sites/BNY-Careers/job/77883
BNY,69502,"Specialist, Fund Reporting II",Audit,Lake Mary,FL,United States,unknown,Full time,2026-07-20 21:57:00.350133,2026-06-05 00:00:00,https://eofe.fa.us2.oraclecloud.com/hcmUI/CandidateExperience/en/sites/BNY-Careers/job/69502
BNY,73634,"Vice President, Production Services Infrastructure Support",Cloud and Infrastructure,Pittsburgh,PA,United States,unknown,Full time,2026-07-20 21:57:01.403749,2026-06-05 00:00:00,https://eofe.fa.us2.oraclecloud.com/hcmUI/CandidateExperience/en/sites/BNY-Careers/job/73634
GOLDMAN_SACHS,175563,Global Banking & Markets Operations-ECM Operations-New York-Associate,Risk and Compliance,New York,NY,United States,unknown,,2026-07-20 21:57:01.911799,,https://higher.gs.com/roles/175563
BNY,73907,"Director, Applied AI Product Manager",Risk and Compliance,New York,NY,United States,unknown,Full time,2026-07-20 21:57:02.458719,2026-06-05 00:00:00,https://eofe.fa.us2.oraclecloud.com/hcmUI/CandidateExperience/en/sites/BNY-Careers/job/73907
BNY,76554,"Senior Director, Loans Enablement Platform Controls Lead",Risk and Compliance,New York,NY,United States,unknown,Full time,2026-07-20 21:57:03.414655,2026-06-05 00:00:00,https://eofe.fa.us2.oraclecloud.com/hcmUI/CandidateExperience/en/sites/BNY-Careers/job/76554
BNY,76653,"Vice President, Client Operations, CLO/Structured Debt",Operations,Pittsburgh,PA,United States,unknown,Full time,2026-07-20 21:57:04.458888,2026-06-05 00:00:00,https://eofe.fa.us2.oraclecloud.com/hcmUI/CandidateExperience/en/sites/BNY-Careers/job/76653
BNY,76654,"Senior Vice President, Data Management & Quantitative Analysis",Other,Houston,TX,United States,unknown,Full time,2026-07-20 21:57:05.440906,2026-06-05 00:00:00,https://eofe.fa.us2.oraclecloud.com/hcmUI/CandidateExperience/en/sites/BNY-Careers/job/76654
BNY,77441,"Vice President, Client Operations, CLO/Structured Debt",Operations,Pittsburgh,PA,United States,unknown,Full time,2026-07-20 21:57:06.446334,2026-06-05 00:00:00,https://eofe.fa.us2.oraclecloud.com/hcmUI/CandidateExperience/en/sites/BNY-Careers/job/77441
BNY,77443,"Senior Specialist, CLO Client Operations",Operations,Pittsburgh,PA,United States,unknown,Full time,2026-07-20 21:57:07.655032,2026-06-05 00:00:00,https://eofe.fa.us2.oraclecloud.com/hcmUI/CandidateExperience/en/sites/BNY-Careers/job/77443
BNY,77447,"Senior Specialist, CLO Client Operations",Operations,Houston,TX,United States,unknown,Full time,2026-07-20 21:57:08.547682,2026-06-05 00:00:00,https://eofe.fa.us2.oraclecloud.com/hcmUI/CandidateExperience/en/sites/BNY-Careers/job/77447
GOLDMAN_SACHS,175048,Asset & Wealth Management Operations-Client Service-Trade & Portfolio -Dallas-Vice President,Operations,Dallas,TX,United States,unknown,,2026-07-20 21:57:08.908824,,https://higher.gs.com/roles/175048
BNY,78004,"Vice President, AML Investigator – Digital Assets",Risk and Compliance,Pittsburgh,PA,United States,unknown,Full time,2026-07-20 21:57:09.457329,2026-06-05 00:00:00,https://eofe.fa.us2.oraclecloud.com/hcmUI/CandidateExperience/en/sites/BNY-Careers/job/78004
GOLDMAN_SACHS,176761,"Asset & Management, UI/UX Product Design, Vice President - New York",Risk and Compliance,New York,NY,United States,unknown,,2026-07-20 21:57:09.897169,,https://higher.gs.com/roles/176761
BNY,74277,"Specialist, Client Processing 1",Operations,Houston,TX,United States,unknown,Full time,2026-07-20 21:57:10.472949,2026-06-04 00:00:00,https://eofe.fa.us2.oraclecloud.com/hcmUI/CandidateExperience/en/sites/BNY-Careers/job/74277
GOLDMAN_SACHS,115336,"Risk, Risk Divisional Governance, Associate, Salt Lake City",Risk and Compliance,Salt Lake City,UT,United States,unknown,,2026-07-20 21:57:10.892733,,https://higher.gs.com/roles/115336
BNY,75288,"Senior Specialist, Full-Stack Engineer",Software Engineering,Pittsburgh,PA,United States,unknown,Full time,2026-07-20 21:57:11.508323,2026-06-04 00:00:00,https://eofe.fa.us2.oraclecloud.com/hcmUI/CandidateExperience/en/sites/BNY-Careers/job/75288
GOLDMAN_SACHS,147418,"Asset & Wealth Management, Marcus Business COO Team,  Analyst - Richardson, TX",Risk and Compliance,Richardson,TX,United States,unknown,,2026-07-20 21:57:11.904114,,https://higher.gs.com/roles/147418
BNY,75407,"Senior Vice President, Full-Stack Engineer",Operations,New York,NY,United States,unknown,Full time,2026-07-20 21:57:12.444274,2026-06-04 00:00:00,https://eofe.fa.us2.oraclecloud.com/hcmUI/CandidateExperience/en/sites/BNY-Careers/job/75407
GOLDMAN_SACHS,142714,"Risk, Risk Divisional Governance, Associate, Dallas",Risk and Compliance,Dallas,TX,United States,unknown,,2026-07-20 21:57:12.922052,,https://higher.gs.com/roles/142714
BNY,75743,"Vice President, Client Service",Operations,Lake Mary,FL,United States,unknown,Full time,2026-07-20 21:57:13.454455,2026-06-04 00:00:00,https://eofe.fa.us2.oraclecloud.com/hcmUI/CandidateExperience/en/sites/BNY-Careers/job/75743
GOLDMAN_SACHS,170770,"Compliance Engineering, Site Reliability Engineer SRE, Associate, Dallas",Cloud and Infrastructure,Dallas,TX,United States,unknown,,2026-07-20 21:57:13.932813,,https://higher.gs.com/roles/170770
BNY,76418,"Director, Digital Asset Operations",Risk and Compliance,New York,NY,United States,unknown,Full time,2026-07-20 21:57:14.453397,2026-06-04 00:00:00,https://eofe.fa.us2.oraclecloud.com/hcmUI/CandidateExperience/en/sites/BNY-Careers/job/76418
GOLDMAN_SACHS,126343,"Risk, Credit Risk (Financial Institutions), Vice President, Salt Lake City or Dallas",Risk and Compliance,Salt Lake City,UT,United States,unknown,,2026-07-20 21:57:14.949309,,https://higher.gs.com/roles/126343
BNY,77191,"Senior Vice President, POM Product Management",Risk and Compliance,New York,NY,United States,unknown,Full time,2026-07-20 21:57:15.574606,2026-06-04 00:00:00,https://eofe.fa.us2.oraclecloud.com/hcmUI/CandidateExperience/en/sites/BNY-Careers/job/77191
GOLDMAN_SACHS,175715,Internal Audit-Risk-Dallas-Analyst,Risk and Compliance,Dallas,TX,United States,unknown,,2026-07-20 21:57:15.938378,,https://higher.gs.com/roles/175715
BNY,77268,"Vice President, Full-Stack Engineer",Risk and Compliance,New York,NY,United States,unknown,Full time,2026-07-20 21:57:16.510828,2026-06-04 00:00:00,https://eofe.fa.us2.oraclecloud.com/hcmUI/CandidateExperience/en/sites/BNY-Careers/job/77268
BNY,78044,"Vice President, FIG Client Coverage",Other,New York,NY,United States,unknown,Full time,2026-07-20 21:57:18.554760,2026-06-04 00:00:00,https://eofe.fa.us2.oraclecloud.com/hcmUI/CandidateExperience/en/sites/BNY-Careers/job/78044
GOLDMAN_SACHS,161878,Asset &Wealth Management-Software Engineer-Associate-Dallas,Software Engineering,Dallas,TX,United States,unknown,,2026-07-20 21:57:18.951219,,https://higher.gs.com/roles/161878
BNY,78380,"Director, Managing Counsel - BNY Issuer Services (Corporate Trust, Credit Services and Global Payments and Trade)",Legal,Pittsburgh,PA,United States,unknown,Full time,2026-07-20 21:57:19.490373,2026-06-04 00:00:00,https://eofe.fa.us2.oraclecloud.com/hcmUI/CandidateExperience/en/sites/BNY-Careers/job/78380
GOLDMAN_SACHS,168764,Asset & Wealth Management - AI Solutions Engineer - Associate - Dallas,Software Engineering,Dallas,TX,United States,unknown,,2026-07-20 21:57:19.956584,,https://higher.gs.com/roles/168764
BNY,69582,"Associate, Fund Administration II",Risk and Compliance,Boston,MA,United States,unknown,Full time,2026-07-20 21:57:20.543162,2026-06-03 00:00:00,https://eofe.fa.us2.oraclecloud.com/hcmUI/CandidateExperience/en/sites/BNY-Careers/job/69582
GOLDMAN_SACHS,165262,"Asset & Wealth Management, Private Wealth Management, Goldman Partner Office Invest, Private Wealth Advisor, Associate - New York",Sales and Relationship Management,New York,NY,United States,unknown,,2026-07-28 18:16:17.897340,,https://higher.gs.com/roles/165262
BNY,76777,"Senior Vice President, Full-Stack Engineer",Software Engineering,Jersey City,NJ,United States,unknown,Full time,2026-07-28 18:16:18.008135,2026-07-28 00:00:00,https://eofe.fa.us2.oraclecloud.com/hcmUI/CandidateExperience/en/sites/BNY-Careers/job/76777
GOLDMAN_SACHS,144405,"Asset & Wealth Management, Real Estate Investing – Credit Originations, Vice President / Senior Vice President",Risk and Compliance,Los Angeles,CA,United States,unknown,,2026-07-28 18:16:18.918397,,https://higher.gs.com/roles/144405
BNY,76784,"Senior Vice President, Full-Stack Engineer",Software Engineering,Jersey City,NJ,United States,unknown,Full time,2026-07-28 18:16:19.071412,2026-07-28 00:00:00,https://eofe.fa.us2.oraclecloud.com/hcmUI/CandidateExperience/en/sites/BNY-Careers/job/76784
BNY,77002,"Specialist, Client Processing II",Operations,Dallas,TX,United States,unknown,Full time,2026-07-28 18:16:19.996889,2026-08-14 00:00:00,https://eofe.fa.us2.oraclecloud.com/hcmUI/CandidateExperience/en/sites/BNY-Careers/job/77002
BNY,77124,"Senior Vice President, Data Pipeline Engineer – Ontology & Investment Data Standard (IDS)",Data and AI,Pittsburgh,PA,United States,unknown,Full time,2026-07-28 18:16:22.569425,2026-07-28 00:00:00,https://eofe.fa.us2.oraclecloud.com/hcmUI/CandidateExperience/en/sites/BNY-Careers/job/77124
GOLDMAN_SACHS,180570,"Asset & Wealth Management - New York - Vice President, External Product Specialists -9849489",Risk and Compliance,New York,NY,United States,unknown,,2026-07-28 18:16:22.654241,,https://higher.gs.com/roles/180570
BNY,78106,"Senior Vice President, POM Product Management",Product Management,Jersey City,NJ,United States,unknown,Full time,2026-07-28 18:16:22.872389,2026-07-28 00:00:00,https://eofe.fa.us2.oraclecloud.com/hcmUI/CandidateExperience/en/sites/BNY-Careers/job/78106
BNY,78244,"Specialist, Client Processing Representative II",Operations,Houston,TX,United States,unknown,Full time,2026-07-28 18:16:23.912614,2026-07-28 00:00:00,https://eofe.fa.us2.oraclecloud.com/hcmUI/CandidateExperience/en/sites/BNY-Careers/job/78244
BNY,78965,"Senior Vice President, Group Delivery Lead Manager",Software Engineering,Pittsburgh,PA,United States,unknown,Full time,2026-07-28 18:16:24.888411,2026-07-28 00:00:00,https://eofe.fa.us2.oraclecloud.com/hcmUI/CandidateExperience/en/sites/BNY-Careers/job/78965
BNY,79763,"Vice President, Group Delivery Lead",Risk and Compliance,New York,NY,United States,unknown,Full time,2026-07-28 18:16:25.958303,2026-07-28 00:00:00,https://eofe.fa.us2.oraclecloud.com/hcmUI/CandidateExperience/en/sites/BNY-Careers/job/79763
GOLDMAN_SACHS,179023,Risk-Dallas-Vice President-Software Engineering,Software Engineering,Dallas,TX,United States,unknown,,2026-07-28 18:16:26.686066,,https://higher.gs.com/roles/179023
BNY,79796,"Director, Product Solutions Specialist",Risk and Compliance,New York,NY,United States,hybrid,Full time,2026-07-28 18:16:26.886251,2026-07-28 00:00:00,https://eofe.fa.us2.oraclecloud.com/hcmUI/CandidateExperience/en/sites/BNY-Careers/job/79796
BNY,79794,"Director, Product Solutions Specialist",Risk and Compliance,Pittsburgh,PA,United States,hybrid,Full time,2026-07-28 18:16:27.902365,2026-07-28 00:00:00,https://eofe.fa.us2.oraclecloud.com/hcmUI/CandidateExperience/en/sites/BNY-Careers/job/79794
BNY,79934,"Senior Vice President, Credit Risk",Risk and Compliance,New York,NY,United States,unknown,Full time,2026-07-28 18:16:30.949916,2026-07-28 00:00:00,https://eofe.fa.us2.oraclecloud.com/hcmUI/CandidateExperience/en/sites/BNY-Careers/job/79934
BNY,80079,"Vice President, Full-Stack Engineer",Software Engineering,New York,NY,United States,unknown,Full time,2026-07-28 18:16:31.987270,2026-07-28 00:00:00,https://eofe.fa.us2.oraclecloud.com/hcmUI/CandidateExperience/en/sites/BNY-Careers/job/80079
BNY,80066,"Senior Vice President, Model Risk Management",Risk and Compliance,New York,NY,United States,unknown,Full time,2026-07-28 18:16:33.049473,2026-07-28 00:00:00,https://eofe.fa.us2.oraclecloud.com/hcmUI/CandidateExperience/en/sites/BNY-Careers/job/80066
BNY,80067,"Director - Model Risk Management AI, Wealth and Investment",Risk and Compliance,New York,NY,United States,unknown,Full time,2026-07-28 18:16:33.987682,2026-07-28 00:00:00,https://eofe.fa.us2.oraclecloud.com/hcmUI/CandidateExperience/en/sites/BNY-Careers/job/80067
BNY,80069,"SVP - Model Risk Management AI, Wealth and Investments",Risk and Compliance,New York,NY,United States,unknown,Full time,2026-07-28 18:16:34.966666,2026-07-28 00:00:00,https://eofe.fa.us2.oraclecloud.com/hcmUI/CandidateExperience/en/sites/BNY-Careers/job/80069
BNY,80074,"Director, Credit Risk Review",Risk and Compliance,New York,NY,United States,unknown,Full time,2026-07-28 18:16:36.207985,2026-07-28 00:00:00,https://eofe.fa.us2.oraclecloud.com/hcmUI/CandidateExperience/en/sites/BNY-Careers/job/80074
GOLDMAN_SACHS,180563,"Asset & Wealth Management - New York - Vice President, External Product Specialist - 4505808",Legal,New York,NY,United States,unknown,,2026-07-28 18:16:36.779444,,https://higher.gs.com/roles/180563
BNY,80127,"Senior Vice President, Business Compliance Officer",Risk and Compliance,Pittsburgh,PA,United States,hybrid,Full time,2026-07-28 18:16:37.033826,2026-07-28 00:00:00,https://eofe.fa.us2.oraclecloud.com/hcmUI/CandidateExperience/en/sites/BNY-Careers/job/80127
BNY,80402,"Senior Vice President, POM Product Management",Operations,Pittsburgh,PA,United States,unknown,Full time,2026-07-28 18:16:38.069971,2026-07-28 00:00:00,https://eofe.fa.us2.oraclecloud.com/hcmUI/CandidateExperience/en/sites/BNY-Careers/job/80402
BNY,73080,"Vice President, Workplace Experience Product Manager",Product Management,Boston,MA,United States,unknown,Full time,2026-07-28 18:16:39.131716,2026-07-27 00:00:00,https://eofe.fa.us2.oraclecloud.com/hcmUI/CandidateExperience/en/sites/BNY-Careers/job/73080
GOLDMAN_SACHS,180085,"Global Investment Research, Equity Research, TMT",Risk and Compliance,San Francisco,CA,United States,unknown,,2026-07-28 18:46:15.838183,,https://higher.gs.com/roles/180085
GOLDMAN_SACHS,179119,"Controllers, Private Valuation/Product Control, Vice President, New York",Finance and Accounting,New York,NY,United States,unknown,,2026-07-28 18:46:16.773118,,https://higher.gs.com/roles/179119
BNY,74993,"Vice President, Product Management",Risk and Compliance,Berwyn,PA,United States,unknown,Full time,2026-08-20 19:42:08.641240,2026-08-20 00:00:00,https://eofe.fa.us2.oraclecloud.com/hcmUI/CandidateExperience/en/sites/BNY-Careers/job/74993
BNY,76519,"Vice President, Presentation Designer",Risk and Compliance,Boston,MA,United States,unknown,Full time,2026-08-20 19:42:09.894180,2026-08-20 00:00:00,https://eofe.fa.us2.oraclecloud.com/hcmUI/CandidateExperience/en/sites/BNY-Careers/job/76519
BNY,77449,"Director, Application Development Manager",Software Engineering,Lake Mary,FL,United States,unknown,Full time,2026-08-20 19:42:10.708795,2026-08-20 00:00:00,https://eofe.fa.us2.oraclecloud.com/hcmUI/CandidateExperience/en/sites/BNY-Careers/job/77449
WELLS_FARGO,R-562866,"Personal Banker, Ignacio, CO",Risk and Compliance,Ignacio,CO,United States,unknown,Full time,2026-08-20 19:42:11.463277,2026-07-22 00:00:00,https://www.wellsfargojobs.com/en/jobs/r-562866/personal-banker-ignacio-co/
WELLS_FARGO,R-563031,Teller Santa Fe,Risk and Compliance,Santa Fe,NM,United States,unknown,Full time,2026-08-20 19:42:11.514020,2026-07-23 00:00:00,https://www.wellsfargojobs.com/en/jobs/r-563031/teller-santa-fe/
WELLS_FARGO,R-556942,Branch Operations Coordinator Cheyenne,Risk and Compliance,Cheyenne,WY,United States,unknown,Full time,2026-08-20 19:42:11.561518,2026-07-24 00:00:00,https://www.wellsfargojobs.com/en/jobs/r-556942/branch-operations-coordinator-cheyenne/
WELLS_FARGO,R-563632,Branch Manager Casper Wyoming,Risk and Compliance,Casper,WY,United States,unknown,Full time,2026-08-20 19:42:11.624664,2026-07-27 00:00:00,https://www.wellsfargojobs.com/en/jobs/r-563632/branch-manager-casper-wyoming/
WELLS_FARGO,R-560468,CA-WA Mortgage Retail Sales Consultant,Risk and Compliance,Irvine,CA,United States,unknown,Full time,2026-08-20 19:42:11.676316,2026-07-27 00:00:00,https://www.wellsfargojobs.com/en/jobs/r-560468/ca-wa-mortgage-retail-sales-consultant/
WELLS_FARGO,R-564008,Mortgage Retail Sales Consultant (SAFE) San Antonio,Risk and Compliance,San Antonio,TX,United States,unknown,,2026-08-20 19:42:11.716141,2026-07-27 00:00:00,https://www.wellsfargojobs.com/en/jobs/r-564008/mortgage-retail-sales-consultant-safe-san-antonio/
WELLS_FARGO,R-563019,"Executive Director, Senior Lead Commercial Banking Relationship Manager",Sales and Relationship Management,Green Bay,WI,United States,unknown,Full time,2026-08-20 19:42:11.764586,2026-07-28 00:00:00,https://www.wellsfargojobs.com/en/jobs/r-563019/executive-director-senior-lead-commercial-banking-relationship-manager/
WELLS_FARGO,R-564291,"Executive Director, Commercial Banking Relationship Manager - Middle Market",Sales and Relationship Management,Pittsburgh,PA,United States,unknown,Full time,2026-08-20 19:42:11.858523,2026-07-28 00:00:00,https://www.wellsfargojobs.com/en/jobs/r-564291/executive-director-commercial-banking-relationship-manager-middle-market/
WELLS_FARGO,R-564488,Mortgage Retail Sales Consultant (SAFE),Risk and Compliance,Minneapolis,MN,United States,unknown,Full time,2026-08-20 19:42:11.909362,2026-07-29 00:00:00,https://www.wellsfargojobs.com/en/jobs/r-564488/mortgage-retail-sales-consultant-safe/
WELLS_FARGO,R-564918,CA-WA Private Mortgage Banker,Risk and Compliance,Walnut Creek,CA,United States,unknown,Full time,2026-08-20 19:42:11.953037,2026-07-30 00:00:00,https://www.wellsfargojobs.com/en/jobs/r-564918/ca-wa-private-mortgage-banker/
WELLS_FARGO,R-565342,Personal Banker Sturgis,Risk and Compliance,Sturgis,SD,United States,unknown,Full time,2026-08-20 19:42:12.097824,2026-07-31 00:00:00,https://www.wellsfargojobs.com/en/jobs/r-565342/personal-banker-sturgis/
BNY,77673,"Vice President, AI / Machine Learning Data Engineering",Data and AI,Lake Mary,FL,United States,unknown,Full time,2026-08-20 19:42:12.577627,2026-08-20 00:00:00,https://eofe.fa.us2.oraclecloud.com/hcmUI/CandidateExperience/en/sites/BNY-Careers/job/77673
GOLDMAN_SACHS,181442,"Internal Audit - Dallas - Associate, Technology Audit - 10252614",Audit,Dallas,TX,United States,unknown,,2026-08-20 19:42:14.716112,,https://higher.gs.com/roles/181442
BNY,80249,"Vice President, Client Operations - CLO/Structured Debt",Operations,Houston,TX,United States,unknown,Full time,2026-08-20 19:42:15.461993,2026-08-20 00:00:00,https://eofe.fa.us2.oraclecloud.com/hcmUI/CandidateExperience/en/sites/BNY-Careers/job/80249
GOLDMAN_SACHS,170007,VP Software Engineer - Global Banking & Markets - CTL/Equities Engineering,Operations,New York,NY,United States,unknown,,2026-08-20 19:42:15.848940,,https://higher.gs.com/roles/170007
BNY,80252,"Vice President, Client Operations - CLO/Structured Debt",Operations,Houston,TX,United States,unknown,Full time,2026-08-20 19:42:16.466956,2026-08-20 00:00:00,https://eofe.fa.us2.oraclecloud.com/hcmUI/CandidateExperience/en/sites/BNY-Careers/job/80252
BNY,80254,"Vice President, Client Operations - CLO/Structured Debt",Operations,Houston,TX,United States,unknown,Full time,2026-08-20 19:42:17.520145,2026-08-20 00:00:00,https://eofe.fa.us2.oraclecloud.com/hcmUI/CandidateExperience/en/sites/BNY-Careers/job/80254
BNY,80809,"Senior Vice President, Fiduciary",Risk and Compliance,Newport Beach,CA,United States,unknown,Full time,2026-08-20 19:42:18.517596,2026-08-20 00:00:00,https://eofe.fa.us2.oraclecloud.com/hcmUI/CandidateExperience/en/sites/BNY-Careers/job/80809
GOLDMAN_SACHS,175479,"Asset & Wealth Management, UI/UX Design, Associate - New York",Product Management,New York,NY,United States,unknown,,2026-08-20 19:42:18.842121,,https://higher.gs.com/roles/175479
BNY,81109,"Senior Vice President, Client Service Executive",Risk and Compliance,Houston,TX,United States,hybrid,Full time,2026-08-20 19:42:19.515455,2026-08-20 00:00:00,https://eofe.fa.us2.oraclecloud.com/hcmUI/CandidateExperience/en/sites/BNY-Careers/job/81109
GOLDMAN_SACHS,181066,"Asset & Wealth Management - Miami - Associate, Business Development Professional - 10243338",Sales and Relationship Management,Miami,FL,United States,unknown,,2026-08-20 19:42:19.849026,,https://higher.gs.com/roles/181066
BNY,81200,"Senior Vice President, POM Product Management",Cloud and Infrastructure,New York,NY,United States,hybrid,Full time,2026-08-20 19:42:21.550604,2026-08-20 00:00:00,https://eofe.fa.us2.oraclecloud.com/hcmUI/CandidateExperience/en/sites/BNY-Careers/job/81200
BNY,74256,"Vice President, Client Service Management (Global Collateral)",Other,Lake Mary,FL,United States,unknown,Full time,2026-08-20 19:42:22.506510,2026-08-19 00:00:00,https://eofe.fa.us2.oraclecloud.com/hcmUI/CandidateExperience/en/sites/BNY-Careers/job/74256
BNY,75727,"Director, Fund Reporting Manager",Risk and Compliance,Boston,MA,United States,unknown,Full time,2026-08-20 19:42:24.518370,2026-08-19 00:00:00,https://eofe.fa.us2.oraclecloud.com/hcmUI/CandidateExperience/en/sites/BNY-Careers/job/75727
BNY,77672,"Senior Vice President,  AI / Machine Learning Data Engineer",Data and AI,Lake Mary,FL,United States,unknown,Full time,2026-08-20 19:42:25.547097,2026-08-19 00:00:00,https://eofe.fa.us2.oraclecloud.com/hcmUI/CandidateExperience/en/sites/BNY-Careers/job/77672
BNY,78670,"Vice President, Client Operations Manager",Operations,New York,NY,United States,unknown,Full time,2026-08-20 19:42:26.528784,2026-08-19 00:00:00,https://eofe.fa.us2.oraclecloud.com/hcmUI/CandidateExperience/en/sites/BNY-Careers/job/78670
BNY,80170,"Senior Specialist, Client Processing",Operations,Lake Mary,FL,United States,unknown,Full time,2026-08-20 19:42:27.572308,2026-08-19 00:00:00,https://eofe.fa.us2.oraclecloud.com/hcmUI/CandidateExperience/en/sites/BNY-Careers/job/80170
GOLDMAN_SACHS,160554,"Asset & Wealth Management, Private Wealth Management, AI Product Management, Vice President - New York",Risk and Compliance,New York,NY,United States,unknown,,2026-08-20 19:42:27.706549,,https://higher.gs.com/roles/160554
GOLDMAN_SACHS,162928,"Asset & Wealth Management, Product Management, Associate - Albany",Product Management,Albany,NY,United States,unknown,,2026-08-20 19:42:27.827332,,https://higher.gs.com/roles/162928
BNY,80172,"Senior Specialist, Client Processing",Operations,Lake Mary,FL,United States,unknown,Full time,2026-08-20 19:42:28.535917,2026-08-19 00:00:00,https://eofe.fa.us2.oraclecloud.com/hcmUI/CandidateExperience/en/sites/BNY-Careers/job/80172
GOLDMAN_SACHS,168400,"Asset & Wealth Management, Product Management, Vice President - New York",Risk and Compliance,New York,NY,United States,unknown,,2026-08-20 19:42:28.804542,,https://higher.gs.com/roles/168400
BNY,80175,"Senior Vice President, Client Processing Manager",Operations,New York,NY,United States,unknown,Full time,2026-08-20 19:42:29.540481,2026-08-19 00:00:00,https://eofe.fa.us2.oraclecloud.com/hcmUI/CandidateExperience/en/sites/BNY-Careers/job/80175
GOLDMAN_SACHS,168399,"Asset & Wealth Management, Product Management, Associate - New York",Risk and Compliance,New York,NY,United States,unknown,,2026-08-20 19:42:29.820859,,https://higher.gs.com/roles/168399
GOLDMAN_SACHS,173819,"Asset & Wealth Management, Product Management, Associate - Dallas",Risk and Compliance,Dallas,TX,United States,unknown,,2026-08-20 19:42:31.853158,,https://higher.gs.com/roles/173819
GOLDMAN_SACHS,176858,"Asset & Wealth Management - Money Movement & Payment Rails, Software Engineering - Vice President - Richardson",Risk and Compliance,Richardson,TX,United States,unknown,,2026-08-20 19:42:32.851334,,https://higher.gs.com/roles/176858
GOLDMAN_SACHS,177166,"Product Manager, Asset & Wealth Management, Private Wealth Management",Product Management,New York,NY,United States,unknown,,2026-08-20 19:42:34.868124,,https://higher.gs.com/roles/177166
GOLDMAN_SACHS,174129,"Product Management, Asset & Wealth Management, Private Wealth Management - Miami / New York City",Risk and Compliance,Miami,FL,United States,unknown,,2026-08-20 19:42:37.876942,,https://higher.gs.com/roles/174129
WELLS_FARGO,R-565079,Private Mortgage Banking Associate Manager (SAFE),Risk and Compliance,Los Angeles,CA,United States,unknown,Full time,2026-08-20 19:45:18.886697,2026-07-31 00:00:00,https://www.wellsfargojobs.com/en/jobs/r-565079/private-mortgage-banking-associate-manager-safe/
WELLS_FARGO,R-562721,Personal Banker Sitka Branch,Risk and Compliance,Sitka,AK,United States,unknown,Full time,2026-08-20 19:45:18.984616,2026-08-03 00:00:00,https://www.wellsfargojobs.com/en/jobs/r-562721/personal-banker-sitka-branch/
WELLS_FARGO,R-565551,Personal Banker Sioux Falls,Risk and Compliance,Sioux Falls,SD,United States,unknown,Full time,2026-08-20 19:45:19.032820,2026-08-03 00:00:00,https://www.wellsfargojobs.com/en/jobs/r-565551/personal-banker-sioux-falls/
WELLS_FARGO,R-565605,Teller Conifer,Risk and Compliance,Conifer,CO,United States,unknown,Full time,2026-08-20 19:45:19.077427,2026-08-04 00:00:00,https://www.wellsfargojobs.com/en/jobs/r-565605/teller-conifer/
WELLS_FARGO,R-566227,Senior Premier Banker Chandler District,Risk and Compliance,Chandler,AZ,United States,unknown,Full time,2026-08-20 19:45:19.141484,2026-08-05 00:00:00,https://www.wellsfargojobs.com/en/jobs/r-566227/senior-premier-banker-chandler-district/
WELLS_FARGO,R-566479,Personal Banker | The Castro,Risk and Compliance,San Francisco,CA,United States,unknown,Full time,2026-08-20 19:45:19.192162,2026-08-05 00:00:00,https://www.wellsfargojobs.com/en/jobs/r-566479/personal-banker-the-castro/
WELLS_FARGO,R-565285,Principal Mid-Corporate Relationship Manager,Sales and Relationship Management,Seattle,WA,United States,unknown,Full time,2026-08-20 19:45:19.260502,2026-08-05 00:00:00,https://www.wellsfargojobs.com/en/jobs/r-565285/principal-mid-corporate-relationship-manager/
WELLS_FARGO,R-566601,Relationship Banker - Santa Paula Branch,Risk and Compliance,Santa Paula,CA,United States,unknown,,2026-08-20 19:45:19.390826,2026-08-06 00:00:00,https://www.wellsfargojobs.com/en/jobs/r-566601/relationship-banker-santa-paula-branch/
WELLS_FARGO,R-566001,Personal Banker Yerington,Risk and Compliance,Yerington,NV,United States,unknown,Full time,2026-08-20 19:45:19.438205,2026-08-06 00:00:00,https://www.wellsfargojobs.com/en/jobs/r-566001/personal-banker-yerington/
WELLS_FARGO,R-566684,Senior Business Banking Relationship Manager (LO),Risk and Compliance,Campbell,CA,United States,unknown,Full time,2026-08-20 19:45:19.481579,2026-08-06 00:00:00,https://www.wellsfargojobs.com/en/jobs/r-566684/senior-business-banking-relationship-manager-lo/
WELLS_FARGO,R-566894,Teller Part Time Hillsdale,Risk and Compliance,San Mateo,CA,United States,unknown,Part time,2026-08-20 19:45:19.580561,2026-08-07 00:00:00,https://www.wellsfargojobs.com/en/jobs/r-566894/teller-part-time-hillsdale/
WELLS_FARGO,R-566845,Principal Commercial Banking Relationship Manager,Risk and Compliance,Irvine,CA,United States,unknown,Full time,2026-08-20 19:45:19.692571,2026-08-07 00:00:00,https://www.wellsfargojobs.com/en/jobs/r-566845/principal-commercial-banking-relationship-manager/
WELLS_FARGO,R-565302,Teller Part Time Quarry Creek,Risk and Compliance,Oceanside,CA,United States,unknown,Part time,2026-08-20 19:45:19.759077,2026-08-07 00:00:00,https://www.wellsfargojobs.com/en/jobs/r-565302/teller-part-time-quarry-creek/
WELLS_FARGO,R-566141,Teller Part Time W Bell And N 33rd Ave,Risk and Compliance,Phoenix,AZ,United States,unknown,Part time,2026-08-20 19:45:19.808035,2026-08-07 00:00:00,https://www.wellsfargojobs.com/en/jobs/r-566141/teller-part-time-w-bell-and-n-33rd-ave/
WELLS_FARGO,R-567419,Mortgage Retail Sales Coordinator (SAFE),Risk and Compliance,Minneapolis,MN,United States,unknown,Full time,2026-08-20 19:45:19.960262,2026-08-11 00:00:00,https://www.wellsfargojobs.com/en/jobs/r-567419/mortgage-retail-sales-coordinator-safe/
WELLS_FARGO,R-567777,Senior Premier Banker - Colorado North District,Risk and Compliance,Fort Collins,CO,United States,unknown,,2026-08-20 19:45:20.039247,2026-08-11 00:00:00,https://www.wellsfargojobs.com/en/jobs/r-567777/senior-premier-banker-colorado-north-district/
WELLS_FARGO,R-567637,Teller Bilingual Part Time Midvale Park,Risk and Compliance,Tucson,AZ,United States,unknown,Part time,2026-08-20 19:45:20.094722,2026-08-11 00:00:00,https://www.wellsfargojobs.com/en/jobs/r-567637/teller-bilingual-part-time-midvale-park/
WELLS_FARGO,R-567924,"Senior Internal & Executive Communications Lead, Cross-CIB Communications",Risk and Compliance,Boston,MA,United States,unknown,Full time,2026-08-20 19:45:20.137296,2026-08-12 00:00:00,https://www.wellsfargojobs.com/en/jobs/r-567924/senior-internal-executive-communications-lead-cross-cib-communications/
WELLS_FARGO,R-556843,Teller Part Time Belle Hall,Risk and Compliance,Mount Pleasant,SC,United States,unknown,Part time,2026-08-20 19:45:20.196183,2026-08-12 00:00:00,https://www.wellsfargojobs.com/en/jobs/r-556843/teller-part-time-belle-hall/
WELLS_FARGO,R-568156,Senior Premier Banker Brooklyn Navy Yards DeNovo,Risk and Compliance,Brooklyn,NY,United States,unknown,Full time,2026-08-20 19:45:20.259150,2026-08-12 00:00:00,https://www.wellsfargojobs.com/en/jobs/r-568156/senior-premier-banker-brooklyn-navy-yards-denovo/
WELLS_FARGO,R-564881,Private Mortgage Banker,Risk and Compliance,Alameda,CA,United States,unknown,Full time,2026-08-20 19:45:20.317835,2026-08-12 00:00:00,https://www.wellsfargojobs.com/en/jobs/r-564881/private-mortgage-banker/
WELLS_FARGO,R-566440,"Roving Personal Banker Bullhead City, Fort Mohave, Kingman",Risk and Compliance,Bullhead City,AZ,United States,unknown,Full time,2026-08-20 19:45:20.366370,2026-08-12 00:00:00,https://www.wellsfargojobs.com/en/jobs/r-566440/roving-personal-banker-bullhead-city-fort-mohave-kingman/
WELLS_FARGO,R-566640,Registered Client Associate,Risk and Compliance,Mclean,VA,United States,unknown,Full time,2026-08-20 19:45:20.412131,2026-08-12 00:00:00,https://www.wellsfargojobs.com/en/jobs/r-566640/registered-client-associate/
WELLS_FARGO,R-567865,Lead Systems Operations Engineer- Informatica,Cloud and Infrastructure,Charlotte,NC,United States,unknown,Full time,2026-08-20 19:45:20.540504,2026-08-12 00:00:00,https://www.wellsfargojobs.com/en/jobs/r-567865/lead-systems-operations-engineer-informatica/
WELLS_FARGO,R-563185,Teller Part Time Colorado Gunnison District,Risk and Compliance,Gunnison,CO,United States,unknown,Part time,2026-08-20 19:45:20.598465,2026-07-24 00:00:00,https://www.wellsfargojobs.com/en/jobs/r-563185/teller-part-time-colorado-gunnison-district/
WELLS_FARGO,R-567613,Roving Personal Banker Bilingual Spanish Central Coast District,Risk and Compliance,Grover Beach,CA,United States,unknown,Full time,2026-08-20 19:45:20.712346,2026-08-13 00:00:00,https://www.wellsfargojobs.com/en/jobs/r-567613/roving-personal-banker-bilingual-spanish-central-coast-district/
WELLS_FARGO,R-567983,Teller Part Time Kennewick,Risk and Compliance,Kennewick,WA,United States,unknown,Part time,2026-08-20 19:45:20.785744,2026-08-13 00:00:00,https://www.wellsfargojobs.com/en/jobs/r-567983/teller-part-time-kennewick/
WELLS_FARGO,R-568206,Branch Manager Trainee | Central Virginia District | Roanoke Area Branches,Risk and Compliance,Roanoke,VA,United States,unknown,Full time,2026-08-20 19:45:20.877126,2026-08-13 00:00:00,https://www.wellsfargojobs.com/en/jobs/r-568206/branch-manager-trainee-central-virginia-district-roanoke-area-branches/
WELLS_FARGO,R-565322,Senior Branch Premier Banker Armonk Branch,Risk and Compliance,Armonk,NY,United States,unknown,Full time,2026-08-20 19:45:20.993492,2026-08-14 00:00:00,https://www.wellsfargojobs.com/en/jobs/r-565322/senior-branch-premier-banker-armonk-branch/
WELLS_FARGO,R-568250,Teller Part Time Highlands Ranch South,Risk and Compliance,Highlands Ranch,CO,United States,unknown,Part time,2026-08-20 19:45:21.067187,2026-08-14 00:00:00,https://www.wellsfargojobs.com/en/jobs/r-568250/teller-part-time-highlands-ranch-south/
WELLS_FARGO,R-568556,Loan Workout Specialist,Risk and Compliance,Des Moines,IA,United States,unknown,Full time,2026-08-20 19:45:21.108012,2026-08-14 00:00:00,https://www.wellsfargojobs.com/en/jobs/r-568556/loan-workout-specialist/
WELLS_FARGO,R-568683,Teller Santa Cruz,Risk and Compliance,Santa Cruz,CA,United States,unknown,Full time,2026-08-20 19:45:21.170813,2026-08-14 00:00:00,https://www.wellsfargojobs.com/en/jobs/r-568683/teller-santa-cruz/
WELLS_FARGO,R-568369,Teller Part Time Glenbrook,Risk and Compliance,Grass Valley,CA,United States,unknown,Part time,2026-08-20 19:45:21.230496,2026-08-13 00:00:00,https://www.wellsfargojobs.com/en/jobs/r-568369/teller-part-time-glenbrook/
WELLS_FARGO,R-568510,Personal Banker Berkeley Branch in Goldsboro NC,Risk and Compliance,Goldsboro,NC,United States,unknown,Full time,2026-08-20 19:45:21.281773,2026-08-14 00:00:00,https://www.wellsfargojobs.com/en/jobs/r-568510/personal-banker-berkeley-branch-in-goldsboro-nc/
WELLS_FARGO,R-568547,Bilingual Personal Banker Waters Ave (Spanish Required),Risk and Compliance,Tampa,FL,United States,unknown,Full time,2026-08-20 19:45:21.344672,2026-08-14 00:00:00,https://www.wellsfargojobs.com/en/jobs/r-568547/bilingual-personal-banker-waters-ave-spanish-required/
WELLS_FARGO,R-568886,Personal Banker Midwest Charlotte District,Risk and Compliance,Gastonia,NC,United States,unknown,Full time,2026-08-20 19:45:21.396944,2026-08-14 00:00:00,https://www.wellsfargojobs.com/en/jobs/r-568886/personal-banker-midwest-charlotte-district/
WELLS_FARGO,R-567459,Teller University And Gilbert,Risk and Compliance,Mesa,AZ,United States,unknown,Full time,2026-08-20 19:45:21.455765,2026-08-14 00:00:00,https://www.wellsfargojobs.com/en/jobs/r-567459/teller-university-and-gilbert/
WELLS_FARGO,R-568955,Personal Banker | West Portal,Risk and Compliance,San Francisco,CA,United States,unknown,Full time,2026-08-20 19:45:21.506389,2026-08-14 00:00:00,https://www.wellsfargojobs.com/en/jobs/r-568955/personal-banker-west-portal/
WELLS_FARGO,R-568811,Teller Part Time West Covina Heights,Risk and Compliance,West Covina,CA,United States,unknown,Part time,2026-08-20 19:45:21.567636,2026-08-14 00:00:00,https://www.wellsfargojobs.com/en/jobs/r-568811/teller-part-time-west-covina-heights/
WELLS_FARGO,R-568725,Teller Tamaqua,Risk and Compliance,Tamaqua,PA,United States,unknown,Full time,2026-08-20 19:45:21.619171,2026-08-17 00:00:00,https://www.wellsfargojobs.com/en/jobs/r-568725/teller-tamaqua/
WELLS_FARGO,R-568834,Personal Banker Valdez,Risk and Compliance,Valdez,AK,United States,unknown,Full time,2026-08-20 19:45:21.686340,2026-08-17 00:00:00,https://www.wellsfargojobs.com/en/jobs/r-568834/personal-banker-valdez/
WELLS_FARGO,R-568650,Teller Part Time Comfort and MB,Risk and Compliance,Comfort,TX,United States,unknown,Part time,2026-08-20 19:45:21.797778,2026-08-17 00:00:00,https://www.wellsfargojobs.com/en/jobs/r-568650/teller-part-time-comfort-and-mb/
WELLS_FARGO,R-568982,"Senior Premier Banker Platt Village - West Hills, CA",Risk and Compliance,West Hills,CA,United States,unknown,Full time,2026-08-20 19:45:21.871158,2026-08-17 00:00:00,https://www.wellsfargojobs.com/en/jobs/r-568982/senior-premier-banker-platt-village-west-hills-ca/
WELLS_FARGO,R-568583,Branch Operations Manager Hewitt Woodway,Risk and Compliance,Waco,TX,United States,unknown,Full time,2026-08-20 19:45:21.933204,2026-08-17 00:00:00,https://www.wellsfargojobs.com/en/jobs/r-568583/branch-operations-manager-hewitt-woodway/
WELLS_FARGO,R-568858,Senior Premier Banker Santa Teresa,Risk and Compliance,San Jose,CA,United States,unknown,Full time,2026-08-20 19:45:22.077512,2026-08-17 00:00:00,https://www.wellsfargojobs.com/en/jobs/r-568858/senior-premier-banker-santa-teresa/
WELLS_FARGO,R-568984,Teller Fresno,Risk and Compliance,Fresno,CA,United States,unknown,Full time,2026-08-20 19:45:22.138647,2026-08-17 00:00:00,https://www.wellsfargojobs.com/en/jobs/r-568984/teller-fresno/
WELLS_FARGO,R-566678,Branch Operations Coordinator Five Points Fernandina Beach FL,Risk and Compliance,Fernandina Beach,FL,United States,unknown,Full time,2026-08-20 19:45:22.188679,2026-08-17 00:00:00,https://www.wellsfargojobs.com/en/jobs/r-566678/branch-operations-coordinator-five-points-fernandina-beach-fl/
WELLS_FARGO,R-569260,Personal Banker Magnolia,Risk and Compliance,Magnolia,TX,United States,unknown,Full time,2026-08-20 19:45:22.247695,2026-08-18 00:00:00,https://www.wellsfargojobs.com/en/jobs/r-569260/personal-banker-magnolia/
WELLS_FARGO,R-563270,Personal Banker Glenwood Meadows,Risk and Compliance,Glenwood Springs,CO,United States,unknown,Full time,2026-08-20 19:45:22.304618,2026-08-14 00:00:00,https://www.wellsfargojobs.com/en/jobs/r-563270/personal-banker-glenwood-meadows/
WELLS_FARGO,R-556615,Senior Trust Associate Special Needs Trust Services - Senior Fiduciary Coordinator,Risk and Compliance,Austin,TX,United States,unknown,Full time,2026-08-20 19:45:22.517288,2026-08-18 00:00:00,https://www.wellsfargojobs.com/en/jobs/r-556615/senior-trust-associate-special-needs-trust-services-senior-fiduciary-coordinator/
WELLS_FARGO,R-557382,Teller Part Time Downtown Downey,Risk and Compliance,Downey,CA,United States,unknown,Part time,2026-08-20 19:45:22.585004,2026-08-18 00:00:00,https://www.wellsfargojobs.com/en/jobs/r-557382/teller-part-time-downtown-downey/
WELLS_FARGO,R-568210,Relationship Banker | Meadowbrook Branch,Risk and Compliance,Richmond,VA,United States,unknown,Full time,2026-08-20 19:45:22.724767,2026-08-18 00:00:00,https://www.wellsfargojobs.com/en/jobs/r-568210/relationship-banker-meadowbrook-branch/
WELLS_FARGO,R-568230,Client Associate,Risk and Compliance,Greenville,SC,United States,unknown,Full time,2026-08-20 19:45:22.763534,2026-08-18 00:00:00,https://www.wellsfargojobs.com/en/jobs/r-568230/client-associate/
WELLS_FARGO,R-568208,Teller Part Time Austin Four Points,Risk and Compliance,Austin,TX,United States,unknown,Part time,2026-08-20 19:45:22.878077,2026-08-17 00:00:00,https://www.wellsfargojobs.com/en/jobs/r-568208/teller-part-time-austin-four-points/
WELLS_FARGO,R-569572,Teller Part Time Trenton,Risk and Compliance,Trenton,NJ,United States,unknown,Part time,2026-08-20 19:45:22.937963,2026-08-18 00:00:00,https://www.wellsfargojobs.com/en/jobs/r-569572/teller-part-time-trenton/
WELLS_FARGO,R-568472,Senior Premier Banker Beach and Valley,Risk and Compliance,Santa Cruz,CA,United States,unknown,Full time,2026-08-20 19:45:23.012281,2026-08-18 00:00:00,https://www.wellsfargojobs.com/en/jobs/r-568472/senior-premier-banker-beach-and-valley/
WELLS_FARGO,R-569202,Personal Banker | Chestnut Avenue,Risk and Compliance,South San Francisco,CA,United States,unknown,Full time,2026-08-20 19:45:23.142109,2026-08-18 00:00:00,https://www.wellsfargojobs.com/en/jobs/r-569202/personal-banker-chestnut-avenue/
WELLS_FARGO,R-568980,Teller Part Time Santee,Risk and Compliance,Santee,CA,United States,unknown,Part time,2026-08-20 19:45:23.195995,2026-08-18 00:00:00,https://www.wellsfargojobs.com/en/jobs/r-568980/teller-part-time-santee/
WELLS_FARGO,R-569650,Personal Banker Roxboro Branch in Roxboro NC,Risk and Compliance,Roxboro,NC,United States,unknown,Full time,2026-08-20 19:45:23.254005,2026-08-19 00:00:00,https://www.wellsfargojobs.com/en/jobs/r-569650/personal-banker-roxboro-branch-in-roxboro-nc/
WELLS_FARGO,R-569734,Branch Manager Southern Westchester District,Risk and Compliance,Ardsley,NY,United States,unknown,Full time,2026-08-20 19:45:23.323649,2026-08-19 00:00:00,https://www.wellsfargojobs.com/en/jobs/r-569734/branch-manager-southern-westchester-district/
WELLS_FARGO,R-569111,Private Mortgage Banker (SAFE),Risk and Compliance,Cockeysville,MD,United States,unknown,Full time,2026-08-20 19:45:23.387023,2026-08-19 00:00:00,https://www.wellsfargojobs.com/en/jobs/r-569111/private-mortgage-banker-safe/
WELLS_FARGO,R-567396,Senior Premier Banker Buckhead,Risk and Compliance,Atlanta,GA,United States,unknown,Full time,2026-08-20 19:45:23.461536,2026-08-19 00:00:00,https://www.wellsfargojobs.com/en/jobs/r-567396/senior-premier-banker-buckhead/
WELLS_FARGO,R-569558,Teller Part Time Prior Lake,Risk and Compliance,Prior Lake,MN,United States,unknown,Part time,2026-08-20 19:45:23.577124,2026-08-19 00:00:00,https://www.wellsfargojobs.com/en/jobs/r-569558/teller-part-time-prior-lake/
WELLS_FARGO,R-569124,Private Mortgage Banker (SAFE),Risk and Compliance,Midlothian,VA,United States,unknown,Full time,2026-08-20 19:45:23.630172,2026-08-19 00:00:00,https://www.wellsfargojobs.com/en/jobs/r-569124/private-mortgage-banker-safe/
BNY,80324,"Vice President, Full-Stack Engineer",Software Engineering,Westborough,MA,United States,unknown,Full time,2026-08-20 19:45:44.185521,2026-08-19 00:00:00,https://eofe.fa.us2.oraclecloud.com/hcmUI/CandidateExperience/en/sites/BNY-Careers/job/80324
GOLDMAN_SACHS,180455,"Asset & Wealth Management, Private Wealth Management, Wealth Management Professional, Associate - Detroit",Risk and Compliance,Detroit,MI,United States,unknown,,2026-08-20 19:45:45.001072,,https://higher.gs.com/roles/180455
BNY,71226,"Senior Specialist, Liquidity Risk",Risk and Compliance,New York,NY,United States,unknown,Full time,2026-08-20 19:45:45.258951,2026-08-18 00:00:00,https://eofe.fa.us2.oraclecloud.com/hcmUI/CandidateExperience/en/sites/BNY-Careers/job/71226
GOLDMAN_SACHS,180458,"Private Wealth Management, Wealth Management Professional, Senior Analyst, Atlanta",Risk and Compliance,Atlanta,GA,United States,unknown,,2026-08-20 19:45:46.020708,,https://higher.gs.com/roles/180458
GOLDMAN_SACHS,180481,"Asset & Wealth Management, Private Wealth Management, Wealth Management Professional, Associate - Denver",Risk and Compliance,Denver,CO,United States,unknown,,2026-08-20 19:45:47.023966,,https://higher.gs.com/roles/180481
BNY,76514,"Director, Product Manager, Developer Experience, AI",Software Engineering,New York,NY,United States,hybrid,Full time,2026-08-20 19:45:47.276119,2026-08-18 00:00:00,https://eofe.fa.us2.oraclecloud.com/hcmUI/CandidateExperience/en/sites/BNY-Careers/job/76514
GOLDMAN_SACHS,180467,"Asset & Wealth Management, Private Wealth Management, Goldman Partner Office, Wealth Management Professional, Associate - New York",Risk and Compliance,New York,NY,United States,unknown,,2026-08-20 19:45:48.017686,,https://higher.gs.com/roles/180467
BNY,76820,"Senior Vice President, Client Processing Manager",Operations,New York,NY,United States,unknown,Full time,2026-08-20 19:45:48.256060,2026-08-18 00:00:00,https://eofe.fa.us2.oraclecloud.com/hcmUI/CandidateExperience/en/sites/BNY-Careers/job/76820
GOLDMAN_SACHS,180771,"Global Investment Research, Equity Research, Life Insurance Associate",Cloud and Infrastructure,New York,NY,United States,unknown,,2026-08-20 19:45:49.033668,,https://higher.gs.com/roles/180771
BNY,76826,"Director, Digital Asset Operations",Risk and Compliance,New York,NY,United States,unknown,Full time,2026-08-20 19:45:49.467023,2026-08-18 00:00:00,https://eofe.fa.us2.oraclecloud.com/hcmUI/CandidateExperience/en/sites/BNY-Careers/job/76826
GOLDMAN_SACHS,178579,"Asset & Wealth Management, Operational Risk, Issues Management, Associate - Richardson",Risk and Compliance,Richardson,TX,United States,unknown,,2026-08-20 19:45:50.029831,,https://higher.gs.com/roles/178579
BNY,76827,"Senior Specialist, Client Processing",Operations,New York,NY,United States,unknown,Full time,2026-08-20 19:45:50.251974,2026-08-18 00:00:00,https://eofe.fa.us2.oraclecloud.com/hcmUI/CandidateExperience/en/sites/BNY-Careers/job/76827
GOLDMAN_SACHS,178581,"Asset & Wealth Management, Wealth Management Risk Team, Regional Risk Manager, Associate - Dallas",Risk and Compliance,Dallas,TX,United States,unknown,,2026-08-20 19:45:51.031582,,https://higher.gs.com/roles/178581
BNY,77183,"Vice President, Client Reporting/Performance",Operations,Pittsburgh,PA,United States,unknown,Full time,2026-08-20 19:45:51.164324,2026-08-18 00:00:00,https://eofe.fa.us2.oraclecloud.com/hcmUI/CandidateExperience/en/sites/BNY-Careers/job/77183
GOLDMAN_SACHS,182441,"Senior Software Engineer, Global Banking & Markets, Digital Assets Technology - Multi-chain Tokenization",Risk and Compliance,New York,NY,United States,unknown,,2026-08-20 19:45:52.044808,,https://higher.gs.com/roles/182441
GOLDMAN_SACHS,173932,"GBM Private, IB Classic, Investment Banking Vice President - TMT (Digital Infrastructure)",Cloud and Infrastructure,New York,NY,United States,unknown,,2026-08-20 19:45:53.019150,,https://higher.gs.com/roles/173932
BNY,80352,"Vice President, Client Processing Manager",Risk and Compliance,Pittsburgh,PA,United States,hybrid,Full time,2026-08-20 19:45:53.210151,2026-08-18 00:00:00,https://eofe.fa.us2.oraclecloud.com/hcmUI/CandidateExperience/en/sites/BNY-Careers/job/80352
GOLDMAN_SACHS,182440,"Senior Software Engineer, Global Banking & Markets, Digital Assets Technology - Canton / Daml",Risk and Compliance,New York,NY,United States,unknown,,2026-08-20 19:45:54.065353,,https://higher.gs.com/roles/182440
BNY,80354,"Senior Specialist, Client Processing",Risk and Compliance,Lake Mary,FL,United States,hybrid,Full time,2026-08-20 19:45:54.262438,2026-08-18 00:00:00,https://eofe.fa.us2.oraclecloud.com/hcmUI/CandidateExperience/en/sites/BNY-Careers/job/80354
BNY,80355,"Vice President, Client Processing Manager",Risk and Compliance,Lake Mary,FL,United States,hybrid,Full time,2026-08-20 19:45:55.279189,2026-08-18 00:00:00,https://eofe.fa.us2.oraclecloud.com/hcmUI/CandidateExperience/en/sites/BNY-Careers/job/80355
BNY,80356,"Senior Specialist, Client Processing",Risk and Compliance,Pittsburgh,PA,United States,hybrid,Full time,2026-08-20 19:45:56.299306,2026-08-18 00:00:00,https://eofe.fa.us2.oraclecloud.com/hcmUI/CandidateExperience/en/sites/BNY-Careers/job/80356
BNY,80427,"Senior Vice President, Technology Audit Leader, Application Technology",Audit,New York,NY,United States,unknown,Full time,2026-08-20 19:45:58.286937,2026-08-18 00:00:00,https://eofe.fa.us2.oraclecloud.com/hcmUI/CandidateExperience/en/sites/BNY-Careers/job/80427
GOLDMAN_SACHS,179078,"Global Banking and Markets Private, Capital Solutions Group, Leveraged Finance, Associate - New York",Sales and Relationship Management,New York,NY,United States,unknown,,2026-08-20 19:45:59.086476,,https://higher.gs.com/roles/179078
BNY,80472,"Senior Director, Global Head of Supervision",Risk and Compliance,Menlo Park,CA,United States,hybrid,Full time,2026-08-20 19:45:59.268070,2026-08-18 00:00:00,https://eofe.fa.us2.oraclecloud.com/hcmUI/CandidateExperience/en/sites/BNY-Careers/job/80472
BNY,80492,"Senior Specialist, Client Coverage",Risk and Compliance,Dallas,TX,United States,unknown,Full time,2026-08-20 19:46:00.687680,2026-08-18 00:00:00,https://eofe.fa.us2.oraclecloud.com/hcmUI/CandidateExperience/en/sites/BNY-Careers/job/80492
GOLDMAN_SACHS,180469,GBM - Capital Solutions Group - Corporate Derivatives - New York (Vice President),Risk and Compliance,New York,NY,United States,unknown,,2026-08-20 19:46:01.113137,,https://higher.gs.com/roles/180469
BNY,80510,"Vice President, Quantitative Analytics",Risk and Compliance,New York,NY,United States,hybrid,Full time,2026-08-20 19:46:01.303062,2026-08-18 00:00:00,https://eofe.fa.us2.oraclecloud.com/hcmUI/CandidateExperience/en/sites/BNY-Careers/job/80510
BNY,80636,"Specialist, Corporate Actions II",Operations,Pittsburgh,PA,United States,unknown,Full time,2026-08-20 19:46:02.465831,2026-08-18 00:00:00,https://eofe.fa.us2.oraclecloud.com/hcmUI/CandidateExperience/en/sites/BNY-Careers/job/80636
GOLDMAN_SACHS,181039,"Asset & Wealth Management, Private Wealth Management, Goldman Sachs Family Office, Wealth Planning Specialist, Associate - Dallas",Finance and Accounting,Dallas,TX,United States,unknown,,2026-08-20 19:46:03.126101,,https://higher.gs.com/roles/181039
BNY,80658,"Senior Specialist, Fiduciary",Risk and Compliance,Pittsburgh,PA,United States,unknown,Full time,2026-08-20 19:46:03.360933,2026-08-18 00:00:00,https://eofe.fa.us2.oraclecloud.com/hcmUI/CandidateExperience/en/sites/BNY-Careers/job/80658
GOLDMAN_SACHS,181508,"Asset & Wealth Management, Private Wealth Management, Investment Strategy Group, Associate - New York",Finance and Accounting,New York,NY,United States,unknown,,2026-08-20 19:46:04.135043,,https://higher.gs.com/roles/181508
BNY,80686,"Vice President, Client Implementations Manager",Risk and Compliance,New York,NY,United States,unknown,Full time,2026-08-20 19:46:04.476109,2026-08-18 00:00:00,https://eofe.fa.us2.oraclecloud.com/hcmUI/CandidateExperience/en/sites/BNY-Careers/job/80686
BNY,80892,"Director, Application Development Manager",Cloud and Infrastructure,,,United States,unknown,Full time,2026-08-20 19:46:05.417481,2026-08-18 00:00:00,https://eofe.fa.us2.oraclecloud.com/hcmUI/CandidateExperience/en/sites/BNY-Careers/job/80892
GOLDMAN_SACHS,152248,"AWS Solutions Architect, Global Banking & Markets, Cloud Platform",Risk and Compliance,Dallas,TX,United States,unknown,,2026-08-20 19:46:06.175405,,https://higher.gs.com/roles/152248
BNY,80996,"Vice President, Treasury",Risk and Compliance,New York,NY,United States,hybrid,Full time,2026-08-20 19:46:06.427625,2026-08-18 00:00:00,https://eofe.fa.us2.oraclecloud.com/hcmUI/CandidateExperience/en/sites/BNY-Careers/job/80996
BNY,81003,"Vice President, Treasury",Risk and Compliance,Pittsburgh,PA,United States,hybrid,Full time,2026-08-20 19:46:07.456813,2026-08-18 00:00:00,https://eofe.fa.us2.oraclecloud.com/hcmUI/CandidateExperience/en/sites/BNY-Careers/job/81003
BNY,81007,"Director, Commercial Data Product Lead",Product Management,New York,NY,United States,unknown,Full time,2026-08-20 19:46:08.590413,2026-08-18 00:00:00,https://eofe.fa.us2.oraclecloud.com/hcmUI/CandidateExperience/en/sites/BNY-Careers/job/81007
BNY,81070,"SVP, Segment Marketing",Other,New York,NY,United States,hybrid,Full time,2026-08-20 19:46:09.406444,2026-08-18 00:00:00,https://eofe.fa.us2.oraclecloud.com/hcmUI/CandidateExperience/en/sites/BNY-Careers/job/81070
GOLDMAN_SACHS,182230,"Senior Product Manager, Asset & Wealth Management, Private Wealth Management",Product Management,New York,NY,United States,unknown,,2026-08-20 19:46:10.209482,,https://higher.gs.com/roles/182230
GOLDMAN_SACHS,182229,"Digital Advocacy, Asset & Wealth Management, Private Wealth Management",Product Management,Dallas,TX,United States,unknown,,2026-08-20 19:46:11.193486,,https://higher.gs.com/roles/182229
GOLDMAN_SACHS,182227,"Digital Advocacy, Asset & Wealth Management, Private Wealth Management",Other,New York,NY,United States,unknown,,2026-08-20 19:46:12.204660,,https://higher.gs.com/roles/182227
BNY,76297,"Director, Bank & Prudential Regulatory Compliance",Risk and Compliance,New York,NY,United States,unknown,Full time,2026-08-20 19:46:12.388160,2026-08-17 00:00:00,https://eofe.fa.us2.oraclecloud.com/hcmUI/CandidateExperience/en/sites/BNY-Careers/job/76297
GOLDMAN_SACHS,182449,"Global Banking & Markets- Dallas - Associate, Product Management- 10104810",Cloud and Infrastructure,Dallas,TX,United States,unknown,,2026-08-20 19:46:13.185124,,https://higher.gs.com/roles/182449
BNY,77216,"Vice President, Full-Stack Engineer",Cloud and Infrastructure,Lake Mary,FL,United States,unknown,Full time,2026-08-20 19:46:13.403649,2026-08-17 00:00:00,https://eofe.fa.us2.oraclecloud.com/hcmUI/CandidateExperience/en/sites/BNY-Careers/job/77216
BNY,77522,"SVP, Cash Collateral Reinvestment",Risk and Compliance,New York,NY,United States,unknown,Full time,2026-08-20 19:46:14.440897,2026-08-17 00:00:00,https://eofe.fa.us2.oraclecloud.com/hcmUI/CandidateExperience/en/sites/BNY-Careers/job/77522
GOLDMAN_SACHS,181060,"Internal Audit - New York - Associate, Business Audit - 10171389",Audit,New York,NY,United States,unknown,,2026-08-20 19:46:15.189463,,https://higher.gs.com/roles/181060
BNY,77821,"Specialist, Fund/Client Accounting",Finance and Accounting,Lake Mary,FL,United States,unknown,Full time,2026-08-20 19:46:15.637000,2026-08-17 00:00:00,https://eofe.fa.us2.oraclecloud.com/hcmUI/CandidateExperience/en/sites/BNY-Careers/job/77821
GOLDMAN_SACHS,180838,"Office of Transformation, Digital Transformation Project Manager — AI-Driven Strategic Initiatives, Associate, New York City",Project and Program Management,New York,NY,United States,unknown,,2026-08-20 19:46:16.228529,,https://higher.gs.com/roles/180838
BNY,78737,"Director, Architecture Lead",Operations,Pittsburgh,PA,United States,unknown,Full time,2026-08-20 19:46:16.466904,2026-08-17 00:00:00,https://eofe.fa.us2.oraclecloud.com/hcmUI/CandidateExperience/en/sites/BNY-Careers/job/78737
GOLDMAN_SACHS,181506,"Compliance Division, Compliance Testing Group, Analyst / Associate, Dallas",Risk and Compliance,Dallas,TX,United States,unknown,,2026-08-20 19:46:17.255942,,https://higher.gs.com/roles/181506
BNY,80108,"Vice President, Data Management & Quantitative Analysis",Risk and Compliance,New York,NY,United States,unknown,Full time,2026-08-20 19:46:17.424569,2026-08-17 00:00:00,https://eofe.fa.us2.oraclecloud.com/hcmUI/CandidateExperience/en/sites/BNY-Careers/job/80108
GOLDMAN_SACHS,181507,"Compliance Division, Compliance Testing Group, Analyst / Associate, Salt Lake City",Risk and Compliance,Salt Lake City,UT,United States,unknown,,2026-08-20 19:46:18.251546,,https://higher.gs.com/roles/181507
BNY,80813,"Senior Vice President, Data Leader Manager",Risk and Compliance,New York,NY,United States,unknown,Full time,2026-08-20 19:46:18.444283,2026-08-17 00:00:00,https://eofe.fa.us2.oraclecloud.com/hcmUI/CandidateExperience/en/sites/BNY-Careers/job/80813
BNY,81069,"Director, Digital Marketing Channels (Social, Paid, Search)",Risk and Compliance,New York,NY,United States,hybrid,Full time,2026-08-20 19:46:19.469400,2026-08-17 00:00:00,https://eofe.fa.us2.oraclecloud.com/hcmUI/CandidateExperience/en/sites/BNY-Careers/job/81069
BNY,70811,"Vice President, Scrum Leader",Product Management,Pittsburgh,PA,United States,hybrid,Full time,2026-08-20 19:46:20.444284,2026-08-16 00:00:00,https://eofe.fa.us2.oraclecloud.com/hcmUI/CandidateExperience/en/sites/BNY-Careers/job/70811
BNY,74279,"Senior Director, Client Executive Manager",Sales and Relationship Management,New York,NY,United States,unknown,Full time,2026-08-20 19:46:21.482444,2026-08-15 00:00:00,https://eofe.fa.us2.oraclecloud.com/hcmUI/CandidateExperience/en/sites/BNY-Careers/job/74279
BNY,72018,"Vice President, POM Technical Product Management-Entitlements & Authentication",Product Management,New York,NY,United States,onsite,Full time,2026-08-20 19:46:23.533720,2026-08-14 00:00:00,https://eofe.fa.us2.oraclecloud.com/hcmUI/CandidateExperience/en/sites/BNY-Careers/job/72018
BNY,77609,"SVP, Product Owner – Performance & Compliance, Fund & Investor Solutions",Risk and Compliance,Boston,MA,United States,unknown,Full time,2026-08-20 19:46:29.582813,2026-08-14 00:00:00,https://eofe.fa.us2.oraclecloud.com/hcmUI/CandidateExperience/en/sites/BNY-Careers/job/77609
GOLDMAN_SACHS,182248,"Software Engineer, Global Banking & Markets, Commodity Trading & Sales Technology",Software Engineering,New York,NY,United States,unknown,,2026-08-20 19:46:30.403992,,https://higher.gs.com/roles/182248
BNY,77611,"Specialist, Product Owner – Performance & Compliance, Fund & Investor Solutions II",Risk and Compliance,Boston,MA,United States,unknown,Full time,2026-08-20 19:46:30.655396,2026-08-14 00:00:00,https://eofe.fa.us2.oraclecloud.com/hcmUI/CandidateExperience/en/sites/BNY-Careers/job/77611
BNY,77613,"Senior Vice President, Product Owner – Performance & Compliance, Fund & Investor Solutions (Data)",Risk and Compliance,Boston,MA,United States,unknown,Full time,2026-08-20 19:46:31.632195,2026-08-14 00:00:00,https://eofe.fa.us2.oraclecloud.com/hcmUI/CandidateExperience/en/sites/BNY-Careers/job/77613
BNY,78025,"Senior Vice President, Business Process Management",Risk and Compliance,Lake Mary,FL,United States,unknown,Full time,2026-08-20 19:46:32.681065,2026-08-14 00:00:00,https://eofe.fa.us2.oraclecloud.com/hcmUI/CandidateExperience/en/sites/BNY-Careers/job/78025
GOLDMAN_SACHS,180601,"Corporate Planning & Management, Customer Experience, Associate, Dallas",Risk and Compliance,Dallas,TX,United States,unknown,,2026-08-20 19:46:33.439461,,https://higher.gs.com/roles/180601
BNY,79629,"Vice President, Infrastructure Engineering",Cloud and Infrastructure,Pittsburgh,PA,United States,hybrid,Part time,2026-08-20 19:46:33.734603,2026-08-14 00:00:00,https://eofe.fa.us2.oraclecloud.com/hcmUI/CandidateExperience/en/sites/BNY-Careers/job/79629
BNY,79645,"Vice President, Infrastructure Engineering",Cloud and Infrastructure,Pittsburgh,PA,United States,hybrid,Full time,2026-08-20 19:46:34.632929,2026-08-14 00:00:00,https://eofe.fa.us2.oraclecloud.com/hcmUI/CandidateExperience/en/sites/BNY-Careers/job/79645
GOLDMAN_SACHS,171005,"Compliance, Machine Learning Engineer, New York, Vice President",Risk and Compliance,New York,NY,United States,unknown,,2026-08-20 19:46:35.439835,,https://higher.gs.com/roles/171005
BNY,79687,"Senior Vice President, Fund/Client Accounting Manager",Finance and Accounting,Lake Mary,FL,United States,unknown,Full time,2026-08-20 19:46:35.714244,2026-08-14 00:00:00,https://eofe.fa.us2.oraclecloud.com/hcmUI/CandidateExperience/en/sites/BNY-Careers/job/79687
GOLDMAN_SACHS,161805,"Compliance, Machine Learning Engineer, Dallas, Vice President",Risk and Compliance,Dallas,TX,United States,unknown,,2026-08-20 19:46:36.449710,,https://higher.gs.com/roles/161805
BNY,79696,"Vice President, Full-Stack Engineer",Software Engineering,New York,NY,United States,unknown,Full time,2026-08-20 19:46:36.672643,2026-08-14 00:00:00,https://eofe.fa.us2.oraclecloud.com/hcmUI/CandidateExperience/en/sites/BNY-Careers/job/79696
GOLDMAN_SACHS,178635,"Compliance, Senior Backend Engineer (Java & ETL Specialist), Vice President, Dallas",Software Engineering,Dallas,TX,United States,unknown,,2026-08-20 19:46:37.462902,,https://higher.gs.com/roles/178635
BNY,79985,"Senior Director, AI / Machine Learning Data Engineer",Data and AI,New York,NY,United States,unknown,Full time,2026-08-20 19:46:37.691238,2026-08-14 00:00:00,https://eofe.fa.us2.oraclecloud.com/hcmUI/CandidateExperience/en/sites/BNY-Careers/job/79985
GOLDMAN_SACHS,173084,"Compliance, New York, Vice President, AI/ML Engineer",Risk and Compliance,New York,NY,United States,unknown,,2026-08-20 19:46:38.462468,,https://higher.gs.com/roles/173084
BNY,80495,"Senior Specialist, Client Coverage",Risk and Compliance,NJ,,United States,unknown,Full time,2026-08-20 19:46:39.030433,2026-08-14 00:00:00,https://eofe.fa.us2.oraclecloud.com/hcmUI/CandidateExperience/en/sites/BNY-Careers/job/80495
GOLDMAN_SACHS,160123,"Asset & Wealth Management, Platform Management, Analyst / Associate - Dallas",Risk and Compliance,Dallas,TX,United States,unknown,,2026-08-20 19:46:39.504959,,https://higher.gs.com/roles/160123
BNY,80812,"Vice President, Market & Client Intelligence",Sales and Relationship Management,New York,NY,United States,unknown,Full time,2026-08-20 19:46:39.636978,2026-08-14 00:00:00,https://eofe.fa.us2.oraclecloud.com/hcmUI/CandidateExperience/en/sites/BNY-Careers/job/80812
GOLDMAN_SACHS,180769,Technology Risk - Dallas - Security Engineering - Associate,Cybersecurity,Dallas,TX,United States,unknown,,2026-08-20 19:46:40.471472,,https://higher.gs.com/roles/180769
BNY,71646,"Vice President, Cash Processing/Funds Transfer Manager - Treasury Services Platform Ops",Operations,Pittsburgh,PA,United States,hybrid,Full time,2026-08-20 19:46:40.675771,2026-08-13 00:00:00,https://eofe.fa.us2.oraclecloud.com/hcmUI/CandidateExperience/en/sites/BNY-Careers/job/71646
GOLDMAN_SACHS,180433,"Asset & Wealth Management, Marketing, Digital Experience Designer, Associate - New York - 2027",Cloud and Infrastructure,New York,NY,United States,unknown,,2026-08-20 19:46:41.524654,,https://higher.gs.com/roles/180433
BNY,73360,"Associate, (Non Supervisory), Fund/Client Accounting Representative II",Finance and Accounting,Pittsburgh,PA,United States,unknown,Full time,2026-08-20 19:46:41.831341,2026-08-13 00:00:00,https://eofe.fa.us2.oraclecloud.com/hcmUI/CandidateExperience/en/sites/BNY-Careers/job/73360
GOLDMAN_SACHS,170771,"Site Reliability Engineering (SRE), The Core Engineering, Vice President, Dallas",Cloud and Infrastructure,Dallas,TX,United States,unknown,,2026-08-20 19:46:42.512525,,https://higher.gs.com/roles/170771
GOLDMAN_SACHS,171348,Global Banking & Markets - Private - Transaction Banking Client Service - Dallas - Vice President,Operations,Dallas,TX,United States,unknown,,2026-08-20 19:46:43.533362,,https://higher.gs.com/roles/171348
BNY,75273,"Director, Technology Controls Management Framework",Risk and Compliance,Pittsburgh,PA,United States,unknown,Full time,2026-08-20 19:46:44.029099,2026-08-13 00:00:00,https://eofe.fa.us2.oraclecloud.com/hcmUI/CandidateExperience/en/sites/BNY-Careers/job/75273
BNY,78478,"Senior Specialist, Client Processing",Operations,Pittsburgh,PA,United States,hybrid,Full time,2026-08-20 19:46:44.728188,2026-08-13 00:00:00,https://eofe.fa.us2.oraclecloud.com/hcmUI/CandidateExperience/en/sites/BNY-Careers/job/78478
GOLDMAN_SACHS,159758,Compliance | Analyst | Salt Lake City,Risk and Compliance,Salt Lake City,UT,United States,unknown,,2026-08-20 19:46:45.514334,,https://higher.gs.com/roles/159758
BNY,79122,"SVP, Principal Full Stack Engineer - Performance Product Engineering",Software Engineering,Boston,MA,United States,unknown,Full time,2026-08-20 19:46:45.770955,2026-08-13 00:00:00,https://eofe.fa.us2.oraclecloud.com/hcmUI/CandidateExperience/en/sites/BNY-Careers/job/79122
BNY,79693,"Vice President, Java Full-Stack Engineer",Cloud and Infrastructure,New York,NY,United States,unknown,Full time,2026-08-20 19:46:46.746241,2026-08-13 00:00:00,https://eofe.fa.us2.oraclecloud.com/hcmUI/CandidateExperience/en/sites/BNY-Careers/job/79693
GOLDMAN_SACHS,151700,Legal-New York-Vice President-Product Management,Risk and Compliance,New York,NY,United States,unknown,,2026-08-20 19:46:47.534858,,https://higher.gs.com/roles/151700
BNY,79881,"Senior Vice President, Production Services Application Support",Cloud and Infrastructure,New York,NY,United States,hybrid,Full time,2026-08-20 19:46:47.760562,2026-08-13 00:00:00,https://eofe.fa.us2.oraclecloud.com/hcmUI/CandidateExperience/en/sites/BNY-Careers/job/79881
BNY,80489,"Senior Specialist, Fiduciary",Risk and Compliance,Pittsburgh,PA,United States,unknown,Full time,2026-08-20 19:46:48.760666,2026-08-13 00:00:00,https://eofe.fa.us2.oraclecloud.com/hcmUI/CandidateExperience/en/sites/BNY-Careers/job/80489
GOLDMAN_SACHS,181993,"Corporate Treasury, Project Management, Salt Lake City, Analyst",Finance and Accounting,Salt Lake City,UT,United States,unknown,,2026-08-20 19:46:49.510060,,https://higher.gs.com/roles/181993
BNY,80496,"Senior Specialist, IWM Portfolio Analyst",Risk and Compliance,New York,NY,United States,unknown,Full time,2026-08-20 19:46:49.729063,2026-08-13 00:00:00,https://eofe.fa.us2.oraclecloud.com/hcmUI/CandidateExperience/en/sites/BNY-Careers/job/80496
GOLDMAN_SACHS,180434,"Asset & Wealth Management, Marketing, Advertising Copywriter, Vice President - New York",Risk and Compliance,New York,NY,United States,unknown,,2026-08-20 19:46:50.552684,,https://higher.gs.com/roles/180434
BNY,80554,"Senior Specialist, Private Banking Team Lead",Risk and Compliance,Boston,MA,United States,unknown,Full time,2026-08-20 19:46:50.715653,2026-08-13 00:00:00,https://eofe.fa.us2.oraclecloud.com/hcmUI/CandidateExperience/en/sites/BNY-Careers/job/80554
BNY,80564,"SVP, Head of Investments Events",Risk and Compliance,New York,NY,United States,hybrid,Full time,2026-08-20 19:46:52.740806,2026-08-13 00:00:00,https://eofe.fa.us2.oraclecloud.com/hcmUI/CandidateExperience/en/sites/BNY-Careers/job/80564
BNY,80618,"Vice President, Product & Innovation Execution Team",Risk and Compliance,New York,NY,United States,unknown,Full time,2026-08-20 19:46:53.734156,2026-08-13 00:00:00,https://eofe.fa.us2.oraclecloud.com/hcmUI/CandidateExperience/en/sites/BNY-Careers/job/80618
BNY,80637,"Specialist, Corporate Actions II",Operations,Pittsburgh,PA,United States,unknown,Full time,2026-08-20 19:46:54.863479,2026-08-13 00:00:00,https://eofe.fa.us2.oraclecloud.com/hcmUI/CandidateExperience/en/sites/BNY-Careers/job/80637
BNY,80641,"Specialist, Corporate Actions II",Operations,New York,NY,United States,unknown,Full time,2026-08-20 19:46:55.712232,2026-08-13 00:00:00,https://eofe.fa.us2.oraclecloud.com/hcmUI/CandidateExperience/en/sites/BNY-Careers/job/80641
BNY,80642,"Specialist, Corporate Actions II",Operations,New York,NY,United States,unknown,Full time,2026-08-20 19:46:56.736342,2026-08-13 00:00:00,https://eofe.fa.us2.oraclecloud.com/hcmUI/CandidateExperience/en/sites/BNY-Careers/job/80642
BNY,80649,"Vice President, Corporate Actions",Operations,Lake Mary,FL,United States,unknown,Full time,2026-08-20 19:46:57.760580,2026-08-13 00:00:00,https://eofe.fa.us2.oraclecloud.com/hcmUI/CandidateExperience/en/sites/BNY-Careers/job/80649
GOLDMAN_SACHS,171365,"Transaction Banking, Client Relationship Management, Vice President",Risk and Compliance,New York,NY,United States,unknown,,2026-08-20 19:46:58.577882,,https://higher.gs.com/roles/171365
BNY,80871,"Specialist, POM Product Owner II",Risk and Compliance,Pittsburgh,PA,United States,hybrid,Full time,2026-08-20 19:46:59.176216,2026-08-13 00:00:00,https://eofe.fa.us2.oraclecloud.com/hcmUI/CandidateExperience/en/sites/BNY-Careers/job/80871
BNY,72927,Product Design Lead,Risk and Compliance,New York,NY,United States,unknown,Full time,2026-08-20 19:46:59.839770,2026-08-12 00:00:00,https://eofe.fa.us2.oraclecloud.com/hcmUI/CandidateExperience/en/sites/BNY-Careers/job/72927
BNY,75668,"Vice President, Client Processing Manager",Operations,Lake Mary,FL,United States,unknown,Full time,2026-08-20 19:47:01.762141,2026-08-12 00:00:00,https://eofe.fa.us2.oraclecloud.com/hcmUI/CandidateExperience/en/sites/BNY-Careers/job/75668
BNY,76155,"Senior Vice President, Global Tax Advisory",Finance and Accounting,Philadelphia,PA,United States,unknown,Full time,2026-08-20 19:47:02.861447,2026-08-12 00:00:00,https://eofe.fa.us2.oraclecloud.com/hcmUI/CandidateExperience/en/sites/BNY-Careers/job/76155
BNY,76640,"Specialist, Client Operations Representative",Operations,Lake Mary,FL,United States,unknown,Full time,2026-08-20 19:47:03.838458,2026-08-12 00:00:00,https://eofe.fa.us2.oraclecloud.com/hcmUI/CandidateExperience/en/sites/BNY-Careers/job/76640
BNY,78126,"Vice President, Information Security",Cybersecurity,New York,NY,United States,unknown,Full time,2026-08-20 19:47:04.772566,2026-08-12 00:00:00,https://eofe.fa.us2.oraclecloud.com/hcmUI/CandidateExperience/en/sites/BNY-Careers/job/78126
BNY,80556,"VP, Events, Experiences & Sponsorships",Other,New York,NY,United States,hybrid,Full time,2026-08-20 19:47:06.797056,2026-08-12 00:00:00,https://eofe.fa.us2.oraclecloud.com/hcmUI/CandidateExperience/en/sites/BNY-Careers/job/80556
BNY,80557,"VP, Segment Marketing",Other,New York,NY,United States,hybrid,Full time,2026-08-20 19:47:07.772109,2026-08-12 00:00:00,https://eofe.fa.us2.oraclecloud.com/hcmUI/CandidateExperience/en/sites/BNY-Careers/job/80557
BNY,74643,"Vice President, Client Operations Manager",Operations,Pittsburgh,PA,United States,unknown,Full time,2026-08-20 19:47:08.803654,2026-08-11 00:00:00,https://eofe.fa.us2.oraclecloud.com/hcmUI/CandidateExperience/en/sites/BNY-Careers/job/74643
